ECHO 处于关闭状态。
ECHO 处于关闭状态。

****** Vivado v2023.2 (64-bit)
  **** SW Build 4029153 on Fri Oct 13 20:14:34 MDT 2023
  **** IP Build 4028589 on Sat Oct 14 00:45:43 MDT 2023
  **** SharedData Build 4025554 on Tue Oct 10 17:18:54 MDT 2023
    ** Copyright 1986-2022 Xilinx, Inc. All Rights Reserved.
    ** Copyright 2022-2023 Advanced Micro Devices, Inc. All Rights Reserved.

source synth_ooc.tcl
# set part xc7a200tfbg676-2
# set cpu_dir e:/Loongarch_cpu/output/Loongarch_cpu_V3_developing/chiplab_for_Vivado_dont_touch/IP/myCPU
# set out_dir e:/Loongarch_cpu/timing_ooc
# read_verilog -sv [glob $cpu_dir/mycpu.h]
read_verilog: Time (s): cpu = 00:00:21 ; elapsed = 00:00:24 . Memory (MB): peak = 454.914 ; gain = 181.559
# foreach f {
#     backend/commit/commit.v backend/commit/ctrl.v backend/commit/regfile.v backend/commit/rob.v
#     backend/decode/decode_tools.v backend/decode/decoder.v backend/decode/get_reg_read_addr.v
#     backend/decode/imm_generator.v backend/decode/inst_dec.v backend/decode/op_dec.v
#     backend/execute/alu.v backend/execute/div.v backend/execute/fu_alu.v backend/execute/fu_mdu.v
#     backend/execute/lsu.v backend/execute/mul.v
#     backend/issue/dispatch.v backend/issue/rs_alu.v backend/issue/rs_mdu.v backend/issue/rs_mem.v
#     backend/rename/rat.v backend/rename/rename.v
#     frontend/bpu.v frontend/ftb.v frontend/ftq.v frontend/icache.v frontend/ifu.v
#     frontend/inst_buffer.v frontend/ras.v frontend/tage.v frontend/ubtb.v
#     memory/axi_line_bridge.v memory/dcache.v memory/l2cache.v memory/store_buffer.v
#     mycpu_top.v
#     priv/csr_exception_commit_handler.v priv/exception_Decoder.v priv/l1_tlb.v
#     priv/mmu.v priv/tlb.v priv/tlb_manager.v
# } {
#     read_verilog $cpu_dir/$f
# }
# set_property include_dirs $cpu_dir [current_fileset]
# synth_design -top core_top -part $part -mode out_of_context -include_dirs $cpu_dir
Command: synth_design -top core_top -part xc7a200tfbg676-2 -mode out_of_context -include_dirs e:/Loongarch_cpu/output/Loongarch_cpu_V3_developing/chiplab_for_Vivado_dont_touch/IP/myCPU
Starting synth_design
Attempting to get a license for feature 'Synthesis' and/or device 'xc7a200t'
INFO: [Common 17-349] Got license for feature 'Synthesis' and/or device 'xc7a200t'
INFO: [Synth 8-7079] Multithreading enabled for synth_design using a maximum of 2 processes.
INFO: [Synth 8-7078] Launching helper process for spawning children vivado processes
INFO: [Synth 8-7075] Helper process launched with PID 25948
---------------------------------------------------------------------------------
Starting Synthesize : Time (s): cpu = 00:00:18 ; elapsed = 00:00:20 . Memory (MB): peak = 903.789 ; gain = 443.895
---------------------------------------------------------------------------------
INFO: [Synth 8-11241] undeclared symbol 'cmt0_ready', assumed default net type 'wire' [e:/Loongarch_cpu/output/Loongarch_cpu_V3_developing/chiplab_for_Vivado_dont_touch/IP/myCPU/backend/commit/commit.v:288]
INFO: [Synth 8-11241] undeclared symbol 'cmt1_ready', assumed default net type 'wire' [e:/Loongarch_cpu/output/Loongarch_cpu_V3_developing/chiplab_for_Vivado_dont_touch/IP/myCPU/backend/commit/commit.v:289]
INFO: [Synth 8-11241] undeclared symbol 'dis0_ops_ready', assumed default net type 'wire' [e:/Loongarch_cpu/output/Loongarch_cpu_V3_developing/chiplab_for_Vivado_dont_touch/IP/myCPU/backend/issue/dispatch.v:272]
INFO: [Synth 8-11241] undeclared symbol 'dis1_ops_ready', assumed default net type 'wire' [e:/Loongarch_cpu/output/Loongarch_cpu_V3_developing/chiplab_for_Vivado_dont_touch/IP/myCPU/backend/issue/dispatch.v:273]
INFO: [Synth 8-11241] undeclared symbol 'ras_spec_push', assumed default net type 'wire' [e:/Loongarch_cpu/output/Loongarch_cpu_V3_developing/chiplab_for_Vivado_dont_touch/IP/myCPU/frontend/bpu.v:170]
INFO: [Synth 8-11241] undeclared symbol 'ras_spec_pop', assumed default net type 'wire' [e:/Loongarch_cpu/output/Loongarch_cpu_V3_developing/chiplab_for_Vivado_dont_touch/IP/myCPU/frontend/bpu.v:172]
WARNING: [Synth 8-8895] 'ras_spec_push' is already implicitly declared on line 170 [e:/Loongarch_cpu/output/Loongarch_cpu_V3_developing/chiplab_for_Vivado_dont_touch/IP/myCPU/frontend/bpu.v:228]
WARNING: [Synth 8-8895] 'ras_spec_pop' is already implicitly declared on line 172 [e:/Loongarch_cpu/output/Loongarch_cpu_V3_developing/chiplab_for_Vivado_dont_touch/IP/myCPU/frontend/bpu.v:229]
WARNING: [Synth 8-6901] identifier 'p1_diff' is used before its declaration [e:/Loongarch_cpu/output/Loongarch_cpu_V3_developing/chiplab_for_Vivado_dont_touch/IP/myCPU/frontend/bpu.v:195]
WARNING: [Synth 8-6901] identifier 'csr_tcfg_en' is used before its declaration [e:/Loongarch_cpu/output/Loongarch_cpu_V3_developing/chiplab_for_Vivado_dont_touch/IP/myCPU/priv/csr_exception_commit_handler.v:306]
INFO: [Synth 8-6157] synthesizing module 'core_top' [e:/Loongarch_cpu/output/Loongarch_cpu_V3_developing/chiplab_for_Vivado_dont_touch/IP/myCPU/mycpu_top.v:23]
INFO: [Synth 8-6157] synthesizing module 'ctrl' [e:/Loongarch_cpu/output/Loongarch_cpu_V3_developing/chiplab_for_Vivado_dont_touch/IP/myCPU/backend/commit/ctrl.v:21]
INFO: [Synth 8-6155] done synthesizing module 'ctrl' (0#1) [e:/Loongarch_cpu/output/Loongarch_cpu_V3_developing/chiplab_for_Vivado_dont_touch/IP/myCPU/backend/commit/ctrl.v:21]
INFO: [Synth 8-6157] synthesizing module 'bpu' [e:/Loongarch_cpu/output/Loongarch_cpu_V3_developing/chiplab_for_Vivado_dont_touch/IP/myCPU/frontend/bpu.v:13]
WARNING: [Synth 8-589] replacing case/wildcard equality operator === with logical equality operator == [e:/Loongarch_cpu/output/Loongarch_cpu_V3_developing/chiplab_for_Vivado_dont_touch/IP/myCPU/frontend/bpu.v:186]
WARNING: [Synth 8-589] replacing case/wildcard equality operator === with logical equality operator == [e:/Loongarch_cpu/output/Loongarch_cpu_V3_developing/chiplab_for_Vivado_dont_touch/IP/myCPU/frontend/bpu.v:206]
INFO: [Synth 8-6157] synthesizing module 'ubtb' [e:/Loongarch_cpu/output/Loongarch_cpu_V3_developing/chiplab_for_Vivado_dont_touch/IP/myCPU/frontend/ubtb.v:12]
INFO: [Synth 8-6155] done synthesizing module 'ubtb' (0#1) [e:/Loongarch_cpu/output/Loongarch_cpu_V3_developing/chiplab_for_Vivado_dont_touch/IP/myCPU/frontend/ubtb.v:12]
INFO: [Synth 8-6157] synthesizing module 'ftb' [e:/Loongarch_cpu/output/Loongarch_cpu_V3_developing/chiplab_for_Vivado_dont_touch/IP/myCPU/frontend/ftb.v:14]
INFO: [Synth 8-6157] synthesizing module 'ftb_way_ram' [e:/Loongarch_cpu/output/Loongarch_cpu_V3_developing/chiplab_for_Vivado_dont_touch/IP/myCPU/frontend/ftb.v:189]
INFO: [Synth 8-6155] done synthesizing module 'ftb_way_ram' (0#1) [e:/Loongarch_cpu/output/Loongarch_cpu_V3_developing/chiplab_for_Vivado_dont_touch/IP/myCPU/frontend/ftb.v:189]
INFO: [Synth 8-6155] done synthesizing module 'ftb' (0#1) [e:/Loongarch_cpu/output/Loongarch_cpu_V3_developing/chiplab_for_Vivado_dont_touch/IP/myCPU/frontend/ftb.v:14]
INFO: [Synth 8-6157] synthesizing module 'tage' [e:/Loongarch_cpu/output/Loongarch_cpu_V3_developing/chiplab_for_Vivado_dont_touch/IP/myCPU/frontend/tage.v:18]
INFO: [Synth 8-6157] synthesizing module 'tage_tag_ram' [e:/Loongarch_cpu/output/Loongarch_cpu_V3_developing/chiplab_for_Vivado_dont_touch/IP/myCPU/frontend/tage.v:329]
INFO: [Synth 8-6155] done synthesizing module 'tage_tag_ram' (0#1) [e:/Loongarch_cpu/output/Loongarch_cpu_V3_developing/chiplab_for_Vivado_dont_touch/IP/myCPU/frontend/tage.v:329]
INFO: [Synth 8-6157] synthesizing module 'tage_base_ram' [e:/Loongarch_cpu/output/Loongarch_cpu_V3_developing/chiplab_for_Vivado_dont_touch/IP/myCPU/frontend/tage.v:310]
INFO: [Synth 8-6155] done synthesizing module 'tage_base_ram' (0#1) [e:/Loongarch_cpu/output/Loongarch_cpu_V3_developing/chiplab_for_Vivado_dont_touch/IP/myCPU/frontend/tage.v:310]
INFO: [Synth 8-6155] done synthesizing module 'tage' (0#1) [e:/Loongarch_cpu/output/Loongarch_cpu_V3_developing/chiplab_for_Vivado_dont_touch/IP/myCPU/frontend/tage.v:18]
INFO: [Synth 8-6157] synthesizing module 'ras' [e:/Loongarch_cpu/output/Loongarch_cpu_V3_developing/chiplab_for_Vivado_dont_touch/IP/myCPU/frontend/ras.v:12]
INFO: [Synth 8-6155] done synthesizing module 'ras' (0#1) [e:/Loongarch_cpu/output/Loongarch_cpu_V3_developing/chiplab_for_Vivado_dont_touch/IP/myCPU/frontend/ras.v:12]
INFO: [Synth 8-6155] done synthesizing module 'bpu' (0#1) [e:/Loongarch_cpu/output/Loongarch_cpu_V3_developing/chiplab_for_Vivado_dont_touch/IP/myCPU/frontend/bpu.v:13]
INFO: [Synth 8-6157] synthesizing module 'ftq' [e:/Loongarch_cpu/output/Loongarch_cpu_V3_developing/chiplab_for_Vivado_dont_touch/IP/myCPU/frontend/ftq.v:15]
INFO: [Synth 8-6155] done synthesizing module 'ftq' (0#1) [e:/Loongarch_cpu/output/Loongarch_cpu_V3_developing/chiplab_for_Vivado_dont_touch/IP/myCPU/frontend/ftq.v:15]
INFO: [Synth 8-6157] synthesizing module 'ifu' [e:/Loongarch_cpu/output/Loongarch_cpu_V3_developing/chiplab_for_Vivado_dont_touch/IP/myCPU/frontend/ifu.v:14]
WARNING: [Synth 8-589] replacing case/wildcard equality operator === with logical equality operator == [e:/Loongarch_cpu/output/Loongarch_cpu_V3_developing/chiplab_for_Vivado_dont_touch/IP/myCPU/frontend/ifu.v:169]
WARNING: [Synth 8-589] replacing case/wildcard equality operator === with logical equality operator == [e:/Loongarch_cpu/output/Loongarch_cpu_V3_developing/chiplab_for_Vivado_dont_touch/IP/myCPU/frontend/ifu.v:177]
WARNING: [Synth 8-589] replacing case/wildcard equality operator === with logical equality operator == [e:/Loongarch_cpu/output/Loongarch_cpu_V3_developing/chiplab_for_Vivado_dont_touch/IP/myCPU/frontend/ifu.v:180]
WARNING: [Synth 8-589] replacing case/wildcard equality operator === with logical equality operator == [e:/Loongarch_cpu/output/Loongarch_cpu_V3_developing/chiplab_for_Vivado_dont_touch/IP/myCPU/frontend/ifu.v:180]
WARNING: [Synth 8-589] replacing case/wildcard equality operator === with logical equality operator == [e:/Loongarch_cpu/output/Loongarch_cpu_V3_developing/chiplab_for_Vivado_dont_touch/IP/myCPU/frontend/ifu.v:181]
WARNING: [Synth 8-589] replacing case/wildcard equality operator !== with logical equality operator != [e:/Loongarch_cpu/output/Loongarch_cpu_V3_developing/chiplab_for_Vivado_dont_touch/IP/myCPU/frontend/ifu.v:183]
WARNING: [Synth 8-589] replacing case/wildcard equality operator === with logical equality operator == [e:/Loongarch_cpu/output/Loongarch_cpu_V3_developing/chiplab_for_Vivado_dont_touch/IP/myCPU/frontend/ifu.v:183]
WARNING: [Synth 8-589] replacing case/wildcard equality operator === with logical equality operator == [e:/Loongarch_cpu/output/Loongarch_cpu_V3_developing/chiplab_for_Vivado_dont_touch/IP/myCPU/frontend/ifu.v:184]
WARNING: [Synth 8-589] replacing case/wildcard equality operator === with logical equality operator == [e:/Loongarch_cpu/output/Loongarch_cpu_V3_developing/chiplab_for_Vivado_dont_touch/IP/myCPU/frontend/ifu.v:190]
WARNING: [Synth 8-589] replacing case/wildcard equality operator === with logical equality operator == [e:/Loongarch_cpu/output/Loongarch_cpu_V3_developing/chiplab_for_Vivado_dont_touch/IP/myCPU/frontend/ifu.v:190]
WARNING: [Synth 8-589] replacing case/wildcard equality operator !== with logical equality operator != [e:/Loongarch_cpu/output/Loongarch_cpu_V3_developing/chiplab_for_Vivado_dont_touch/IP/myCPU/frontend/ifu.v:191]
WARNING: [Synth 8-589] replacing case/wildcard equality operator !== with logical equality operator != [e:/Loongarch_cpu/output/Loongarch_cpu_V3_developing/chiplab_for_Vivado_dont_touch/IP/myCPU/frontend/ifu.v:193]
WARNING: [Synth 8-589] replacing case/wildcard equality operator === with logical equality operator == [e:/Loongarch_cpu/output/Loongarch_cpu_V3_developing/chiplab_for_Vivado_dont_touch/IP/myCPU/frontend/ifu.v:203]
WARNING: [Synth 8-589] replacing case/wildcard equality operator === with logical equality operator == [e:/Loongarch_cpu/output/Loongarch_cpu_V3_developing/chiplab_for_Vivado_dont_touch/IP/myCPU/frontend/ifu.v:203]
WARNING: [Synth 8-589] replacing case/wildcard equality operator !== with logical equality operator != [e:/Loongarch_cpu/output/Loongarch_cpu_V3_developing/chiplab_for_Vivado_dont_touch/IP/myCPU/frontend/ifu.v:203]
WARNING: [Synth 8-589] replacing case/wildcard equality operator !== with logical equality operator != [e:/Loongarch_cpu/output/Loongarch_cpu_V3_developing/chiplab_for_Vivado_dont_touch/IP/myCPU/frontend/ifu.v:204]
WARNING: [Synth 8-589] replacing case/wildcard equality operator !== with logical equality operator != [e:/Loongarch_cpu/output/Loongarch_cpu_V3_developing/chiplab_for_Vivado_dont_touch/IP/myCPU/frontend/ifu.v:204]
WARNING: [Synth 8-589] replacing case/wildcard equality operator === with logical equality operator == [e:/Loongarch_cpu/output/Loongarch_cpu_V3_developing/chiplab_for_Vivado_dont_touch/IP/myCPU/frontend/ifu.v:207]
WARNING: [Synth 8-589] replacing case/wildcard equality operator !== with logical equality operator != [e:/Loongarch_cpu/output/Loongarch_cpu_V3_developing/chiplab_for_Vivado_dont_touch/IP/myCPU/frontend/ifu.v:207]
WARNING: [Synth 8-589] replacing case/wildcard equality operator !== with logical equality operator != [e:/Loongarch_cpu/output/Loongarch_cpu_V3_developing/chiplab_for_Vivado_dont_touch/IP/myCPU/frontend/ifu.v:208]
WARNING: [Synth 8-589] replacing case/wildcard equality operator !== with logical equality operator != [e:/Loongarch_cpu/output/Loongarch_cpu_V3_developing/chiplab_for_Vivado_dont_touch/IP/myCPU/frontend/ifu.v:209]
WARNING: [Synth 8-589] replacing case/wildcard equality operator === with logical equality operator == [e:/Loongarch_cpu/output/Loongarch_cpu_V3_developing/chiplab_for_Vivado_dont_touch/IP/myCPU/frontend/ifu.v:156]
WARNING: [Synth 8-589] replacing case/wildcard equality operator === with logical equality operator == [e:/Loongarch_cpu/output/Loongarch_cpu_V3_developing/chiplab_for_Vivado_dont_touch/IP/myCPU/frontend/ifu.v:158]
WARNING: [Synth 8-589] replacing case/wildcard equality operator === with logical equality operator == [e:/Loongarch_cpu/output/Loongarch_cpu_V3_developing/chiplab_for_Vivado_dont_touch/IP/myCPU/frontend/ifu.v:195]
WARNING: [Synth 8-589] replacing case/wildcard equality operator !== with logical equality operator != [e:/Loongarch_cpu/output/Loongarch_cpu_V3_developing/chiplab_for_Vivado_dont_touch/IP/myCPU/frontend/ifu.v:196]
WARNING: [Synth 8-589] replacing case/wildcard equality operator !== with logical equality operator != [e:/Loongarch_cpu/output/Loongarch_cpu_V3_developing/chiplab_for_Vivado_dont_touch/IP/myCPU/frontend/ifu.v:197]
WARNING: [Synth 8-589] replacing case/wildcard equality operator === with logical equality operator == [e:/Loongarch_cpu/output/Loongarch_cpu_V3_developing/chiplab_for_Vivado_dont_touch/IP/myCPU/frontend/ifu.v:199]
WARNING: [Synth 8-589] replacing case/wildcard equality operator !== with logical equality operator != [e:/Loongarch_cpu/output/Loongarch_cpu_V3_developing/chiplab_for_Vivado_dont_touch/IP/myCPU/frontend/ifu.v:199]
WARNING: [Synth 8-589] replacing case/wildcard equality operator === with logical equality operator == [e:/Loongarch_cpu/output/Loongarch_cpu_V3_developing/chiplab_for_Vivado_dont_touch/IP/myCPU/frontend/ifu.v:242]
WARNING: [Synth 8-589] replacing case/wildcard equality operator === with logical equality operator == [e:/Loongarch_cpu/output/Loongarch_cpu_V3_developing/chiplab_for_Vivado_dont_touch/IP/myCPU/frontend/ifu.v:260]
WARNING: [Synth 8-589] replacing case/wildcard equality operator === with logical equality operator == [e:/Loongarch_cpu/output/Loongarch_cpu_V3_developing/chiplab_for_Vivado_dont_touch/IP/myCPU/frontend/ifu.v:267]
WARNING: [Synth 8-589] replacing case/wildcard equality operator === with logical equality operator == [e:/Loongarch_cpu/output/Loongarch_cpu_V3_developing/chiplab_for_Vivado_dont_touch/IP/myCPU/frontend/ifu.v:270]
INFO: [Synth 8-6155] done synthesizing module 'ifu' (0#1) [e:/Loongarch_cpu/output/Loongarch_cpu_V3_developing/chiplab_for_Vivado_dont_touch/IP/myCPU/frontend/ifu.v:14]
INFO: [Synth 8-6157] synthesizing module 'icache' [e:/Loongarch_cpu/output/Loongarch_cpu_V3_developing/chiplab_for_Vivado_dont_touch/IP/myCPU/frontend/icache.v:46]
INFO: [Synth 8-6157] synthesizing module 'icache_way_ram' [e:/Loongarch_cpu/output/Loongarch_cpu_V3_developing/chiplab_for_Vivado_dont_touch/IP/myCPU/frontend/icache.v:300]
INFO: [Synth 8-6155] done synthesizing module 'icache_way_ram' (0#1) [e:/Loongarch_cpu/output/Loongarch_cpu_V3_developing/chiplab_for_Vivado_dont_touch/IP/myCPU/frontend/icache.v:300]
INFO: [Synth 8-6155] done synthesizing module 'icache' (0#1) [e:/Loongarch_cpu/output/Loongarch_cpu_V3_developing/chiplab_for_Vivado_dont_touch/IP/myCPU/frontend/icache.v:46]
INFO: [Synth 8-6157] synthesizing module 'inst_buffer' [e:/Loongarch_cpu/output/Loongarch_cpu_V3_developing/chiplab_for_Vivado_dont_touch/IP/myCPU/frontend/inst_buffer.v:3]
WARNING: [Synth 8-589] replacing case/wildcard equality operator === with logical equality operator == [e:/Loongarch_cpu/output/Loongarch_cpu_V3_developing/chiplab_for_Vivado_dont_touch/IP/myCPU/frontend/inst_buffer.v:81]
WARNING: [Synth 8-589] replacing case/wildcard equality operator === with logical equality operator == [e:/Loongarch_cpu/output/Loongarch_cpu_V3_developing/chiplab_for_Vivado_dont_touch/IP/myCPU/frontend/inst_buffer.v:82]
INFO: [Synth 8-6155] done synthesizing module 'inst_buffer' (0#1) [e:/Loongarch_cpu/output/Loongarch_cpu_V3_developing/chiplab_for_Vivado_dont_touch/IP/myCPU/frontend/inst_buffer.v:3]
INFO: [Synth 8-6157] synthesizing module 'decoder' [e:/Loongarch_cpu/output/Loongarch_cpu_V3_developing/chiplab_for_Vivado_dont_touch/IP/myCPU/backend/decode/decoder.v:23]
INFO: [Synth 8-6157] synthesizing module 'inst_dec' [e:/Loongarch_cpu/output/Loongarch_cpu_V3_developing/chiplab_for_Vivado_dont_touch/IP/myCPU/backend/decode/inst_dec.v:11]
INFO: [Synth 8-6157] synthesizing module 'decoder_6_64' [e:/Loongarch_cpu/output/Loongarch_cpu_V3_developing/chiplab_for_Vivado_dont_touch/IP/myCPU/backend/decode/decode_tools.v:38]
INFO: [Synth 8-6155] done synthesizing module 'decoder_6_64' (0#1) [e:/Loongarch_cpu/output/Loongarch_cpu_V3_developing/chiplab_for_Vivado_dont_touch/IP/myCPU/backend/decode/decode_tools.v:38]
INFO: [Synth 8-6157] synthesizing module 'decoder_4_16' [e:/Loongarch_cpu/output/Loongarch_cpu_V3_developing/chiplab_for_Vivado_dont_touch/IP/myCPU/backend/decode/decode_tools.v:18]
INFO: [Synth 8-6155] done synthesizing module 'decoder_4_16' (0#1) [e:/Loongarch_cpu/output/Loongarch_cpu_V3_developing/chiplab_for_Vivado_dont_touch/IP/myCPU/backend/decode/decode_tools.v:18]
INFO: [Synth 8-6157] synthesizing module 'decoder_2_4' [e:/Loongarch_cpu/output/Loongarch_cpu_V3_developing/chiplab_for_Vivado_dont_touch/IP/myCPU/backend/decode/decode_tools.v:8]
INFO: [Synth 8-6155] done synthesizing module 'decoder_2_4' (0#1) [e:/Loongarch_cpu/output/Loongarch_cpu_V3_developing/chiplab_for_Vivado_dont_touch/IP/myCPU/backend/decode/decode_tools.v:8]
INFO: [Synth 8-6157] synthesizing module 'decoder_5_32' [e:/Loongarch_cpu/output/Loongarch_cpu_V3_developing/chiplab_for_Vivado_dont_touch/IP/myCPU/backend/decode/decode_tools.v:28]
INFO: [Synth 8-6155] done synthesizing module 'decoder_5_32' (0#1) [e:/Loongarch_cpu/output/Loongarch_cpu_V3_developing/chiplab_for_Vivado_dont_touch/IP/myCPU/backend/decode/decode_tools.v:28]
WARNING: [Synth 8-589] replacing case/wildcard equality operator === with logical equality operator == [e:/Loongarch_cpu/output/Loongarch_cpu_V3_developing/chiplab_for_Vivado_dont_touch/IP/myCPU/backend/decode/inst_dec.v:231]
INFO: [Synth 8-6155] done synthesizing module 'inst_dec' (0#1) [e:/Loongarch_cpu/output/Loongarch_cpu_V3_developing/chiplab_for_Vivado_dont_touch/IP/myCPU/backend/decode/inst_dec.v:11]
INFO: [Synth 8-6157] synthesizing module 'op_dec' [e:/Loongarch_cpu/output/Loongarch_cpu_V3_developing/chiplab_for_Vivado_dont_touch/IP/myCPU/backend/decode/op_dec.v:11]
WARNING: [Synth 8-589] replacing case/wildcard equality operator === with logical equality operator == [e:/Loongarch_cpu/output/Loongarch_cpu_V3_developing/chiplab_for_Vivado_dont_touch/IP/myCPU/backend/decode/op_dec.v:202]
WARNING: [Synth 8-589] replacing case/wildcard equality operator === with logical equality operator == [e:/Loongarch_cpu/output/Loongarch_cpu_V3_developing/chiplab_for_Vivado_dont_touch/IP/myCPU/backend/decode/op_dec.v:203]
WARNING: [Synth 8-589] replacing case/wildcard equality operator === with logical equality operator == [e:/Loongarch_cpu/output/Loongarch_cpu_V3_developing/chiplab_for_Vivado_dont_touch/IP/myCPU/backend/decode/op_dec.v:204]
WARNING: [Synth 8-589] replacing case/wildcard equality operator === with logical equality operator == [e:/Loongarch_cpu/output/Loongarch_cpu_V3_developing/chiplab_for_Vivado_dont_touch/IP/myCPU/backend/decode/op_dec.v:205]
WARNING: [Synth 8-589] replacing case/wildcard equality operator === with logical equality operator == [e:/Loongarch_cpu/output/Loongarch_cpu_V3_developing/chiplab_for_Vivado_dont_touch/IP/myCPU/backend/decode/op_dec.v:206]
WARNING: [Synth 8-589] replacing case/wildcard equality operator === with logical equality operator == [e:/Loongarch_cpu/output/Loongarch_cpu_V3_developing/chiplab_for_Vivado_dont_touch/IP/myCPU/backend/decode/op_dec.v:207]
WARNING: [Synth 8-589] replacing case/wildcard equality operator === with logical equality operator == [e:/Loongarch_cpu/output/Loongarch_cpu_V3_developing/chiplab_for_Vivado_dont_touch/IP/myCPU/backend/decode/op_dec.v:210]
WARNING: [Synth 8-589] replacing case/wildcard equality operator === with logical equality operator == [e:/Loongarch_cpu/output/Loongarch_cpu_V3_developing/chiplab_for_Vivado_dont_touch/IP/myCPU/backend/decode/op_dec.v:210]
WARNING: [Synth 8-589] replacing case/wildcard equality operator === with logical equality operator == [e:/Loongarch_cpu/output/Loongarch_cpu_V3_developing/chiplab_for_Vivado_dont_touch/IP/myCPU/backend/decode/op_dec.v:210]
WARNING: [Synth 8-589] replacing case/wildcard equality operator === with logical equality operator == [e:/Loongarch_cpu/output/Loongarch_cpu_V3_developing/chiplab_for_Vivado_dont_touch/IP/myCPU/backend/decode/op_dec.v:211]
WARNING: [Synth 8-589] replacing case/wildcard equality operator === with logical equality operator == [e:/Loongarch_cpu/output/Loongarch_cpu_V3_developing/chiplab_for_Vivado_dont_touch/IP/myCPU/backend/decode/op_dec.v:211]
WARNING: [Synth 8-589] replacing case/wildcard equality operator === with logical equality operator == [e:/Loongarch_cpu/output/Loongarch_cpu_V3_developing/chiplab_for_Vivado_dont_touch/IP/myCPU/backend/decode/op_dec.v:211]
WARNING: [Synth 8-589] replacing case/wildcard equality operator === with logical equality operator == [e:/Loongarch_cpu/output/Loongarch_cpu_V3_developing/chiplab_for_Vivado_dont_touch/IP/myCPU/backend/decode/op_dec.v:212]
WARNING: [Synth 8-589] replacing case/wildcard equality operator === with logical equality operator == [e:/Loongarch_cpu/output/Loongarch_cpu_V3_developing/chiplab_for_Vivado_dont_touch/IP/myCPU/backend/decode/op_dec.v:212]
WARNING: [Synth 8-589] replacing case/wildcard equality operator === with logical equality operator == [e:/Loongarch_cpu/output/Loongarch_cpu_V3_developing/chiplab_for_Vivado_dont_touch/IP/myCPU/backend/decode/op_dec.v:213]
WARNING: [Synth 8-589] replacing case/wildcard equality operator === with logical equality operator == [e:/Loongarch_cpu/output/Loongarch_cpu_V3_developing/chiplab_for_Vivado_dont_touch/IP/myCPU/backend/decode/op_dec.v:213]
INFO: [Synth 8-6155] done synthesizing module 'op_dec' (0#1) [e:/Loongarch_cpu/output/Loongarch_cpu_V3_developing/chiplab_for_Vivado_dont_touch/IP/myCPU/backend/decode/op_dec.v:11]
INFO: [Synth 8-6157] synthesizing module 'imm_generator' [e:/Loongarch_cpu/output/Loongarch_cpu_V3_developing/chiplab_for_Vivado_dont_touch/IP/myCPU/backend/decode/imm_generator.v:11]
INFO: [Synth 8-6155] done synthesizing module 'imm_generator' (0#1) [e:/Loongarch_cpu/output/Loongarch_cpu_V3_developing/chiplab_for_Vivado_dont_touch/IP/myCPU/backend/decode/imm_generator.v:11]
INFO: [Synth 8-6157] synthesizing module 'get_reg_read_addr' [e:/Loongarch_cpu/output/Loongarch_cpu_V3_developing/chiplab_for_Vivado_dont_touch/IP/myCPU/backend/decode/get_reg_read_addr.v:11]
INFO: [Synth 8-6155] done synthesizing module 'get_reg_read_addr' (0#1) [e:/Loongarch_cpu/output/Loongarch_cpu_V3_developing/chiplab_for_Vivado_dont_touch/IP/myCPU/backend/decode/get_reg_read_addr.v:11]
INFO: [Synth 8-6155] done synthesizing module 'decoder' (0#1) [e:/Loongarch_cpu/output/Loongarch_cpu_V3_developing/chiplab_for_Vivado_dont_touch/IP/myCPU/backend/decode/decoder.v:23]
INFO: [Synth 8-6157] synthesizing module 'rename' [e:/Loongarch_cpu/output/Loongarch_cpu_V3_developing/chiplab_for_Vivado_dont_touch/IP/myCPU/backend/rename/rename.v:31]
INFO: [Synth 8-6155] done synthesizing module 'rename' (0#1) [e:/Loongarch_cpu/output/Loongarch_cpu_V3_developing/chiplab_for_Vivado_dont_touch/IP/myCPU/backend/rename/rename.v:31]
INFO: [Synth 8-6157] synthesizing module 'rat' [e:/Loongarch_cpu/output/Loongarch_cpu_V3_developing/chiplab_for_Vivado_dont_touch/IP/myCPU/backend/rename/rat.v:23]
INFO: [Synth 8-6155] done synthesizing module 'rat' (0#1) [e:/Loongarch_cpu/output/Loongarch_cpu_V3_developing/chiplab_for_Vivado_dont_touch/IP/myCPU/backend/rename/rat.v:23]
INFO: [Synth 8-6157] synthesizing module 'regfile' [e:/Loongarch_cpu/output/Loongarch_cpu_V3_developing/chiplab_for_Vivado_dont_touch/IP/myCPU/backend/commit/regfile.v:23]
WARNING: [Synth 8-589] replacing case/wildcard equality operator === with logical equality operator == [e:/Loongarch_cpu/output/Loongarch_cpu_V3_developing/chiplab_for_Vivado_dont_touch/IP/myCPU/backend/commit/regfile.v:125]
WARNING: [Synth 8-589] replacing case/wildcard equality operator === with logical equality operator == [e:/Loongarch_cpu/output/Loongarch_cpu_V3_developing/chiplab_for_Vivado_dont_touch/IP/myCPU/backend/commit/regfile.v:126]
WARNING: [Synth 8-589] replacing case/wildcard equality operator === with logical equality operator == [e:/Loongarch_cpu/output/Loongarch_cpu_V3_developing/chiplab_for_Vivado_dont_touch/IP/myCPU/backend/commit/regfile.v:126]
WARNING: [Synth 8-589] replacing case/wildcard equality operator !== with logical equality operator != [e:/Loongarch_cpu/output/Loongarch_cpu_V3_developing/chiplab_for_Vivado_dont_touch/IP/myCPU/backend/commit/regfile.v:126]
WARNING: [Synth 8-589] replacing case/wildcard equality operator === with logical equality operator == [e:/Loongarch_cpu/output/Loongarch_cpu_V3_developing/chiplab_for_Vivado_dont_touch/IP/myCPU/backend/commit/regfile.v:127]
WARNING: [Synth 8-589] replacing case/wildcard equality operator === with logical equality operator == [e:/Loongarch_cpu/output/Loongarch_cpu_V3_developing/chiplab_for_Vivado_dont_touch/IP/myCPU/backend/commit/regfile.v:127]
WARNING: [Synth 8-589] replacing case/wildcard equality operator !== with logical equality operator != [e:/Loongarch_cpu/output/Loongarch_cpu_V3_developing/chiplab_for_Vivado_dont_touch/IP/myCPU/backend/commit/regfile.v:127]
WARNING: [Synth 8-589] replacing case/wildcard equality operator === with logical equality operator == [e:/Loongarch_cpu/output/Loongarch_cpu_V3_developing/chiplab_for_Vivado_dont_touch/IP/myCPU/backend/commit/regfile.v:130]
WARNING: [Synth 8-589] replacing case/wildcard equality operator === with logical equality operator == [e:/Loongarch_cpu/output/Loongarch_cpu_V3_developing/chiplab_for_Vivado_dont_touch/IP/myCPU/backend/commit/regfile.v:131]
WARNING: [Synth 8-589] replacing case/wildcard equality operator === with logical equality operator == [e:/Loongarch_cpu/output/Loongarch_cpu_V3_developing/chiplab_for_Vivado_dont_touch/IP/myCPU/backend/commit/regfile.v:131]
WARNING: [Synth 8-589] replacing case/wildcard equality operator !== with logical equality operator != [e:/Loongarch_cpu/output/Loongarch_cpu_V3_developing/chiplab_for_Vivado_dont_touch/IP/myCPU/backend/commit/regfile.v:131]
WARNING: [Synth 8-589] replacing case/wildcard equality operator === with logical equality operator == [e:/Loongarch_cpu/output/Loongarch_cpu_V3_developing/chiplab_for_Vivado_dont_touch/IP/myCPU/backend/commit/regfile.v:132]
WARNING: [Synth 8-589] replacing case/wildcard equality operator === with logical equality operator == [e:/Loongarch_cpu/output/Loongarch_cpu_V3_developing/chiplab_for_Vivado_dont_touch/IP/myCPU/backend/commit/regfile.v:132]
WARNING: [Synth 8-589] replacing case/wildcard equality operator !== with logical equality operator != [e:/Loongarch_cpu/output/Loongarch_cpu_V3_developing/chiplab_for_Vivado_dont_touch/IP/myCPU/backend/commit/regfile.v:132]
WARNING: [Synth 8-589] replacing case/wildcard equality operator === with logical equality operator == [e:/Loongarch_cpu/output/Loongarch_cpu_V3_developing/chiplab_for_Vivado_dont_touch/IP/myCPU/backend/commit/regfile.v:135]
WARNING: [Synth 8-589] replacing case/wildcard equality operator === with logical equality operator == [e:/Loongarch_cpu/output/Loongarch_cpu_V3_developing/chiplab_for_Vivado_dont_touch/IP/myCPU/backend/commit/regfile.v:136]
WARNING: [Synth 8-589] replacing case/wildcard equality operator === with logical equality operator == [e:/Loongarch_cpu/output/Loongarch_cpu_V3_developing/chiplab_for_Vivado_dont_touch/IP/myCPU/backend/commit/regfile.v:136]
WARNING: [Synth 8-589] replacing case/wildcard equality operator !== with logical equality operator != [e:/Loongarch_cpu/output/Loongarch_cpu_V3_developing/chiplab_for_Vivado_dont_touch/IP/myCPU/backend/commit/regfile.v:136]
WARNING: [Synth 8-589] replacing case/wildcard equality operator === with logical equality operator == [e:/Loongarch_cpu/output/Loongarch_cpu_V3_developing/chiplab_for_Vivado_dont_touch/IP/myCPU/backend/commit/regfile.v:137]
WARNING: [Synth 8-589] replacing case/wildcard equality operator === with logical equality operator == [e:/Loongarch_cpu/output/Loongarch_cpu_V3_developing/chiplab_for_Vivado_dont_touch/IP/myCPU/backend/commit/regfile.v:137]
WARNING: [Synth 8-589] replacing case/wildcard equality operator !== with logical equality operator != [e:/Loongarch_cpu/output/Loongarch_cpu_V3_developing/chiplab_for_Vivado_dont_touch/IP/myCPU/backend/commit/regfile.v:137]
WARNING: [Synth 8-589] replacing case/wildcard equality operator === with logical equality operator == [e:/Loongarch_cpu/output/Loongarch_cpu_V3_developing/chiplab_for_Vivado_dont_touch/IP/myCPU/backend/commit/regfile.v:140]
WARNING: [Synth 8-589] replacing case/wildcard equality operator === with logical equality operator == [e:/Loongarch_cpu/output/Loongarch_cpu_V3_developing/chiplab_for_Vivado_dont_touch/IP/myCPU/backend/commit/regfile.v:141]
WARNING: [Synth 8-589] replacing case/wildcard equality operator === with logical equality operator == [e:/Loongarch_cpu/output/Loongarch_cpu_V3_developing/chiplab_for_Vivado_dont_touch/IP/myCPU/backend/commit/regfile.v:141]
WARNING: [Synth 8-589] replacing case/wildcard equality operator !== with logical equality operator != [e:/Loongarch_cpu/output/Loongarch_cpu_V3_developing/chiplab_for_Vivado_dont_touch/IP/myCPU/backend/commit/regfile.v:141]
WARNING: [Synth 8-589] replacing case/wildcard equality operator === with logical equality operator == [e:/Loongarch_cpu/output/Loongarch_cpu_V3_developing/chiplab_for_Vivado_dont_touch/IP/myCPU/backend/commit/regfile.v:142]
WARNING: [Synth 8-589] replacing case/wildcard equality operator === with logical equality operator == [e:/Loongarch_cpu/output/Loongarch_cpu_V3_developing/chiplab_for_Vivado_dont_touch/IP/myCPU/backend/commit/regfile.v:142]
WARNING: [Synth 8-589] replacing case/wildcard equality operator !== with logical equality operator != [e:/Loongarch_cpu/output/Loongarch_cpu_V3_developing/chiplab_for_Vivado_dont_touch/IP/myCPU/backend/commit/regfile.v:142]
WARNING: [Synth 8-589] replacing case/wildcard equality operator === with logical equality operator == [e:/Loongarch_cpu/output/Loongarch_cpu_V3_developing/chiplab_for_Vivado_dont_touch/IP/myCPU/backend/commit/regfile.v:145]
WARNING: [Synth 8-589] replacing case/wildcard equality operator === with logical equality operator == [e:/Loongarch_cpu/output/Loongarch_cpu_V3_developing/chiplab_for_Vivado_dont_touch/IP/myCPU/backend/commit/regfile.v:146]
WARNING: [Synth 8-589] replacing case/wildcard equality operator === with logical equality operator == [e:/Loongarch_cpu/output/Loongarch_cpu_V3_developing/chiplab_for_Vivado_dont_touch/IP/myCPU/backend/commit/regfile.v:146]
WARNING: [Synth 8-589] replacing case/wildcard equality operator !== with logical equality operator != [e:/Loongarch_cpu/output/Loongarch_cpu_V3_developing/chiplab_for_Vivado_dont_touch/IP/myCPU/backend/commit/regfile.v:146]
WARNING: [Synth 8-589] replacing case/wildcard equality operator === with logical equality operator == [e:/Loongarch_cpu/output/Loongarch_cpu_V3_developing/chiplab_for_Vivado_dont_touch/IP/myCPU/backend/commit/regfile.v:147]
WARNING: [Synth 8-589] replacing case/wildcard equality operator === with logical equality operator == [e:/Loongarch_cpu/output/Loongarch_cpu_V3_developing/chiplab_for_Vivado_dont_touch/IP/myCPU/backend/commit/regfile.v:147]
WARNING: [Synth 8-589] replacing case/wildcard equality operator !== with logical equality operator != [e:/Loongarch_cpu/output/Loongarch_cpu_V3_developing/chiplab_for_Vivado_dont_touch/IP/myCPU/backend/commit/regfile.v:147]
WARNING: [Synth 8-589] replacing case/wildcard equality operator === with logical equality operator == [e:/Loongarch_cpu/output/Loongarch_cpu_V3_developing/chiplab_for_Vivado_dont_touch/IP/myCPU/backend/commit/regfile.v:150]
WARNING: [Synth 8-589] replacing case/wildcard equality operator === with logical equality operator == [e:/Loongarch_cpu/output/Loongarch_cpu_V3_developing/chiplab_for_Vivado_dont_touch/IP/myCPU/backend/commit/regfile.v:151]
WARNING: [Synth 8-589] replacing case/wildcard equality operator === with logical equality operator == [e:/Loongarch_cpu/output/Loongarch_cpu_V3_developing/chiplab_for_Vivado_dont_touch/IP/myCPU/backend/commit/regfile.v:151]
WARNING: [Synth 8-589] replacing case/wildcard equality operator !== with logical equality operator != [e:/Loongarch_cpu/output/Loongarch_cpu_V3_developing/chiplab_for_Vivado_dont_touch/IP/myCPU/backend/commit/regfile.v:151]
WARNING: [Synth 8-589] replacing case/wildcard equality operator === with logical equality operator == [e:/Loongarch_cpu/output/Loongarch_cpu_V3_developing/chiplab_for_Vivado_dont_touch/IP/myCPU/backend/commit/regfile.v:152]
WARNING: [Synth 8-589] replacing case/wildcard equality operator === with logical equality operator == [e:/Loongarch_cpu/output/Loongarch_cpu_V3_developing/chiplab_for_Vivado_dont_touch/IP/myCPU/backend/commit/regfile.v:152]
WARNING: [Synth 8-589] replacing case/wildcard equality operator !== with logical equality operator != [e:/Loongarch_cpu/output/Loongarch_cpu_V3_developing/chiplab_for_Vivado_dont_touch/IP/myCPU/backend/commit/regfile.v:152]
WARNING: [Synth 8-589] replacing case/wildcard equality operator === with logical equality operator == [e:/Loongarch_cpu/output/Loongarch_cpu_V3_developing/chiplab_for_Vivado_dont_touch/IP/myCPU/backend/commit/regfile.v:155]
WARNING: [Synth 8-589] replacing case/wildcard equality operator === with logical equality operator == [e:/Loongarch_cpu/output/Loongarch_cpu_V3_developing/chiplab_for_Vivado_dont_touch/IP/myCPU/backend/commit/regfile.v:156]
WARNING: [Synth 8-589] replacing case/wildcard equality operator === with logical equality operator == [e:/Loongarch_cpu/output/Loongarch_cpu_V3_developing/chiplab_for_Vivado_dont_touch/IP/myCPU/backend/commit/regfile.v:156]
WARNING: [Synth 8-589] replacing case/wildcard equality operator !== with logical equality operator != [e:/Loongarch_cpu/output/Loongarch_cpu_V3_developing/chiplab_for_Vivado_dont_touch/IP/myCPU/backend/commit/regfile.v:156]
WARNING: [Synth 8-589] replacing case/wildcard equality operator === with logical equality operator == [e:/Loongarch_cpu/output/Loongarch_cpu_V3_developing/chiplab_for_Vivado_dont_touch/IP/myCPU/backend/commit/regfile.v:157]
INFO: [Common 17-14] Message 'Synth 8-589' appears 100 times and further instances of the messages will be disabled. Use the Tcl command set_msg_config to change the current settings.
INFO: [Synth 8-6155] done synthesizing module 'regfile' (0#1) [e:/Loongarch_cpu/output/Loongarch_cpu_V3_developing/chiplab_for_Vivado_dont_touch/IP/myCPU/backend/commit/regfile.v:23]
INFO: [Synth 8-6157] synthesizing module 'dispatch' [e:/Loongarch_cpu/output/Loongarch_cpu_V3_developing/chiplab_for_Vivado_dont_touch/IP/myCPU/backend/issue/dispatch.v:25]
INFO: [Synth 8-6155] done synthesizing module 'dispatch' (0#1) [e:/Loongarch_cpu/output/Loongarch_cpu_V3_developing/chiplab_for_Vivado_dont_touch/IP/myCPU/backend/issue/dispatch.v:25]
INFO: [Synth 8-6157] synthesizing module 'rs_alu' [e:/Loongarch_cpu/output/Loongarch_cpu_V3_developing/chiplab_for_Vivado_dont_touch/IP/myCPU/backend/issue/rs_alu.v:25]
INFO: [Synth 8-6155] done synthesizing module 'rs_alu' (0#1) [e:/Loongarch_cpu/output/Loongarch_cpu_V3_developing/chiplab_for_Vivado_dont_touch/IP/myCPU/backend/issue/rs_alu.v:25]
INFO: [Synth 8-6157] synthesizing module 'rs_mem' [e:/Loongarch_cpu/output/Loongarch_cpu_V3_developing/chiplab_for_Vivado_dont_touch/IP/myCPU/backend/issue/rs_mem.v:18]
INFO: [Synth 8-6155] done synthesizing module 'rs_mem' (0#1) [e:/Loongarch_cpu/output/Loongarch_cpu_V3_developing/chiplab_for_Vivado_dont_touch/IP/myCPU/backend/issue/rs_mem.v:18]
INFO: [Synth 8-6157] synthesizing module 'rs_mdu' [e:/Loongarch_cpu/output/Loongarch_cpu_V3_developing/chiplab_for_Vivado_dont_touch/IP/myCPU/backend/issue/rs_mdu.v:17]
INFO: [Synth 8-6155] done synthesizing module 'rs_mdu' (0#1) [e:/Loongarch_cpu/output/Loongarch_cpu_V3_developing/chiplab_for_Vivado_dont_touch/IP/myCPU/backend/issue/rs_mdu.v:17]
INFO: [Synth 8-6157] synthesizing module 'fu_alu' [e:/Loongarch_cpu/output/Loongarch_cpu_V3_developing/chiplab_for_Vivado_dont_touch/IP/myCPU/backend/execute/fu_alu.v:21]
INFO: [Synth 8-6157] synthesizing module 'alu' [e:/Loongarch_cpu/output/Loongarch_cpu_V3_developing/chiplab_for_Vivado_dont_touch/IP/myCPU/backend/execute/alu.v:11]
INFO: [Synth 8-6155] done synthesizing module 'alu' (0#1) [e:/Loongarch_cpu/output/Loongarch_cpu_V3_developing/chiplab_for_Vivado_dont_touch/IP/myCPU/backend/execute/alu.v:11]
INFO: [Synth 8-6155] done synthesizing module 'fu_alu' (0#1) [e:/Loongarch_cpu/output/Loongarch_cpu_V3_developing/chiplab_for_Vivado_dont_touch/IP/myCPU/backend/execute/fu_alu.v:21]
INFO: [Synth 8-6157] synthesizing module 'fu_mdu' [e:/Loongarch_cpu/output/Loongarch_cpu_V3_developing/chiplab_for_Vivado_dont_touch/IP/myCPU/backend/execute/fu_mdu.v:25]
INFO: [Synth 8-6157] synthesizing module 'mul' [e:/Loongarch_cpu/output/Loongarch_cpu_V3_developing/chiplab_for_Vivado_dont_touch/IP/myCPU/backend/execute/mul.v:15]
INFO: [Synth 8-6155] done synthesizing module 'mul' (0#1) [e:/Loongarch_cpu/output/Loongarch_cpu_V3_developing/chiplab_for_Vivado_dont_touch/IP/myCPU/backend/execute/mul.v:15]
INFO: [Synth 8-6157] synthesizing module 'div' [e:/Loongarch_cpu/output/Loongarch_cpu_V3_developing/chiplab_for_Vivado_dont_touch/IP/myCPU/backend/execute/div.v:17]
INFO: [Synth 8-6155] done synthesizing module 'div' (0#1) [e:/Loongarch_cpu/output/Loongarch_cpu_V3_developing/chiplab_for_Vivado_dont_touch/IP/myCPU/backend/execute/div.v:17]
INFO: [Synth 8-6155] done synthesizing module 'fu_mdu' (0#1) [e:/Loongarch_cpu/output/Loongarch_cpu_V3_developing/chiplab_for_Vivado_dont_touch/IP/myCPU/backend/execute/fu_mdu.v:25]
INFO: [Synth 8-6157] synthesizing module 'lsu' [e:/Loongarch_cpu/output/Loongarch_cpu_V3_developing/chiplab_for_Vivado_dont_touch/IP/myCPU/backend/execute/lsu.v:48]
INFO: [Synth 8-6155] done synthesizing module 'lsu' (0#1) [e:/Loongarch_cpu/output/Loongarch_cpu_V3_developing/chiplab_for_Vivado_dont_touch/IP/myCPU/backend/execute/lsu.v:48]
INFO: [Synth 8-6157] synthesizing module 'store_buffer' [e:/Loongarch_cpu/output/Loongarch_cpu_V3_developing/chiplab_for_Vivado_dont_touch/IP/myCPU/memory/store_buffer.v:47]
INFO: [Synth 8-6155] done synthesizing module 'store_buffer' (0#1) [e:/Loongarch_cpu/output/Loongarch_cpu_V3_developing/chiplab_for_Vivado_dont_touch/IP/myCPU/memory/store_buffer.v:47]
INFO: [Synth 8-6157] synthesizing module 'rob' [e:/Loongarch_cpu/output/Loongarch_cpu_V3_developing/chiplab_for_Vivado_dont_touch/IP/myCPU/backend/commit/rob.v:23]
INFO: [Synth 8-6155] done synthesizing module 'rob' (0#1) [e:/Loongarch_cpu/output/Loongarch_cpu_V3_developing/chiplab_for_Vivado_dont_touch/IP/myCPU/backend/commit/rob.v:23]
INFO: [Synth 8-6157] synthesizing module 'commit' [e:/Loongarch_cpu/output/Loongarch_cpu_V3_developing/chiplab_for_Vivado_dont_touch/IP/myCPU/backend/commit/commit.v:28]
INFO: [Synth 8-6155] done synthesizing module 'commit' (0#1) [e:/Loongarch_cpu/output/Loongarch_cpu_V3_developing/chiplab_for_Vivado_dont_touch/IP/myCPU/backend/commit/commit.v:28]
INFO: [Synth 8-6157] synthesizing module 'mmu' [e:/Loongarch_cpu/output/Loongarch_cpu_V3_developing/chiplab_for_Vivado_dont_touch/IP/myCPU/priv/mmu.v:30]
INFO: [Synth 8-6155] done synthesizing module 'mmu' (0#1) [e:/Loongarch_cpu/output/Loongarch_cpu_V3_developing/chiplab_for_Vivado_dont_touch/IP/myCPU/priv/mmu.v:30]
INFO: [Synth 8-6157] synthesizing module 'tlb_manager' [e:/Loongarch_cpu/output/Loongarch_cpu_V3_developing/chiplab_for_Vivado_dont_touch/IP/myCPU/priv/tlb_manager.v:36]
	Parameter TLBNUM bound to: 32 - type: integer 
INFO: [Synth 8-6157] synthesizing module 'l1_tlb' [e:/Loongarch_cpu/output/Loongarch_cpu_V3_developing/chiplab_for_Vivado_dont_touch/IP/myCPU/priv/l1_tlb.v:36]
	Parameter ENTRY_NUM bound to: 8 - type: integer 
INFO: [Synth 8-6155] done synthesizing module 'l1_tlb' (0#1) [e:/Loongarch_cpu/output/Loongarch_cpu_V3_developing/chiplab_for_Vivado_dont_touch/IP/myCPU/priv/l1_tlb.v:36]
INFO: [Synth 8-6157] synthesizing module 'tlb' [e:/Loongarch_cpu/output/Loongarch_cpu_V3_developing/chiplab_for_Vivado_dont_touch/IP/myCPU/priv/tlb.v:27]
	Parameter TLBNUM bound to: 32 - type: integer 
WARNING: [Synth 8-6090] variable 'tlb_e' is written by both blocking and non-blocking assignments, entire logic could be removed [e:/Loongarch_cpu/output/Loongarch_cpu_V3_developing/chiplab_for_Vivado_dont_touch/IP/myCPU/priv/tlb.v:278]
WARNING: [Synth 8-6090] variable 'tlb_e' is written by both blocking and non-blocking assignments, entire logic could be removed [e:/Loongarch_cpu/output/Loongarch_cpu_V3_developing/chiplab_for_Vivado_dont_touch/IP/myCPU/priv/tlb.v:278]
WARNING: [Synth 8-6090] variable 'tlb_e' is written by both blocking and non-blocking assignments, entire logic could be removed [e:/Loongarch_cpu/output/Loongarch_cpu_V3_developing/chiplab_for_Vivado_dont_touch/IP/myCPU/priv/tlb.v:278]
WARNING: [Synth 8-6090] variable 'tlb_e' is written by both blocking and non-blocking assignments, entire logic could be removed [e:/Loongarch_cpu/output/Loongarch_cpu_V3_developing/chiplab_for_Vivado_dont_touch/IP/myCPU/priv/tlb.v:278]
WARNING: [Synth 8-6090] variable 'tlb_e' is written by both blocking and non-blocking assignments, entire logic could be removed [e:/Loongarch_cpu/output/Loongarch_cpu_V3_developing/chiplab_for_Vivado_dont_touch/IP/myCPU/priv/tlb.v:278]
WARNING: [Synth 8-6090] variable 'tlb_e' is written by both blocking and non-blocking assignments, entire logic could be removed [e:/Loongarch_cpu/output/Loongarch_cpu_V3_developing/chiplab_for_Vivado_dont_touch/IP/myCPU/priv/tlb.v:278]
WARNING: [Synth 8-6090] variable 'tlb_e' is written by both blocking and non-blocking assignments, entire logic could be removed [e:/Loongarch_cpu/output/Loongarch_cpu_V3_developing/chiplab_for_Vivado_dont_touch/IP/myCPU/priv/tlb.v:278]
WARNING: [Synth 8-6090] variable 'tlb_e' is written by both blocking and non-blocking assignments, entire logic could be removed [e:/Loongarch_cpu/output/Loongarch_cpu_V3_developing/chiplab_for_Vivado_dont_touch/IP/myCPU/priv/tlb.v:278]
WARNING: [Synth 8-6090] variable 'tlb_e' is written by both blocking and non-blocking assignments, entire logic could be removed [e:/Loongarch_cpu/output/Loongarch_cpu_V3_developing/chiplab_for_Vivado_dont_touch/IP/myCPU/priv/tlb.v:278]
WARNING: [Synth 8-6090] variable 'tlb_e' is written by both blocking and non-blocking assignments, entire logic could be removed [e:/Loongarch_cpu/output/Loongarch_cpu_V3_developing/chiplab_for_Vivado_dont_touch/IP/myCPU/priv/tlb.v:278]
WARNING: [Synth 8-6090] variable 'tlb_e' is written by both blocking and non-blocking assignments, entire logic could be removed [e:/Loongarch_cpu/output/Loongarch_cpu_V3_developing/chiplab_for_Vivado_dont_touch/IP/myCPU/priv/tlb.v:278]
WARNING: [Synth 8-6090] variable 'tlb_e' is written by both blocking and non-blocking assignments, entire logic could be removed [e:/Loongarch_cpu/output/Loongarch_cpu_V3_developing/chiplab_for_Vivado_dont_touch/IP/myCPU/priv/tlb.v:278]
WARNING: [Synth 8-6090] variable 'tlb_e' is written by both blocking and non-blocking assignments, entire logic could be removed [e:/Loongarch_cpu/output/Loongarch_cpu_V3_developing/chiplab_for_Vivado_dont_touch/IP/myCPU/priv/tlb.v:278]
WARNING: [Synth 8-6090] variable 'tlb_e' is written by both blocking and non-blocking assignments, entire logic could be removed [e:/Loongarch_cpu/output/Loongarch_cpu_V3_developing/chiplab_for_Vivado_dont_touch/IP/myCPU/priv/tlb.v:278]
WARNING: [Synth 8-6090] variable 'tlb_e' is written by both blocking and non-blocking assignments, entire logic could be removed [e:/Loongarch_cpu/output/Loongarch_cpu_V3_developing/chiplab_for_Vivado_dont_touch/IP/myCPU/priv/tlb.v:278]
WARNING: [Synth 8-6090] variable 'tlb_e' is written by both blocking and non-blocking assignments, entire logic could be removed [e:/Loongarch_cpu/output/Loongarch_cpu_V3_developing/chiplab_for_Vivado_dont_touch/IP/myCPU/priv/tlb.v:278]
WARNING: [Synth 8-6090] variable 'tlb_e' is written by both blocking and non-blocking assignments, entire logic could be removed [e:/Loongarch_cpu/output/Loongarch_cpu_V3_developing/chiplab_for_Vivado_dont_touch/IP/myCPU/priv/tlb.v:278]
WARNING: [Synth 8-6090] variable 'tlb_e' is written by both blocking and non-blocking assignments, entire logic could be removed [e:/Loongarch_cpu/output/Loongarch_cpu_V3_developing/chiplab_for_Vivado_dont_touch/IP/myCPU/priv/tlb.v:278]
WARNING: [Synth 8-6090] variable 'tlb_e' is written by both blocking and non-blocking assignments, entire logic could be removed [e:/Loongarch_cpu/output/Loongarch_cpu_V3_developing/chiplab_for_Vivado_dont_touch/IP/myCPU/priv/tlb.v:278]
WARNING: [Synth 8-6090] variable 'tlb_e' is written by both blocking and non-blocking assignments, entire logic could be removed [e:/Loongarch_cpu/output/Loongarch_cpu_V3_developing/chiplab_for_Vivado_dont_touch/IP/myCPU/priv/tlb.v:278]
WARNING: [Synth 8-6090] variable 'tlb_e' is written by both blocking and non-blocking assignments, entire logic could be removed [e:/Loongarch_cpu/output/Loongarch_cpu_V3_developing/chiplab_for_Vivado_dont_touch/IP/myCPU/priv/tlb.v:278]
WARNING: [Synth 8-6090] variable 'tlb_e' is written by both blocking and non-blocking assignments, entire logic could be removed [e:/Loongarch_cpu/output/Loongarch_cpu_V3_developing/chiplab_for_Vivado_dont_touch/IP/myCPU/priv/tlb.v:278]
WARNING: [Synth 8-6090] variable 'tlb_e' is written by both blocking and non-blocking assignments, entire logic could be removed [e:/Loongarch_cpu/output/Loongarch_cpu_V3_developing/chiplab_for_Vivado_dont_touch/IP/myCPU/priv/tlb.v:278]
WARNING: [Synth 8-6090] variable 'tlb_e' is written by both blocking and non-blocking assignments, entire logic could be removed [e:/Loongarch_cpu/output/Loongarch_cpu_V3_developing/chiplab_for_Vivado_dont_touch/IP/myCPU/priv/tlb.v:278]
WARNING: [Synth 8-6090] variable 'tlb_e' is written by both blocking and non-blocking assignments, entire logic could be removed [e:/Loongarch_cpu/output/Loongarch_cpu_V3_developing/chiplab_for_Vivado_dont_touch/IP/myCPU/priv/tlb.v:278]
WARNING: [Synth 8-6090] variable 'tlb_e' is written by both blocking and non-blocking assignments, entire logic could be removed [e:/Loongarch_cpu/output/Loongarch_cpu_V3_developing/chiplab_for_Vivado_dont_touch/IP/myCPU/priv/tlb.v:278]
WARNING: [Synth 8-6090] variable 'tlb_e' is written by both blocking and non-blocking assignments, entire logic could be removed [e:/Loongarch_cpu/output/Loongarch_cpu_V3_developing/chiplab_for_Vivado_dont_touch/IP/myCPU/priv/tlb.v:278]
WARNING: [Synth 8-6090] variable 'tlb_e' is written by both blocking and non-blocking assignments, entire logic could be removed [e:/Loongarch_cpu/output/Loongarch_cpu_V3_developing/chiplab_for_Vivado_dont_touch/IP/myCPU/priv/tlb.v:278]
WARNING: [Synth 8-6090] variable 'tlb_e' is written by both blocking and non-blocking assignments, entire logic could be removed [e:/Loongarch_cpu/output/Loongarch_cpu_V3_developing/chiplab_for_Vivado_dont_touch/IP/myCPU/priv/tlb.v:278]
WARNING: [Synth 8-6090] variable 'tlb_e' is written by both blocking and non-blocking assignments, entire logic could be removed [e:/Loongarch_cpu/output/Loongarch_cpu_V3_developing/chiplab_for_Vivado_dont_touch/IP/myCPU/priv/tlb.v:278]
WARNING: [Synth 8-6090] variable 'tlb_e' is written by both blocking and non-blocking assignments, entire logic could be removed [e:/Loongarch_cpu/output/Loongarch_cpu_V3_developing/chiplab_for_Vivado_dont_touch/IP/myCPU/priv/tlb.v:278]
WARNING: [Synth 8-6090] variable 'tlb_e' is written by both blocking and non-blocking assignments, entire logic could be removed [e:/Loongarch_cpu/output/Loongarch_cpu_V3_developing/chiplab_for_Vivado_dont_touch/IP/myCPU/priv/tlb.v:278]
INFO: [Synth 8-6155] done synthesizing module 'tlb' (0#1) [e:/Loongarch_cpu/output/Loongarch_cpu_V3_developing/chiplab_for_Vivado_dont_touch/IP/myCPU/priv/tlb.v:27]
INFO: [Synth 8-6155] done synthesizing module 'tlb_manager' (0#1) [e:/Loongarch_cpu/output/Loongarch_cpu_V3_developing/chiplab_for_Vivado_dont_touch/IP/myCPU/priv/tlb_manager.v:36]
INFO: [Synth 8-6157] synthesizing module 'csr_exception_commit_handler' [e:/Loongarch_cpu/output/Loongarch_cpu_V3_developing/chiplab_for_Vivado_dont_touch/IP/myCPU/priv/csr_exception_commit_handler.v:31]
INFO: [Synth 8-6157] synthesizing module 'exception_Decoder' [e:/Loongarch_cpu/output/Loongarch_cpu_V3_developing/chiplab_for_Vivado_dont_touch/IP/myCPU/priv/exception_Decoder.v:14]
INFO: [Synth 8-6155] done synthesizing module 'exception_Decoder' (0#1) [e:/Loongarch_cpu/output/Loongarch_cpu_V3_developing/chiplab_for_Vivado_dont_touch/IP/myCPU/priv/exception_Decoder.v:14]
INFO: [Synth 8-6155] done synthesizing module 'csr_exception_commit_handler' (0#1) [e:/Loongarch_cpu/output/Loongarch_cpu_V3_developing/chiplab_for_Vivado_dont_touch/IP/myCPU/priv/csr_exception_commit_handler.v:31]
INFO: [Synth 8-6157] synthesizing module 'dcache' [e:/Loongarch_cpu/output/Loongarch_cpu_V3_developing/chiplab_for_Vivado_dont_touch/IP/myCPU/memory/dcache.v:61]
INFO: [Synth 8-6157] synthesizing module 'dcache_way_ram' [e:/Loongarch_cpu/output/Loongarch_cpu_V3_developing/chiplab_for_Vivado_dont_touch/IP/myCPU/memory/dcache.v:641]
INFO: [Synth 8-6155] done synthesizing module 'dcache_way_ram' (0#1) [e:/Loongarch_cpu/output/Loongarch_cpu_V3_developing/chiplab_for_Vivado_dont_touch/IP/myCPU/memory/dcache.v:641]
INFO: [Synth 8-226] default block is never used [e:/Loongarch_cpu/output/Loongarch_cpu_V3_developing/chiplab_for_Vivado_dont_touch/IP/myCPU/memory/dcache.v:564]
INFO: [Synth 8-6155] done synthesizing module 'dcache' (0#1) [e:/Loongarch_cpu/output/Loongarch_cpu_V3_developing/chiplab_for_Vivado_dont_touch/IP/myCPU/memory/dcache.v:61]
INFO: [Synth 8-6157] synthesizing module 'l2cache' [e:/Loongarch_cpu/output/Loongarch_cpu_V3_developing/chiplab_for_Vivado_dont_touch/IP/myCPU/memory/l2cache.v:56]
INFO: [Synth 8-6157] synthesizing module 'l2_tag_ram_t' [e:/Loongarch_cpu/output/Loongarch_cpu_V3_developing/chiplab_for_Vivado_dont_touch/IP/myCPU/memory/l2cache.v:680]
INFO: [Synth 8-6155] done synthesizing module 'l2_tag_ram_t' (0#1) [e:/Loongarch_cpu/output/Loongarch_cpu_V3_developing/chiplab_for_Vivado_dont_touch/IP/myCPU/memory/l2cache.v:680]
INFO: [Synth 8-6157] synthesizing module 'l2_data_ram_t' [e:/Loongarch_cpu/output/Loongarch_cpu_V3_developing/chiplab_for_Vivado_dont_touch/IP/myCPU/memory/l2cache.v:697]
INFO: [Synth 8-6155] done synthesizing module 'l2_data_ram_t' (0#1) [e:/Loongarch_cpu/output/Loongarch_cpu_V3_developing/chiplab_for_Vivado_dont_touch/IP/myCPU/memory/l2cache.v:697]
INFO: [Synth 8-6155] done synthesizing module 'l2cache' (0#1) [e:/Loongarch_cpu/output/Loongarch_cpu_V3_developing/chiplab_for_Vivado_dont_touch/IP/myCPU/memory/l2cache.v:56]
INFO: [Synth 8-6157] synthesizing module 'axi_line_bridge' [e:/Loongarch_cpu/output/Loongarch_cpu_V3_developing/chiplab_for_Vivado_dont_touch/IP/myCPU/memory/axi_line_bridge.v:31]
INFO: [Synth 8-226] default block is never used [e:/Loongarch_cpu/output/Loongarch_cpu_V3_developing/chiplab_for_Vivado_dont_touch/IP/myCPU/memory/axi_line_bridge.v:218]
INFO: [Synth 8-6155] done synthesizing module 'axi_line_bridge' (0#1) [e:/Loongarch_cpu/output/Loongarch_cpu_V3_developing/chiplab_for_Vivado_dont_touch/IP/myCPU/memory/axi_line_bridge.v:31]
INFO: [Synth 8-6155] done synthesizing module 'core_top' (0#1) [e:/Loongarch_cpu/output/Loongarch_cpu_V3_developing/chiplab_for_Vivado_dont_touch/IP/myCPU/mycpu_top.v:23]
WARNING: [Synth 8-6014] Unused sequential element u0_alloc_reg was removed.  [e:/Loongarch_cpu/output/Loongarch_cpu_V3_developing/chiplab_for_Vivado_dont_touch/IP/myCPU/frontend/ftb.v:166]
WARNING: [Synth 8-6014] Unused sequential element t1_base_idx_reg was removed.  [e:/Loongarch_cpu/output/Loongarch_cpu_V3_developing/chiplab_for_Vivado_dont_touch/IP/myCPU/frontend/tage.v:290]
WARNING: [Synth 8-6014] Unused sequential element t1_rd_tag_reg[0] was removed.  [e:/Loongarch_cpu/output/Loongarch_cpu_V3_developing/chiplab_for_Vivado_dont_touch/IP/myCPU/frontend/tage.v:295]
WARNING: [Synth 8-6014] Unused sequential element t1_rd_tag_reg[1] was removed.  [e:/Loongarch_cpu/output/Loongarch_cpu_V3_developing/chiplab_for_Vivado_dont_touch/IP/myCPU/frontend/tage.v:295]
WARNING: [Synth 8-6014] Unused sequential element t1_rd_tag_reg[2] was removed.  [e:/Loongarch_cpu/output/Loongarch_cpu_V3_developing/chiplab_for_Vivado_dont_touch/IP/myCPU/frontend/tage.v:295]
WARNING: [Synth 8-6014] Unused sequential element t1_rd_tag_reg[3] was removed.  [e:/Loongarch_cpu/output/Loongarch_cpu_V3_developing/chiplab_for_Vivado_dont_touch/IP/myCPU/frontend/tage.v:295]
WARNING: [Synth 8-6014] Unused sequential element flush_pc_r_reg was removed.  [e:/Loongarch_cpu/output/Loongarch_cpu_V3_developing/chiplab_for_Vivado_dont_touch/IP/myCPU/frontend/bpu.v:79]
WARNING: [Synth 8-6014] Unused sequential element p0_pc_r_reg was removed.  [e:/Loongarch_cpu/output/Loongarch_cpu_V3_developing/chiplab_for_Vivado_dont_touch/IP/myCPU/frontend/bpu.v:88]
WARNING: [Synth 8-6014] Unused sequential element blk_btype_reg[0] was removed.  [e:/Loongarch_cpu/output/Loongarch_cpu_V3_developing/chiplab_for_Vivado_dont_touch/IP/myCPU/frontend/ftq.v:167]
WARNING: [Synth 8-6014] Unused sequential element blk_btype_reg[1] was removed.  [e:/Loongarch_cpu/output/Loongarch_cpu_V3_developing/chiplab_for_Vivado_dont_touch/IP/myCPU/frontend/ftq.v:167]
WARNING: [Synth 8-6014] Unused sequential element blk_btype_reg[2] was removed.  [e:/Loongarch_cpu/output/Loongarch_cpu_V3_developing/chiplab_for_Vivado_dont_touch/IP/myCPU/frontend/ftq.v:167]
WARNING: [Synth 8-6014] Unused sequential element blk_btype_reg[3] was removed.  [e:/Loongarch_cpu/output/Loongarch_cpu_V3_developing/chiplab_for_Vivado_dont_touch/IP/myCPU/frontend/ftq.v:167]
WARNING: [Synth 8-6014] Unused sequential element blk_btype_reg[4] was removed.  [e:/Loongarch_cpu/output/Loongarch_cpu_V3_developing/chiplab_for_Vivado_dont_touch/IP/myCPU/frontend/ftq.v:167]
WARNING: [Synth 8-6014] Unused sequential element blk_btype_reg[5] was removed.  [e:/Loongarch_cpu/output/Loongarch_cpu_V3_developing/chiplab_for_Vivado_dont_touch/IP/myCPU/frontend/ftq.v:167]
WARNING: [Synth 8-6014] Unused sequential element blk_btype_reg[6] was removed.  [e:/Loongarch_cpu/output/Loongarch_cpu_V3_developing/chiplab_for_Vivado_dont_touch/IP/myCPU/frontend/ftq.v:167]
WARNING: [Synth 8-6014] Unused sequential element blk_btype_reg[7] was removed.  [e:/Loongarch_cpu/output/Loongarch_cpu_V3_developing/chiplab_for_Vivado_dont_touch/IP/myCPU/frontend/ftq.v:167]
WARNING: [Synth 8-6014] Unused sequential element blk_btype_reg[8] was removed.  [e:/Loongarch_cpu/output/Loongarch_cpu_V3_developing/chiplab_for_Vivado_dont_touch/IP/myCPU/frontend/ftq.v:167]
WARNING: [Synth 8-6014] Unused sequential element blk_btype_reg[9] was removed.  [e:/Loongarch_cpu/output/Loongarch_cpu_V3_developing/chiplab_for_Vivado_dont_touch/IP/myCPU/frontend/ftq.v:167]
WARNING: [Synth 8-6014] Unused sequential element blk_btype_reg[10] was removed.  [e:/Loongarch_cpu/output/Loongarch_cpu_V3_developing/chiplab_for_Vivado_dont_touch/IP/myCPU/frontend/ftq.v:167]
WARNING: [Synth 8-6014] Unused sequential element blk_btype_reg[11] was removed.  [e:/Loongarch_cpu/output/Loongarch_cpu_V3_developing/chiplab_for_Vivado_dont_touch/IP/myCPU/frontend/ftq.v:167]
WARNING: [Synth 8-6014] Unused sequential element blk_btype_reg[12] was removed.  [e:/Loongarch_cpu/output/Loongarch_cpu_V3_developing/chiplab_for_Vivado_dont_touch/IP/myCPU/frontend/ftq.v:167]
WARNING: [Synth 8-6014] Unused sequential element blk_btype_reg[13] was removed.  [e:/Loongarch_cpu/output/Loongarch_cpu_V3_developing/chiplab_for_Vivado_dont_touch/IP/myCPU/frontend/ftq.v:167]
WARNING: [Synth 8-6014] Unused sequential element blk_btype_reg[14] was removed.  [e:/Loongarch_cpu/output/Loongarch_cpu_V3_developing/chiplab_for_Vivado_dont_touch/IP/myCPU/frontend/ftq.v:167]
WARNING: [Synth 8-6014] Unused sequential element blk_btype_reg[15] was removed.  [e:/Loongarch_cpu/output/Loongarch_cpu_V3_developing/chiplab_for_Vivado_dont_touch/IP/myCPU/frontend/ftq.v:167]
WARNING: [Synth 8-4767] Trying to implement RAM 'blk_len_reg' in registers. Block RAM or DRAM implementation is not possible; see log for reasons.
Reason is one or more of the following :
	1: RAM has multiple writes via different ports in same process. If RAM inferencing intended, write to one port per process. 
	2: Unable to determine number of words or word size in RAM. 
	3: No valid read/write found for RAM. 
RAM "blk_len_reg" dissolved into registers
WARNING: [Synth 8-4767] Trying to implement RAM 'blk_taken_reg' in registers. Block RAM or DRAM implementation is not possible; see log for reasons.
Reason is one or more of the following :
	1: RAM has multiple writes via different ports in same process. If RAM inferencing intended, write to one port per process. 
	2: Unable to determine number of words or word size in RAM. 
	3: No valid read/write found for RAM. 
RAM "blk_taken_reg" dissolved into registers
WARNING: [Synth 8-4767] Trying to implement RAM 'blk_target_reg' in registers. Block RAM or DRAM implementation is not possible; see log for reasons.
Reason is one or more of the following :
	1: RAM has multiple writes via different ports in same process. If RAM inferencing intended, write to one port per process. 
	2: Unable to determine number of words or word size in RAM. 
	3: No valid read/write found for RAM. 
RAM "blk_target_reg" dissolved into registers
WARNING: [Synth 8-4767] Trying to implement RAM 'blk_pc_reg' in registers. Block RAM or DRAM implementation is not possible; see log for reasons.
Reason is one or more of the following :
	1: RAM has multiple writes via different ports in same process. If RAM inferencing intended, write to one port per process. 
	2: Unable to determine number of words or word size in RAM. 
	3: No valid read/write found for RAM. 
RAM "blk_pc_reg" dissolved into registers
WARNING: [Synth 8-4767] Trying to implement RAM 'blk_meta_reg' in registers. Block RAM or DRAM implementation is not possible; see log for reasons.
Reason is one or more of the following :
	1: RAM has multiple writes via different ports in same process. If RAM inferencing intended, write to one port per process. 
	2: Unable to determine number of words or word size in RAM. 
	3: No valid read/write found for RAM. 
RAM "blk_meta_reg" dissolved into registers
WARNING: [Synth 8-6014] Unused sequential element pre_target_reg was removed.  [e:/Loongarch_cpu/output/Loongarch_cpu_V3_developing/chiplab_for_Vivado_dont_touch/IP/myCPU/frontend/ifu.v:232]
WARNING: [Synth 8-6014] Unused sequential element if_target_reg was removed.  [e:/Loongarch_cpu/output/Loongarch_cpu_V3_developing/chiplab_for_Vivado_dont_touch/IP/myCPU/frontend/ifu.v:252]
WARNING: [Synth 8-11357] Potential Runtime issue for 3D-RAM or RAM from Record/Structs for RAM  tag_arr_reg with 10240 registers
WARNING: [Synth 8-4767] Trying to implement RAM ' ' in registers. Block RAM or DRAM implementation is not possible; see log for reasons.
	1: RAM has multiple writes via different ports in same process. If RAM inferencing intended, write to one port per process. 
	2: Unable to determine number of words or word size in RAM. 
	3: No valid read/write found for RAM. 
RAM dissolved into registers
WARNING: [Synth 8-4767] Trying to implement RAM 'mem_reg' in registers. Block RAM or DRAM implementation is not possible; see log for reasons.
Reason is one or more of the following :
	1: RAM has multiple writes via different ports in same process. If RAM inferencing intended, write to one port per process. 
	2: Unable to determine number of words or word size in RAM. 
	3: No valid read/write found for RAM. 
RAM "mem_reg" dissolved into registers
WARNING: [Synth 8-4767] Trying to implement RAM 'rf_reg' in registers. Block RAM or DRAM implementation is not possible; see log for reasons.
Reason is one or more of the following :
	1: RAM has multiple writes via different ports in same process. If RAM inferencing intended, write to one port per process. 
	2: Unable to determine number of words or word size in RAM. 
	3: No valid read/write found for RAM. 
RAM "rf_reg" dissolved into registers
WARNING: [Synth 8-6014] Unused sequential element futype_reg was removed. 
WARNING: [Synth 8-4767] Trying to implement RAM 'pc_reg' in registers. Block RAM or DRAM implementation is not possible; see log for reasons.
Reason is one or more of the following :
	1: RAM has multiple writes via different ports in same process. If RAM inferencing intended, write to one port per process. 
	2: Unable to determine number of words or word size in RAM. 
	3: No valid read/write found for RAM. 
RAM "pc_reg" dissolved into registers
WARNING: [Synth 8-4767] Trying to implement RAM 'inst_reg' in registers. Block RAM or DRAM implementation is not possible; see log for reasons.
Reason is one or more of the following :
	1: RAM has multiple writes via different ports in same process. If RAM inferencing intended, write to one port per process. 
	2: Unable to determine number of words or word size in RAM. 
	3: No valid read/write found for RAM. 
RAM "inst_reg" dissolved into registers
WARNING: [Synth 8-4767] Trying to implement RAM 'rf_we_reg' in registers. Block RAM or DRAM implementation is not possible; see log for reasons.
Reason is one or more of the following :
	1: RAM has multiple writes via different ports in same process. If RAM inferencing intended, write to one port per process. 
	2: Unable to determine number of words or word size in RAM. 
	3: No valid read/write found for RAM. 
RAM "rf_we_reg" dissolved into registers
WARNING: [Synth 8-4767] Trying to implement RAM 'rd_reg' in registers. Block RAM or DRAM implementation is not possible; see log for reasons.
Reason is one or more of the following :
	1: RAM has multiple writes via different ports in same process. If RAM inferencing intended, write to one port per process. 
	2: Unable to determine number of words or word size in RAM. 
	3: No valid read/write found for RAM. 
RAM "rd_reg" dissolved into registers
WARNING: [Synth 8-4767] Trying to implement RAM 'is_load_reg' in registers. Block RAM or DRAM implementation is not possible; see log for reasons.
Reason is one or more of the following :
	1: RAM has multiple writes via different ports in same process. If RAM inferencing intended, write to one port per process. 
	2: Unable to determine number of words or word size in RAM. 
	3: No valid read/write found for RAM. 
RAM "is_load_reg" dissolved into registers
WARNING: [Synth 8-4767] Trying to implement RAM 'is_store_reg' in registers. Block RAM or DRAM implementation is not possible; see log for reasons.
Reason is one or more of the following :
	1: RAM has multiple writes via different ports in same process. If RAM inferencing intended, write to one port per process. 
	2: Unable to determine number of words or word size in RAM. 
	3: No valid read/write found for RAM. 
RAM "is_store_reg" dissolved into registers
WARNING: [Synth 8-4767] Trying to implement RAM 'is_branch_reg' in registers. Block RAM or DRAM implementation is not possible; see log for reasons.
Reason is one or more of the following :
	1: RAM has multiple writes via different ports in same process. If RAM inferencing intended, write to one port per process. 
	2: Unable to determine number of words or word size in RAM. 
	3: No valid read/write found for RAM. 
RAM "is_branch_reg" dissolved into registers
WARNING: [Synth 8-4767] Trying to implement RAM 'br_type_reg' in registers. Block RAM or DRAM implementation is not possible; see log for reasons.
Reason is one or more of the following :
	1: RAM has multiple writes via different ports in same process. If RAM inferencing intended, write to one port per process. 
	2: Unable to determine number of words or word size in RAM. 
	3: No valid read/write found for RAM. 
RAM "br_type_reg" dissolved into registers
WARNING: [Synth 8-4767] Trying to implement RAM 'pred_taken_reg' in registers. Block RAM or DRAM implementation is not possible; see log for reasons.
Reason is one or more of the following :
	1: RAM has multiple writes via different ports in same process. If RAM inferencing intended, write to one port per process. 
	2: Unable to determine number of words or word size in RAM. 
	3: No valid read/write found for RAM. 
RAM "pred_taken_reg" dissolved into registers
WARNING: [Synth 8-4767] Trying to implement RAM 'is_last_reg' in registers. Block RAM or DRAM implementation is not possible; see log for reasons.
Reason is one or more of the following :
	1: RAM has multiple writes via different ports in same process. If RAM inferencing intended, write to one port per process. 
	2: Unable to determine number of words or word size in RAM. 
	3: No valid read/write found for RAM. 
RAM "is_last_reg" dissolved into registers
WARNING: [Synth 8-4767] Trying to implement RAM 'ftq_id_reg' in registers. Block RAM or DRAM implementation is not possible; see log for reasons.
Reason is one or more of the following :
	1: RAM has multiple writes via different ports in same process. If RAM inferencing intended, write to one port per process. 
	2: Unable to determine number of words or word size in RAM. 
	3: No valid read/write found for RAM. 
RAM "ftq_id_reg" dissolved into registers
WARNING: [Synth 8-4767] Trying to implement RAM 'priv_vec_reg' in registers. Block RAM or DRAM implementation is not possible; see log for reasons.
Reason is one or more of the following :
	1: RAM has multiple writes via different ports in same process. If RAM inferencing intended, write to one port per process. 
	2: Unable to determine number of words or word size in RAM. 
	3: No valid read/write found for RAM. 
RAM "priv_vec_reg" dissolved into registers
WARNING: [Synth 8-4767] Trying to implement RAM 'csr_num_reg' in registers. Block RAM or DRAM implementation is not possible; see log for reasons.
Reason is one or more of the following :
	1: RAM has multiple writes via different ports in same process. If RAM inferencing intended, write to one port per process. 
	2: Unable to determine number of words or word size in RAM. 
	3: No valid read/write found for RAM. 
RAM "csr_num_reg" dissolved into registers
WARNING: [Synth 8-4767] Trying to implement RAM 'tlb_op_reg' in registers. Block RAM or DRAM implementation is not possible; see log for reasons.
Reason is one or more of the following :
	1: RAM has multiple writes via different ports in same process. If RAM inferencing intended, write to one port per process. 
	2: Unable to determine number of words or word size in RAM. 
	3: No valid read/write found for RAM. 
RAM "tlb_op_reg" dissolved into registers
WARNING: [Synth 8-4767] Trying to implement RAM 'cacop_code_reg' in registers. Block RAM or DRAM implementation is not possible; see log for reasons.
Reason is one or more of the following :
	1: RAM has multiple writes via different ports in same process. If RAM inferencing intended, write to one port per process. 
	2: Unable to determine number of words or word size in RAM. 
	3: No valid read/write found for RAM. 
RAM "cacop_code_reg" dissolved into registers
WARNING: [Synth 8-4767] Trying to implement RAM 'excp_static_reg' in registers. Block RAM or DRAM implementation is not possible; see log for reasons.
Reason is one or more of the following :
	1: RAM has multiple writes via different ports in same process. If RAM inferencing intended, write to one port per process. 
	2: Unable to determine number of words or word size in RAM. 
	3: No valid read/write found for RAM. 
RAM "excp_static_reg" dissolved into registers
WARNING: [Synth 8-4767] Trying to implement RAM ' ' in registers. Block RAM or DRAM implementation is not possible; see log for reasons.
	1: RAM has multiple writes via different ports in same process. If RAM inferencing intended, write to one port per process. 
	2: Unable to determine number of words or word size in RAM. 
	3: No valid read/write found for RAM. 
RAM dissolved into registers
WARNING: [Synth 8-4767] Trying to implement RAM ' ' in registers. Block RAM or DRAM implementation is not possible; see log for reasons.
	1: RAM has multiple writes via different ports in same process. If RAM inferencing intended, write to one port per process. 
	2: Unable to determine number of words or word size in RAM. 
	3: No valid read/write found for RAM. 
RAM dissolved into registers
WARNING: [Synth 8-4767] Trying to implement RAM 'result_reg' in registers. Block RAM or DRAM implementation is not possible; see log for reasons.
Reason is one or more of the following :
	1: RAM has multiple writes via different ports in same process. If RAM inferencing intended, write to one port per process. 
	2: Unable to determine number of words or word size in RAM. 
	3: No valid read/write found for RAM. 
RAM "result_reg" dissolved into registers
WARNING: [Synth 8-4767] Trying to implement RAM 'result2_reg' in registers. Block RAM or DRAM implementation is not possible; see log for reasons.
Reason is one or more of the following :
	1: RAM has multiple writes via different ports in same process. If RAM inferencing intended, write to one port per process. 
	2: Unable to determine number of words or word size in RAM. 
	3: No valid read/write found for RAM. 
RAM "result2_reg" dissolved into registers
WARNING: [Synth 8-4767] Trying to implement RAM 'paddr_reg' in registers. Block RAM or DRAM implementation is not possible; see log for reasons.
Reason is one or more of the following :
	1: RAM has multiple writes via different ports in same process. If RAM inferencing intended, write to one port per process. 
	2: Unable to determine number of words or word size in RAM. 
	3: No valid read/write found for RAM. 
RAM "paddr_reg" dissolved into registers
WARNING: [Synth 8-4767] Trying to implement RAM 'vaddr_reg' in registers. Block RAM or DRAM implementation is not possible; see log for reasons.
Reason is one or more of the following :
	1: RAM has multiple writes via different ports in same process. If RAM inferencing intended, write to one port per process. 
	2: Unable to determine number of words or word size in RAM. 
	3: No valid read/write found for RAM. 
RAM "vaddr_reg" dissolved into registers
WARNING: [Synth 8-4767] Trying to implement RAM 'wstrb_reg' in registers. Block RAM or DRAM implementation is not possible; see log for reasons.
Reason is one or more of the following :
	1: RAM has multiple writes via different ports in same process. If RAM inferencing intended, write to one port per process. 
	2: Unable to determine number of words or word size in RAM. 
	3: No valid read/write found for RAM. 
RAM "wstrb_reg" dissolved into registers
WARNING: [Synth 8-4767] Trying to implement RAM 'size_reg' in registers. Block RAM or DRAM implementation is not possible; see log for reasons.
Reason is one or more of the following :
	1: RAM has multiple writes via different ports in same process. If RAM inferencing intended, write to one port per process. 
	2: Unable to determine number of words or word size in RAM. 
	3: No valid read/write found for RAM. 
RAM "size_reg" dissolved into registers
WARNING: [Synth 8-4767] Trying to implement RAM 'uncached_reg' in registers. Block RAM or DRAM implementation is not possible; see log for reasons.
Reason is one or more of the following :
	1: RAM has multiple writes via different ports in same process. If RAM inferencing intended, write to one port per process. 
	2: Unable to determine number of words or word size in RAM. 
	3: No valid read/write found for RAM. 
RAM "uncached_reg" dissolved into registers
WARNING: [Synth 8-4767] Trying to implement RAM ' ' in registers. Block RAM or DRAM implementation is not possible; see log for reasons.
	1: RAM has multiple writes via different ports in same process. If RAM inferencing intended, write to one port per process. 
	2: Unable to determine number of words or word size in RAM. 
	3: No valid read/write found for RAM. 
RAM dissolved into registers
WARNING: [Synth 8-4767] Trying to implement RAM 'br_taken_reg' in registers. Block RAM or DRAM implementation is not possible; see log for reasons.
Reason is one or more of the following :
	1: RAM has multiple writes via different ports in same process. If RAM inferencing intended, write to one port per process. 
	2: Unable to determine number of words or word size in RAM. 
	3: No valid read/write found for RAM. 
RAM "br_taken_reg" dissolved into registers
WARNING: [Synth 8-4767] Trying to implement RAM ' ' in registers. Block RAM or DRAM implementation is not possible; see log for reasons.
	1: RAM has multiple writes via different ports in same process. If RAM inferencing intended, write to one port per process. 
	2: Unable to determine number of words or word size in RAM. 
	3: No valid read/write found for RAM. 
RAM dissolved into registers
WARNING: [Synth 8-4767] Trying to implement RAM 'br_target_reg' in registers. Block RAM or DRAM implementation is not possible; see log for reasons.
Reason is one or more of the following :
	1: RAM has multiple writes via different ports in same process. If RAM inferencing intended, write to one port per process. 
	2: Unable to determine number of words or word size in RAM. 
	3: No valid read/write found for RAM. 
RAM "br_target_reg" dissolved into registers
WARNING: [Synth 8-11357] Potential Runtime issue for 3D-RAM or RAM from Record/Structs for RAM  tag_arr_reg with 10240 registers
WARNING: [Synth 8-3917] design core_top has port arlen[7] driven by constant 0
WARNING: [Synth 8-3917] design core_top has port arlen[6] driven by constant 0
WARNING: [Synth 8-3917] design core_top has port arlen[5] driven by constant 0
WARNING: [Synth 8-3917] design core_top has port arlen[4] driven by constant 0
WARNING: [Synth 8-3917] design core_top has port arburst[1] driven by constant 0
WARNING: [Synth 8-3917] design core_top has port arburst[0] driven by constant 1
WARNING: [Synth 8-3917] design core_top has port arlock[1] driven by constant 0
WARNING: [Synth 8-3917] design core_top has port arlock[0] driven by constant 0
WARNING: [Synth 8-3917] design core_top has port arcache[3] driven by constant 0
WARNING: [Synth 8-3917] design core_top has port arcache[2] driven by constant 0
WARNING: [Synth 8-3917] design core_top has port arcache[1] driven by constant 1
WARNING: [Synth 8-3917] design core_top has port arcache[0] driven by constant 1
WARNING: [Synth 8-3917] design core_top has port arprot[2] driven by constant 0
WARNING: [Synth 8-3917] design core_top has port arprot[1] driven by constant 0
WARNING: [Synth 8-3917] design core_top has port arprot[0] driven by constant 0
WARNING: [Synth 8-3917] design core_top has port awid[3] driven by constant 0
WARNING: [Synth 8-3917] design core_top has port awid[2] driven by constant 0
WARNING: [Synth 8-3917] design core_top has port awid[1] driven by constant 0
WARNING: [Synth 8-3917] design core_top has port awid[0] driven by constant 0
WARNING: [Synth 8-3917] design core_top has port awlen[7] driven by constant 0
WARNING: [Synth 8-3917] design core_top has port awlen[6] driven by constant 0
WARNING: [Synth 8-3917] design core_top has port awlen[5] driven by constant 0
WARNING: [Synth 8-3917] design core_top has port awlen[4] driven by constant 0
WARNING: [Synth 8-3917] design core_top has port awburst[1] driven by constant 0
WARNING: [Synth 8-3917] design core_top has port awburst[0] driven by constant 1
WARNING: [Synth 8-3917] design core_top has port awlock[1] driven by constant 0
WARNING: [Synth 8-3917] design core_top has port awlock[0] driven by constant 0
WARNING: [Synth 8-3917] design core_top has port awcache[3] driven by constant 0
WARNING: [Synth 8-3917] design core_top has port awcache[2] driven by constant 0
WARNING: [Synth 8-3917] design core_top has port awcache[1] driven by constant 1
WARNING: [Synth 8-3917] design core_top has port awcache[0] driven by constant 1
WARNING: [Synth 8-3917] design core_top has port awprot[2] driven by constant 0
WARNING: [Synth 8-3917] design core_top has port awprot[1] driven by constant 0
WARNING: [Synth 8-3917] design core_top has port awprot[0] driven by constant 0
WARNING: [Synth 8-3917] design core_top has port wid[3] driven by constant 0
WARNING: [Synth 8-3917] design core_top has port wid[2] driven by constant 0
WARNING: [Synth 8-3917] design core_top has port wid[1] driven by constant 0
WARNING: [Synth 8-3917] design core_top has port wid[0] driven by constant 0
WARNING: [Synth 8-7129] Port dc_wr_strb[15] in module axi_line_bridge is either unconnected or has no load
WARNING: [Synth 8-7129] Port dc_wr_strb[14] in module axi_line_bridge is either unconnected or has no load
WARNING: [Synth 8-7129] Port dc_wr_strb[13] in module axi_line_bridge is either unconnected or has no load
WARNING: [Synth 8-7129] Port dc_wr_strb[12] in module axi_line_bridge is either unconnected or has no load
WARNING: [Synth 8-7129] Port dc_wr_strb[11] in module axi_line_bridge is either unconnected or has no load
WARNING: [Synth 8-7129] Port dc_wr_strb[10] in module axi_line_bridge is either unconnected or has no load
WARNING: [Synth 8-7129] Port dc_wr_strb[9] in module axi_line_bridge is either unconnected or has no load
WARNING: [Synth 8-7129] Port dc_wr_strb[8] in module axi_line_bridge is either unconnected or has no load
WARNING: [Synth 8-7129] Port dc_wr_strb[7] in module axi_line_bridge is either unconnected or has no load
WARNING: [Synth 8-7129] Port dc_wr_strb[6] in module axi_line_bridge is either unconnected or has no load
WARNING: [Synth 8-7129] Port dc_wr_strb[5] in module axi_line_bridge is either unconnected or has no load
WARNING: [Synth 8-7129] Port dc_wr_strb[4] in module axi_line_bridge is either unconnected or has no load
WARNING: [Synth 8-7129] Port axi_bresp[1] in module axi_line_bridge is either unconnected or has no load
WARNING: [Synth 8-7129] Port axi_bresp[0] in module axi_line_bridge is either unconnected or has no load
WARNING: [Synth 8-7129] Port axi_rresp[1] in module axi_line_bridge is either unconnected or has no load
WARNING: [Synth 8-7129] Port axi_rresp[0] in module axi_line_bridge is either unconnected or has no load
WARNING: [Synth 8-7129] Port dc_wr_strb[15] in module l2cache is either unconnected or has no load
WARNING: [Synth 8-7129] Port dc_wr_strb[14] in module l2cache is either unconnected or has no load
WARNING: [Synth 8-7129] Port dc_wr_strb[13] in module l2cache is either unconnected or has no load
WARNING: [Synth 8-7129] Port dc_wr_strb[12] in module l2cache is either unconnected or has no load
WARNING: [Synth 8-7129] Port dc_wr_strb[11] in module l2cache is either unconnected or has no load
WARNING: [Synth 8-7129] Port dc_wr_strb[10] in module l2cache is either unconnected or has no load
WARNING: [Synth 8-7129] Port dc_wr_strb[9] in module l2cache is either unconnected or has no load
WARNING: [Synth 8-7129] Port dc_wr_strb[8] in module l2cache is either unconnected or has no load
WARNING: [Synth 8-7129] Port dc_wr_strb[7] in module l2cache is either unconnected or has no load
WARNING: [Synth 8-7129] Port dc_wr_strb[6] in module l2cache is either unconnected or has no load
WARNING: [Synth 8-7129] Port dc_wr_strb[5] in module l2cache is either unconnected or has no load
WARNING: [Synth 8-7129] Port dc_wr_strb[4] in module l2cache is either unconnected or has no load
WARNING: [Synth 8-7129] Port ld_vaddr_i[31] in module dcache is either unconnected or has no load
WARNING: [Synth 8-7129] Port ld_vaddr_i[30] in module dcache is either unconnected or has no load
WARNING: [Synth 8-7129] Port ld_vaddr_i[29] in module dcache is either unconnected or has no load
WARNING: [Synth 8-7129] Port ld_vaddr_i[28] in module dcache is either unconnected or has no load
WARNING: [Synth 8-7129] Port ld_vaddr_i[27] in module dcache is either unconnected or has no load
WARNING: [Synth 8-7129] Port ld_vaddr_i[26] in module dcache is either unconnected or has no load
WARNING: [Synth 8-7129] Port ld_vaddr_i[25] in module dcache is either unconnected or has no load
WARNING: [Synth 8-7129] Port ld_vaddr_i[24] in module dcache is either unconnected or has no load
WARNING: [Synth 8-7129] Port ld_vaddr_i[23] in module dcache is either unconnected or has no load
WARNING: [Synth 8-7129] Port ld_vaddr_i[22] in module dcache is either unconnected or has no load
WARNING: [Synth 8-7129] Port ld_vaddr_i[21] in module dcache is either unconnected or has no load
WARNING: [Synth 8-7129] Port ld_vaddr_i[20] in module dcache is either unconnected or has no load
WARNING: [Synth 8-7129] Port ld_vaddr_i[19] in module dcache is either unconnected or has no load
WARNING: [Synth 8-7129] Port ld_vaddr_i[18] in module dcache is either unconnected or has no load
WARNING: [Synth 8-7129] Port ld_vaddr_i[17] in module dcache is either unconnected or has no load
WARNING: [Synth 8-7129] Port ld_vaddr_i[16] in module dcache is either unconnected or has no load
WARNING: [Synth 8-7129] Port ld_vaddr_i[15] in module dcache is either unconnected or has no load
WARNING: [Synth 8-7129] Port ld_vaddr_i[14] in module dcache is either unconnected or has no load
WARNING: [Synth 8-7129] Port ld_vaddr_i[13] in module dcache is either unconnected or has no load
WARNING: [Synth 8-7129] Port ld_vaddr_i[12] in module dcache is either unconnected or has no load
WARNING: [Synth 8-7129] Port ld_vaddr_i[4] in module dcache is either unconnected or has no load
WARNING: [Synth 8-7129] Port ld_vaddr_i[3] in module dcache is either unconnected or has no load
WARNING: [Synth 8-7129] Port ld_vaddr_i[2] in module dcache is either unconnected or has no load
WARNING: [Synth 8-7129] Port ld_vaddr_i[1] in module dcache is either unconnected or has no load
WARNING: [Synth 8-7129] Port ld_vaddr_i[0] in module dcache is either unconnected or has no load
WARNING: [Synth 8-7129] Port ld_cancel_i in module dcache is either unconnected or has no load
WARNING: [Synth 8-7129] Port tlbrd_tlbidx[30] in module csr_exception_commit_handler is either unconnected or has no load
WARNING: [Synth 8-7129] Port tlbrd_tlbidx[23] in module csr_exception_commit_handler is either unconnected or has no load
WARNING: [Synth 8-7129] Port tlbrd_tlbidx[22] in module csr_exception_commit_handler is either unconnected or has no load
WARNING: [Synth 8-7129] Port tlbrd_tlbidx[21] in module csr_exception_commit_handler is either unconnected or has no load
WARNING: [Synth 8-7129] Port tlbrd_tlbidx[20] in module csr_exception_commit_handler is either unconnected or has no load
WARNING: [Synth 8-7129] Port tlbrd_tlbidx[19] in module csr_exception_commit_handler is either unconnected or has no load
WARNING: [Synth 8-7129] Port tlbrd_tlbidx[18] in module csr_exception_commit_handler is either unconnected or has no load
WARNING: [Synth 8-7129] Port tlbrd_tlbidx[17] in module csr_exception_commit_handler is either unconnected or has no load
WARNING: [Synth 8-7129] Port tlbrd_tlbidx[16] in module csr_exception_commit_handler is either unconnected or has no load
WARNING: [Synth 8-7129] Port tlbrd_tlbidx[15] in module csr_exception_commit_handler is either unconnected or has no load
WARNING: [Synth 8-7129] Port tlbrd_tlbidx[14] in module csr_exception_commit_handler is either unconnected or has no load
WARNING: [Synth 8-7129] Port tlbrd_tlbidx[13] in module csr_exception_commit_handler is either unconnected or has no load
WARNING: [Synth 8-7129] Port tlbrd_tlbidx[12] in module csr_exception_commit_handler is either unconnected or has no load
WARNING: [Synth 8-7129] Port tlbrd_tlbidx[11] in module csr_exception_commit_handler is either unconnected or has no load
WARNING: [Synth 8-7129] Port tlbrd_tlbidx[10] in module csr_exception_commit_handler is either unconnected or has no load
WARNING: [Synth 8-7129] Port tlbrd_tlbidx[9] in module csr_exception_commit_handler is either unconnected or has no load
WARNING: [Synth 8-7129] Port tlbrd_tlbidx[8] in module csr_exception_commit_handler is either unconnected or has no load
WARNING: [Synth 8-7129] Port tlbrd_tlbidx[7] in module csr_exception_commit_handler is either unconnected or has no load
WARNING: [Synth 8-7129] Port tlbrd_tlbidx[6] in module csr_exception_commit_handler is either unconnected or has no load
WARNING: [Synth 8-7129] Port tlbrd_tlbidx[5] in module csr_exception_commit_handler is either unconnected or has no load
WARNING: [Synth 8-7129] Port tlbrd_tlbidx[4] in module csr_exception_commit_handler is either unconnected or has no load
WARNING: [Synth 8-7129] Port tlbrd_tlbidx[3] in module csr_exception_commit_handler is either unconnected or has no load
WARNING: [Synth 8-7129] Port tlbrd_tlbidx[2] in module csr_exception_commit_handler is either unconnected or has no load
WARNING: [Synth 8-7129] Port tlbrd_tlbidx[1] in module csr_exception_commit_handler is either unconnected or has no load
WARNING: [Synth 8-7129] Port tlbrd_tlbidx[0] in module csr_exception_commit_handler is either unconnected or has no load
WARNING: [Synth 8-7129] Port wb_tlb_op[10] in module csr_exception_commit_handler is either unconnected or has no load
WARNING: [Synth 8-7129] Port wb_tlb_op[9] in module csr_exception_commit_handler is either unconnected or has no load
WARNING: [Synth 8-7129] Port wb_tlb_op[8] in module csr_exception_commit_handler is either unconnected or has no load
WARNING: [Synth 8-7129] Port wb_tlb_op[7] in module csr_exception_commit_handler is either unconnected or has no load
WARNING: [Synth 8-7129] Port wb_tlb_op[6] in module csr_exception_commit_handler is either unconnected or has no load
WARNING: [Synth 8-7129] Port wb_tlb_op[5] in module csr_exception_commit_handler is either unconnected or has no load
WARNING: [Synth 8-7129] Port wb_tlb_op[4] in module csr_exception_commit_handler is either unconnected or has no load
WARNING: [Synth 8-7129] Port wb_tlb_op[3] in module csr_exception_commit_handler is either unconnected or has no load
WARNING: [Synth 8-7129] Port wb_tlb_op[2] in module csr_exception_commit_handler is either unconnected or has no load
WARNING: [Synth 8-7129] Port vaddr_i[11] in module l1_tlb is either unconnected or has no load
WARNING: [Synth 8-7129] Port vaddr_i[10] in module l1_tlb is either unconnected or has no load
WARNING: [Synth 8-7129] Port vaddr_i[9] in module l1_tlb is either unconnected or has no load
WARNING: [Synth 8-7129] Port vaddr_i[8] in module l1_tlb is either unconnected or has no load
WARNING: [Synth 8-7129] Port vaddr_i[7] in module l1_tlb is either unconnected or has no load
WARNING: [Synth 8-7129] Port vaddr_i[6] in module l1_tlb is either unconnected or has no load
WARNING: [Synth 8-7129] Port vaddr_i[5] in module l1_tlb is either unconnected or has no load
WARNING: [Synth 8-7129] Port vaddr_i[4] in module l1_tlb is either unconnected or has no load
WARNING: [Synth 8-7129] Port vaddr_i[3] in module l1_tlb is either unconnected or has no load
WARNING: [Synth 8-7129] Port vaddr_i[2] in module l1_tlb is either unconnected or has no load
WARNING: [Synth 8-7129] Port vaddr_i[1] in module l1_tlb is either unconnected or has no load
WARNING: [Synth 8-7129] Port vaddr_i[0] in module l1_tlb is either unconnected or has no load
INFO: [Common 17-14] Message 'Synth 8-7129' appears 100 times and further instances of the messages will be disabled. Use the Tcl command set_msg_config to change the current settings.
---------------------------------------------------------------------------------
Finished Synthesize : Time (s): cpu = 00:00:53 ; elapsed = 00:00:55 . Memory (MB): peak = 1607.922 ; gain = 1148.027
---------------------------------------------------------------------------------
---------------------------------------------------------------------------------
Finished Constraint Validation : Time (s): cpu = 00:00:59 ; elapsed = 00:01:02 . Memory (MB): peak = 1607.922 ; gain = 1148.027
---------------------------------------------------------------------------------
---------------------------------------------------------------------------------
Start Loading Part and Timing Information
---------------------------------------------------------------------------------
Loading part: xc7a200tfbg676-2
---------------------------------------------------------------------------------
WARNING: [Synth 8-3936] Found unconnected internal register 't1_meta_reg' and it is trimmed from '64' to '38' bits. [e:/Loongarch_cpu/output/Loongarch_cpu_V3_developing/chiplab_for_Vivado_dont_touch/IP/myCPU/frontend/tage.v:180]
WARNING: [Synth 8-3936] Found unconnected internal register 't0_pc_reg' and it is trimmed from '32' to '22' bits. [e:/Loongarch_cpu/output/Loongarch_cpu_V3_developing/chiplab_for_Vivado_dont_touch/IP/myCPU/frontend/tage.v:107]
WARNING: [Synth 8-3936] Found unconnected internal register 't0_meta_reg' and it is trimmed from '64' to '38' bits. [e:/Loongarch_cpu/output/Loongarch_cpu_V3_developing/chiplab_for_Vivado_dont_touch/IP/myCPU/frontend/tage.v:282]
INFO: [Synth 8-802] inferred FSM for state register 'state_reg' in module 'icache'
WARNING: [Synth 8-3936] Found unconnected internal register 'r_alu_op_reg' and it is trimmed from '22' to '13' bits. [e:/Loongarch_cpu/output/Loongarch_cpu_V3_developing/chiplab_for_Vivado_dont_touch/IP/myCPU/backend/execute/fu_mdu.v:184]
INFO: [Synth 8-802] inferred FSM for state register 'state_reg' in module 'fu_mdu'
WARNING: [Synth 8-3936] Found unconnected internal register 'm_mem_op_reg' and it is trimmed from '10' to '8' bits. [e:/Loongarch_cpu/output/Loongarch_cpu_V3_developing/chiplab_for_Vivado_dont_touch/IP/myCPU/backend/execute/lsu.v:313]
WARNING: [Synth 8-3936] Found unconnected internal register 'd_mem_op_reg' and it is trimmed from '10' to '8' bits. [e:/Loongarch_cpu/output/Loongarch_cpu_V3_developing/chiplab_for_Vivado_dont_touch/IP/myCPU/backend/execute/lsu.v:315]
INFO: [Synth 8-802] inferred FSM for state register 'state_reg' in module 'dcache'
INFO: [Synth 8-802] inferred FSM for state register 'mshr_state_reg' in module 'dcache'
INFO: [Synth 8-802] inferred FSM for state register 'wb_state_reg' in module 'dcache'
INFO: [Synth 8-802] inferred FSM for state register 'state_reg' in module 'l2cache'
INFO: [Synth 8-802] inferred FSM for state register 'im_state_reg' in module 'l2cache'
INFO: [Synth 8-802] inferred FSM for state register 'wr_state_reg' in module 'axi_line_bridge'
INFO: [Synth 8-802] inferred FSM for state register 'ic_state_reg' in module 'axi_line_bridge'
INFO: [Synth 8-802] inferred FSM for state register 'dc_state_reg' in module 'axi_line_bridge'
---------------------------------------------------------------------------------------------------
                   State |                     New Encoding |                Previous Encoding 
---------------------------------------------------------------------------------------------------
                  S_IDLE |                          0000001 |                              000
                S_LOOKUP |                          1000000 |                              001
               S_UC_RREQ |                          0001000 |                              101
              S_UC_RDATA |                          0000010 |                              110
                  S_RREQ |                          0100000 |                              010
                 S_RDATA |                          0010000 |                              011
                  S_RESP |                          0000100 |                              100
---------------------------------------------------------------------------------------------------
INFO: [Synth 8-3354] encoded FSM with state register 'state_reg' using encoding 'one-hot' in module 'icache'
---------------------------------------------------------------------------------------------------
                   State |                     New Encoding |                Previous Encoding 
---------------------------------------------------------------------------------------------------
                  S_IDLE |                              001 |                               00
                  S_BUSY |                              100 |                               01
                    S_WB |                              010 |                               10
---------------------------------------------------------------------------------------------------
INFO: [Synth 8-3354] encoded FSM with state register 'state_reg' using encoding 'one-hot' in module 'fu_mdu'
---------------------------------------------------------------------------------------------------
                   State |                     New Encoding |                Previous Encoding 
---------------------------------------------------------------------------------------------------
                  W_IDLE |                              001 |                               00
                    W_B0 |                              010 |                               01
                    W_B1 |                              100 |                               10
---------------------------------------------------------------------------------------------------
INFO: [Synth 8-3354] encoded FSM with state register 'wb_state_reg' using encoding 'one-hot' in module 'dcache'
---------------------------------------------------------------------------------------------------
                   State |                     New Encoding |                Previous Encoding 
---------------------------------------------------------------------------------------------------
                  M_IDLE |                               00 |                               00
                  M_RREQ |                               01 |                               01
                 M_RDATA |                               10 |                               10
               M_INSTALL |                               11 |                               11
---------------------------------------------------------------------------------------------------
INFO: [Synth 8-3354] encoded FSM with state register 'mshr_state_reg' using encoding 'sequential' in module 'dcache'
---------------------------------------------------------------------------------------------------
                   State |                     New Encoding |                Previous Encoding 
---------------------------------------------------------------------------------------------------
                 IM_IDLE |                           000001 |                              000
                 IM_RREQ |                           100000 |                              001
                IM_RDATA |                           010000 |                              010
              IM_INSTALL |                           001000 |                              011
                 IM_RET0 |                           000100 |                              100
                 IM_RET1 |                           000010 |                              101
---------------------------------------------------------------------------------------------------
INFO: [Synth 8-3354] encoded FSM with state register 'im_state_reg' using encoding 'one-hot' in module 'l2cache'
---------------------------------------------------------------------------------------------------
                   State |                     New Encoding |                Previous Encoding 
---------------------------------------------------------------------------------------------------
                  S_IDLE |                             0010 |                             0000
                  S_WCAP |                             1100 |                             0001
                S_LOOKUP |                             0101 |                             0010
              S_BYP_WREQ |                             0110 |                             1110
                 S_WFWD0 |                             0111 |                             1001
                 S_WFWD1 |                             1011 |                             1010
              S_BYP_RREQ |                             1000 |                             1011
             S_BYP_RDATA |                             1010 |                             1100
               S_BYP_RET |                             0100 |                             1101
                  S_MWB0 |                             0000 |                             0011
                  S_MWB1 |                             0001 |                             0100
                 S_MRREQ |                             0011 |                             0101
                S_MRDATA |                             1110 |                             0110
                  S_RET0 |                             1001 |                             0111
                  S_RET1 |                             1101 |                             1000
---------------------------------------------------------------------------------------------------
INFO: [Synth 8-3354] encoded FSM with state register 'state_reg' using encoding 'sequential' in module 'l2cache'
---------------------------------------------------------------------------------------------------
                   State |                     New Encoding |                Previous Encoding 
---------------------------------------------------------------------------------------------------
                 RD_IDLE |                              001 |                               00
                   RD_AR |                              100 |                               01
                RD_RDATA |                              010 |                               10
---------------------------------------------------------------------------------------------------
INFO: [Synth 8-3354] encoded FSM with state register 'ic_state_reg' using encoding 'one-hot' in module 'axi_line_bridge'
---------------------------------------------------------------------------------------------------
                   State |                     New Encoding |                Previous Encoding 
---------------------------------------------------------------------------------------------------
                 WR_IDLE |                               01 |                               00
                 WR_CAP1 |                               11 |                               01
                WR_ISSUE |                               10 |                               10
                 WR_UC_B |                               00 |                               11
---------------------------------------------------------------------------------------------------
INFO: [Synth 8-3354] encoded FSM with state register 'wr_state_reg' using encoding 'sequential' in module 'axi_line_bridge'
---------------------------------------------------------------------------------------------------
                   State |                     New Encoding |                Previous Encoding 
---------------------------------------------------------------------------------------------------
                 RD_IDLE |                              001 |                               00
                   RD_AR |                              100 |                               01
                RD_RDATA |                              010 |                               10
---------------------------------------------------------------------------------------------------
INFO: [Synth 8-3354] encoded FSM with state register 'dc_state_reg' using encoding 'one-hot' in module 'axi_line_bridge'
---------------------------------------------------------------------------------
Finished RTL Optimization Phase 2 : Time (s): cpu = 00:03:33 ; elapsed = 00:03:30 . Memory (MB): peak = 1834.449 ; gain = 1374.555
---------------------------------------------------------------------------------
No constraint files found.
---------------------------------------------------------------------------------
Start RTL Component Statistics 
---------------------------------------------------------------------------------
Detailed RTL Component Info : 
+---Adders : 
	   3 Input   33 Bit       Adders := 2     
	   2 Input   32 Bit       Adders := 21    
	   3 Input   32 Bit       Adders := 4     
	   2 Input   10 Bit       Adders := 1     
	   2 Input    9 Bit       Adders := 1     
	   2 Input    6 Bit       Adders := 4     
	   3 Input    6 Bit       Adders := 1     
	   2 Input    5 Bit       Adders := 5     
	   4 Input    5 Bit       Adders := 1     
	   2 Input    4 Bit       Adders := 16    
	   3 Input    4 Bit       Adders := 1     
	   2 Input    3 Bit       Adders := 20    
	   4 Input    3 Bit       Adders := 3     
	   2 Input    2 Bit       Adders := 25    
	   3 Input    2 Bit       Adders := 2     
	   2 Input    1 Bit       Adders := 2     
+---XORs : 
	   2 Input     32 Bit         XORs := 2     
	   2 Input     12 Bit         XORs := 8     
	   2 Input     10 Bit         XORs := 10    
	   2 Input      1 Bit         XORs := 225   
+---Registers : 
	              256 Bit    Registers := 25    
	              128 Bit    Registers := 20    
	               96 Bit    Registers := 2     
	               85 Bit    Registers := 16    
	               66 Bit    Registers := 1     
	               64 Bit    Registers := 18    
	               58 Bit    Registers := 4     
	               38 Bit    Registers := 2     
	               33 Bit    Registers := 2     
	               32 Bit    Registers := 499   
	               30 Bit    Registers := 1     
	               28 Bit    Registers := 1     
	               27 Bit    Registers := 4     
	               26 Bit    Registers := 1     
	               22 Bit    Registers := 5     
	               20 Bit    Registers := 1123  
	               19 Bit    Registers := 32    
	               18 Bit    Registers := 1     
	               17 Bit    Registers := 8     
	               16 Bit    Registers := 1     
	               15 Bit    Registers := 67    
	               14 Bit    Registers := 35    
	               13 Bit    Registers := 4     
	               12 Bit    Registers := 8     
	               11 Bit    Registers := 34    
	               10 Bit    Registers := 45    
	                9 Bit    Registers := 5     
	                8 Bit    Registers := 38    
	                6 Bit    Registers := 37    
	                5 Bit    Registers := 144   
	                4 Bit    Registers := 89    
	                3 Bit    Registers := 80    
	                2 Bit    Registers := 221   
	                1 Bit    Registers := 724   
+---Multipliers : 
	              33x33  Multipliers := 1     
+---RAMs : 
	             128K Bit	(512 X 256 bit)          RAMs := 2     
	              58K Bit	(1024 X 58 bit)          RAMs := 4     
	              32K Bit	(128 X 256 bit)          RAMs := 8     
	              17K Bit	(1024 X 17 bit)          RAMs := 4     
	              16K Bit	(8192 X 2 bit)          RAMs := 1     
	              10K Bit	(512 X 20 bit)          RAMs := 2     
	              512 Bit	(16 X 32 bit)          RAMs := 1     
	              256 Bit	(128 X 2 bit)          RAMs := 2     
	              128 Bit	(4 X 32 bit)          RAMs := 8     
	               88 Bit	(4 X 22 bit)          RAMs := 2     
	               48 Bit	(16 X 3 bit)          RAMs := 1     
	               44 Bit	(2 X 22 bit)          RAMs := 1     
	               40 Bit	(4 X 10 bit)          RAMs := 1     
	               36 Bit	(4 X 9 bit)          RAMs := 2     
	               32 Bit	(16 X 2 bit)          RAMs := 1     
	               28 Bit	(2 X 14 bit)          RAMs := 1     
	               22 Bit	(2 X 11 bit)          RAMs := 1     
	               20 Bit	(4 X 5 bit)          RAMs := 3     
	               12 Bit	(2 X 6 bit)          RAMs := 1     
	               10 Bit	(2 X 5 bit)          RAMs := 1     
	                6 Bit	(2 X 3 bit)          RAMs := 1     
	                4 Bit	(4 X 1 bit)          RAMs := 3     
+---Muxes : 
	   2 Input 1360 Bit        Muxes := 2     
	   2 Input 1024 Bit        Muxes := 10    
	   2 Input  512 Bit        Muxes := 1     
	   2 Input  256 Bit        Muxes := 22    
	   7 Input  256 Bit        Muxes := 3     
	   4 Input  256 Bit        Muxes := 5     
	  15 Input  256 Bit        Muxes := 3     
	   2 Input  128 Bit        Muxes := 177   
	   7 Input  128 Bit        Muxes := 4     
	   4 Input  128 Bit        Muxes := 6     
	  11 Input  128 Bit        Muxes := 16    
	   3 Input  128 Bit        Muxes := 1     
	   5 Input  128 Bit        Muxes := 1     
	   2 Input   96 Bit        Muxes := 9     
	   3 Input   96 Bit        Muxes := 2     
	   2 Input   85 Bit        Muxes := 69    
	   2 Input   64 Bit        Muxes := 34    
	   4 Input   37 Bit        Muxes := 1     
	   2 Input   32 Bit        Muxes := 873   
	   4 Input   32 Bit        Muxes := 18    
	  27 Input   32 Bit        Muxes := 1     
	  33 Input   32 Bit        Muxes := 1     
	   3 Input   32 Bit        Muxes := 2     
	   2 Input   27 Bit        Muxes := 1     
	   7 Input   27 Bit        Muxes := 1     
	   2 Input   22 Bit        Muxes := 5     
	   2 Input   20 Bit        Muxes := 217   
	   4 Input   20 Bit        Muxes := 384   
	   2 Input   19 Bit        Muxes := 97    
	   2 Input   18 Bit        Muxes := 1     
	   4 Input   17 Bit        Muxes := 1     
	   2 Input   17 Bit        Muxes := 28    
	   2 Input   16 Bit        Muxes := 6     
	   2 Input   15 Bit        Muxes := 72    
	   2 Input   14 Bit        Muxes := 4     
	   2 Input   13 Bit        Muxes := 3     
	   2 Input   11 Bit        Muxes := 4     
	   2 Input   10 Bit        Muxes := 138   
	   4 Input   10 Bit        Muxes := 1     
	   2 Input    9 Bit        Muxes := 8     
	   2 Input    8 Bit        Muxes := 68    
	   4 Input    8 Bit        Muxes := 3     
	  15 Input    8 Bit        Muxes := 1     
	   3 Input    8 Bit        Muxes := 1     
	   7 Input    7 Bit        Muxes := 1     
	   2 Input    7 Bit        Muxes := 11    
	   2 Input    6 Bit        Muxes := 104   
	   6 Input    6 Bit        Muxes := 1     
	  33 Input    6 Bit        Muxes := 2     
	   4 Input    5 Bit        Muxes := 1     
	   2 Input    5 Bit        Muxes := 63    
	  28 Input    5 Bit        Muxes := 1     
	   2 Input    4 Bit        Muxes := 135   
	  16 Input    4 Bit        Muxes := 1     
	   5 Input    4 Bit        Muxes := 2     
	  11 Input    4 Bit        Muxes := 1     
	   4 Input    4 Bit        Muxes := 1     
	  31 Input    4 Bit        Muxes := 1     
	   2 Input    3 Bit        Muxes := 143   
	   7 Input    3 Bit        Muxes := 3     
	   5 Input    3 Bit        Muxes := 1     
	   3 Input    3 Bit        Muxes := 4     
	   4 Input    3 Bit        Muxes := 1     
	   2 Input    2 Bit        Muxes := 518   
	   6 Input    2 Bit        Muxes := 1     
	   4 Input    2 Bit        Muxes := 5     
	   3 Input    2 Bit        Muxes := 9     
	   2 Input    1 Bit        Muxes := 3781  
	  16 Input    1 Bit        Muxes := 1     
	   7 Input    1 Bit        Muxes := 522   
	   4 Input    1 Bit        Muxes := 28    
	  11 Input    1 Bit        Muxes := 11    
	   3 Input    1 Bit        Muxes := 28    
	   6 Input    1 Bit        Muxes := 6     
	  15 Input    1 Bit        Muxes := 15    
---------------------------------------------------------------------------------
Finished RTL Component Statistics 
---------------------------------------------------------------------------------
---------------------------------------------------------------------------------
Start Part Resource Summary
---------------------------------------------------------------------------------
Part Resources:
DSPs: 740 (col length:100)
BRAMs: 730 (col length: RAMB18 100 RAMB36 50)
---------------------------------------------------------------------------------
Finished Part Resource Summary
---------------------------------------------------------------------------------
No constraint files found.
---------------------------------------------------------------------------------
Start Cross Boundary and Area Optimization
---------------------------------------------------------------------------------
WARNING: [Synth 8-3917] design core_top has port arlen[7] driven by constant 0
WARNING: [Synth 8-3917] design core_top has port arlen[6] driven by constant 0
WARNING: [Synth 8-3917] design core_top has port arlen[5] driven by constant 0
WARNING: [Synth 8-3917] design core_top has port arlen[4] driven by constant 0
WARNING: [Synth 8-3917] design core_top has port arburst[1] driven by constant 0
WARNING: [Synth 8-3917] design core_top has port arburst[0] driven by constant 1
WARNING: [Synth 8-3917] design core_top has port arlock[1] driven by constant 0
WARNING: [Synth 8-3917] design core_top has port arlock[0] driven by constant 0
WARNING: [Synth 8-3917] design core_top has port arcache[3] driven by constant 0
WARNING: [Synth 8-3917] design core_top has port arcache[2] driven by constant 0
WARNING: [Synth 8-3917] design core_top has port arcache[1] driven by constant 1
WARNING: [Synth 8-3917] design core_top has port arcache[0] driven by constant 1
WARNING: [Synth 8-3917] design core_top has port arprot[2] driven by constant 0
WARNING: [Synth 8-3917] design core_top has port arprot[1] driven by constant 0
WARNING: [Synth 8-3917] design core_top has port arprot[0] driven by constant 0
WARNING: [Synth 8-3917] design core_top has port awid[3] driven by constant 0
WARNING: [Synth 8-3917] design core_top has port awid[2] driven by constant 0
WARNING: [Synth 8-3917] design core_top has port awid[1] driven by constant 0
WARNING: [Synth 8-3917] design core_top has port awid[0] driven by constant 0
WARNING: [Synth 8-3917] design core_top has port awlen[7] driven by constant 0
WARNING: [Synth 8-3917] design core_top has port awlen[6] driven by constant 0
WARNING: [Synth 8-3917] design core_top has port awlen[5] driven by constant 0
WARNING: [Synth 8-3917] design core_top has port awlen[4] driven by constant 0
WARNING: [Synth 8-3917] design core_top has port awburst[1] driven by constant 0
WARNING: [Synth 8-3917] design core_top has port awburst[0] driven by constant 1
WARNING: [Synth 8-3917] design core_top has port awlock[1] driven by constant 0
WARNING: [Synth 8-3917] design core_top has port awlock[0] driven by constant 0
WARNING: [Synth 8-3917] design core_top has port awcache[3] driven by constant 0
WARNING: [Synth 8-3917] design core_top has port awcache[2] driven by constant 0
WARNING: [Synth 8-3917] design core_top has port awcache[1] driven by constant 1
WARNING: [Synth 8-3917] design core_top has port awcache[0] driven by constant 1
WARNING: [Synth 8-3917] design core_top has port awprot[2] driven by constant 0
WARNING: [Synth 8-3917] design core_top has port awprot[1] driven by constant 0
WARNING: [Synth 8-3917] design core_top has port awprot[0] driven by constant 0
WARNING: [Synth 8-3917] design core_top has port wid[3] driven by constant 0
WARNING: [Synth 8-3917] design core_top has port wid[2] driven by constant 0
WARNING: [Synth 8-3917] design core_top has port wid[1] driven by constant 0
WARNING: [Synth 8-3917] design core_top has port wid[0] driven by constant 0
INFO: [Synth 8-3886] merging instance 'wb_addr_reg[0]' (FDRE) to 'wb_addr_reg[1]'
INFO: [Synth 8-3886] merging instance 'wb_addr_reg[1]' (FDRE) to 'wb_addr_reg[2]'
INFO: [Synth 8-3886] merging instance 'wb_addr_reg[2]' (FDRE) to 'wb_addr_reg[3]'
INFO: [Synth 8-3886] merging instance 'wb_addr_reg[3]' (FDRE) to 'wb_addr_reg[4]'
INFO: [Synth 8-3333] propagating constant 0 across sequential element (\wb_addr_reg[4] )
INFO: [Synth 8-3886] merging instance 'refill_line_merged4[-1111111111]' (FDE) to 'req_paddr_reg[2]'
INFO: [Synth 8-3886] merging instance 'refill_line_merged4[-1111111110]' (FDE) to 'req_paddr_reg[3]'
INFO: [Synth 8-3886] merging instance 'refill_line_merged4[-1111111109]' (FDE) to 'req_paddr_reg[4]'
INFO: [Synth 8-4471] merging register 'uc_word_reg[2:0]' into 'uc_word_reg[2:0]' [e:/Loongarch_cpu/output/Loongarch_cpu_V3_developing/chiplab_for_Vivado_dont_touch/IP/myCPU/frontend/icache.v:163]
WARNING: [Synth 8-3917] design icache has port axi_rd_type[0] driven by constant 0
WARNING: [Synth 8-3917] design icache has port axi_rd_addr[1] driven by constant 0
WARNING: [Synth 8-3917] design icache has port axi_rd_addr[0] driven by constant 0
WARNING: [Synth 8-3936] Found unconnected internal register 'u0_ft_reg' and it is trimmed from '32' to '5' bits. [e:/Loongarch_cpu/output/Loongarch_cpu_V3_developing/chiplab_for_Vivado_dont_touch/IP/myCPU/frontend/ftb.v:164]
INFO: [Synth 8-4652] Swapped enable and write-enable on 2 RAM instances of RAM gen_ftb_way[0].u_way/mem_reg to conserve power
INFO: [Synth 8-4652] Swapped enable and write-enable on 2 RAM instances of RAM gen_ftb_way[1].u_way/mem_reg to conserve power
INFO: [Synth 8-4652] Swapped enable and write-enable on 2 RAM instances of RAM gen_ftb_way[2].u_way/mem_reg to conserve power
INFO: [Synth 8-4652] Swapped enable and write-enable on 2 RAM instances of RAM gen_ftb_way[3].u_way/mem_reg to conserve power
INFO: [Synth 8-4652] Swapped enable and write-enable on 1 RAM instances of RAM gen_ttab[0].u_ttab/mem_reg to conserve power
INFO: [Synth 8-4652] Swapped enable and write-enable on 1 RAM instances of RAM gen_ttab[1].u_ttab/mem_reg to conserve power
INFO: [Synth 8-4652] Swapped enable and write-enable on 1 RAM instances of RAM gen_ttab[2].u_ttab/mem_reg to conserve power
INFO: [Synth 8-4652] Swapped enable and write-enable on 1 RAM instances of RAM gen_ttab[3].u_ttab/mem_reg to conserve power
INFO: [Synth 8-4652] Swapped enable and write-enable on 1 RAM instances of RAM u_base/mem_reg to conserve power
INFO: [Synth 8-3886] merging instance 'u_tage/q_bidx_r_reg[11]' (FD) to 'u_tage/q_tag_r_reg[0][11]'
INFO: [Synth 8-4471] merging register 'dc_beat_reg[2:0]' into 'dc_beat_reg[2:0]' [e:/Loongarch_cpu/output/Loongarch_cpu_V3_developing/chiplab_for_Vivado_dont_touch/IP/myCPU/memory/axi_line_bridge.v:205]
INFO: [Synth 8-4471] merging register 'ic_beat_reg[2:0]' into 'ic_beat_reg[2:0]' [e:/Loongarch_cpu/output/Loongarch_cpu_V3_developing/chiplab_for_Vivado_dont_touch/IP/myCPU/memory/axi_line_bridge.v:204]
WARNING: [Synth 8-3917] design core_top__GCB5 has port rat_cmt_num1_o[4] driven by constant 1
WARNING: [Synth 8-3917] design core_top__GCB5 has port csr_wmask_o[31] driven by constant 1
WARNING: [Synth 8-3917] design core_top__GCB5 has port csr_wmask_o[30] driven by constant 1
WARNING: [Synth 8-3917] design core_top__GCB5 has port csr_wmask_o[29] driven by constant 1
WARNING: [Synth 8-3917] design core_top__GCB5 has port csr_wmask_o[28] driven by constant 1
WARNING: [Synth 8-3917] design core_top__GCB5 has port csr_wmask_o[27] driven by constant 1
WARNING: [Synth 8-3917] design core_top__GCB5 has port csr_wmask_o[26] driven by constant 1
WARNING: [Synth 8-3917] design core_top__GCB5 has port csr_wmask_o[25] driven by constant 1
WARNING: [Synth 8-3917] design core_top__GCB5 has port csr_wmask_o[24] driven by constant 1
WARNING: [Synth 8-3917] design core_top__GCB5 has port csr_wmask_o[23] driven by constant 1
WARNING: [Synth 8-3917] design core_top__GCB5 has port csr_wmask_o[22] driven by constant 1
WARNING: [Synth 8-3917] design core_top__GCB5 has port csr_wmask_o[21] driven by constant 1
WARNING: [Synth 8-3917] design core_top__GCB5 has port csr_wmask_o[20] driven by constant 1
WARNING: [Synth 8-3917] design core_top__GCB5 has port csr_wmask_o[19] driven by constant 1
WARNING: [Synth 8-3917] design core_top__GCB5 has port csr_wmask_o[18] driven by constant 1
WARNING: [Synth 8-3917] design core_top__GCB5 has port csr_wmask_o[17] driven by constant 1
WARNING: [Synth 8-3917] design core_top__GCB5 has port csr_wmask_o[16] driven by constant 1
WARNING: [Synth 8-3917] design core_top__GCB5 has port csr_wmask_o[15] driven by constant 1
WARNING: [Synth 8-3917] design core_top__GCB5 has port csr_wmask_o[14] driven by constant 1
WARNING: [Synth 8-3917] design core_top__GCB5 has port csr_wmask_o[13] driven by constant 1
WARNING: [Synth 8-3917] design core_top__GCB5 has port csr_wmask_o[12] driven by constant 1
INFO: [Common 17-14] Message 'Synth 8-3917' appears 100 times and further instances of the messages will be disabled. Use the Tcl command set_msg_config to change the current settings.
INFO: [Synth 8-3886] merging instance 'u_l2cache/pf_addr_reg[0]' (FDRE) to 'u_l2cache/pf_addr_reg[1]'
INFO: [Synth 8-3886] merging instance 'u_l2cache/pf_addr_reg[1]' (FDRE) to 'u_l2cache/pf_addr_reg[2]'
INFO: [Synth 8-3886] merging instance 'u_l2cache/pf_addr_reg[2]' (FDRE) to 'u_l2cache/pf_addr_reg[3]'
INFO: [Synth 8-3886] merging instance 'u_l2cache/pf_addr_reg[3]' (FDRE) to 'u_l2cache/pf_addr_reg[4]'
INFO: [Synth 8-3333] propagating constant 0 across sequential element (u_l2cache/\pf_addr_reg[4] )
INFO: [Synth 8-3886] merging instance 'u_axi_line_bridge/ic_axsize_buf_reg[0]' (FDE) to 'u_axi_line_bridge/ic_addr_buf_reg[0]'
INFO: [Synth 8-3886] merging instance 'u_axi_line_bridge/ic_axsize_buf_reg[1]' (FDE) to 'u_axi_line_bridge/ic_addr_buf_reg[0]'
INFO: [Synth 8-3333] propagating constant 1 across sequential element (u_axi_line_bridge/\ic_axsize_buf_reg[2] )
INFO: [Synth 8-3886] merging instance 'u_axi_line_bridge/ic_addr_buf_reg[0]' (FDE) to 'u_axi_line_bridge/ic_addr_buf_reg[1]'
INFO: [Synth 8-3886] merging instance 'u_axi_line_bridge/ic_addr_buf_reg[1]' (FDE) to 'u_axi_line_bridge/ic_addr_buf_reg[2]'
INFO: [Synth 8-3886] merging instance 'u_axi_line_bridge/ic_addr_buf_reg[2]' (FDE) to 'u_axi_line_bridge/ic_addr_buf_reg[3]'
INFO: [Synth 8-3886] merging instance 'u_axi_line_bridge/ic_addr_buf_reg[3]' (FDE) to 'u_axi_line_bridge/ic_addr_buf_reg[4]'
INFO: [Synth 8-3333] propagating constant 0 across sequential element (u_axi_line_bridge/\ic_addr_buf_reg[4] )
INFO: [Synth 8-3333] propagating constant 1 across sequential element (u_axi_line_bridge/ic_is_line_reg)
INFO: [Common 17-14] Message 'Synth 8-7129' appears 100 times and further instances of the messages will be disabled. Use the Tcl command set_msg_config to change the current settings.
INFO: [Synth 8-3886] merging instance 'u_rename/dis1_br_offs_o_reg[0]' (FDE) to 'u_rename/dis0_br_offs_o_reg[1]'
INFO: [Synth 8-3886] merging instance 'u_rename/dis0_br_offs_o_reg[0]' (FDE) to 'u_rename/dis0_br_offs_o_reg[1]'
INFO: [Synth 8-3886] merging instance 'u_rename/dis1_br_offs_o_reg[1]' (FDE) to 'u_rename/dis0_br_offs_o_reg[1]'
INFO: [Synth 8-3333] propagating constant 0 across sequential element (u_rename/\dis0_br_offs_o_reg[1] )
INFO: [Synth 8-3886] merging instance 'u_rename/dis1_br_offs_o_reg[27]' (FDE) to 'u_rename/dis1_br_offs_o_reg[28]'
INFO: [Synth 8-3886] merging instance 'u_rename/dis0_br_offs_o_reg[27]' (FDE) to 'u_rename/dis0_br_offs_o_reg[28]'
INFO: [Synth 8-3886] merging instance 'u_rename/dis1_br_offs_o_reg[28]' (FDE) to 'u_rename/dis1_br_offs_o_reg[29]'
INFO: [Synth 8-3886] merging instance 'u_rename/dis0_br_offs_o_reg[28]' (FDE) to 'u_rename/dis0_br_offs_o_reg[29]'
INFO: [Synth 8-3886] merging instance 'u_rename/dis1_br_offs_o_reg[29]' (FDE) to 'u_rename/dis1_br_offs_o_reg[30]'
INFO: [Synth 8-3886] merging instance 'u_rename/dis0_br_offs_o_reg[29]' (FDE) to 'u_rename/dis0_br_offs_o_reg[30]'
INFO: [Synth 8-3886] merging instance 'u_rename/dis1_br_offs_o_reg[30]' (FDE) to 'u_rename/dis1_br_offs_o_reg[31]'
INFO: [Synth 8-3886] merging instance 'u_rename/dis0_br_offs_o_reg[30]' (FDE) to 'u_rename/dis0_br_offs_o_reg[31]'
INFO: [Synth 8-3886] merging instance 'u_rename/dis1_robid_o_reg[0]' (FDE) to 'u_rename/dis0_robid_o_reg[0]'
INFO: [Synth 8-3886] merging instance 'u_rename/dis1_robid_o_reg[1]' (FDE) to 'u_rename/dis0_robid_o_reg[1]'
INFO: [Synth 8-3886] merging instance 'u_rename/dis1_robid_o_reg[2]' (FDE) to 'u_rename/dis0_robid_o_reg[2]'
INFO: [Synth 8-3886] merging instance 'u_rename/dis1_robid_o_reg[3]' (FDE) to 'u_rename/dis0_robid_o_reg[3]'
INFO: [Synth 8-3333] propagating constant 1 across sequential element (u_rename/\dis1_robid_o_reg[4] )
INFO: [Synth 8-3886] merging instance 'u_csr_exception_commit_handler/csr_estat_ecode_reg[6]' (FDRE) to 'u_csr_exception_commit_handler/csr_estat_ecode_reg[7]'
INFO: [Synth 8-3333] propagating constant 0 across sequential element (u_csr_exception_commit_handler/\csr_estat_ecode_reg[7] )
INFO: [Synth 8-3886] merging instance 'u_csr_exception_commit_handler/csr_pgdh_reg[0]' (FDRE) to 'u_csr_exception_commit_handler/csr_pgdh_reg[11]'
INFO: [Synth 8-3886] merging instance 'u_csr_exception_commit_handler/csr_pgdl_reg[0]' (FDRE) to 'u_csr_exception_commit_handler/csr_pgdl_reg[11]'
INFO: [Synth 8-3886] merging instance 'u_csr_exception_commit_handler/csr_pgdh_reg[1]' (FDRE) to 'u_csr_exception_commit_handler/csr_pgdh_reg[11]'
INFO: [Synth 8-3886] merging instance 'u_csr_exception_commit_handler/csr_pgdl_reg[1]' (FDRE) to 'u_csr_exception_commit_handler/csr_pgdl_reg[11]'
INFO: [Synth 8-3886] merging instance 'u_csr_exception_commit_handler/csr_pgdh_reg[2]' (FDRE) to 'u_csr_exception_commit_handler/csr_pgdh_reg[11]'
INFO: [Synth 8-3886] merging instance 'u_csr_exception_commit_handler/csr_pgdl_reg[2]' (FDRE) to 'u_csr_exception_commit_handler/csr_pgdl_reg[11]'
INFO: [Synth 8-3886] merging instance 'u_csr_exception_commit_handler/csr_pgdh_reg[3]' (FDRE) to 'u_csr_exception_commit_handler/csr_pgdh_reg[11]'
INFO: [Synth 8-3886] merging instance 'u_csr_exception_commit_handler/csr_pgdl_reg[3]' (FDRE) to 'u_csr_exception_commit_handler/csr_pgdl_reg[11]'
INFO: [Synth 8-3886] merging instance 'u_csr_exception_commit_handler/csr_pgdh_reg[4]' (FDRE) to 'u_csr_exception_commit_handler/csr_pgdh_reg[11]'
INFO: [Synth 8-3886] merging instance 'u_csr_exception_commit_handler/csr_pgdl_reg[4]' (FDRE) to 'u_csr_exception_commit_handler/csr_pgdl_reg[11]'
INFO: [Synth 8-3886] merging instance 'u_csr_exception_commit_handler/csr_pgdh_reg[5]' (FDRE) to 'u_csr_exception_commit_handler/csr_pgdh_reg[11]'
INFO: [Synth 8-3886] merging instance 'u_csr_exception_commit_handler/csr_pgdl_reg[5]' (FDRE) to 'u_csr_exception_commit_handler/csr_pgdl_reg[11]'
INFO: [Synth 8-3886] merging instance 'u_csr_exception_commit_handler/csr_pgdh_reg[6]' (FDRE) to 'u_csr_exception_commit_handler/csr_pgdh_reg[11]'
INFO: [Synth 8-3886] merging instance 'u_csr_exception_commit_handler/csr_pgdl_reg[6]' (FDRE) to 'u_csr_exception_commit_handler/csr_pgdl_reg[11]'
INFO: [Synth 8-3886] merging instance 'u_csr_exception_commit_handler/csr_pgdh_reg[7]' (FDRE) to 'u_csr_exception_commit_handler/csr_pgdh_reg[11]'
INFO: [Synth 8-3886] merging instance 'u_csr_exception_commit_handler/csr_pgdl_reg[7]' (FDRE) to 'u_csr_exception_commit_handler/csr_pgdl_reg[11]'
INFO: [Synth 8-3886] merging instance 'u_csr_exception_commit_handler/csr_pgdh_reg[8]' (FDRE) to 'u_csr_exception_commit_handler/csr_pgdh_reg[11]'
INFO: [Synth 8-3886] merging instance 'u_csr_exception_commit_handler/csr_pgdl_reg[8]' (FDRE) to 'u_csr_exception_commit_handler/csr_pgdl_reg[11]'
INFO: [Synth 8-3886] merging instance 'u_csr_exception_commit_handler/csr_pgdh_reg[9]' (FDRE) to 'u_csr_exception_commit_handler/csr_pgdh_reg[11]'
INFO: [Synth 8-3886] merging instance 'u_csr_exception_commit_handler/csr_pgdl_reg[9]' (FDRE) to 'u_csr_exception_commit_handler/csr_pgdl_reg[11]'
INFO: [Synth 8-3886] merging instance 'u_csr_exception_commit_handler/csr_pgdh_reg[10]' (FDRE) to 'u_csr_exception_commit_handler/csr_pgdh_reg[11]'
INFO: [Synth 8-3886] merging instance 'u_csr_exception_commit_handler/csr_pgdl_reg[10]' (FDRE) to 'u_csr_exception_commit_handler/csr_pgdl_reg[11]'
INFO: [Synth 8-3886] merging instance 'u_csr_exception_commit_handler/csr_asid_reg[10]' (FDE) to 'u_csr_exception_commit_handler/csr_asid_reg[11]'
INFO: [Synth 8-3333] propagating constant 0 across sequential element (u_csr_exception_commit_handler/\csr_pgdh_reg[11] )
INFO: [Synth 8-3333] propagating constant 0 across sequential element (u_csr_exception_commit_handler/\csr_pgdl_reg[11] )
INFO: [Synth 8-3886] merging instance 'u_csr_exception_commit_handler/csr_asid_reg[11]' (FDE) to 'u_csr_exception_commit_handler/csr_asid_reg[12]'
INFO: [Synth 8-3886] merging instance 'u_csr_exception_commit_handler/csr_asid_reg[12]' (FDE) to 'u_csr_exception_commit_handler/csr_asid_reg[13]'
INFO: [Synth 8-3886] merging instance 'u_csr_exception_commit_handler/csr_asid_reg[13]' (FDE) to 'u_csr_exception_commit_handler/csr_asid_reg[14]'
INFO: [Synth 8-3886] merging instance 'u_csr_exception_commit_handler/csr_asid_reg[14]' (FDE) to 'u_csr_exception_commit_handler/csr_asid_reg[15]'
INFO: [Synth 8-3886] merging instance 'u_csr_exception_commit_handler/csr_asid_reg[15]' (FDE) to 'u_csr_exception_commit_handler/csr_asid_reg[16]'
INFO: [Synth 8-3886] merging instance 'u_csr_exception_commit_handler/csr_asid_reg[16]' (FDE) to 'u_csr_exception_commit_handler/csr_asid_reg[18]'
INFO: [Synth 8-3886] merging instance 'u_csr_exception_commit_handler/csr_asid_reg[17]' (FDE) to 'u_csr_exception_commit_handler/csr_asid_reg[19]'
INFO: [Synth 8-3886] merging instance 'u_csr_exception_commit_handler/csr_asid_reg[18]' (FDE) to 'u_csr_exception_commit_handler/csr_asid_reg[20]'
INFO: [Synth 8-3333] propagating constant 1 across sequential element (u_csr_exception_commit_handler/\csr_asid_reg[19] )
INFO: [Synth 8-3886] merging instance 'u_csr_exception_commit_handler/csr_asid_reg[20]' (FDE) to 'u_csr_exception_commit_handler/csr_asid_reg[21]'
INFO: [Synth 8-3886] merging instance 'u_csr_exception_commit_handler/csr_estat_ecode_reg[4]' (FDRE) to 'u_csr_exception_commit_handler/csr_estat_ecode_reg[5]'
INFO: [Synth 8-3886] merging instance 'u_csr_exception_commit_handler/csr_asid_reg[21]' (FDE) to 'u_csr_exception_commit_handler/csr_asid_reg[22]'
INFO: [Synth 8-3886] merging instance 'u_csr_exception_commit_handler/csr_asid_reg[22]' (FDE) to 'u_csr_exception_commit_handler/csr_asid_reg[23]'
INFO: [Synth 8-3886] merging instance 'u_csr_exception_commit_handler/csr_asid_reg[23]' (FDE) to 'u_csr_exception_commit_handler/csr_asid_reg[24]'
INFO: [Synth 8-3886] merging instance 'u_csr_exception_commit_handler/csr_asid_reg[24]' (FDE) to 'u_csr_exception_commit_handler/csr_asid_reg[25]'
INFO: [Synth 8-3886] merging instance 'u_csr_exception_commit_handler/csr_asid_reg[25]' (FDE) to 'u_csr_exception_commit_handler/csr_asid_reg[26]'
INFO: [Synth 8-3886] merging instance 'u_csr_exception_commit_handler/csr_asid_reg[26]' (FDE) to 'u_csr_exception_commit_handler/csr_asid_reg[27]'
INFO: [Synth 8-3886] merging instance 'u_csr_exception_commit_handler/csr_asid_reg[27]' (FDE) to 'u_csr_exception_commit_handler/csr_asid_reg[28]'
INFO: [Synth 8-3886] merging instance 'u_csr_exception_commit_handler/csr_asid_reg[28]' (FDE) to 'u_csr_exception_commit_handler/csr_asid_reg[29]'
INFO: [Synth 8-3886] merging instance 'u_csr_exception_commit_handler/csr_asid_reg[29]' (FDE) to 'u_csr_exception_commit_handler/csr_asid_reg[30]'
INFO: [Synth 8-3886] merging instance 'u_csr_exception_commit_handler/csr_asid_reg[30]' (FDE) to 'u_csr_exception_commit_handler/csr_asid_reg[31]'
INFO: [Synth 8-3333] propagating constant 0 across sequential element (u_csr_exception_commit_handler/\csr_asid_reg[31] )
INFO: [Synth 8-3886] merging instance 'u_csr_exception_commit_handler/csr_estat_is_reg[12]' (FD) to 'u_csr_exception_commit_handler/csr_estat_is_reg[10]'
INFO: [Synth 8-3333] propagating constant 0 across sequential element (u_csr_exception_commit_handler/\csr_estat_is_reg[10] )
INFO: [Synth 8-3333] propagating constant 0 across sequential element (u_csr_exception_commit_handler/\csr_ecfg_lie_reg[10] )
INFO: [Synth 8-5845] Not enough pipeline registers after wide multiplier. Recommended levels of pipeline registers is 4 [e:/Loongarch_cpu/output/Loongarch_cpu_V3_developing/chiplab_for_Vivado_dont_touch/IP/myCPU/backend/execute/mul.v:53]
DSP Report: Generating DSP prod_r0, operation Mode is: A2*B.
DSP Report: register prod_r0 is absorbed into DSP prod_r0.
DSP Report: operator prod_r0 is absorbed into DSP prod_r0.
DSP Report: operator prod_r0 is absorbed into DSP prod_r0.
DSP Report: Generating DSP prod_r_reg, operation Mode is: (PCIN>>17)+A*B.
DSP Report: register prod_r_reg is absorbed into DSP prod_r_reg.
DSP Report: operator prod_r0 is absorbed into DSP prod_r_reg.
DSP Report: operator prod_r0 is absorbed into DSP prod_r_reg.
DSP Report: Generating DSP prod_r0, operation Mode is: A2*B2.
DSP Report: register prod_r0 is absorbed into DSP prod_r0.
DSP Report: register prod_r0 is absorbed into DSP prod_r0.
DSP Report: operator prod_r0 is absorbed into DSP prod_r0.
DSP Report: operator prod_r0 is absorbed into DSP prod_r0.
DSP Report: Generating DSP prod_r_reg, operation Mode is: (PCIN>>17)+A2*B.
DSP Report: register prod_r_reg is absorbed into DSP prod_r_reg.
DSP Report: register prod_r_reg is absorbed into DSP prod_r_reg.
DSP Report: operator prod_r0 is absorbed into DSP prod_r_reg.
DSP Report: operator prod_r0 is absorbed into DSP prod_r_reg.
INFO: [Synth 8-5544] ROM "cpucfg_value" won't be mapped to Block RAM because address size (4) smaller than threshold (5)
INFO: [Synth 8-5544] ROM "cpucfg_value" won't be mapped to Block RAM because address size (4) smaller than threshold (5)
INFO: [Common 17-14] Message 'Synth 8-7129' appears 100 times and further instances of the messages will be disabled. Use the Tcl command set_msg_config to change the current settings.
INFO: [Synth 8-3886] merging instance 'u_rat/num_reg[0][0]' (FDRE) to 'u_rat/num_reg[0][1]'
INFO: [Synth 8-3886] merging instance 'u_rat/num_reg[0][1]' (FDRE) to 'u_rat/num_reg[0][2]'
INFO: [Synth 8-3886] merging instance 'u_rat/num_reg[0][2]' (FDRE) to 'u_rat/num_reg[0][3]'
INFO: [Synth 8-3886] merging instance 'u_rat/num_reg[0][3]' (FDRE) to 'u_rat/num_reg[0][4]'
INFO: [Synth 8-3333] propagating constant 0 across sequential element (u_rat/\num_reg[0][4] )
INFO: [Synth 8-3333] propagating constant 0 across sequential element (u_rat/\busy_reg[0] )
WARNING: [Synth 8-3332] Sequential element (prod_r_reg[47]) is unused and will be removed from module mul.
WARNING: [Synth 8-3332] Sequential element (prod_r_reg[46]) is unused and will be removed from module mul.
WARNING: [Synth 8-3332] Sequential element (prod_r_reg[45]) is unused and will be removed from module mul.
WARNING: [Synth 8-3332] Sequential element (prod_r_reg[44]) is unused and will be removed from module mul.
WARNING: [Synth 8-3332] Sequential element (prod_r_reg[43]) is unused and will be removed from module mul.
WARNING: [Synth 8-3332] Sequential element (prod_r_reg[42]) is unused and will be removed from module mul.
WARNING: [Synth 8-3332] Sequential element (prod_r_reg[41]) is unused and will be removed from module mul.
WARNING: [Synth 8-3332] Sequential element (prod_r_reg[40]) is unused and will be removed from module mul.
WARNING: [Synth 8-3332] Sequential element (prod_r_reg[39]) is unused and will be removed from module mul.
WARNING: [Synth 8-3332] Sequential element (prod_r_reg[38]) is unused and will be removed from module mul.
WARNING: [Synth 8-3332] Sequential element (prod_r_reg[37]) is unused and will be removed from module mul.
WARNING: [Synth 8-3332] Sequential element (prod_r_reg[36]) is unused and will be removed from module mul.
WARNING: [Synth 8-3332] Sequential element (prod_r_reg[35]) is unused and will be removed from module mul.
WARNING: [Synth 8-3332] Sequential element (prod_r_reg[34]) is unused and will be removed from module mul.
WARNING: [Synth 8-3332] Sequential element (prod_r_reg[33]) is unused and will be removed from module mul.
WARNING: [Synth 8-3332] Sequential element (prod_r_reg[32]) is unused and will be removed from module mul.
WARNING: [Synth 8-3332] Sequential element (prod_r_reg[31]) is unused and will be removed from module mul.
WARNING: [Synth 8-3332] Sequential element (prod_r_reg[30]) is unused and will be removed from module mul.
WARNING: [Synth 8-3332] Sequential element (prod_r_reg[29]) is unused and will be removed from module mul.
WARNING: [Synth 8-3332] Sequential element (prod_r_reg[28]) is unused and will be removed from module mul.
WARNING: [Synth 8-3332] Sequential element (prod_r_reg[27]) is unused and will be removed from module mul.
WARNING: [Synth 8-3332] Sequential element (prod_r_reg[26]) is unused and will be removed from module mul.
WARNING: [Synth 8-3332] Sequential element (prod_r_reg[25]) is unused and will be removed from module mul.
WARNING: [Synth 8-3332] Sequential element (prod_r_reg[24]) is unused and will be removed from module mul.
WARNING: [Synth 8-3332] Sequential element (prod_r_reg[23]) is unused and will be removed from module mul.
WARNING: [Synth 8-3332] Sequential element (prod_r_reg[22]) is unused and will be removed from module mul.
WARNING: [Synth 8-3332] Sequential element (prod_r_reg[21]) is unused and will be removed from module mul.
WARNING: [Synth 8-3332] Sequential element (prod_r_reg[20]) is unused and will be removed from module mul.
WARNING: [Synth 8-3332] Sequential element (prod_r_reg[19]) is unused and will be removed from module mul.
WARNING: [Synth 8-3332] Sequential element (prod_r_reg[18]) is unused and will be removed from module mul.
WARNING: [Synth 8-3332] Sequential element (prod_r_reg[17]) is unused and will be removed from module mul.
WARNING: [Synth 8-3332] Sequential element (prod_r_reg[47]__0) is unused and will be removed from module mul.
WARNING: [Synth 8-3332] Sequential element (prod_r_reg[46]__0) is unused and will be removed from module mul.
WARNING: [Synth 8-3332] Sequential element (prod_r_reg[45]__0) is unused and will be removed from module mul.
WARNING: [Synth 8-3332] Sequential element (prod_r_reg[44]__0) is unused and will be removed from module mul.
WARNING: [Synth 8-3332] Sequential element (prod_r_reg[43]__0) is unused and will be removed from module mul.
WARNING: [Synth 8-3332] Sequential element (prod_r_reg[42]__0) is unused and will be removed from module mul.
WARNING: [Synth 8-3332] Sequential element (prod_r_reg[41]__0) is unused and will be removed from module mul.
WARNING: [Synth 8-3332] Sequential element (prod_r_reg[40]__0) is unused and will be removed from module mul.
WARNING: [Synth 8-3332] Sequential element (prod_r_reg[39]__0) is unused and will be removed from module mul.
WARNING: [Synth 8-3332] Sequential element (prod_r_reg[38]__0) is unused and will be removed from module mul.
WARNING: [Synth 8-3332] Sequential element (prod_r_reg[37]__0) is unused and will be removed from module mul.
WARNING: [Synth 8-3332] Sequential element (prod_r_reg[36]__0) is unused and will be removed from module mul.
WARNING: [Synth 8-3332] Sequential element (prod_r_reg[35]__0) is unused and will be removed from module mul.
WARNING: [Synth 8-3332] Sequential element (prod_r_reg[34]__0) is unused and will be removed from module mul.
WARNING: [Synth 8-3332] Sequential element (prod_r_reg[33]__0) is unused and will be removed from module mul.
WARNING: [Synth 8-3332] Sequential element (prod_r_reg[32]__0) is unused and will be removed from module mul.
WARNING: [Synth 8-3332] Sequential element (prod_r_reg[31]__0) is unused and will be removed from module mul.
WARNING: [Synth 8-3332] Sequential element (prod_r_reg[30]__0) is unused and will be removed from module mul.
WARNING: [Synth 8-3332] Sequential element (prod_r_reg[29]__0) is unused and will be removed from module mul.
WARNING: [Synth 8-3332] Sequential element (prod_r_reg[28]__0) is unused and will be removed from module mul.
WARNING: [Synth 8-3332] Sequential element (prod_r_reg[27]__0) is unused and will be removed from module mul.
WARNING: [Synth 8-3332] Sequential element (prod_r_reg[26]__0) is unused and will be removed from module mul.
WARNING: [Synth 8-3332] Sequential element (prod_r_reg[25]__0) is unused and will be removed from module mul.
WARNING: [Synth 8-3332] Sequential element (prod_r_reg[24]__0) is unused and will be removed from module mul.
WARNING: [Synth 8-3332] Sequential element (prod_r_reg[23]__0) is unused and will be removed from module mul.
WARNING: [Synth 8-3332] Sequential element (prod_r_reg[22]__0) is unused and will be removed from module mul.
WARNING: [Synth 8-3332] Sequential element (prod_r_reg[21]__0) is unused and will be removed from module mul.
WARNING: [Synth 8-3332] Sequential element (prod_r_reg[20]__0) is unused and will be removed from module mul.
WARNING: [Synth 8-3332] Sequential element (prod_r_reg[19]__0) is unused and will be removed from module mul.
WARNING: [Synth 8-3332] Sequential element (prod_r_reg[18]__0) is unused and will be removed from module mul.
WARNING: [Synth 8-3332] Sequential element (prod_r_reg[17]__0) is unused and will be removed from module mul.
---------------------------------------------------------------------------------
Finished Cross Boundary and Area Optimization : Time (s): cpu = 00:15:45 ; elapsed = 00:16:10 . Memory (MB): peak = 1876.289 ; gain = 1416.395
---------------------------------------------------------------------------------
 Sort Area is core_top__GCB8 prod_r0_0 : 0 0 : 3137 5981 : Used 1 time 100
 Sort Area is core_top__GCB8 prod_r0_0 : 0 1 : 2844 5981 : Used 1 time 100
 Sort Area is core_top__GCB8 prod_r0_3 : 0 0 : 2777 5484 : Used 1 time 100
 Sort Area is core_top__GCB8 prod_r0_3 : 0 1 : 2707 5484 : Used 1 time 100
---------------------------------------------------------------------------------
Start ROM, RAM, DSP, Shift Register and Retiming Reporting
---------------------------------------------------------------------------------

Block RAM: Preliminary Mapping Report (see note below)
+------------+---------------------------------+------------------------+---+---+------------------------+---+---+------------------+--------+--------+
|Module Name | RTL Object                      | PORT A (Depth x Width) | W | R | PORT B (Depth x Width) | W | R | Ports driving FF | RAMB18 | RAMB36 | 
+------------+---------------------------------+------------------------+---+---+------------------------+---+---+------------------+--------+--------+
|u_ftb       | gen_ftb_way[0].u_way/mem_reg    | 1 K x 58(READ_FIRST)   | W |   | 1 K x 58(WRITE_FIRST)  |   | R | Port A and B     | 0      | 2      | 
|u_ftb       | gen_ftb_way[1].u_way/mem_reg    | 1 K x 58(READ_FIRST)   | W |   | 1 K x 58(WRITE_FIRST)  |   | R | Port A and B     | 0      | 2      | 
|u_ftb       | gen_ftb_way[2].u_way/mem_reg    | 1 K x 58(READ_FIRST)   | W |   | 1 K x 58(WRITE_FIRST)  |   | R | Port A and B     | 0      | 2      | 
|u_ftb       | gen_ftb_way[3].u_way/mem_reg    | 1 K x 58(READ_FIRST)   | W |   | 1 K x 58(WRITE_FIRST)  |   | R | Port A and B     | 0      | 2      | 
|u_tage      | gen_ttab[0].u_ttab/mem_reg      | 1 K x 17(READ_FIRST)   | W |   | 1 K x 17(WRITE_FIRST)  |   | R | Port A and B     | 1      | 0      | 
|u_tage      | gen_ttab[1].u_ttab/mem_reg      | 1 K x 17(READ_FIRST)   | W |   | 1 K x 17(WRITE_FIRST)  |   | R | Port A and B     | 1      | 0      | 
|u_tage      | gen_ttab[2].u_ttab/mem_reg      | 1 K x 17(READ_FIRST)   | W |   | 1 K x 17(WRITE_FIRST)  |   | R | Port A and B     | 1      | 0      | 
|u_tage      | gen_ttab[3].u_ttab/mem_reg      | 1 K x 17(READ_FIRST)   | W |   | 1 K x 17(WRITE_FIRST)  |   | R | Port A and B     | 1      | 0      | 
|u_tage      | u_base/mem_reg                  | 8 K x 2(READ_FIRST)    | W |   | 8 K x 2(WRITE_FIRST)   |   | R | Port A and B     | 1      | 0      | 
|icache      | gen_iram[0].u_way_ram/mem_reg   | 128 x 256(NO_CHANGE)   | W | R |                        |   |   | Port A           | 0      | 4      | 
|icache      | gen_iram[1].u_way_ram/mem_reg   | 128 x 256(NO_CHANGE)   | W | R |                        |   |   | Port A           | 0      | 4      | 
|icache      | gen_iram[2].u_way_ram/mem_reg   | 128 x 256(NO_CHANGE)   | W | R |                        |   |   | Port A           | 0      | 4      | 
|icache      | gen_iram[3].u_way_ram/mem_reg   | 128 x 256(NO_CHANGE)   | W | R |                        |   |   | Port A           | 0      | 4      | 
|dcache__GB6 | gen_dram[1].u_way_ram/mem_reg   | 128 x 256(NO_CHANGE)   | W | R |                        |   |   | Port A           | 0      | 4      | 
|dcache__GB6 | gen_dram[2].u_way_ram/mem_reg   | 128 x 256(NO_CHANGE)   | W | R |                        |   |   | Port A           | 0      | 4      | 
|dcache__GB6 | gen_dram[3].u_way_ram/mem_reg   | 128 x 256(NO_CHANGE)   | W | R |                        |   |   | Port A           | 0      | 4      | 
|dcache__GB6 | gen_dram[0].u_way_ram/mem_reg   | 128 x 256(NO_CHANGE)   | W | R |                        |   |   | Port A           | 0      | 4      | 
|u_l2cache   | gen_l2ram[0].u_tag_ram/mem_reg  | 512 x 20(NO_CHANGE)    | W | R |                        |   |   | Port A           | 1      | 0      | 
|u_l2cache   | gen_l2ram[0].u_data_ram/mem_reg | 512 x 256(NO_CHANGE)   | W | R |                        |   |   | Port A           | 0      | 4      | 
|u_l2cache   | gen_l2ram[1].u_tag_ram/mem_reg  | 512 x 20(NO_CHANGE)    | W | R |                        |   |   | Port A           | 1      | 0      | 
|u_l2cache   | gen_l2ram[1].u_data_ram/mem_reg | 512 x 256(NO_CHANGE)   | W | R |                        |   |   | Port A           | 0      | 4      | 
+------------+---------------------------------+------------------------+---+---+------------------------+---+---+------------------+--------+--------+

Note: The table above is a preliminary report that shows the Block RAMs at the current stage of the synthesis flow. Some Block RAMs may be reimplemented as non Block RAM primitives later in the synthesis flow. Multiple instantiated Block RAMs are reported only once. 

Distributed RAM: Preliminary Mapping Report (see note below)
+------------+---------------+-----------+----------------------+----------------+
|Module Name | RTL Object    | Inference | Size (Depth x Width) | Primitives     | 
+------------+---------------+-----------+----------------------+----------------+
|u_ubtb      | target_reg    | Implied   | 16 x 32              | RAM32M x 6     | 
|u_ubtb      | length_reg    | Implied   | 16 x 3               | RAM32M x 1     | 
|u_ubtb      | btype_reg     | Implied   | 16 x 2               | RAM16X1D x 2   | 
|icache      | rr_ptr_reg    | Implied   | 128 x 2              | RAM128X1S x 2  | 
|dcache__GB4 | rr_ptr_reg    | Implied   | 128 x 2              | RAM128X1S x 2  | 
|u_rs_mem    | robid_reg     | Implied   | 4 x 5                | RAM32M x 1     | 
|u_rs_mem    | pc_reg        | Implied   | 4 x 32               | RAM32M x 6     | 
|u_rs_mem    | mem_op_reg    | Implied   | 4 x 10               | RAM32M x 2     | 
|u_rs_mem    | is_cacop_reg  | Implied   | 4 x 1                | RAM16X1D x 1   | 
|u_rs_mem    | imm_reg       | Implied   | 4 x 32               | RAM32M x 6     | 
|u_rs_alu1   | robid_reg     | Implied   | 4 x 5                | RAM32M x 1     | 
|u_rs_alu1   | pc_reg        | Implied   | 4 x 32               | RAM32M x 6     | 
|u_rs_alu1   | alu_op_reg    | Implied   | 4 x 22               | RAM32M x 4     | 
|u_rs_alu1   | br_op_reg     | Implied   | 4 x 9                | RAM32M x 2     | 
|u_rs_alu1   | imm_reg       | Implied   | 4 x 32               | RAM32M x 6     | 
|u_rs_alu1   | use_imm_reg   | Implied   | 4 x 1                | RAM16X1D x 1   | 
|u_rs_alu1   | br_offs_reg   | Implied   | 4 x 32               | RAM32M x 6     | 
|u_rs_alu0   | robid_reg     | Implied   | 4 x 5                | RAM32M x 1     | 
|u_rs_alu0   | pc_reg        | Implied   | 4 x 32               | RAM32M x 6     | 
|u_rs_alu0   | alu_op_reg    | Implied   | 4 x 22               | RAM32M x 4     | 
|u_rs_alu0   | br_op_reg     | Implied   | 4 x 9                | RAM32M x 2     | 
|u_rs_alu0   | imm_reg       | Implied   | 4 x 32               | RAM32M x 6     | 
|u_rs_alu0   | use_imm_reg   | Implied   | 4 x 1                | RAM16X1D x 1   | 
|u_rs_alu0   | br_offs_reg   | Implied   | 4 x 32               | RAM32M x 6     | 
|u_rs_mdu    | robid_reg     | Implied   | 2 x 5                | RAM32M x 1     | 
|u_rs_mdu    | alu_op_reg    | Implied   | 2 x 22               | RAM32M x 4     | 
|u_rs_mdu    | csr_op_reg    | Implied   | 2 x 3                | RAM32M x 1     | 
|u_rs_mdu    | csr_num_reg   | Implied   | 2 x 14               | RAM32M x 3     | 
|u_rs_mdu    | tlb_op_reg    | Implied   | 2 x 11               | RAM32M x 2     | 
|u_rs_mdu    | wb_src_op_reg | Implied   | 2 x 6                | RAM32M x 1     | 
+------------+---------------+-----------+----------------------+----------------+

Note: The table above is a preliminary report that shows the Distributed RAMs at the current stage of the synthesis flow. Some Distributed RAMs may be reimplemented as non Distributed RAM primitives later in the synthesis flow. Multiple instantiated RAMs are reported only once.

DSP: Preliminary Mapping Report (see note below. The ' indicates corresponding REG is set)
+------------+-----------------+--------+--------+--------+--------+--------+------+------+------+------+-------+------+------+
|Module Name | DSP Mapping     | A Size | B Size | C Size | D Size | P Size | AREG | BREG | CREG | DREG | ADREG | MREG | PREG | 
+------------+-----------------+--------+--------+--------+--------+--------+------+------+------+------+-------+------+------+
|mul         | A2*B            | 18     | 16     | -      | -      | 48     | 1    | 0    | -    | -    | -     | 0    | 0    | 
|mul         | (PCIN>>17)+A*B  | 16     | 16     | -      | -      | 48     | 0    | 0    | -    | -    | -     | 0    | 1    | 
|mul         | A2*B2           | 18     | 18     | -      | -      | 48     | 1    | 1    | -    | -    | -     | 0    | 0    | 
|mul         | (PCIN>>17)+A2*B | 18     | 16     | -      | -      | 48     | 1    | 0    | -    | -    | -     | 0    | 1    | 
+------------+-----------------+--------+--------+--------+--------+--------+------+------+------+------+-------+------+------+

Note: The table above is a preliminary report that shows the DSPs inferred at the current stage of the synthesis flow. Some DSP may be reimplemented as non DSP primitives later in the synthesis flow. Multiple instantiated DSPs are reported only once.
---------------------------------------------------------------------------------
Finished ROM, RAM, DSP, Shift Register and Retiming Reporting
---------------------------------------------------------------------------------
No constraint files found.
---------------------------------------------------------------------------------
Start Timing Optimization
---------------------------------------------------------------------------------
---------------------------------------------------------------------------------
Finished Timing Optimization : Time (s): cpu = 00:16:14 ; elapsed = 00:16:40 . Memory (MB): peak = 1876.289 ; gain = 1416.395
---------------------------------------------------------------------------------
---------------------------------------------------------------------------------
Start ROM, RAM, DSP, Shift Register and Retiming Reporting
---------------------------------------------------------------------------------

Block RAM: Final Mapping Report
+------------+---------------------------------+------------------------+---+---+------------------------+---+---+------------------+--------+--------+
|Module Name | RTL Object                      | PORT A (Depth x Width) | W | R | PORT B (Depth x Width) | W | R | Ports driving FF | RAMB18 | RAMB36 | 
+------------+---------------------------------+------------------------+---+---+------------------------+---+---+------------------+--------+--------+
|u_ftb       | gen_ftb_way[0].u_way/mem_reg    | 1 K x 58(READ_FIRST)   | W |   | 1 K x 58(WRITE_FIRST)  |   | R | Port A and B     | 0      | 2      | 
|u_ftb       | gen_ftb_way[1].u_way/mem_reg    | 1 K x 58(READ_FIRST)   | W |   | 1 K x 58(WRITE_FIRST)  |   | R | Port A and B     | 0      | 2      | 
|u_ftb       | gen_ftb_way[2].u_way/mem_reg    | 1 K x 58(READ_FIRST)   | W |   | 1 K x 58(WRITE_FIRST)  |   | R | Port A and B     | 0      | 2      | 
|u_ftb       | gen_ftb_way[3].u_way/mem_reg    | 1 K x 58(READ_FIRST)   | W |   | 1 K x 58(WRITE_FIRST)  |   | R | Port A and B     | 0      | 2      | 
|u_tage      | gen_ttab[0].u_ttab/mem_reg      | 1 K x 17(READ_FIRST)   | W |   | 1 K x 17(WRITE_FIRST)  |   | R | Port A and B     | 1      | 0      | 
|u_tage      | gen_ttab[1].u_ttab/mem_reg      | 1 K x 17(READ_FIRST)   | W |   | 1 K x 17(WRITE_FIRST)  |   | R | Port A and B     | 1      | 0      | 
|u_tage      | gen_ttab[2].u_ttab/mem_reg      | 1 K x 17(READ_FIRST)   | W |   | 1 K x 17(WRITE_FIRST)  |   | R | Port A and B     | 1      | 0      | 
|u_tage      | gen_ttab[3].u_ttab/mem_reg      | 1 K x 17(READ_FIRST)   | W |   | 1 K x 17(WRITE_FIRST)  |   | R | Port A and B     | 1      | 0      | 
|u_tage      | u_base/mem_reg                  | 8 K x 2(READ_FIRST)    | W |   | 8 K x 2(WRITE_FIRST)   |   | R | Port A and B     | 1      | 0      | 
|icache      | gen_iram[0].u_way_ram/mem_reg   | 128 x 256(NO_CHANGE)   | W | R |                        |   |   | Port A           | 0      | 4      | 
|icache      | gen_iram[1].u_way_ram/mem_reg   | 128 x 256(NO_CHANGE)   | W | R |                        |   |   | Port A           | 0      | 4      | 
|icache      | gen_iram[2].u_way_ram/mem_reg   | 128 x 256(NO_CHANGE)   | W | R |                        |   |   | Port A           | 0      | 4      | 
|icache      | gen_iram[3].u_way_ram/mem_reg   | 128 x 256(NO_CHANGE)   | W | R |                        |   |   | Port A           | 0      | 4      | 
|dcache__GB6 | gen_dram[1].u_way_ram/mem_reg   | 128 x 256(NO_CHANGE)   | W | R |                        |   |   | Port A           | 0      | 4      | 
|dcache__GB6 | gen_dram[2].u_way_ram/mem_reg   | 128 x 256(NO_CHANGE)   | W | R |                        |   |   | Port A           | 0      | 4      | 
|dcache__GB6 | gen_dram[3].u_way_ram/mem_reg   | 128 x 256(NO_CHANGE)   | W | R |                        |   |   | Port A           | 0      | 4      | 
|dcache__GB6 | gen_dram[0].u_way_ram/mem_reg   | 128 x 256(NO_CHANGE)   | W | R |                        |   |   | Port A           | 0      | 4      | 
|u_l2cache   | gen_l2ram[0].u_tag_ram/mem_reg  | 512 x 20(NO_CHANGE)    | W | R |                        |   |   | Port A           | 1      | 0      | 
|u_l2cache   | gen_l2ram[0].u_data_ram/mem_reg | 512 x 256(NO_CHANGE)   | W | R |                        |   |   | Port A           | 0      | 4      | 
|u_l2cache   | gen_l2ram[1].u_tag_ram/mem_reg  | 512 x 20(NO_CHANGE)    | W | R |                        |   |   | Port A           | 1      | 0      | 
|u_l2cache   | gen_l2ram[1].u_data_ram/mem_reg | 512 x 256(NO_CHANGE)   | W | R |                        |   |   | Port A           | 0      | 4      | 
+------------+---------------------------------+------------------------+---+---+------------------------+---+---+------------------+--------+--------+


Distributed RAM: Final Mapping Report
+------------+---------------+-----------+----------------------+----------------+
|Module Name | RTL Object    | Inference | Size (Depth x Width) | Primitives     | 
+------------+---------------+-----------+----------------------+----------------+
|u_ubtb      | target_reg    | Implied   | 16 x 32              | RAM32M x 6     | 
|u_ubtb      | length_reg    | Implied   | 16 x 3               | RAM32M x 1     | 
|icache      | rr_ptr_reg    | Implied   | 128 x 2              | RAM128X1S x 2  | 
|dcache__GB4 | rr_ptr_reg    | Implied   | 128 x 2              | RAM128X1S x 2  | 
|u_rs_mem    | robid_reg     | Implied   | 4 x 5                | RAM32M x 1     | 
|u_rs_mem    | mem_op_reg    | Implied   | 4 x 10               | RAM32M x 2     | 
|u_rs_mem    | is_cacop_reg  | Implied   | 4 x 1                | RAM16X1D x 1   | 
|u_rs_mem    | imm_reg       | Implied   | 4 x 32               | RAM32M x 6     | 
|u_rs_alu1   | robid_reg     | Implied   | 4 x 5                | RAM32M x 1     | 
|u_rs_alu1   | pc_reg        | Implied   | 4 x 32               | RAM32M x 6     | 
|u_rs_alu1   | alu_op_reg    | Implied   | 4 x 22               | RAM32M x 4     | 
|u_rs_alu1   | br_op_reg     | Implied   | 4 x 9                | RAM32M x 2     | 
|u_rs_alu1   | imm_reg       | Implied   | 4 x 32               | RAM32M x 6     | 
|u_rs_alu1   | use_imm_reg   | Implied   | 4 x 1                | RAM16X1D x 1   | 
|u_rs_alu1   | br_offs_reg   | Implied   | 4 x 32               | RAM32M x 6     | 
|u_rs_alu0   | robid_reg     | Implied   | 4 x 5                | RAM32M x 1     | 
|u_rs_alu0   | pc_reg        | Implied   | 4 x 32               | RAM32M x 6     | 
|u_rs_alu0   | alu_op_reg    | Implied   | 4 x 22               | RAM32M x 4     | 
|u_rs_alu0   | br_op_reg     | Implied   | 4 x 9                | RAM32M x 2     | 
|u_rs_alu0   | imm_reg       | Implied   | 4 x 32               | RAM32M x 6     | 
|u_rs_alu0   | use_imm_reg   | Implied   | 4 x 1                | RAM16X1D x 1   | 
|u_rs_alu0   | br_offs_reg   | Implied   | 4 x 32               | RAM32M x 6     | 
|u_rs_mdu    | robid_reg     | Implied   | 2 x 5                | RAM32M x 1     | 
|u_rs_mdu    | alu_op_reg    | Implied   | 2 x 22               | RAM32M x 4     | 
|u_rs_mdu    | csr_op_reg    | Implied   | 2 x 3                | RAM32M x 1     | 
|u_rs_mdu    | csr_num_reg   | Implied   | 2 x 14               | RAM32M x 3     | 
|u_rs_mdu    | tlb_op_reg    | Implied   | 2 x 11               | RAM32M x 2     | 
|u_rs_mdu    | wb_src_op_reg | Implied   | 2 x 6                | RAM32M x 1     | 
+------------+---------------+-----------+----------------------+----------------+

---------------------------------------------------------------------------------
Finished ROM, RAM, DSP, Shift Register and Retiming Reporting
---------------------------------------------------------------------------------
---------------------------------------------------------------------------------
Start Technology Mapping
---------------------------------------------------------------------------------
INFO: [Synth 8-7052] The timing for the instance u_dcachei_13/u_dcache/gen_dram[1].u_way_ram/mem_reg_0 (implemented as a Block RAM) might be sub-optimal as no optional output register could be merged into the ram block. Providing additional output register may help in improving timing.
INFO: [Synth 8-7052] The timing for the instance u_dcachei_13/u_dcache/gen_dram[1].u_way_ram/mem_reg_0 (implemented as a Block RAM) might be sub-optimal as no optional output register could be merged into the ram block. Providing additional output register may help in improving timing.
INFO: [Synth 8-7052] The timing for the instance u_dcachei_13/u_dcache/gen_dram[1].u_way_ram/mem_reg_1 (implemented as a Block RAM) might be sub-optimal as no optional output register could be merged into the ram block. Providing additional output register may help in improving timing.
INFO: [Synth 8-7052] The timing for the instance u_dcachei_13/u_dcache/gen_dram[1].u_way_ram/mem_reg_1 (implemented as a Block RAM) might be sub-optimal as no optional output register could be merged into the ram block. Providing additional output register may help in improving timing.
INFO: [Synth 8-7052] The timing for the instance u_dcachei_13/u_dcache/gen_dram[1].u_way_ram/mem_reg_2 (implemented as a Block RAM) might be sub-optimal as no optional output register could be merged into the ram block. Providing additional output register may help in improving timing.
INFO: [Synth 8-7052] The timing for the instance u_dcachei_13/u_dcache/gen_dram[1].u_way_ram/mem_reg_2 (implemented as a Block RAM) might be sub-optimal as no optional output register could be merged into the ram block. Providing additional output register may help in improving timing.
INFO: [Synth 8-7052] The timing for the instance u_dcachei_13/u_dcache/gen_dram[1].u_way_ram/mem_reg_3 (implemented as a Block RAM) might be sub-optimal as no optional output register could be merged into the ram block. Providing additional output register may help in improving timing.
INFO: [Synth 8-7052] The timing for the instance u_dcachei_13/u_dcache/gen_dram[1].u_way_ram/mem_reg_3 (implemented as a Block RAM) might be sub-optimal as no optional output register could be merged into the ram block. Providing additional output register may help in improving timing.
INFO: [Synth 8-7052] The timing for the instance u_dcachei_13/u_dcache/gen_dram[2].u_way_ram/mem_reg_0 (implemented as a Block RAM) might be sub-optimal as no optional output register could be merged into the ram block. Providing additional output register may help in improving timing.
INFO: [Synth 8-7052] The timing for the instance u_dcachei_13/u_dcache/gen_dram[2].u_way_ram/mem_reg_0 (implemented as a Block RAM) might be sub-optimal as no optional output register could be merged into the ram block. Providing additional output register may help in improving timing.
INFO: [Synth 8-7052] The timing for the instance u_dcachei_13/u_dcache/gen_dram[2].u_way_ram/mem_reg_1 (implemented as a Block RAM) might be sub-optimal as no optional output register could be merged into the ram block. Providing additional output register may help in improving timing.
INFO: [Synth 8-7052] The timing for the instance u_dcachei_13/u_dcache/gen_dram[2].u_way_ram/mem_reg_1 (implemented as a Block RAM) might be sub-optimal as no optional output register could be merged into the ram block. Providing additional output register may help in improving timing.
INFO: [Synth 8-7052] The timing for the instance u_dcachei_13/u_dcache/gen_dram[2].u_way_ram/mem_reg_2 (implemented as a Block RAM) might be sub-optimal as no optional output register could be merged into the ram block. Providing additional output register may help in improving timing.
INFO: [Synth 8-7052] The timing for the instance u_dcachei_13/u_dcache/gen_dram[2].u_way_ram/mem_reg_2 (implemented as a Block RAM) might be sub-optimal as no optional output register could be merged into the ram block. Providing additional output register may help in improving timing.
INFO: [Synth 8-7052] The timing for the instance u_dcachei_13/u_dcache/gen_dram[2].u_way_ram/mem_reg_3 (implemented as a Block RAM) might be sub-optimal as no optional output register could be merged into the ram block. Providing additional output register may help in improving timing.
INFO: [Synth 8-7052] The timing for the instance u_dcachei_13/u_dcache/gen_dram[2].u_way_ram/mem_reg_3 (implemented as a Block RAM) might be sub-optimal as no optional output register could be merged into the ram block. Providing additional output register may help in improving timing.
INFO: [Synth 8-7052] The timing for the instance u_dcachei_13/u_dcache/gen_dram[3].u_way_ram/mem_reg_0 (implemented as a Block RAM) might be sub-optimal as no optional output register could be merged into the ram block. Providing additional output register may help in improving timing.
INFO: [Synth 8-7052] The timing for the instance u_dcachei_13/u_dcache/gen_dram[3].u_way_ram/mem_reg_0 (implemented as a Block RAM) might be sub-optimal as no optional output register could be merged into the ram block. Providing additional output register may help in improving timing.
INFO: [Synth 8-7052] The timing for the instance u_dcachei_13/u_dcache/gen_dram[3].u_way_ram/mem_reg_1 (implemented as a Block RAM) might be sub-optimal as no optional output register could be merged into the ram block. Providing additional output register may help in improving timing.
INFO: [Synth 8-7052] The timing for the instance u_dcachei_13/u_dcache/gen_dram[3].u_way_ram/mem_reg_1 (implemented as a Block RAM) might be sub-optimal as no optional output register could be merged into the ram block. Providing additional output register may help in improving timing.
INFO: [Synth 8-7052] The timing for the instance u_dcachei_13/u_dcache/gen_dram[3].u_way_ram/mem_reg_2 (implemented as a Block RAM) might be sub-optimal as no optional output register could be merged into the ram block. Providing additional output register may help in improving timing.
INFO: [Synth 8-7052] The timing for the instance u_dcachei_13/u_dcache/gen_dram[3].u_way_ram/mem_reg_2 (implemented as a Block RAM) might be sub-optimal as no optional output register could be merged into the ram block. Providing additional output register may help in improving timing.
INFO: [Synth 8-7052] The timing for the instance u_dcachei_13/u_dcache/gen_dram[3].u_way_ram/mem_reg_3 (implemented as a Block RAM) might be sub-optimal as no optional output register could be merged into the ram block. Providing additional output register may help in improving timing.
INFO: [Synth 8-7052] The timing for the instance u_dcachei_13/u_dcache/gen_dram[3].u_way_ram/mem_reg_3 (implemented as a Block RAM) might be sub-optimal as no optional output register could be merged into the ram block. Providing additional output register may help in improving timing.
INFO: [Synth 8-7052] The timing for the instance u_dcachei_13/u_dcache/gen_dram[0].u_way_ram/mem_reg_0 (implemented as a Block RAM) might be sub-optimal as no optional output register could be merged into the ram block. Providing additional output register may help in improving timing.
INFO: [Synth 8-7052] The timing for the instance u_dcachei_13/u_dcache/gen_dram[0].u_way_ram/mem_reg_0 (implemented as a Block RAM) might be sub-optimal as no optional output register could be merged into the ram block. Providing additional output register may help in improving timing.
INFO: [Synth 8-7052] The timing for the instance u_dcachei_13/u_dcache/gen_dram[0].u_way_ram/mem_reg_1 (implemented as a Block RAM) might be sub-optimal as no optional output register could be merged into the ram block. Providing additional output register may help in improving timing.
INFO: [Synth 8-7052] The timing for the instance u_dcachei_13/u_dcache/gen_dram[0].u_way_ram/mem_reg_1 (implemented as a Block RAM) might be sub-optimal as no optional output register could be merged into the ram block. Providing additional output register may help in improving timing.
INFO: [Synth 8-7052] The timing for the instance u_dcachei_13/u_dcache/gen_dram[0].u_way_ram/mem_reg_2 (implemented as a Block RAM) might be sub-optimal as no optional output register could be merged into the ram block. Providing additional output register may help in improving timing.
INFO: [Synth 8-7052] The timing for the instance u_dcachei_13/u_dcache/gen_dram[0].u_way_ram/mem_reg_2 (implemented as a Block RAM) might be sub-optimal as no optional output register could be merged into the ram block. Providing additional output register may help in improving timing.
INFO: [Synth 8-7052] The timing for the instance u_dcachei_13/u_dcache/gen_dram[0].u_way_ram/mem_reg_3 (implemented as a Block RAM) might be sub-optimal as no optional output register could be merged into the ram block. Providing additional output register may help in improving timing.
INFO: [Synth 8-7052] The timing for the instance u_dcachei_13/u_dcache/gen_dram[0].u_way_ram/mem_reg_3 (implemented as a Block RAM) might be sub-optimal as no optional output register could be merged into the ram block. Providing additional output register may help in improving timing.
INFO: [Synth 8-7052] The timing for the instance u_icache/gen_iram[0].u_way_ram/mem_reg_0 (implemented as a Block RAM) might be sub-optimal as no optional output register could be merged into the ram block. Providing additional output register may help in improving timing.
INFO: [Synth 8-7052] The timing for the instance u_icache/gen_iram[0].u_way_ram/mem_reg_0 (implemented as a Block RAM) might be sub-optimal as no optional output register could be merged into the ram block. Providing additional output register may help in improving timing.
INFO: [Synth 8-7052] The timing for the instance u_icache/gen_iram[0].u_way_ram/mem_reg_1 (implemented as a Block RAM) might be sub-optimal as no optional output register could be merged into the ram block. Providing additional output register may help in improving timing.
INFO: [Synth 8-7052] The timing for the instance u_icache/gen_iram[0].u_way_ram/mem_reg_1 (implemented as a Block RAM) might be sub-optimal as no optional output register could be merged into the ram block. Providing additional output register may help in improving timing.
INFO: [Synth 8-7052] The timing for the instance u_icache/gen_iram[0].u_way_ram/mem_reg_2 (implemented as a Block RAM) might be sub-optimal as no optional output register could be merged into the ram block. Providing additional output register may help in improving timing.
INFO: [Synth 8-7052] The timing for the instance u_icache/gen_iram[0].u_way_ram/mem_reg_2 (implemented as a Block RAM) might be sub-optimal as no optional output register could be merged into the ram block. Providing additional output register may help in improving timing.
INFO: [Synth 8-7052] The timing for the instance u_icache/gen_iram[0].u_way_ram/mem_reg_3 (implemented as a Block RAM) might be sub-optimal as no optional output register could be merged into the ram block. Providing additional output register may help in improving timing.
INFO: [Synth 8-7052] The timing for the instance u_icache/gen_iram[0].u_way_ram/mem_reg_3 (implemented as a Block RAM) might be sub-optimal as no optional output register could be merged into the ram block. Providing additional output register may help in improving timing.
INFO: [Synth 8-7052] The timing for the instance u_icache/gen_iram[1].u_way_ram/mem_reg_0 (implemented as a Block RAM) might be sub-optimal as no optional output register could be merged into the ram block. Providing additional output register may help in improving timing.
INFO: [Synth 8-7052] The timing for the instance u_icache/gen_iram[1].u_way_ram/mem_reg_0 (implemented as a Block RAM) might be sub-optimal as no optional output register could be merged into the ram block. Providing additional output register may help in improving timing.
INFO: [Synth 8-7052] The timing for the instance u_icache/gen_iram[1].u_way_ram/mem_reg_1 (implemented as a Block RAM) might be sub-optimal as no optional output register could be merged into the ram block. Providing additional output register may help in improving timing.
INFO: [Synth 8-7052] The timing for the instance u_icache/gen_iram[1].u_way_ram/mem_reg_1 (implemented as a Block RAM) might be sub-optimal as no optional output register could be merged into the ram block. Providing additional output register may help in improving timing.
INFO: [Synth 8-7052] The timing for the instance u_icache/gen_iram[1].u_way_ram/mem_reg_2 (implemented as a Block RAM) might be sub-optimal as no optional output register could be merged into the ram block. Providing additional output register may help in improving timing.
INFO: [Synth 8-7052] The timing for the instance u_icache/gen_iram[1].u_way_ram/mem_reg_2 (implemented as a Block RAM) might be sub-optimal as no optional output register could be merged into the ram block. Providing additional output register may help in improving timing.
INFO: [Synth 8-7052] The timing for the instance u_icache/gen_iram[1].u_way_ram/mem_reg_3 (implemented as a Block RAM) might be sub-optimal as no optional output register could be merged into the ram block. Providing additional output register may help in improving timing.
INFO: [Synth 8-7052] The timing for the instance u_icache/gen_iram[1].u_way_ram/mem_reg_3 (implemented as a Block RAM) might be sub-optimal as no optional output register could be merged into the ram block. Providing additional output register may help in improving timing.
INFO: [Synth 8-7052] The timing for the instance u_icache/gen_iram[2].u_way_ram/mem_reg_0 (implemented as a Block RAM) might be sub-optimal as no optional output register could be merged into the ram block. Providing additional output register may help in improving timing.
INFO: [Synth 8-7052] The timing for the instance u_icache/gen_iram[2].u_way_ram/mem_reg_0 (implemented as a Block RAM) might be sub-optimal as no optional output register could be merged into the ram block. Providing additional output register may help in improving timing.
INFO: [Synth 8-7052] The timing for the instance u_icache/gen_iram[2].u_way_ram/mem_reg_1 (implemented as a Block RAM) might be sub-optimal as no optional output register could be merged into the ram block. Providing additional output register may help in improving timing.
INFO: [Synth 8-7052] The timing for the instance u_icache/gen_iram[2].u_way_ram/mem_reg_1 (implemented as a Block RAM) might be sub-optimal as no optional output register could be merged into the ram block. Providing additional output register may help in improving timing.
INFO: [Synth 8-7052] The timing for the instance u_icache/gen_iram[2].u_way_ram/mem_reg_2 (implemented as a Block RAM) might be sub-optimal as no optional output register could be merged into the ram block. Providing additional output register may help in improving timing.
INFO: [Synth 8-7052] The timing for the instance u_icache/gen_iram[2].u_way_ram/mem_reg_2 (implemented as a Block RAM) might be sub-optimal as no optional output register could be merged into the ram block. Providing additional output register may help in improving timing.
INFO: [Synth 8-7052] The timing for the instance u_icache/gen_iram[2].u_way_ram/mem_reg_3 (implemented as a Block RAM) might be sub-optimal as no optional output register could be merged into the ram block. Providing additional output register may help in improving timing.
INFO: [Synth 8-7052] The timing for the instance u_icache/gen_iram[2].u_way_ram/mem_reg_3 (implemented as a Block RAM) might be sub-optimal as no optional output register could be merged into the ram block. Providing additional output register may help in improving timing.
INFO: [Synth 8-7052] The timing for the instance u_icache/gen_iram[3].u_way_ram/mem_reg_0 (implemented as a Block RAM) might be sub-optimal as no optional output register could be merged into the ram block. Providing additional output register may help in improving timing.
INFO: [Synth 8-7052] The timing for the instance u_icache/gen_iram[3].u_way_ram/mem_reg_0 (implemented as a Block RAM) might be sub-optimal as no optional output register could be merged into the ram block. Providing additional output register may help in improving timing.
INFO: [Synth 8-7052] The timing for the instance u_icache/gen_iram[3].u_way_ram/mem_reg_1 (implemented as a Block RAM) might be sub-optimal as no optional output register could be merged into the ram block. Providing additional output register may help in improving timing.
INFO: [Synth 8-7052] The timing for the instance u_icache/gen_iram[3].u_way_ram/mem_reg_1 (implemented as a Block RAM) might be sub-optimal as no optional output register could be merged into the ram block. Providing additional output register may help in improving timing.
INFO: [Synth 8-7052] The timing for the instance u_icache/gen_iram[3].u_way_ram/mem_reg_2 (implemented as a Block RAM) might be sub-optimal as no optional output register could be merged into the ram block. Providing additional output register may help in improving timing.
INFO: [Synth 8-7052] The timing for the instance u_icache/gen_iram[3].u_way_ram/mem_reg_2 (implemented as a Block RAM) might be sub-optimal as no optional output register could be merged into the ram block. Providing additional output register may help in improving timing.
INFO: [Synth 8-7052] The timing for the instance u_icache/gen_iram[3].u_way_ram/mem_reg_3 (implemented as a Block RAM) might be sub-optimal as no optional output register could be merged into the ram block. Providing additional output register may help in improving timing.
INFO: [Synth 8-7052] The timing for the instance u_icache/gen_iram[3].u_way_ram/mem_reg_3 (implemented as a Block RAM) might be sub-optimal as no optional output register could be merged into the ram block. Providing additional output register may help in improving timing.
INFO: [Synth 8-3886] merging instance 'u_bpu/u_ftb/q_pc_r_reg[5]' (FD) to 'u_bpu/pc_r_reg[5]'
INFO: [Synth 8-3886] merging instance 'u_bpu/u_ftb/q_pc_r_reg[6]' (FD) to 'u_bpu/pc_r_reg[6]'
INFO: [Synth 8-3886] merging instance 'u_bpu/u_ftb/q_pc_r_reg[7]' (FD) to 'u_bpu/pc_r_reg[7]'
INFO: [Synth 8-3886] merging instance 'u_bpu/u_ftb/q_pc_r_reg[8]' (FD) to 'u_bpu/pc_r_reg[8]'
INFO: [Synth 8-3886] merging instance 'u_bpu/u_ftb/q_pc_r_reg[9]' (FD) to 'u_bpu/pc_r_reg[9]'
INFO: [Synth 8-3886] merging instance 'u_bpu/u_ftb/q_pc_r_reg[10]' (FD) to 'u_bpu/pc_r_reg[10]'
INFO: [Synth 8-3886] merging instance 'u_bpu/u_ftb/q_pc_r_reg[11]' (FD) to 'u_bpu/pc_r_reg[11]'
INFO: [Synth 8-3886] merging instance 'u_bpu/u_ftb/q_pc_r_reg[12]' (FD) to 'u_bpu/u_tage/q_bidx_r_reg[10]'
INFO: [Synth 8-3886] merging instance 'u_bpu/u_ftb/q_pc_r_reg[13]' (FD) to 'u_bpu/u_tage/q_tag_r_reg[0][11]'
INFO: [Synth 8-3886] merging instance 'u_bpu/u_ftb/q_pc_r_reg[14]' (FD) to 'u_bpu/u_tage/q_bidx_r_reg[12]'
INFO: [Synth 8-3886] merging instance 'u_bpu/u_ftb/q_pc_r_reg[15]' (FD) to 'u_bpu/pc_r_reg[15]'
INFO: [Synth 8-3886] merging instance 'u_bpu/u_ftb/q_pc_r_reg[16]' (FD) to 'u_bpu/pc_r_reg[16]'
INFO: [Synth 8-3886] merging instance 'u_bpu/u_ftb/q_pc_r_reg[17]' (FD) to 'u_bpu/pc_r_reg[17]'
INFO: [Synth 8-3886] merging instance 'u_bpu/u_ftb/q_pc_r_reg[18]' (FD) to 'u_bpu/pc_r_reg[18]'
INFO: [Synth 8-3886] merging instance 'u_bpu/u_ftb/q_pc_r_reg[19]' (FD) to 'u_bpu/pc_r_reg[19]'
INFO: [Synth 8-3886] merging instance 'u_bpu/u_ftb/q_pc_r_reg[20]' (FD) to 'u_bpu/pc_r_reg[20]'
INFO: [Synth 8-3886] merging instance 'u_bpu/u_ftb/q_pc_r_reg[21]' (FD) to 'u_bpu/pc_r_reg[21]'
INFO: [Synth 8-3886] merging instance 'u_bpu/u_ftb/q_pc_r_reg[22]' (FD) to 'u_bpu/pc_r_reg[22]'
INFO: [Common 17-14] Message 'Synth 8-3886' appears 100 times and further instances of the messages will be disabled. Use the Tcl command set_msg_config to change the current settings.
INFO: [Synth 8-7052] The timing for the instance u_bpu/u_ftb/gen_ftb_way[0].u_way/mem_reg_0 (implemented as a Block RAM) might be sub-optimal as no optional output register could be merged into the ram block. Providing additional output register may help in improving timing.
INFO: [Synth 8-7052] The timing for the instance u_bpu/u_ftb/gen_ftb_way[0].u_way/mem_reg_1 (implemented as a Block RAM) might be sub-optimal as no optional output register could be merged into the ram block. Providing additional output register may help in improving timing.
INFO: [Synth 8-7052] The timing for the instance u_bpu/u_ftb/gen_ftb_way[1].u_way/mem_reg_0 (implemented as a Block RAM) might be sub-optimal as no optional output register could be merged into the ram block. Providing additional output register may help in improving timing.
INFO: [Synth 8-7052] The timing for the instance u_bpu/u_ftb/gen_ftb_way[1].u_way/mem_reg_1 (implemented as a Block RAM) might be sub-optimal as no optional output register could be merged into the ram block. Providing additional output register may help in improving timing.
INFO: [Synth 8-7052] The timing for the instance u_bpu/u_ftb/gen_ftb_way[2].u_way/mem_reg_0 (implemented as a Block RAM) might be sub-optimal as no optional output register could be merged into the ram block. Providing additional output register may help in improving timing.
INFO: [Synth 8-7052] The timing for the instance u_bpu/u_ftb/gen_ftb_way[2].u_way/mem_reg_1 (implemented as a Block RAM) might be sub-optimal as no optional output register could be merged into the ram block. Providing additional output register may help in improving timing.
INFO: [Synth 8-7052] The timing for the instance u_bpu/u_ftb/gen_ftb_way[3].u_way/mem_reg_0 (implemented as a Block RAM) might be sub-optimal as no optional output register could be merged into the ram block. Providing additional output register may help in improving timing.
INFO: [Synth 8-7052] The timing for the instance u_bpu/u_ftb/gen_ftb_way[3].u_way/mem_reg_1 (implemented as a Block RAM) might be sub-optimal as no optional output register could be merged into the ram block. Providing additional output register may help in improving timing.
INFO: [Synth 8-7052] The timing for the instance u_bpu/u_tage/gen_ttab[0].u_ttab/mem_reg (implemented as a Block RAM) might be sub-optimal as no optional output register could be merged into the ram block. Providing additional output register may help in improving timing.
INFO: [Synth 8-7052] The timing for the instance u_bpu/u_tage/gen_ttab[1].u_ttab/mem_reg (implemented as a Block RAM) might be sub-optimal as no optional output register could be merged into the ram block. Providing additional output register may help in improving timing.
INFO: [Synth 8-7052] The timing for the instance u_bpu/u_tage/gen_ttab[2].u_ttab/mem_reg (implemented as a Block RAM) might be sub-optimal as no optional output register could be merged into the ram block. Providing additional output register may help in improving timing.
INFO: [Synth 8-7052] The timing for the instance u_bpu/u_tage/gen_ttab[3].u_ttab/mem_reg (implemented as a Block RAM) might be sub-optimal as no optional output register could be merged into the ram block. Providing additional output register may help in improving timing.
INFO: [Synth 8-7052] The timing for the instance u_bpu/u_tage/u_base/mem_reg (implemented as a Block RAM) might be sub-optimal as no optional output register could be merged into the ram block. Providing additional output register may help in improving timing.
INFO: [Synth 8-7052] The timing for the instance i_16/u_l2cache/gen_l2ram[0].u_tag_ram/mem_reg (implemented as a Block RAM) might be sub-optimal as no optional output register could be merged into the ram block. Providing additional output register may help in improving timing.
INFO: [Synth 8-7052] The timing for the instance i_16/u_l2cache/gen_l2ram[0].u_tag_ram/mem_reg (implemented as a Block RAM) might be sub-optimal as no optional output register could be merged into the ram block. Providing additional output register may help in improving timing.
INFO: [Synth 8-7052] The timing for the instance i_16/u_l2cache/gen_l2ram[0].u_data_ram/mem_reg_0 (implemented as a Block RAM) might be sub-optimal as no optional output register could be merged into the ram block. Providing additional output register may help in improving timing.
INFO: [Synth 8-7052] The timing for the instance i_16/u_l2cache/gen_l2ram[0].u_data_ram/mem_reg_0 (implemented as a Block RAM) might be sub-optimal as no optional output register could be merged into the ram block. Providing additional output register may help in improving timing.
INFO: [Synth 8-7052] The timing for the instance i_16/u_l2cache/gen_l2ram[0].u_data_ram/mem_reg_1 (implemented as a Block RAM) might be sub-optimal as no optional output register could be merged into the ram block. Providing additional output register may help in improving timing.
INFO: [Synth 8-7052] The timing for the instance i_16/u_l2cache/gen_l2ram[0].u_data_ram/mem_reg_1 (implemented as a Block RAM) might be sub-optimal as no optional output register could be merged into the ram block. Providing additional output register may help in improving timing.
INFO: [Synth 8-7052] The timing for the instance i_16/u_l2cache/gen_l2ram[0].u_data_ram/mem_reg_2 (implemented as a Block RAM) might be sub-optimal as no optional output register could be merged into the ram block. Providing additional output register may help in improving timing.
INFO: [Synth 8-7052] The timing for the instance i_16/u_l2cache/gen_l2ram[0].u_data_ram/mem_reg_2 (implemented as a Block RAM) might be sub-optimal as no optional output register could be merged into the ram block. Providing additional output register may help in improving timing.
INFO: [Synth 8-7052] The timing for the instance i_16/u_l2cache/gen_l2ram[0].u_data_ram/mem_reg_3 (implemented as a Block RAM) might be sub-optimal as no optional output register could be merged into the ram block. Providing additional output register may help in improving timing.
INFO: [Synth 8-7052] The timing for the instance i_16/u_l2cache/gen_l2ram[0].u_data_ram/mem_reg_3 (implemented as a Block RAM) might be sub-optimal as no optional output register could be merged into the ram block. Providing additional output register may help in improving timing.
INFO: [Synth 8-7052] The timing for the instance i_16/u_l2cache/gen_l2ram[1].u_tag_ram/mem_reg (implemented as a Block RAM) might be sub-optimal as no optional output register could be merged into the ram block. Providing additional output register may help in improving timing.
INFO: [Synth 8-7052] The timing for the instance i_16/u_l2cache/gen_l2ram[1].u_tag_ram/mem_reg (implemented as a Block RAM) might be sub-optimal as no optional output register could be merged into the ram block. Providing additional output register may help in improving timing.
INFO: [Synth 8-7052] The timing for the instance i_16/u_l2cache/gen_l2ram[1].u_data_ram/mem_reg_0 (implemented as a Block RAM) might be sub-optimal as no optional output register could be merged into the ram block. Providing additional output register may help in improving timing.
INFO: [Synth 8-7052] The timing for the instance i_16/u_l2cache/gen_l2ram[1].u_data_ram/mem_reg_0 (implemented as a Block RAM) might be sub-optimal as no optional output register could be merged into the ram block. Providing additional output register may help in improving timing.
INFO: [Synth 8-7052] The timing for the instance i_16/u_l2cache/gen_l2ram[1].u_data_ram/mem_reg_1 (implemented as a Block RAM) might be sub-optimal as no optional output register could be merged into the ram block. Providing additional output register may help in improving timing.
INFO: [Synth 8-7052] The timing for the instance i_16/u_l2cache/gen_l2ram[1].u_data_ram/mem_reg_1 (implemented as a Block RAM) might be sub-optimal as no optional output register could be merged into the ram block. Providing additional output register may help in improving timing.
INFO: [Synth 8-7052] The timing for the instance i_16/u_l2cache/gen_l2ram[1].u_data_ram/mem_reg_2 (implemented as a Block RAM) might be sub-optimal as no optional output register could be merged into the ram block. Providing additional output register may help in improving timing.
INFO: [Synth 8-7052] The timing for the instance i_16/u_l2cache/gen_l2ram[1].u_data_ram/mem_reg_2 (implemented as a Block RAM) might be sub-optimal as no optional output register could be merged into the ram block. Providing additional output register may help in improving timing.
INFO: [Synth 8-7052] The timing for the instance i_16/u_l2cache/gen_l2ram[1].u_data_ram/mem_reg_3 (implemented as a Block RAM) might be sub-optimal as no optional output register could be merged into the ram block. Providing additional output register may help in improving timing.
INFO: [Synth 8-7052] The timing for the instance i_16/u_l2cache/gen_l2ram[1].u_data_ram/mem_reg_3 (implemented as a Block RAM) might be sub-optimal as no optional output register could be merged into the ram block. Providing additional output register may help in improving timing.
INFO: [Synth 8-3333] propagating constant 0 across sequential element (\u_fu_alu1/ex_br_offs_reg[1] )
INFO: [Synth 8-3333] propagating constant 0 across sequential element (\u_fu_alu0/ex_br_offs_reg[1] )
---------------------------------------------------------------------------------
Finished Technology Mapping : Time (s): cpu = 00:17:37 ; elapsed = 00:18:04 . Memory (MB): peak = 1876.289 ; gain = 1416.395
---------------------------------------------------------------------------------
---------------------------------------------------------------------------------
Start IO Insertion
---------------------------------------------------------------------------------
---------------------------------------------------------------------------------
Start Flattening Before IO Insertion
---------------------------------------------------------------------------------
---------------------------------------------------------------------------------
Finished Flattening Before IO Insertion
---------------------------------------------------------------------------------
---------------------------------------------------------------------------------
Start Final Netlist Cleanup
---------------------------------------------------------------------------------
INFO: [Synth 8-7052] The timing for the instance u_bpu/u_ftb/gen_ftb_way[0].u_way/mem_reg_0 (implemented as a Block RAM) might be sub-optimal as no optional output register could be merged into the ram block. Providing additional output register may help in improving timing.
INFO: [Synth 8-7052] The timing for the instance u_bpu/u_ftb/gen_ftb_way[0].u_way/mem_reg_1 (implemented as a Block RAM) might be sub-optimal as no optional output register could be merged into the ram block. Providing additional output register may help in improving timing.
INFO: [Synth 8-7052] The timing for the instance u_bpu/u_ftb/gen_ftb_way[1].u_way/mem_reg_0 (implemented as a Block RAM) might be sub-optimal as no optional output register could be merged into the ram block. Providing additional output register may help in improving timing.
INFO: [Common 17-14] Message 'Synth 8-7052' appears 100 times and further instances of the messages will be disabled. Use the Tcl command set_msg_config to change the current settings.
---------------------------------------------------------------------------------
Finished Final Netlist Cleanup
---------------------------------------------------------------------------------
---------------------------------------------------------------------------------
Finished IO Insertion : Time (s): cpu = 00:18:32 ; elapsed = 00:18:59 . Memory (MB): peak = 1886.098 ; gain = 1426.203
---------------------------------------------------------------------------------
---------------------------------------------------------------------------------
Start Renaming Generated Instances
---------------------------------------------------------------------------------
---------------------------------------------------------------------------------
Finished Renaming Generated Instances : Time (s): cpu = 00:18:33 ; elapsed = 00:19:00 . Memory (MB): peak = 1886.098 ; gain = 1426.203
---------------------------------------------------------------------------------
---------------------------------------------------------------------------------
Start Rebuilding User Hierarchy
---------------------------------------------------------------------------------
---------------------------------------------------------------------------------
Finished Rebuilding User Hierarchy : Time (s): cpu = 00:18:43 ; elapsed = 00:19:11 . Memory (MB): peak = 1886.098 ; gain = 1426.203
---------------------------------------------------------------------------------
---------------------------------------------------------------------------------
Start Renaming Generated Ports
---------------------------------------------------------------------------------
---------------------------------------------------------------------------------
Finished Renaming Generated Ports : Time (s): cpu = 00:18:45 ; elapsed = 00:19:12 . Memory (MB): peak = 1886.098 ; gain = 1426.203
---------------------------------------------------------------------------------
---------------------------------------------------------------------------------
Start Handling Custom Attributes
---------------------------------------------------------------------------------
---------------------------------------------------------------------------------
Finished Handling Custom Attributes : Time (s): cpu = 00:19:12 ; elapsed = 00:19:40 . Memory (MB): peak = 1886.098 ; gain = 1426.203
---------------------------------------------------------------------------------
---------------------------------------------------------------------------------
Start Renaming Generated Nets
---------------------------------------------------------------------------------
---------------------------------------------------------------------------------
Finished Renaming Generated Nets : Time (s): cpu = 00:19:13 ; elapsed = 00:19:41 . Memory (MB): peak = 1886.098 ; gain = 1426.203
---------------------------------------------------------------------------------
---------------------------------------------------------------------------------
Start Writing Synthesis Report
---------------------------------------------------------------------------------

DSP Final Report (the ' indicates corresponding REG is set)
+------------+-------------------+--------+--------+--------+--------+--------+------+------+------+------+-------+------+------+
|Module Name | DSP Mapping       | A Size | B Size | C Size | D Size | P Size | AREG | BREG | CREG | DREG | ADREG | MREG | PREG | 
+------------+-------------------+--------+--------+--------+--------+--------+------+------+------+------+-------+------+------+
|mul         | A'*B'             | 17     | 18     | -      | -      | 48     | 1    | 1    | -    | -    | -     | 0    | 0    | 
|mul         | (PCIN>>17+A'*B')' | 30     | 18     | -      | -      | 48     | 1    | 1    | -    | -    | -     | 0    | 1    | 
|mul         | A'*B'             | 17     | 17     | -      | -      | 48     | 1    | 1    | -    | -    | -     | 0    | 0    | 
|mul         | (PCIN>>17+A'*B')' | 17     | 18     | -      | -      | 48     | 1    | 1    | -    | -    | -     | 0    | 1    | 
+------------+-------------------+--------+--------+--------+--------+--------+------+------+------+------+-------+------+------+


Report BlackBoxes: 
+-+--------------+----------+
| |BlackBox name |Instances |
+-+--------------+----------+
+-+--------------+----------+

Report Cell Usage: 
+------+----------+------+
|      |Cell      |Count |
+------+----------+------+
|1     |CARRY4    |   869|
|2     |DSP48E1   |     4|
|3     |LUT1      |   174|
|4     |LUT2      |  2399|
|5     |LUT3      |  5457|
|6     |LUT4      | 12242|
|7     |LUT5      | 12639|
|8     |LUT6      | 56331|
|9     |MUXF7     |  8719|
|10    |MUXF8     |  2832|
|11    |RAM128X1S |     4|
|12    |RAM16X1D  |     3|
|13    |RAM32M    |    65|
|14    |RAMB18E1  |     7|
|15    |RAMB36E1  |    48|
|16    |FDRE      | 53157|
|17    |FDSE      |    78|
+------+----------+------+

Report Instance Areas: 
+------+---------------------------------+-----------------------------+-------+
|      |Instance                         |Module                       |Cells  |
+------+---------------------------------+-----------------------------+-------+
|1     |top                              |                             | 155028|
|2     |  u_commit                       |commit                       |     14|
|3     |  u_axi_line_bridge              |axi_line_bridge              |   1082|
|4     |  u_bpu                          |bpu                          |   8559|
|5     |    u_ftb                        |ftb                          |   1658|
|6     |      \gen_ftb_way[0].u_way      |ftb_way_ram                  |     51|
|7     |      \gen_ftb_way[1].u_way      |ftb_way_ram_15               |     74|
|8     |      \gen_ftb_way[2].u_way      |ftb_way_ram_16               |   1313|
|9     |      \gen_ftb_way[3].u_way      |ftb_way_ram_17               |     44|
|10    |    u_ras                        |ras                          |   4694|
|11    |    u_tage                       |tage                         |    959|
|12    |      \gen_ttab[0].u_ttab        |tage_tag_ram                 |     58|
|13    |      \gen_ttab[1].u_ttab        |tage_tag_ram_12              |     59|
|14    |      \gen_ttab[2].u_ttab        |tage_tag_ram_13              |     54|
|15    |      \gen_ttab[3].u_ttab        |tage_tag_ram_14              |    126|
|16    |      u_base                     |tage_base_ram                |     16|
|17    |    u_ubtb                       |ubtb                         |   1143|
|18    |  u_csr_exception_commit_handler |csr_exception_commit_handler |   2016|
|19    |  u_ctrl                         |ctrl                         |      2|
|20    |  u_dcache                       |dcache                       |  42406|
|21    |    \gen_dram[0].u_way_ram       |dcache_way_ram               |   4418|
|22    |    \gen_dram[1].u_way_ram       |dcache_way_ram_9             |   1287|
|23    |    \gen_dram[2].u_way_ram       |dcache_way_ram_10            |   2019|
|24    |    \gen_dram[3].u_way_ram       |dcache_way_ram_11            |     26|
|25    |  u_ftq                          |ftq                          |   4337|
|26    |  u_fu_alu0                      |fu_alu                       |   3821|
|27    |    u_alu                        |alu_8                        |     32|
|28    |  u_fu_alu1                      |fu_alu_0                     |   3138|
|29    |    u_alu                        |alu                          |     32|
|30    |  u_fu_mdu                       |fu_mdu                       |   2852|
|31    |    u_div                        |div                          |    572|
|32    |    u_mul                        |mul                          |    233|
|33    |  u_icache                       |icache                       |  21242|
|34    |    \gen_iram[0].u_way_ram       |icache_way_ram               |    518|
|35    |    \gen_iram[1].u_way_ram       |icache_way_ram_5             |      6|
|36    |    \gen_iram[2].u_way_ram       |icache_way_ram_6             |    262|
|37    |    \gen_iram[3].u_way_ram       |icache_way_ram_7             |     13|
|38    |  u_ifu                          |ifu                          |   2255|
|39    |  u_inst_buffer                  |inst_buffer                  |   8486|
|40    |  u_l2cache                      |l2cache                      |   5395|
|41    |    \gen_l2ram[0].u_data_ram     |l2_data_ram_t                |      6|
|42    |    \gen_l2ram[0].u_tag_ram      |l2_tag_ram_t                 |    890|
|43    |    \gen_l2ram[1].u_data_ram     |l2_data_ram_t_3              |     21|
|44    |    \gen_l2ram[1].u_tag_ram      |l2_tag_ram_t_4               |    291|
|45    |  u_lsu                          |lsu                          |   3562|
|46    |  u_mmu                          |mmu                          |      2|
|47    |  u_rat                          |rat                          |    564|
|48    |  u_regfile                      |regfile                      |   4416|
|49    |  u_rename                       |rename                       |   1989|
|50    |  u_rob                          |rob                          |  24622|
|51    |  u_rs_alu0                      |rs_alu                       |    841|
|52    |  u_rs_alu1                      |rs_alu_1                     |    843|
|53    |  u_rs_mdu                       |rs_mdu                       |   1057|
|54    |  u_rs_mem                       |rs_mem                       |    701|
|55    |  u_store_buffer                 |store_buffer                 |   2319|
|56    |  u_tlb_manager                  |tlb_manager                  |   8506|
|57    |    u_l1_tlb_d                   |l1_tlb                       |    609|
|58    |    u_l1_tlb_i                   |l1_tlb_2                     |    588|
|59    |    u_tlb                        |tlb                          |   7299|
+------+---------------------------------+-----------------------------+-------+
---------------------------------------------------------------------------------
Finished Writing Synthesis Report : Time (s): cpu = 00:19:14 ; elapsed = 00:19:41 . Memory (MB): peak = 1886.098 ; gain = 1426.203
---------------------------------------------------------------------------------
Synthesis finished with 0 errors, 0 critical warnings and 1160 warnings.
Synthesis Optimization Runtime : Time (s): cpu = 00:19:14 ; elapsed = 00:19:44 . Memory (MB): peak = 1886.098 ; gain = 1426.203
Synthesis Optimization Complete : Time (s): cpu = 00:19:14 ; elapsed = 00:19:44 . Memory (MB): peak = 1886.098 ; gain = 1426.203
INFO: [Project 1-571] Translating synthesized netlist
Netlist sorting complete. Time (s): cpu = 00:00:04 ; elapsed = 00:00:04 . Memory (MB): peak = 1894.230 ; gain = 0.000
INFO: [Netlist 29-17] Analyzing 12551 Unisim elements for replacement
INFO: [Netlist 29-28] Unisim Transformation completed in 1 CPU seconds
INFO: [Project 1-570] Preparing netlist for logic optimization
INFO: [Opt 31-138] Pushed 0 inverter(s) to 0 load pin(s).
Netlist sorting complete. Time (s): cpu = 00:00:00 ; elapsed = 00:00:00.068 . Memory (MB): peak = 1955.090 ; gain = 0.000
INFO: [Project 1-111] Unisim Transformation Summary:
  A total of 72 instances were transformed.
  RAM128X1S => RAM128X1S (MUXF7, RAMS64E(x2)): 4 instances
  RAM16X1D => RAM32X1D (RAMD32(x2)): 3 instances
  RAM32M => RAM32M (RAMD32(x6), RAMS32(x2)): 65 instances

系统找不到指定的路径。
Synth Design complete | Checksum: 3b75fa4f
INFO: [Common 17-83] Releasing license: Synthesis
383 Infos, 471 Warnings, 0 Critical Warnings and 0 Errors encountered.
synth_design completed successfully
synth_design: Time (s): cpu = 00:20:05 ; elapsed = 00:20:38 . Memory (MB): peak = 1955.090 ; gain = 1500.176
# create_clock -name aclk -period 10.000 [get_ports aclk]
# set_input_delay  -clock aclk 2.0 [all_inputs]
WARNING: [Constraints 18-6211] Setting input delay on a clock pin 'aclk' relative to clock 'aclk' defined on the same pin is not supported, ignoring it
# set_output_delay -clock aclk 2.0 [all_outputs]
# report_timing_summary -max_paths 20 -file $out_dir/timing_summary.rpt
WARNING: [Constraints 18-6211] Setting input delay on a clock pin 'aclk' relative to clock 'aclk' defined on the same pin is not supported, ignoring it
INFO: [Timing 38-35] Done setting XDC timing constraints.
INFO: [Timing 38-91] UpdateTimingParams: Speed grade: -2, Delay Type: min_max.
INFO: [Timing 38-191] Multithreading enabled for timing update using a maximum of 2 CPUs
WARNING: [Timing 38-242] The property HD.CLK_SRC of clock port "aclk" is not set. In out-of-context mode, this prevents timing estimation for clock delay/skew
Resolution: Set the HD.CLK_SRC property of the out-of-context port to the location of the clock buffer instance in the top-level design
report_timing_summary: Time (s): cpu = 00:01:38 ; elapsed = 00:01:05 . Memory (MB): peak = 2802.168 ; gain = 847.078
# report_timing -max_paths 30 -sort_by group -input_pins -file $out_dir/timing_detail.rpt
INFO: [Timing 38-91] UpdateTimingParams: Speed grade: -2, Delay Type: max.
INFO: [Timing 38-191] Multithreading enabled for timing update using a maximum of 2 CPUs
INFO: [Timing 38-78] ReportTimingParams: -max_paths 30 -nworst 1 -delay_type max -sort_by group.
# report_utilization -file $out_dir/util.rpt
# puts "=== WNS ==="
=== WNS ===
# puts [get_property SLACK [get_timing_paths -max_paths 1 -nworst 1 -setup]]
-11.985
INFO: [Common 17-206] Exiting Vivado at Sat Jul 11 15:09:42 2026...
