Copyright 1986-2022 Xilinx, Inc. All Rights Reserved. Copyright 2022-2023 Advanced Micro Devices, Inc. All Rights Reserved.
---------------------------------------------------------------------------------------------------------------------------------------------
| Tool Version : Vivado v.2023.2 (win64) Build 4029153 Fri Oct 13 20:14:34 MDT 2023
| Date         : Sat Jul 11 15:09:39 2026
| Host         : DESKTOP-829P7GE running 64-bit major release  (build 9200)
| Command      : report_timing_summary -max_paths 20 -file e:/Loongarch_cpu/timing_ooc/timing_summary.rpt
| Design       : core_top
| Device       : 7a200t-fbg676
| Speed File   : -2  PRODUCTION 1.23 2018-06-13
| Design State : Synthesized
---------------------------------------------------------------------------------------------------------------------------------------------

Timing Summary Report

------------------------------------------------------------------------------------------------
| Timer Settings
| --------------
------------------------------------------------------------------------------------------------

  Enable Multi Corner Analysis               :  Yes
  Enable Pessimism Removal                   :  Yes
  Pessimism Removal Resolution               :  Nearest Common Node
  Enable Input Delay Default Clock           :  No
  Enable Preset / Clear Arcs                 :  No
  Disable Flight Delays                      :  No
  Ignore I/O Paths                           :  No
  Timing Early Launch at Borrowing Latches   :  No
  Borrow Time for Max Delay Exceptions       :  Yes
  Merge Timing Exceptions                    :  Yes
  Inter-SLR Compensation                     :  Conservative

  Corner  Analyze    Analyze    
  Name    Max Paths  Min Paths  
  ------  ---------  ---------  
  Slow    Yes        Yes        
  Fast    Yes        Yes        


------------------------------------------------------------------------------------------------
| Report Methodology
| ------------------
------------------------------------------------------------------------------------------------

No report available as report_methodology has not been run prior. Run report_methodology on the current design for the summary of methodology violations.



check_timing report

Table of Contents
-----------------
1. checking no_clock (0)
2. checking constant_clock (0)
3. checking pulse_width_clock (0)
4. checking unconstrained_internal_endpoints (0)
5. checking no_input_delay (0)
6. checking no_output_delay (0)
7. checking multiple_clock (0)
8. checking generated_clocks (0)
9. checking loops (4)
10. checking partial_input_delay (0)
11. checking partial_output_delay (0)
12. checking latch_loops (0)

1. checking no_clock (0)
------------------------
 There are 0 register/latch pins with no clock.


2. checking constant_clock (0)
------------------------------
 There are 0 register/latch pins with constant_clock.


3. checking pulse_width_clock (0)
---------------------------------
 There are 0 register/latch pins which need pulse_width check


4. checking unconstrained_internal_endpoints (0)
------------------------------------------------
 There are 0 pins that are not constrained for maximum delay.

 There are 0 pins that are not constrained for maximum delay due to constant clock.


5. checking no_input_delay (0)
------------------------------
 There are 0 input ports with no input delay specified.

 There are 0 input ports with no input delay but user has a false path constraint.


6. checking no_output_delay (0)
-------------------------------
 There are 0 ports with no output delay specified.

 There are 0 ports with no output delay but user has a false path constraint

 There are 0 ports with no output delay but with a timing clock defined on it or propagating through it


7. checking multiple_clock (0)
------------------------------
 There are 0 register/latch pins with multiple clocks.


8. checking generated_clocks (0)
--------------------------------
 There are 0 generated clocks that are not connected to a clock source.


9. checking loops (4)
---------------------
 There are 4 combinational loops in the design. (HIGH)


10. checking partial_input_delay (0)
------------------------------------
 There are 0 input ports with partial input delay specified.


11. checking partial_output_delay (0)
-------------------------------------
 There are 0 ports with partial output delay specified.


12. checking latch_loops (0)
----------------------------
 There are 0 combinational latch loops in the design through latch input



------------------------------------------------------------------------------------------------
| Design Timing Summary
| ---------------------
------------------------------------------------------------------------------------------------

    WNS(ns)      TNS(ns)  TNS Failing Endpoints  TNS Total Endpoints      WHS(ns)      THS(ns)  THS Failing Endpoints  THS Total Endpoints     WPWS(ns)     TPWS(ns)  TPWS Failing Endpoints  TPWS Total Endpoints  
    -------      -------  ---------------------  -------------------      -------      -------  ---------------------  -------------------     --------     --------  ----------------------  --------------------  
    -11.985  -141674.156                  48184               118414        0.198        0.000                      0               118414        3.870        0.000                       0                 53881  


Timing constraints are not met.


------------------------------------------------------------------------------------------------
| Clock Summary
| -------------
------------------------------------------------------------------------------------------------

Clock  Waveform(ns)       Period(ns)      Frequency(MHz)
-----  ------------       ----------      --------------
aclk   {0.000 5.000}      10.000          100.000         


------------------------------------------------------------------------------------------------
| Intra Clock Table
| -----------------
------------------------------------------------------------------------------------------------

Clock             WNS(ns)      TNS(ns)  TNS Failing Endpoints  TNS Total Endpoints      WHS(ns)      THS(ns)  THS Failing Endpoints  THS Total Endpoints     WPWS(ns)     TPWS(ns)  TPWS Failing Endpoints  TPWS Total Endpoints  
-----             -------      -------  ---------------------  -------------------      -------      -------  ---------------------  -------------------     --------     --------  ----------------------  --------------------  
aclk              -11.985  -141674.156                  48184               118414        0.198        0.000                      0               118414        3.870        0.000                       0                 53881  


------------------------------------------------------------------------------------------------
| Inter Clock Table
| -----------------
------------------------------------------------------------------------------------------------

From Clock    To Clock          WNS(ns)      TNS(ns)  TNS Failing Endpoints  TNS Total Endpoints      WHS(ns)      THS(ns)  THS Failing Endpoints  THS Total Endpoints  
----------    --------          -------      -------  ---------------------  -------------------      -------      -------  ---------------------  -------------------  


------------------------------------------------------------------------------------------------
| Other Path Groups Table
| -----------------------
------------------------------------------------------------------------------------------------

Path Group    From Clock    To Clock          WNS(ns)      TNS(ns)  TNS Failing Endpoints  TNS Total Endpoints      WHS(ns)      THS(ns)  THS Failing Endpoints  THS Total Endpoints  
----------    ----------    --------          -------      -------  ---------------------  -------------------      -------      -------  ---------------------  -------------------  


------------------------------------------------------------------------------------------------
| Timing Details
| --------------
------------------------------------------------------------------------------------------------


---------------------------------------------------------------------------------------------------
From Clock:  aclk
  To Clock:  aclk

Setup :        48184  Failing Endpoints,  Worst Slack      -11.985ns,  Total Violation  -141674.158ns
Hold  :            0  Failing Endpoints,  Worst Slack        0.198ns,  Total Violation        0.000ns
PW    :            0  Failing Endpoints,  Worst Slack        3.870ns,  Total Violation        0.000ns
---------------------------------------------------------------------------------------------------


Max Delay Paths
--------------------------------------------------------------------------------------
Slack (VIOLATED) :        -11.985ns  (required time - arrival time)
  Source:                 u_icache/tag_arr_reg[3][119][3]/C
                            (rising edge-triggered cell FDRE clocked by aclk  {rise@0.000ns fall@5.000ns period=10.000ns})
  Destination:            u_tlb_manager/u_l1_tlb_i/e_key_reg[0][0]/CE
                            (rising edge-triggered cell FDRE clocked by aclk  {rise@0.000ns fall@5.000ns period=10.000ns})
  Path Group:             aclk
  Path Type:              Setup (Max at Slow Process Corner)
  Requirement:            10.000ns  (aclk rise@10.000ns - aclk rise@0.000ns)
  Data Path Delay:        21.745ns  (logic 5.986ns (27.528%)  route 15.759ns (72.472%))
  Logic Levels:           36  (CARRY4=4 LUT2=1 LUT3=3 LUT4=3 LUT5=2 LUT6=20 MUXF7=2 MUXF8=1)
  Clock Path Skew:        -0.039ns (DCD - SCD + CPR)
    Destination Clock Delay (DCD):    0.748ns = ( 10.748 - 10.000 ) 
    Source Clock Delay      (SCD):    0.787ns
    Clock Pessimism Removal (CPR):    0.000ns
  Clock Uncertainty:      0.035ns  ((TSJ^2 + TIJ^2)^1/2 + DJ) / 2 + PE
    Total System Jitter     (TSJ):    0.071ns
    Total Input Jitter      (TIJ):    0.000ns
    Discrete Jitter          (DJ):    0.000ns
    Phase Error              (PE):    0.000ns

    Location             Delay type                Incr(ns)  Path(ns)    Netlist Resource(s)
  -------------------------------------------------------------------    -------------------
                         (clock aclk rise edge)       0.000     0.000 r  
                                                      0.000     0.000 r  aclk (IN)
                         net (fo=53882, unset)        0.787     0.787    u_icache/aclk
                         FDRE                                         r  u_icache/tag_arr_reg[3][119][3]/C
  -------------------------------------------------------------------    -------------------
                         FDRE (Prop_fdre_C_Q)         0.379     1.166 r  u_icache/tag_arr_reg[3][119][3]/Q
                         net (fo=1, unplaced)         0.779     1.945    u_icache/tag_arr_reg_n_0_[3][119][3]
                         LUT6 (Prop_lut6_I0_O)        0.232     2.177 r  u_icache/FSM_onehot_state[5]_i_4699/O
                         net (fo=1, unplaced)         0.000     2.177    u_icache/FSM_onehot_state[5]_i_4699_n_0
                         MUXF7 (Prop_muxf7_I1_O)      0.206     2.383 r  u_icache/FSM_onehot_state_reg[5]_i_3794/O
                         net (fo=1, unplaced)         0.000     2.383    u_icache/FSM_onehot_state_reg[5]_i_3794_n_0
                         MUXF8 (Prop_muxf8_I0_O)      0.085     2.468 r  u_icache/FSM_onehot_state_reg[5]_i_2318/O
                         net (fo=1, unplaced)         0.563     3.031    u_icache/FSM_onehot_state_reg[5]_i_2318_n_0
                         LUT6 (Prop_lut6_I0_O)        0.259     3.290 r  u_icache/FSM_onehot_state[5]_i_1111/O
                         net (fo=1, unplaced)         0.000     3.290    u_icache/FSM_onehot_state[5]_i_1111_n_0
                         MUXF7 (Prop_muxf7_I1_O)      0.206     3.496 r  u_icache/FSM_onehot_state_reg[5]_i_494/O
                         net (fo=1, unplaced)         0.584     4.080    u_icache/tag_arr[3]
                         LUT6 (Prop_lut6_I0_O)        0.242     4.322 r  u_icache/FSM_onehot_state[5]_i_187/O
                         net (fo=1, unplaced)         0.000     4.322    u_icache/FSM_onehot_state[5]_i_187_n_0
                         CARRY4 (Prop_carry4_S[1]_CO[3])
                                                      0.457     4.779 r  u_icache/FSM_onehot_state_reg[5]_i_68/CO[3]
                         net (fo=1, unplaced)         0.008     4.787    u_icache/FSM_onehot_state_reg[5]_i_68_n_0
                         CARRY4 (Prop_carry4_CI_CO[2])
                                                      0.209     4.996 f  u_icache/FSM_onehot_state_reg[5]_i_21/CO[2]
                         net (fo=24, unplaced)        0.413     5.409    u_icache/way_hit_30
                         LUT4 (Prop_lut4_I2_O)        0.252     5.661 f  u_icache/FSM_onehot_state[5]_i_7/O
                         net (fo=5, unplaced)         0.375     6.036    u_icache/FSM_onehot_state[5]_i_7_n_0
                         LUT5 (Prop_lut5_I4_O)        0.105     6.141 f  u_icache/valid_arr[3][99]_i_4/O
                         net (fo=57, unplaced)        0.433     6.574    u_icache/hit_any
                         LUT4 (Prop_lut4_I0_O)        0.105     6.679 f  u_icache/if_rline[255]_i_7/O
                         net (fo=257, unplaced)       0.470     7.149    u_icache/lookup_hit
                         LUT2 (Prop_lut2_I0_O)        0.105     7.254 f  u_icache/if_rline[255]_i_4/O
                         net (fo=12, unplaced)        0.395     7.649    u_ifu/ic_ifu_data_ok
                         LUT3 (Prop_lut3_I2_O)        0.105     7.754 r  u_ifu/if_rline[255]_i_5/O
                         net (fo=128, unplaced)       0.453     8.207    u_ifu/if_rline[255]_i_5_n_0
                         LUT6 (Prop_lut6_I4_O)        0.105     8.312 f  u_ifu/mem[14][61]_i_12/O
                         net (fo=2, unplaced)         0.593     8.905    u_ifu/mem[14][61]_i_12_n_0
                         LUT6 (Prop_lut6_I1_O)        0.105     9.010 f  u_ifu/mem[14][61]_i_5/O
                         net (fo=3, unplaced)         0.956     9.966    u_ifu/mem[14][61]_i_5_n_0
                         LUT6 (Prop_lut6_I0_O)        0.105    10.071 r  u_ifu/i_excp_adef_o_i_43/O
                         net (fo=3, unplaced)         0.346    10.417    u_ifu/i_excp_adef_o_i_43_n_0
                         LUT4 (Prop_lut4_I0_O)        0.126    10.543 r  u_ifu/i_excp_adef_o_i_20/O
                         net (fo=3, unplaced)         0.600    11.143    u_ifu/i_excp_adef_o_i_20_n_0
                         LUT6 (Prop_lut6_I0_O)        0.105    11.248 r  u_ifu/i_excp_adef_o_i_8/O
                         net (fo=5, unplaced)         0.556    11.804    u_ifu/i_excp_adef_o_i_8_n_0
                         LUT6 (Prop_lut6_I3_O)        0.105    11.909 r  u_ifu/i_excp_adef_o_i_2/O
                         net (fo=44, unplaced)        0.426    12.335    u_ifu/ifu_ftq_accept
                         LUT3 (Prop_lut3_I1_O)        0.105    12.440 r  u_ifu/e_key[0][4]_i_1/O
                         net (fo=19, unplaced)        0.406    12.846    u_csr_exception_commit_handler/mmu_tlbm_inst_vaddr[3]
                         LUT3 (Prop_lut3_I2_O)        0.105    12.951 r  u_csr_exception_commit_handler/e_ppn[0][19]_i_443__0/O
                         net (fo=32, unplaced)        0.653    13.604    u_tlb_manager/u_tlb/csr_tlbidx_reg[1]_i_38_5
                         LUT6 (Prop_lut6_I1_O)        0.105    13.709 r  u_tlb_manager/u_tlb/e_ppn[0][19]_i_481/O
                         net (fo=1, unplaced)         0.000    13.709    u_tlb_manager/u_tlb/e_ppn[0][19]_i_481_n_0
                         CARRY4 (Prop_carry4_S[1]_CO[3])
                                                      0.457    14.166 r  u_tlb_manager/u_tlb/e_ppn_reg[0][19]_i_383/CO[3]
                         net (fo=1, unplaced)         0.008    14.174    u_tlb_manager/u_tlb/e_ppn_reg[0][19]_i_383_n_0
                         CARRY4 (Prop_carry4_CI_CO[2])
                                                      0.209    14.383 r  u_tlb_manager/u_tlb/e_ppn_reg[0][19]_i_196/CO[2]
                         net (fo=1, unplaced)         0.349    14.732    u_tlb_manager/u_tlb/e_ppn_reg[0][19]_i_196_n_1
                         LUT6 (Prop_lut6_I0_O)        0.252    14.984 f  u_tlb_manager/u_tlb/e_ppn[0][19]_i_86/O
                         net (fo=4, unplaced)         0.962    15.946    u_tlb_manager/u_tlb/e_ppn[0][19]_i_86_n_0
                         LUT6 (Prop_lut6_I1_O)        0.105    16.051 r  u_tlb_manager/u_tlb/csr_tlbidx[0]_i_50/O
                         net (fo=1, unplaced)         0.347    16.398    u_tlb_manager/u_tlb/csr_tlbidx[0]_i_50_n_0
                         LUT6 (Prop_lut6_I4_O)        0.105    16.503 r  u_tlb_manager/u_tlb/csr_tlbidx[0]_i_25/O
                         net (fo=2, unplaced)         0.358    16.861    u_tlb_manager/u_tlb/csr_tlbidx[0]_i_25_n_0
                         LUT6 (Prop_lut6_I2_O)        0.105    16.966 r  u_tlb_manager/u_tlb/csr_tlbidx[0]_i_11/O
                         net (fo=1, unplaced)         0.347    17.313    u_tlb_manager/u_tlb/csr_tlbidx[0]_i_11_n_0
                         LUT6 (Prop_lut6_I3_O)        0.105    17.418 f  u_tlb_manager/u_tlb/csr_tlbidx[0]_i_3/O
                         net (fo=1, unplaced)         0.582    18.000    u_tlb_manager/u_tlb/csr_tlbidx[0]_i_3_n_0
                         LUT6 (Prop_lut6_I0_O)        0.105    18.105 r  u_tlb_manager/u_tlb/csr_tlbidx[0]_i_2/O
                         net (fo=463, unplaced)       0.485    18.590    u_tlb_manager/u_tlb/tlb_g_reg[28]_1
                         LUT6 (Prop_lut6_I4_O)        0.105    18.695 r  u_tlb_manager/u_tlb/pre_paddr[21]_i_14/O
                         net (fo=1, unplaced)         0.938    19.633    u_tlb_manager/u_tlb/pre_paddr[21]_i_14_n_0
                         LUT6 (Prop_lut6_I1_O)        0.105    19.738 r  u_tlb_manager/u_tlb/pre_paddr[21]_i_10/O
                         net (fo=1, unplaced)         0.582    20.320    u_tlb_manager/u_tlb/pre_paddr[21]_i_10_n_0
                         LUT6 (Prop_lut6_I1_O)        0.105    20.425 f  u_tlb_manager/u_tlb/pre_paddr[21]_i_7/O
                         net (fo=2, unplaced)         0.593    21.018    u_tlb_manager/u_tlb/s0_ps[5]
                         LUT6 (Prop_lut6_I0_O)        0.105    21.123 r  u_tlb_manager/u_tlb/fifo_ptr[2]_i_3__0/O
                         net (fo=1, unplaced)         0.347    21.470    u_tlb_manager/u_tlb/fifo_ptr[2]_i_3__0_n_0
                         LUT6 (Prop_lut6_I1_O)        0.105    21.575 r  u_tlb_manager/u_tlb/fifo_ptr[2]_i_2__0/O
                         net (fo=19, unplaced)        0.406    21.981    u_tlb_manager/u_l1_tlb_i/refill_en
                         LUT5 (Prop_lut5_I1_O)        0.105    22.086 r  u_tlb_manager/u_l1_tlb_i/e_key[0][19]_i_1/O
                         net (fo=45, unplaced)        0.446    22.532    u_tlb_manager/u_l1_tlb_i/e_key
                         FDRE                                         r  u_tlb_manager/u_l1_tlb_i/e_key_reg[0][0]/CE
  -------------------------------------------------------------------    -------------------

                         (clock aclk rise edge)      10.000    10.000 r  
                                                      0.000    10.000 r  aclk (IN)
                         net (fo=53882, unset)        0.748    10.748    u_tlb_manager/u_l1_tlb_i/aclk
                         FDRE                                         r  u_tlb_manager/u_l1_tlb_i/e_key_reg[0][0]/C
                         clock pessimism              0.000    10.748    
                         clock uncertainty           -0.035    10.712    
                         FDRE (Setup_fdre_C_CE)      -0.165    10.547    u_tlb_manager/u_l1_tlb_i/e_key_reg[0][0]
  -------------------------------------------------------------------
                         required time                         10.547    
                         arrival time                         -22.532    
  -------------------------------------------------------------------
                         slack                                -11.985    

Slack (VIOLATED) :        -11.985ns  (required time - arrival time)
  Source:                 u_icache/tag_arr_reg[3][119][3]/C
                            (rising edge-triggered cell FDRE clocked by aclk  {rise@0.000ns fall@5.000ns period=10.000ns})
  Destination:            u_tlb_manager/u_l1_tlb_i/e_key_reg[0][10]/CE
                            (rising edge-triggered cell FDRE clocked by aclk  {rise@0.000ns fall@5.000ns period=10.000ns})
  Path Group:             aclk
  Path Type:              Setup (Max at Slow Process Corner)
  Requirement:            10.000ns  (aclk rise@10.000ns - aclk rise@0.000ns)
  Data Path Delay:        21.745ns  (logic 5.986ns (27.528%)  route 15.759ns (72.472%))
  Logic Levels:           36  (CARRY4=4 LUT2=1 LUT3=3 LUT4=3 LUT5=2 LUT6=20 MUXF7=2 MUXF8=1)
  Clock Path Skew:        -0.039ns (DCD - SCD + CPR)
    Destination Clock Delay (DCD):    0.748ns = ( 10.748 - 10.000 ) 
    Source Clock Delay      (SCD):    0.787ns
    Clock Pessimism Removal (CPR):    0.000ns
  Clock Uncertainty:      0.035ns  ((TSJ^2 + TIJ^2)^1/2 + DJ) / 2 + PE
    Total System Jitter     (TSJ):    0.071ns
    Total Input Jitter      (TIJ):    0.000ns
    Discrete Jitter          (DJ):    0.000ns
    Phase Error              (PE):    0.000ns

    Location             Delay type                Incr(ns)  Path(ns)    Netlist Resource(s)
  -------------------------------------------------------------------    -------------------
                         (clock aclk rise edge)       0.000     0.000 r  
                                                      0.000     0.000 r  aclk (IN)
                         net (fo=53882, unset)        0.787     0.787    u_icache/aclk
                         FDRE                                         r  u_icache/tag_arr_reg[3][119][3]/C
  -------------------------------------------------------------------    -------------------
                         FDRE (Prop_fdre_C_Q)         0.379     1.166 r  u_icache/tag_arr_reg[3][119][3]/Q
                         net (fo=1, unplaced)         0.779     1.945    u_icache/tag_arr_reg_n_0_[3][119][3]
                         LUT6 (Prop_lut6_I0_O)        0.232     2.177 r  u_icache/FSM_onehot_state[5]_i_4699/O
                         net (fo=1, unplaced)         0.000     2.177    u_icache/FSM_onehot_state[5]_i_4699_n_0
                         MUXF7 (Prop_muxf7_I1_O)      0.206     2.383 r  u_icache/FSM_onehot_state_reg[5]_i_3794/O
                         net (fo=1, unplaced)         0.000     2.383    u_icache/FSM_onehot_state_reg[5]_i_3794_n_0
                         MUXF8 (Prop_muxf8_I0_O)      0.085     2.468 r  u_icache/FSM_onehot_state_reg[5]_i_2318/O
                         net (fo=1, unplaced)         0.563     3.031    u_icache/FSM_onehot_state_reg[5]_i_2318_n_0
                         LUT6 (Prop_lut6_I0_O)        0.259     3.290 r  u_icache/FSM_onehot_state[5]_i_1111/O
                         net (fo=1, unplaced)         0.000     3.290    u_icache/FSM_onehot_state[5]_i_1111_n_0
                         MUXF7 (Prop_muxf7_I1_O)      0.206     3.496 r  u_icache/FSM_onehot_state_reg[5]_i_494/O
                         net (fo=1, unplaced)         0.584     4.080    u_icache/tag_arr[3]
                         LUT6 (Prop_lut6_I0_O)        0.242     4.322 r  u_icache/FSM_onehot_state[5]_i_187/O
                         net (fo=1, unplaced)         0.000     4.322    u_icache/FSM_onehot_state[5]_i_187_n_0
                         CARRY4 (Prop_carry4_S[1]_CO[3])
                                                      0.457     4.779 r  u_icache/FSM_onehot_state_reg[5]_i_68/CO[3]
                         net (fo=1, unplaced)         0.008     4.787    u_icache/FSM_onehot_state_reg[5]_i_68_n_0
                         CARRY4 (Prop_carry4_CI_CO[2])
                                                      0.209     4.996 f  u_icache/FSM_onehot_state_reg[5]_i_21/CO[2]
                         net (fo=24, unplaced)        0.413     5.409    u_icache/way_hit_30
                         LUT4 (Prop_lut4_I2_O)        0.252     5.661 f  u_icache/FSM_onehot_state[5]_i_7/O
                         net (fo=5, unplaced)         0.375     6.036    u_icache/FSM_onehot_state[5]_i_7_n_0
                         LUT5 (Prop_lut5_I4_O)        0.105     6.141 f  u_icache/valid_arr[3][99]_i_4/O
                         net (fo=57, unplaced)        0.433     6.574    u_icache/hit_any
                         LUT4 (Prop_lut4_I0_O)        0.105     6.679 f  u_icache/if_rline[255]_i_7/O
                         net (fo=257, unplaced)       0.470     7.149    u_icache/lookup_hit
                         LUT2 (Prop_lut2_I0_O)        0.105     7.254 f  u_icache/if_rline[255]_i_4/O
                         net (fo=12, unplaced)        0.395     7.649    u_ifu/ic_ifu_data_ok
                         LUT3 (Prop_lut3_I2_O)        0.105     7.754 r  u_ifu/if_rline[255]_i_5/O
                         net (fo=128, unplaced)       0.453     8.207    u_ifu/if_rline[255]_i_5_n_0
                         LUT6 (Prop_lut6_I4_O)        0.105     8.312 f  u_ifu/mem[14][61]_i_12/O
                         net (fo=2, unplaced)         0.593     8.905    u_ifu/mem[14][61]_i_12_n_0
                         LUT6 (Prop_lut6_I1_O)        0.105     9.010 f  u_ifu/mem[14][61]_i_5/O
                         net (fo=3, unplaced)         0.956     9.966    u_ifu/mem[14][61]_i_5_n_0
                         LUT6 (Prop_lut6_I0_O)        0.105    10.071 r  u_ifu/i_excp_adef_o_i_43/O
                         net (fo=3, unplaced)         0.346    10.417    u_ifu/i_excp_adef_o_i_43_n_0
                         LUT4 (Prop_lut4_I0_O)        0.126    10.543 r  u_ifu/i_excp_adef_o_i_20/O
                         net (fo=3, unplaced)         0.600    11.143    u_ifu/i_excp_adef_o_i_20_n_0
                         LUT6 (Prop_lut6_I0_O)        0.105    11.248 r  u_ifu/i_excp_adef_o_i_8/O
                         net (fo=5, unplaced)         0.556    11.804    u_ifu/i_excp_adef_o_i_8_n_0
                         LUT6 (Prop_lut6_I3_O)        0.105    11.909 r  u_ifu/i_excp_adef_o_i_2/O
                         net (fo=44, unplaced)        0.426    12.335    u_ifu/ifu_ftq_accept
                         LUT3 (Prop_lut3_I1_O)        0.105    12.440 r  u_ifu/e_key[0][4]_i_1/O
                         net (fo=19, unplaced)        0.406    12.846    u_csr_exception_commit_handler/mmu_tlbm_inst_vaddr[3]
                         LUT3 (Prop_lut3_I2_O)        0.105    12.951 r  u_csr_exception_commit_handler/e_ppn[0][19]_i_443__0/O
                         net (fo=32, unplaced)        0.653    13.604    u_tlb_manager/u_tlb/csr_tlbidx_reg[1]_i_38_5
                         LUT6 (Prop_lut6_I1_O)        0.105    13.709 r  u_tlb_manager/u_tlb/e_ppn[0][19]_i_481/O
                         net (fo=1, unplaced)         0.000    13.709    u_tlb_manager/u_tlb/e_ppn[0][19]_i_481_n_0
                         CARRY4 (Prop_carry4_S[1]_CO[3])
                                                      0.457    14.166 r  u_tlb_manager/u_tlb/e_ppn_reg[0][19]_i_383/CO[3]
                         net (fo=1, unplaced)         0.008    14.174    u_tlb_manager/u_tlb/e_ppn_reg[0][19]_i_383_n_0
                         CARRY4 (Prop_carry4_CI_CO[2])
                                                      0.209    14.383 r  u_tlb_manager/u_tlb/e_ppn_reg[0][19]_i_196/CO[2]
                         net (fo=1, unplaced)         0.349    14.732    u_tlb_manager/u_tlb/e_ppn_reg[0][19]_i_196_n_1
                         LUT6 (Prop_lut6_I0_O)        0.252    14.984 f  u_tlb_manager/u_tlb/e_ppn[0][19]_i_86/O
                         net (fo=4, unplaced)         0.962    15.946    u_tlb_manager/u_tlb/e_ppn[0][19]_i_86_n_0
                         LUT6 (Prop_lut6_I1_O)        0.105    16.051 r  u_tlb_manager/u_tlb/csr_tlbidx[0]_i_50/O
                         net (fo=1, unplaced)         0.347    16.398    u_tlb_manager/u_tlb/csr_tlbidx[0]_i_50_n_0
                         LUT6 (Prop_lut6_I4_O)        0.105    16.503 r  u_tlb_manager/u_tlb/csr_tlbidx[0]_i_25/O
                         net (fo=2, unplaced)         0.358    16.861    u_tlb_manager/u_tlb/csr_tlbidx[0]_i_25_n_0
                         LUT6 (Prop_lut6_I2_O)        0.105    16.966 r  u_tlb_manager/u_tlb/csr_tlbidx[0]_i_11/O
                         net (fo=1, unplaced)         0.347    17.313    u_tlb_manager/u_tlb/csr_tlbidx[0]_i_11_n_0
                         LUT6 (Prop_lut6_I3_O)        0.105    17.418 f  u_tlb_manager/u_tlb/csr_tlbidx[0]_i_3/O
                         net (fo=1, unplaced)         0.582    18.000    u_tlb_manager/u_tlb/csr_tlbidx[0]_i_3_n_0
                         LUT6 (Prop_lut6_I0_O)        0.105    18.105 r  u_tlb_manager/u_tlb/csr_tlbidx[0]_i_2/O
                         net (fo=463, unplaced)       0.485    18.590    u_tlb_manager/u_tlb/tlb_g_reg[28]_1
                         LUT6 (Prop_lut6_I4_O)        0.105    18.695 r  u_tlb_manager/u_tlb/pre_paddr[21]_i_14/O
                         net (fo=1, unplaced)         0.938    19.633    u_tlb_manager/u_tlb/pre_paddr[21]_i_14_n_0
                         LUT6 (Prop_lut6_I1_O)        0.105    19.738 r  u_tlb_manager/u_tlb/pre_paddr[21]_i_10/O
                         net (fo=1, unplaced)         0.582    20.320    u_tlb_manager/u_tlb/pre_paddr[21]_i_10_n_0
                         LUT6 (Prop_lut6_I1_O)        0.105    20.425 f  u_tlb_manager/u_tlb/pre_paddr[21]_i_7/O
                         net (fo=2, unplaced)         0.593    21.018    u_tlb_manager/u_tlb/s0_ps[5]
                         LUT6 (Prop_lut6_I0_O)        0.105    21.123 r  u_tlb_manager/u_tlb/fifo_ptr[2]_i_3__0/O
                         net (fo=1, unplaced)         0.347    21.470    u_tlb_manager/u_tlb/fifo_ptr[2]_i_3__0_n_0
                         LUT6 (Prop_lut6_I1_O)        0.105    21.575 r  u_tlb_manager/u_tlb/fifo_ptr[2]_i_2__0/O
                         net (fo=19, unplaced)        0.406    21.981    u_tlb_manager/u_l1_tlb_i/refill_en
                         LUT5 (Prop_lut5_I1_O)        0.105    22.086 r  u_tlb_manager/u_l1_tlb_i/e_key[0][19]_i_1/O
                         net (fo=45, unplaced)        0.446    22.532    u_tlb_manager/u_l1_tlb_i/e_key
                         FDRE                                         r  u_tlb_manager/u_l1_tlb_i/e_key_reg[0][10]/CE
  -------------------------------------------------------------------    -------------------

                         (clock aclk rise edge)      10.000    10.000 r  
                                                      0.000    10.000 r  aclk (IN)
                         net (fo=53882, unset)        0.748    10.748    u_tlb_manager/u_l1_tlb_i/aclk
                         FDRE                                         r  u_tlb_manager/u_l1_tlb_i/e_key_reg[0][10]/C
                         clock pessimism              0.000    10.748    
                         clock uncertainty           -0.035    10.712    
                         FDRE (Setup_fdre_C_CE)      -0.165    10.547    u_tlb_manager/u_l1_tlb_i/e_key_reg[0][10]
  -------------------------------------------------------------------
                         required time                         10.547    
                         arrival time                         -22.532    
  -------------------------------------------------------------------
                         slack                                -11.985    

Slack (VIOLATED) :        -11.985ns  (required time - arrival time)
  Source:                 u_icache/tag_arr_reg[3][119][3]/C
                            (rising edge-triggered cell FDRE clocked by aclk  {rise@0.000ns fall@5.000ns period=10.000ns})
  Destination:            u_tlb_manager/u_l1_tlb_i/e_key_reg[0][11]/CE
                            (rising edge-triggered cell FDRE clocked by aclk  {rise@0.000ns fall@5.000ns period=10.000ns})
  Path Group:             aclk
  Path Type:              Setup (Max at Slow Process Corner)
  Requirement:            10.000ns  (aclk rise@10.000ns - aclk rise@0.000ns)
  Data Path Delay:        21.745ns  (logic 5.986ns (27.528%)  route 15.759ns (72.472%))
  Logic Levels:           36  (CARRY4=4 LUT2=1 LUT3=3 LUT4=3 LUT5=2 LUT6=20 MUXF7=2 MUXF8=1)
  Clock Path Skew:        -0.039ns (DCD - SCD + CPR)
    Destination Clock Delay (DCD):    0.748ns = ( 10.748 - 10.000 ) 
    Source Clock Delay      (SCD):    0.787ns
    Clock Pessimism Removal (CPR):    0.000ns
  Clock Uncertainty:      0.035ns  ((TSJ^2 + TIJ^2)^1/2 + DJ) / 2 + PE
    Total System Jitter     (TSJ):    0.071ns
    Total Input Jitter      (TIJ):    0.000ns
    Discrete Jitter          (DJ):    0.000ns
    Phase Error              (PE):    0.000ns

    Location             Delay type                Incr(ns)  Path(ns)    Netlist Resource(s)
  -------------------------------------------------------------------    -------------------
                         (clock aclk rise edge)       0.000     0.000 r  
                                                      0.000     0.000 r  aclk (IN)
                         net (fo=53882, unset)        0.787     0.787    u_icache/aclk
                         FDRE                                         r  u_icache/tag_arr_reg[3][119][3]/C
  -------------------------------------------------------------------    -------------------
                         FDRE (Prop_fdre_C_Q)         0.379     1.166 r  u_icache/tag_arr_reg[3][119][3]/Q
                         net (fo=1, unplaced)         0.779     1.945    u_icache/tag_arr_reg_n_0_[3][119][3]
                         LUT6 (Prop_lut6_I0_O)        0.232     2.177 r  u_icache/FSM_onehot_state[5]_i_4699/O
                         net (fo=1, unplaced)         0.000     2.177    u_icache/FSM_onehot_state[5]_i_4699_n_0
                         MUXF7 (Prop_muxf7_I1_O)      0.206     2.383 r  u_icache/FSM_onehot_state_reg[5]_i_3794/O
                         net (fo=1, unplaced)         0.000     2.383    u_icache/FSM_onehot_state_reg[5]_i_3794_n_0
                         MUXF8 (Prop_muxf8_I0_O)      0.085     2.468 r  u_icache/FSM_onehot_state_reg[5]_i_2318/O
                         net (fo=1, unplaced)         0.563     3.031    u_icache/FSM_onehot_state_reg[5]_i_2318_n_0
                         LUT6 (Prop_lut6_I0_O)        0.259     3.290 r  u_icache/FSM_onehot_state[5]_i_1111/O
                         net (fo=1, unplaced)         0.000     3.290    u_icache/FSM_onehot_state[5]_i_1111_n_0
                         MUXF7 (Prop_muxf7_I1_O)      0.206     3.496 r  u_icache/FSM_onehot_state_reg[5]_i_494/O
                         net (fo=1, unplaced)         0.584     4.080    u_icache/tag_arr[3]
                         LUT6 (Prop_lut6_I0_O)        0.242     4.322 r  u_icache/FSM_onehot_state[5]_i_187/O
                         net (fo=1, unplaced)         0.000     4.322    u_icache/FSM_onehot_state[5]_i_187_n_0
                         CARRY4 (Prop_carry4_S[1]_CO[3])
                                                      0.457     4.779 r  u_icache/FSM_onehot_state_reg[5]_i_68/CO[3]
                         net (fo=1, unplaced)         0.008     4.787    u_icache/FSM_onehot_state_reg[5]_i_68_n_0
                         CARRY4 (Prop_carry4_CI_CO[2])
                                                      0.209     4.996 f  u_icache/FSM_onehot_state_reg[5]_i_21/CO[2]
                         net (fo=24, unplaced)        0.413     5.409    u_icache/way_hit_30
                         LUT4 (Prop_lut4_I2_O)        0.252     5.661 f  u_icache/FSM_onehot_state[5]_i_7/O
                         net (fo=5, unplaced)         0.375     6.036    u_icache/FSM_onehot_state[5]_i_7_n_0
                         LUT5 (Prop_lut5_I4_O)        0.105     6.141 f  u_icache/valid_arr[3][99]_i_4/O
                         net (fo=57, unplaced)        0.433     6.574    u_icache/hit_any
                         LUT4 (Prop_lut4_I0_O)        0.105     6.679 f  u_icache/if_rline[255]_i_7/O
                         net (fo=257, unplaced)       0.470     7.149    u_icache/lookup_hit
                         LUT2 (Prop_lut2_I0_O)        0.105     7.254 f  u_icache/if_rline[255]_i_4/O
                         net (fo=12, unplaced)        0.395     7.649    u_ifu/ic_ifu_data_ok
                         LUT3 (Prop_lut3_I2_O)        0.105     7.754 r  u_ifu/if_rline[255]_i_5/O
                         net (fo=128, unplaced)       0.453     8.207    u_ifu/if_rline[255]_i_5_n_0
                         LUT6 (Prop_lut6_I4_O)        0.105     8.312 f  u_ifu/mem[14][61]_i_12/O
                         net (fo=2, unplaced)         0.593     8.905    u_ifu/mem[14][61]_i_12_n_0
                         LUT6 (Prop_lut6_I1_O)        0.105     9.010 f  u_ifu/mem[14][61]_i_5/O
                         net (fo=3, unplaced)         0.956     9.966    u_ifu/mem[14][61]_i_5_n_0
                         LUT6 (Prop_lut6_I0_O)        0.105    10.071 r  u_ifu/i_excp_adef_o_i_43/O
                         net (fo=3, unplaced)         0.346    10.417    u_ifu/i_excp_adef_o_i_43_n_0
                         LUT4 (Prop_lut4_I0_O)        0.126    10.543 r  u_ifu/i_excp_adef_o_i_20/O
                         net (fo=3, unplaced)         0.600    11.143    u_ifu/i_excp_adef_o_i_20_n_0
                         LUT6 (Prop_lut6_I0_O)        0.105    11.248 r  u_ifu/i_excp_adef_o_i_8/O
                         net (fo=5, unplaced)         0.556    11.804    u_ifu/i_excp_adef_o_i_8_n_0
                         LUT6 (Prop_lut6_I3_O)        0.105    11.909 r  u_ifu/i_excp_adef_o_i_2/O
                         net (fo=44, unplaced)        0.426    12.335    u_ifu/ifu_ftq_accept
                         LUT3 (Prop_lut3_I1_O)        0.105    12.440 r  u_ifu/e_key[0][4]_i_1/O
                         net (fo=19, unplaced)        0.406    12.846    u_csr_exception_commit_handler/mmu_tlbm_inst_vaddr[3]
                         LUT3 (Prop_lut3_I2_O)        0.105    12.951 r  u_csr_exception_commit_handler/e_ppn[0][19]_i_443__0/O
                         net (fo=32, unplaced)        0.653    13.604    u_tlb_manager/u_tlb/csr_tlbidx_reg[1]_i_38_5
                         LUT6 (Prop_lut6_I1_O)        0.105    13.709 r  u_tlb_manager/u_tlb/e_ppn[0][19]_i_481/O
                         net (fo=1, unplaced)         0.000    13.709    u_tlb_manager/u_tlb/e_ppn[0][19]_i_481_n_0
                         CARRY4 (Prop_carry4_S[1]_CO[3])
                                                      0.457    14.166 r  u_tlb_manager/u_tlb/e_ppn_reg[0][19]_i_383/CO[3]
                         net (fo=1, unplaced)         0.008    14.174    u_tlb_manager/u_tlb/e_ppn_reg[0][19]_i_383_n_0
                         CARRY4 (Prop_carry4_CI_CO[2])
                                                      0.209    14.383 r  u_tlb_manager/u_tlb/e_ppn_reg[0][19]_i_196/CO[2]
                         net (fo=1, unplaced)         0.349    14.732    u_tlb_manager/u_tlb/e_ppn_reg[0][19]_i_196_n_1
                         LUT6 (Prop_lut6_I0_O)        0.252    14.984 f  u_tlb_manager/u_tlb/e_ppn[0][19]_i_86/O
                         net (fo=4, unplaced)         0.962    15.946    u_tlb_manager/u_tlb/e_ppn[0][19]_i_86_n_0
                         LUT6 (Prop_lut6_I1_O)        0.105    16.051 r  u_tlb_manager/u_tlb/csr_tlbidx[0]_i_50/O
                         net (fo=1, unplaced)         0.347    16.398    u_tlb_manager/u_tlb/csr_tlbidx[0]_i_50_n_0
                         LUT6 (Prop_lut6_I4_O)        0.105    16.503 r  u_tlb_manager/u_tlb/csr_tlbidx[0]_i_25/O
                         net (fo=2, unplaced)         0.358    16.861    u_tlb_manager/u_tlb/csr_tlbidx[0]_i_25_n_0
                         LUT6 (Prop_lut6_I2_O)        0.105    16.966 r  u_tlb_manager/u_tlb/csr_tlbidx[0]_i_11/O
                         net (fo=1, unplaced)         0.347    17.313    u_tlb_manager/u_tlb/csr_tlbidx[0]_i_11_n_0
                         LUT6 (Prop_lut6_I3_O)        0.105    17.418 f  u_tlb_manager/u_tlb/csr_tlbidx[0]_i_3/O
                         net (fo=1, unplaced)         0.582    18.000    u_tlb_manager/u_tlb/csr_tlbidx[0]_i_3_n_0
                         LUT6 (Prop_lut6_I0_O)        0.105    18.105 r  u_tlb_manager/u_tlb/csr_tlbidx[0]_i_2/O
                         net (fo=463, unplaced)       0.485    18.590    u_tlb_manager/u_tlb/tlb_g_reg[28]_1
                         LUT6 (Prop_lut6_I4_O)        0.105    18.695 r  u_tlb_manager/u_tlb/pre_paddr[21]_i_14/O
                         net (fo=1, unplaced)         0.938    19.633    u_tlb_manager/u_tlb/pre_paddr[21]_i_14_n_0
                         LUT6 (Prop_lut6_I1_O)        0.105    19.738 r  u_tlb_manager/u_tlb/pre_paddr[21]_i_10/O
                         net (fo=1, unplaced)         0.582    20.320    u_tlb_manager/u_tlb/pre_paddr[21]_i_10_n_0
                         LUT6 (Prop_lut6_I1_O)        0.105    20.425 f  u_tlb_manager/u_tlb/pre_paddr[21]_i_7/O
                         net (fo=2, unplaced)         0.593    21.018    u_tlb_manager/u_tlb/s0_ps[5]
                         LUT6 (Prop_lut6_I0_O)        0.105    21.123 r  u_tlb_manager/u_tlb/fifo_ptr[2]_i_3__0/O
                         net (fo=1, unplaced)         0.347    21.470    u_tlb_manager/u_tlb/fifo_ptr[2]_i_3__0_n_0
                         LUT6 (Prop_lut6_I1_O)        0.105    21.575 r  u_tlb_manager/u_tlb/fifo_ptr[2]_i_2__0/O
                         net (fo=19, unplaced)        0.406    21.981    u_tlb_manager/u_l1_tlb_i/refill_en
                         LUT5 (Prop_lut5_I1_O)        0.105    22.086 r  u_tlb_manager/u_l1_tlb_i/e_key[0][19]_i_1/O
                         net (fo=45, unplaced)        0.446    22.532    u_tlb_manager/u_l1_tlb_i/e_key
                         FDRE                                         r  u_tlb_manager/u_l1_tlb_i/e_key_reg[0][11]/CE
  -------------------------------------------------------------------    -------------------

                         (clock aclk rise edge)      10.000    10.000 r  
                                                      0.000    10.000 r  aclk (IN)
                         net (fo=53882, unset)        0.748    10.748    u_tlb_manager/u_l1_tlb_i/aclk
                         FDRE                                         r  u_tlb_manager/u_l1_tlb_i/e_key_reg[0][11]/C
                         clock pessimism              0.000    10.748    
                         clock uncertainty           -0.035    10.712    
                         FDRE (Setup_fdre_C_CE)      -0.165    10.547    u_tlb_manager/u_l1_tlb_i/e_key_reg[0][11]
  -------------------------------------------------------------------
                         required time                         10.547    
                         arrival time                         -22.532    
  -------------------------------------------------------------------
                         slack                                -11.985    

Slack (VIOLATED) :        -11.985ns  (required time - arrival time)
  Source:                 u_icache/tag_arr_reg[3][119][3]/C
                            (rising edge-triggered cell FDRE clocked by aclk  {rise@0.000ns fall@5.000ns period=10.000ns})
  Destination:            u_tlb_manager/u_l1_tlb_i/e_key_reg[0][12]/CE
                            (rising edge-triggered cell FDRE clocked by aclk  {rise@0.000ns fall@5.000ns period=10.000ns})
  Path Group:             aclk
  Path Type:              Setup (Max at Slow Process Corner)
  Requirement:            10.000ns  (aclk rise@10.000ns - aclk rise@0.000ns)
  Data Path Delay:        21.745ns  (logic 5.986ns (27.528%)  route 15.759ns (72.472%))
  Logic Levels:           36  (CARRY4=4 LUT2=1 LUT3=3 LUT4=3 LUT5=2 LUT6=20 MUXF7=2 MUXF8=1)
  Clock Path Skew:        -0.039ns (DCD - SCD + CPR)
    Destination Clock Delay (DCD):    0.748ns = ( 10.748 - 10.000 ) 
    Source Clock Delay      (SCD):    0.787ns
    Clock Pessimism Removal (CPR):    0.000ns
  Clock Uncertainty:      0.035ns  ((TSJ^2 + TIJ^2)^1/2 + DJ) / 2 + PE
    Total System Jitter     (TSJ):    0.071ns
    Total Input Jitter      (TIJ):    0.000ns
    Discrete Jitter          (DJ):    0.000ns
    Phase Error              (PE):    0.000ns

    Location             Delay type                Incr(ns)  Path(ns)    Netlist Resource(s)
  -------------------------------------------------------------------    -------------------
                         (clock aclk rise edge)       0.000     0.000 r  
                                                      0.000     0.000 r  aclk (IN)
                         net (fo=53882, unset)        0.787     0.787    u_icache/aclk
                         FDRE                                         r  u_icache/tag_arr_reg[3][119][3]/C
  -------------------------------------------------------------------    -------------------
                         FDRE (Prop_fdre_C_Q)         0.379     1.166 r  u_icache/tag_arr_reg[3][119][3]/Q
                         net (fo=1, unplaced)         0.779     1.945    u_icache/tag_arr_reg_n_0_[3][119][3]
                         LUT6 (Prop_lut6_I0_O)        0.232     2.177 r  u_icache/FSM_onehot_state[5]_i_4699/O
                         net (fo=1, unplaced)         0.000     2.177    u_icache/FSM_onehot_state[5]_i_4699_n_0
                         MUXF7 (Prop_muxf7_I1_O)      0.206     2.383 r  u_icache/FSM_onehot_state_reg[5]_i_3794/O
                         net (fo=1, unplaced)         0.000     2.383    u_icache/FSM_onehot_state_reg[5]_i_3794_n_0
                         MUXF8 (Prop_muxf8_I0_O)      0.085     2.468 r  u_icache/FSM_onehot_state_reg[5]_i_2318/O
                         net (fo=1, unplaced)         0.563     3.031    u_icache/FSM_onehot_state_reg[5]_i_2318_n_0
                         LUT6 (Prop_lut6_I0_O)        0.259     3.290 r  u_icache/FSM_onehot_state[5]_i_1111/O
                         net (fo=1, unplaced)         0.000     3.290    u_icache/FSM_onehot_state[5]_i_1111_n_0
                         MUXF7 (Prop_muxf7_I1_O)      0.206     3.496 r  u_icache/FSM_onehot_state_reg[5]_i_494/O
                         net (fo=1, unplaced)         0.584     4.080    u_icache/tag_arr[3]
                         LUT6 (Prop_lut6_I0_O)        0.242     4.322 r  u_icache/FSM_onehot_state[5]_i_187/O
                         net (fo=1, unplaced)         0.000     4.322    u_icache/FSM_onehot_state[5]_i_187_n_0
                         CARRY4 (Prop_carry4_S[1]_CO[3])
                                                      0.457     4.779 r  u_icache/FSM_onehot_state_reg[5]_i_68/CO[3]
                         net (fo=1, unplaced)         0.008     4.787    u_icache/FSM_onehot_state_reg[5]_i_68_n_0
                         CARRY4 (Prop_carry4_CI_CO[2])
                                                      0.209     4.996 f  u_icache/FSM_onehot_state_reg[5]_i_21/CO[2]
                         net (fo=24, unplaced)        0.413     5.409    u_icache/way_hit_30
                         LUT4 (Prop_lut4_I2_O)        0.252     5.661 f  u_icache/FSM_onehot_state[5]_i_7/O
                         net (fo=5, unplaced)         0.375     6.036    u_icache/FSM_onehot_state[5]_i_7_n_0
                         LUT5 (Prop_lut5_I4_O)        0.105     6.141 f  u_icache/valid_arr[3][99]_i_4/O
                         net (fo=57, unplaced)        0.433     6.574    u_icache/hit_any
                         LUT4 (Prop_lut4_I0_O)        0.105     6.679 f  u_icache/if_rline[255]_i_7/O
                         net (fo=257, unplaced)       0.470     7.149    u_icache/lookup_hit
                         LUT2 (Prop_lut2_I0_O)        0.105     7.254 f  u_icache/if_rline[255]_i_4/O
                         net (fo=12, unplaced)        0.395     7.649    u_ifu/ic_ifu_data_ok
                         LUT3 (Prop_lut3_I2_O)        0.105     7.754 r  u_ifu/if_rline[255]_i_5/O
                         net (fo=128, unplaced)       0.453     8.207    u_ifu/if_rline[255]_i_5_n_0
                         LUT6 (Prop_lut6_I4_O)        0.105     8.312 f  u_ifu/mem[14][61]_i_12/O
                         net (fo=2, unplaced)         0.593     8.905    u_ifu/mem[14][61]_i_12_n_0
                         LUT6 (Prop_lut6_I1_O)        0.105     9.010 f  u_ifu/mem[14][61]_i_5/O
                         net (fo=3, unplaced)         0.956     9.966    u_ifu/mem[14][61]_i_5_n_0
                         LUT6 (Prop_lut6_I0_O)        0.105    10.071 r  u_ifu/i_excp_adef_o_i_43/O
                         net (fo=3, unplaced)         0.346    10.417    u_ifu/i_excp_adef_o_i_43_n_0
                         LUT4 (Prop_lut4_I0_O)        0.126    10.543 r  u_ifu/i_excp_adef_o_i_20/O
                         net (fo=3, unplaced)         0.600    11.143    u_ifu/i_excp_adef_o_i_20_n_0
                         LUT6 (Prop_lut6_I0_O)        0.105    11.248 r  u_ifu/i_excp_adef_o_i_8/O
                         net (fo=5, unplaced)         0.556    11.804    u_ifu/i_excp_adef_o_i_8_n_0
                         LUT6 (Prop_lut6_I3_O)        0.105    11.909 r  u_ifu/i_excp_adef_o_i_2/O
                         net (fo=44, unplaced)        0.426    12.335    u_ifu/ifu_ftq_accept
                         LUT3 (Prop_lut3_I1_O)        0.105    12.440 r  u_ifu/e_key[0][4]_i_1/O
                         net (fo=19, unplaced)        0.406    12.846    u_csr_exception_commit_handler/mmu_tlbm_inst_vaddr[3]
                         LUT3 (Prop_lut3_I2_O)        0.105    12.951 r  u_csr_exception_commit_handler/e_ppn[0][19]_i_443__0/O
                         net (fo=32, unplaced)        0.653    13.604    u_tlb_manager/u_tlb/csr_tlbidx_reg[1]_i_38_5
                         LUT6 (Prop_lut6_I1_O)        0.105    13.709 r  u_tlb_manager/u_tlb/e_ppn[0][19]_i_481/O
                         net (fo=1, unplaced)         0.000    13.709    u_tlb_manager/u_tlb/e_ppn[0][19]_i_481_n_0
                         CARRY4 (Prop_carry4_S[1]_CO[3])
                                                      0.457    14.166 r  u_tlb_manager/u_tlb/e_ppn_reg[0][19]_i_383/CO[3]
                         net (fo=1, unplaced)         0.008    14.174    u_tlb_manager/u_tlb/e_ppn_reg[0][19]_i_383_n_0
                         CARRY4 (Prop_carry4_CI_CO[2])
                                                      0.209    14.383 r  u_tlb_manager/u_tlb/e_ppn_reg[0][19]_i_196/CO[2]
                         net (fo=1, unplaced)         0.349    14.732    u_tlb_manager/u_tlb/e_ppn_reg[0][19]_i_196_n_1
                         LUT6 (Prop_lut6_I0_O)        0.252    14.984 f  u_tlb_manager/u_tlb/e_ppn[0][19]_i_86/O
                         net (fo=4, unplaced)         0.962    15.946    u_tlb_manager/u_tlb/e_ppn[0][19]_i_86_n_0
                         LUT6 (Prop_lut6_I1_O)        0.105    16.051 r  u_tlb_manager/u_tlb/csr_tlbidx[0]_i_50/O
                         net (fo=1, unplaced)         0.347    16.398    u_tlb_manager/u_tlb/csr_tlbidx[0]_i_50_n_0
                         LUT6 (Prop_lut6_I4_O)        0.105    16.503 r  u_tlb_manager/u_tlb/csr_tlbidx[0]_i_25/O
                         net (fo=2, unplaced)         0.358    16.861    u_tlb_manager/u_tlb/csr_tlbidx[0]_i_25_n_0
                         LUT6 (Prop_lut6_I2_O)        0.105    16.966 r  u_tlb_manager/u_tlb/csr_tlbidx[0]_i_11/O
                         net (fo=1, unplaced)         0.347    17.313    u_tlb_manager/u_tlb/csr_tlbidx[0]_i_11_n_0
                         LUT6 (Prop_lut6_I3_O)        0.105    17.418 f  u_tlb_manager/u_tlb/csr_tlbidx[0]_i_3/O
                         net (fo=1, unplaced)         0.582    18.000    u_tlb_manager/u_tlb/csr_tlbidx[0]_i_3_n_0
                         LUT6 (Prop_lut6_I0_O)        0.105    18.105 r  u_tlb_manager/u_tlb/csr_tlbidx[0]_i_2/O
                         net (fo=463, unplaced)       0.485    18.590    u_tlb_manager/u_tlb/tlb_g_reg[28]_1
                         LUT6 (Prop_lut6_I4_O)        0.105    18.695 r  u_tlb_manager/u_tlb/pre_paddr[21]_i_14/O
                         net (fo=1, unplaced)         0.938    19.633    u_tlb_manager/u_tlb/pre_paddr[21]_i_14_n_0
                         LUT6 (Prop_lut6_I1_O)        0.105    19.738 r  u_tlb_manager/u_tlb/pre_paddr[21]_i_10/O
                         net (fo=1, unplaced)         0.582    20.320    u_tlb_manager/u_tlb/pre_paddr[21]_i_10_n_0
                         LUT6 (Prop_lut6_I1_O)        0.105    20.425 f  u_tlb_manager/u_tlb/pre_paddr[21]_i_7/O
                         net (fo=2, unplaced)         0.593    21.018    u_tlb_manager/u_tlb/s0_ps[5]
                         LUT6 (Prop_lut6_I0_O)        0.105    21.123 r  u_tlb_manager/u_tlb/fifo_ptr[2]_i_3__0/O
                         net (fo=1, unplaced)         0.347    21.470    u_tlb_manager/u_tlb/fifo_ptr[2]_i_3__0_n_0
                         LUT6 (Prop_lut6_I1_O)        0.105    21.575 r  u_tlb_manager/u_tlb/fifo_ptr[2]_i_2__0/O
                         net (fo=19, unplaced)        0.406    21.981    u_tlb_manager/u_l1_tlb_i/refill_en
                         LUT5 (Prop_lut5_I1_O)        0.105    22.086 r  u_tlb_manager/u_l1_tlb_i/e_key[0][19]_i_1/O
                         net (fo=45, unplaced)        0.446    22.532    u_tlb_manager/u_l1_tlb_i/e_key
                         FDRE                                         r  u_tlb_manager/u_l1_tlb_i/e_key_reg[0][12]/CE
  -------------------------------------------------------------------    -------------------

                         (clock aclk rise edge)      10.000    10.000 r  
                                                      0.000    10.000 r  aclk (IN)
                         net (fo=53882, unset)        0.748    10.748    u_tlb_manager/u_l1_tlb_i/aclk
                         FDRE                                         r  u_tlb_manager/u_l1_tlb_i/e_key_reg[0][12]/C
                         clock pessimism              0.000    10.748    
                         clock uncertainty           -0.035    10.712    
                         FDRE (Setup_fdre_C_CE)      -0.165    10.547    u_tlb_manager/u_l1_tlb_i/e_key_reg[0][12]
  -------------------------------------------------------------------
                         required time                         10.547    
                         arrival time                         -22.532    
  -------------------------------------------------------------------
                         slack                                -11.985    

Slack (VIOLATED) :        -11.985ns  (required time - arrival time)
  Source:                 u_icache/tag_arr_reg[3][119][3]/C
                            (rising edge-triggered cell FDRE clocked by aclk  {rise@0.000ns fall@5.000ns period=10.000ns})
  Destination:            u_tlb_manager/u_l1_tlb_i/e_key_reg[0][13]/CE
                            (rising edge-triggered cell FDRE clocked by aclk  {rise@0.000ns fall@5.000ns period=10.000ns})
  Path Group:             aclk
  Path Type:              Setup (Max at Slow Process Corner)
  Requirement:            10.000ns  (aclk rise@10.000ns - aclk rise@0.000ns)
  Data Path Delay:        21.745ns  (logic 5.986ns (27.528%)  route 15.759ns (72.472%))
  Logic Levels:           36  (CARRY4=4 LUT2=1 LUT3=3 LUT4=3 LUT5=2 LUT6=20 MUXF7=2 MUXF8=1)
  Clock Path Skew:        -0.039ns (DCD - SCD + CPR)
    Destination Clock Delay (DCD):    0.748ns = ( 10.748 - 10.000 ) 
    Source Clock Delay      (SCD):    0.787ns
    Clock Pessimism Removal (CPR):    0.000ns
  Clock Uncertainty:      0.035ns  ((TSJ^2 + TIJ^2)^1/2 + DJ) / 2 + PE
    Total System Jitter     (TSJ):    0.071ns
    Total Input Jitter      (TIJ):    0.000ns
    Discrete Jitter          (DJ):    0.000ns
    Phase Error              (PE):    0.000ns

    Location             Delay type                Incr(ns)  Path(ns)    Netlist Resource(s)
  -------------------------------------------------------------------    -------------------
                         (clock aclk rise edge)       0.000     0.000 r  
                                                      0.000     0.000 r  aclk (IN)
                         net (fo=53882, unset)        0.787     0.787    u_icache/aclk
                         FDRE                                         r  u_icache/tag_arr_reg[3][119][3]/C
  -------------------------------------------------------------------    -------------------
                         FDRE (Prop_fdre_C_Q)         0.379     1.166 r  u_icache/tag_arr_reg[3][119][3]/Q
                         net (fo=1, unplaced)         0.779     1.945    u_icache/tag_arr_reg_n_0_[3][119][3]
                         LUT6 (Prop_lut6_I0_O)        0.232     2.177 r  u_icache/FSM_onehot_state[5]_i_4699/O
                         net (fo=1, unplaced)         0.000     2.177    u_icache/FSM_onehot_state[5]_i_4699_n_0
                         MUXF7 (Prop_muxf7_I1_O)      0.206     2.383 r  u_icache/FSM_onehot_state_reg[5]_i_3794/O
                         net (fo=1, unplaced)         0.000     2.383    u_icache/FSM_onehot_state_reg[5]_i_3794_n_0
                         MUXF8 (Prop_muxf8_I0_O)      0.085     2.468 r  u_icache/FSM_onehot_state_reg[5]_i_2318/O
                         net (fo=1, unplaced)         0.563     3.031    u_icache/FSM_onehot_state_reg[5]_i_2318_n_0
                         LUT6 (Prop_lut6_I0_O)        0.259     3.290 r  u_icache/FSM_onehot_state[5]_i_1111/O
                         net (fo=1, unplaced)         0.000     3.290    u_icache/FSM_onehot_state[5]_i_1111_n_0
                         MUXF7 (Prop_muxf7_I1_O)      0.206     3.496 r  u_icache/FSM_onehot_state_reg[5]_i_494/O
                         net (fo=1, unplaced)         0.584     4.080    u_icache/tag_arr[3]
                         LUT6 (Prop_lut6_I0_O)        0.242     4.322 r  u_icache/FSM_onehot_state[5]_i_187/O
                         net (fo=1, unplaced)         0.000     4.322    u_icache/FSM_onehot_state[5]_i_187_n_0
                         CARRY4 (Prop_carry4_S[1]_CO[3])
                                                      0.457     4.779 r  u_icache/FSM_onehot_state_reg[5]_i_68/CO[3]
                         net (fo=1, unplaced)         0.008     4.787    u_icache/FSM_onehot_state_reg[5]_i_68_n_0
                         CARRY4 (Prop_carry4_CI_CO[2])
                                                      0.209     4.996 f  u_icache/FSM_onehot_state_reg[5]_i_21/CO[2]
                         net (fo=24, unplaced)        0.413     5.409    u_icache/way_hit_30
                         LUT4 (Prop_lut4_I2_O)        0.252     5.661 f  u_icache/FSM_onehot_state[5]_i_7/O
                         net (fo=5, unplaced)         0.375     6.036    u_icache/FSM_onehot_state[5]_i_7_n_0
                         LUT5 (Prop_lut5_I4_O)        0.105     6.141 f  u_icache/valid_arr[3][99]_i_4/O
                         net (fo=57, unplaced)        0.433     6.574    u_icache/hit_any
                         LUT4 (Prop_lut4_I0_O)        0.105     6.679 f  u_icache/if_rline[255]_i_7/O
                         net (fo=257, unplaced)       0.470     7.149    u_icache/lookup_hit
                         LUT2 (Prop_lut2_I0_O)        0.105     7.254 f  u_icache/if_rline[255]_i_4/O
                         net (fo=12, unplaced)        0.395     7.649    u_ifu/ic_ifu_data_ok
                         LUT3 (Prop_lut3_I2_O)        0.105     7.754 r  u_ifu/if_rline[255]_i_5/O
                         net (fo=128, unplaced)       0.453     8.207    u_ifu/if_rline[255]_i_5_n_0
                         LUT6 (Prop_lut6_I4_O)        0.105     8.312 f  u_ifu/mem[14][61]_i_12/O
                         net (fo=2, unplaced)         0.593     8.905    u_ifu/mem[14][61]_i_12_n_0
                         LUT6 (Prop_lut6_I1_O)        0.105     9.010 f  u_ifu/mem[14][61]_i_5/O
                         net (fo=3, unplaced)         0.956     9.966    u_ifu/mem[14][61]_i_5_n_0
                         LUT6 (Prop_lut6_I0_O)        0.105    10.071 r  u_ifu/i_excp_adef_o_i_43/O
                         net (fo=3, unplaced)         0.346    10.417    u_ifu/i_excp_adef_o_i_43_n_0
                         LUT4 (Prop_lut4_I0_O)        0.126    10.543 r  u_ifu/i_excp_adef_o_i_20/O
                         net (fo=3, unplaced)         0.600    11.143    u_ifu/i_excp_adef_o_i_20_n_0
                         LUT6 (Prop_lut6_I0_O)        0.105    11.248 r  u_ifu/i_excp_adef_o_i_8/O
                         net (fo=5, unplaced)         0.556    11.804    u_ifu/i_excp_adef_o_i_8_n_0
                         LUT6 (Prop_lut6_I3_O)        0.105    11.909 r  u_ifu/i_excp_adef_o_i_2/O
                         net (fo=44, unplaced)        0.426    12.335    u_ifu/ifu_ftq_accept
                         LUT3 (Prop_lut3_I1_O)        0.105    12.440 r  u_ifu/e_key[0][4]_i_1/O
                         net (fo=19, unplaced)        0.406    12.846    u_csr_exception_commit_handler/mmu_tlbm_inst_vaddr[3]
                         LUT3 (Prop_lut3_I2_O)        0.105    12.951 r  u_csr_exception_commit_handler/e_ppn[0][19]_i_443__0/O
                         net (fo=32, unplaced)        0.653    13.604    u_tlb_manager/u_tlb/csr_tlbidx_reg[1]_i_38_5
                         LUT6 (Prop_lut6_I1_O)        0.105    13.709 r  u_tlb_manager/u_tlb/e_ppn[0][19]_i_481/O
                         net (fo=1, unplaced)         0.000    13.709    u_tlb_manager/u_tlb/e_ppn[0][19]_i_481_n_0
                         CARRY4 (Prop_carry4_S[1]_CO[3])
                                                      0.457    14.166 r  u_tlb_manager/u_tlb/e_ppn_reg[0][19]_i_383/CO[3]
                         net (fo=1, unplaced)         0.008    14.174    u_tlb_manager/u_tlb/e_ppn_reg[0][19]_i_383_n_0
                         CARRY4 (Prop_carry4_CI_CO[2])
                                                      0.209    14.383 r  u_tlb_manager/u_tlb/e_ppn_reg[0][19]_i_196/CO[2]
                         net (fo=1, unplaced)         0.349    14.732    u_tlb_manager/u_tlb/e_ppn_reg[0][19]_i_196_n_1
                         LUT6 (Prop_lut6_I0_O)        0.252    14.984 f  u_tlb_manager/u_tlb/e_ppn[0][19]_i_86/O
                         net (fo=4, unplaced)         0.962    15.946    u_tlb_manager/u_tlb/e_ppn[0][19]_i_86_n_0
                         LUT6 (Prop_lut6_I1_O)        0.105    16.051 r  u_tlb_manager/u_tlb/csr_tlbidx[0]_i_50/O
                         net (fo=1, unplaced)         0.347    16.398    u_tlb_manager/u_tlb/csr_tlbidx[0]_i_50_n_0
                         LUT6 (Prop_lut6_I4_O)        0.105    16.503 r  u_tlb_manager/u_tlb/csr_tlbidx[0]_i_25/O
                         net (fo=2, unplaced)         0.358    16.861    u_tlb_manager/u_tlb/csr_tlbidx[0]_i_25_n_0
                         LUT6 (Prop_lut6_I2_O)        0.105    16.966 r  u_tlb_manager/u_tlb/csr_tlbidx[0]_i_11/O
                         net (fo=1, unplaced)         0.347    17.313    u_tlb_manager/u_tlb/csr_tlbidx[0]_i_11_n_0
                         LUT6 (Prop_lut6_I3_O)        0.105    17.418 f  u_tlb_manager/u_tlb/csr_tlbidx[0]_i_3/O
                         net (fo=1, unplaced)         0.582    18.000    u_tlb_manager/u_tlb/csr_tlbidx[0]_i_3_n_0
                         LUT6 (Prop_lut6_I0_O)        0.105    18.105 r  u_tlb_manager/u_tlb/csr_tlbidx[0]_i_2/O
                         net (fo=463, unplaced)       0.485    18.590    u_tlb_manager/u_tlb/tlb_g_reg[28]_1
                         LUT6 (Prop_lut6_I4_O)        0.105    18.695 r  u_tlb_manager/u_tlb/pre_paddr[21]_i_14/O
                         net (fo=1, unplaced)         0.938    19.633    u_tlb_manager/u_tlb/pre_paddr[21]_i_14_n_0
                         LUT6 (Prop_lut6_I1_O)        0.105    19.738 r  u_tlb_manager/u_tlb/pre_paddr[21]_i_10/O
                         net (fo=1, unplaced)         0.582    20.320    u_tlb_manager/u_tlb/pre_paddr[21]_i_10_n_0
                         LUT6 (Prop_lut6_I1_O)        0.105    20.425 f  u_tlb_manager/u_tlb/pre_paddr[21]_i_7/O
                         net (fo=2, unplaced)         0.593    21.018    u_tlb_manager/u_tlb/s0_ps[5]
                         LUT6 (Prop_lut6_I0_O)        0.105    21.123 r  u_tlb_manager/u_tlb/fifo_ptr[2]_i_3__0/O
                         net (fo=1, unplaced)         0.347    21.470    u_tlb_manager/u_tlb/fifo_ptr[2]_i_3__0_n_0
                         LUT6 (Prop_lut6_I1_O)        0.105    21.575 r  u_tlb_manager/u_tlb/fifo_ptr[2]_i_2__0/O
                         net (fo=19, unplaced)        0.406    21.981    u_tlb_manager/u_l1_tlb_i/refill_en
                         LUT5 (Prop_lut5_I1_O)        0.105    22.086 r  u_tlb_manager/u_l1_tlb_i/e_key[0][19]_i_1/O
                         net (fo=45, unplaced)        0.446    22.532    u_tlb_manager/u_l1_tlb_i/e_key
                         FDRE                                         r  u_tlb_manager/u_l1_tlb_i/e_key_reg[0][13]/CE
  -------------------------------------------------------------------    -------------------

                         (clock aclk rise edge)      10.000    10.000 r  
                                                      0.000    10.000 r  aclk (IN)
                         net (fo=53882, unset)        0.748    10.748    u_tlb_manager/u_l1_tlb_i/aclk
                         FDRE                                         r  u_tlb_manager/u_l1_tlb_i/e_key_reg[0][13]/C
                         clock pessimism              0.000    10.748    
                         clock uncertainty           -0.035    10.712    
                         FDRE (Setup_fdre_C_CE)      -0.165    10.547    u_tlb_manager/u_l1_tlb_i/e_key_reg[0][13]
  -------------------------------------------------------------------
                         required time                         10.547    
                         arrival time                         -22.532    
  -------------------------------------------------------------------
                         slack                                -11.985    

Slack (VIOLATED) :        -11.985ns  (required time - arrival time)
  Source:                 u_icache/tag_arr_reg[3][119][3]/C
                            (rising edge-triggered cell FDRE clocked by aclk  {rise@0.000ns fall@5.000ns period=10.000ns})
  Destination:            u_tlb_manager/u_l1_tlb_i/e_key_reg[0][14]/CE
                            (rising edge-triggered cell FDRE clocked by aclk  {rise@0.000ns fall@5.000ns period=10.000ns})
  Path Group:             aclk
  Path Type:              Setup (Max at Slow Process Corner)
  Requirement:            10.000ns  (aclk rise@10.000ns - aclk rise@0.000ns)
  Data Path Delay:        21.745ns  (logic 5.986ns (27.528%)  route 15.759ns (72.472%))
  Logic Levels:           36  (CARRY4=4 LUT2=1 LUT3=3 LUT4=3 LUT5=2 LUT6=20 MUXF7=2 MUXF8=1)
  Clock Path Skew:        -0.039ns (DCD - SCD + CPR)
    Destination Clock Delay (DCD):    0.748ns = ( 10.748 - 10.000 ) 
    Source Clock Delay      (SCD):    0.787ns
    Clock Pessimism Removal (CPR):    0.000ns
  Clock Uncertainty:      0.035ns  ((TSJ^2 + TIJ^2)^1/2 + DJ) / 2 + PE
    Total System Jitter     (TSJ):    0.071ns
    Total Input Jitter      (TIJ):    0.000ns
    Discrete Jitter          (DJ):    0.000ns
    Phase Error              (PE):    0.000ns

    Location             Delay type                Incr(ns)  Path(ns)    Netlist Resource(s)
  -------------------------------------------------------------------    -------------------
                         (clock aclk rise edge)       0.000     0.000 r  
                                                      0.000     0.000 r  aclk (IN)
                         net (fo=53882, unset)        0.787     0.787    u_icache/aclk
                         FDRE                                         r  u_icache/tag_arr_reg[3][119][3]/C
  -------------------------------------------------------------------    -------------------
                         FDRE (Prop_fdre_C_Q)         0.379     1.166 r  u_icache/tag_arr_reg[3][119][3]/Q
                         net (fo=1, unplaced)         0.779     1.945    u_icache/tag_arr_reg_n_0_[3][119][3]
                         LUT6 (Prop_lut6_I0_O)        0.232     2.177 r  u_icache/FSM_onehot_state[5]_i_4699/O
                         net (fo=1, unplaced)         0.000     2.177    u_icache/FSM_onehot_state[5]_i_4699_n_0
                         MUXF7 (Prop_muxf7_I1_O)      0.206     2.383 r  u_icache/FSM_onehot_state_reg[5]_i_3794/O
                         net (fo=1, unplaced)         0.000     2.383    u_icache/FSM_onehot_state_reg[5]_i_3794_n_0
                         MUXF8 (Prop_muxf8_I0_O)      0.085     2.468 r  u_icache/FSM_onehot_state_reg[5]_i_2318/O
                         net (fo=1, unplaced)         0.563     3.031    u_icache/FSM_onehot_state_reg[5]_i_2318_n_0
                         LUT6 (Prop_lut6_I0_O)        0.259     3.290 r  u_icache/FSM_onehot_state[5]_i_1111/O
                         net (fo=1, unplaced)         0.000     3.290    u_icache/FSM_onehot_state[5]_i_1111_n_0
                         MUXF7 (Prop_muxf7_I1_O)      0.206     3.496 r  u_icache/FSM_onehot_state_reg[5]_i_494/O
                         net (fo=1, unplaced)         0.584     4.080    u_icache/tag_arr[3]
                         LUT6 (Prop_lut6_I0_O)        0.242     4.322 r  u_icache/FSM_onehot_state[5]_i_187/O
                         net (fo=1, unplaced)         0.000     4.322    u_icache/FSM_onehot_state[5]_i_187_n_0
                         CARRY4 (Prop_carry4_S[1]_CO[3])
                                                      0.457     4.779 r  u_icache/FSM_onehot_state_reg[5]_i_68/CO[3]
                         net (fo=1, unplaced)         0.008     4.787    u_icache/FSM_onehot_state_reg[5]_i_68_n_0
                         CARRY4 (Prop_carry4_CI_CO[2])
                                                      0.209     4.996 f  u_icache/FSM_onehot_state_reg[5]_i_21/CO[2]
                         net (fo=24, unplaced)        0.413     5.409    u_icache/way_hit_30
                         LUT4 (Prop_lut4_I2_O)        0.252     5.661 f  u_icache/FSM_onehot_state[5]_i_7/O
                         net (fo=5, unplaced)         0.375     6.036    u_icache/FSM_onehot_state[5]_i_7_n_0
                         LUT5 (Prop_lut5_I4_O)        0.105     6.141 f  u_icache/valid_arr[3][99]_i_4/O
                         net (fo=57, unplaced)        0.433     6.574    u_icache/hit_any
                         LUT4 (Prop_lut4_I0_O)        0.105     6.679 f  u_icache/if_rline[255]_i_7/O
                         net (fo=257, unplaced)       0.470     7.149    u_icache/lookup_hit
                         LUT2 (Prop_lut2_I0_O)        0.105     7.254 f  u_icache/if_rline[255]_i_4/O
                         net (fo=12, unplaced)        0.395     7.649    u_ifu/ic_ifu_data_ok
                         LUT3 (Prop_lut3_I2_O)        0.105     7.754 r  u_ifu/if_rline[255]_i_5/O
                         net (fo=128, unplaced)       0.453     8.207    u_ifu/if_rline[255]_i_5_n_0
                         LUT6 (Prop_lut6_I4_O)        0.105     8.312 f  u_ifu/mem[14][61]_i_12/O
                         net (fo=2, unplaced)         0.593     8.905    u_ifu/mem[14][61]_i_12_n_0
                         LUT6 (Prop_lut6_I1_O)        0.105     9.010 f  u_ifu/mem[14][61]_i_5/O
                         net (fo=3, unplaced)         0.956     9.966    u_ifu/mem[14][61]_i_5_n_0
                         LUT6 (Prop_lut6_I0_O)        0.105    10.071 r  u_ifu/i_excp_adef_o_i_43/O
                         net (fo=3, unplaced)         0.346    10.417    u_ifu/i_excp_adef_o_i_43_n_0
                         LUT4 (Prop_lut4_I0_O)        0.126    10.543 r  u_ifu/i_excp_adef_o_i_20/O
                         net (fo=3, unplaced)         0.600    11.143    u_ifu/i_excp_adef_o_i_20_n_0
                         LUT6 (Prop_lut6_I0_O)        0.105    11.248 r  u_ifu/i_excp_adef_o_i_8/O
                         net (fo=5, unplaced)         0.556    11.804    u_ifu/i_excp_adef_o_i_8_n_0
                         LUT6 (Prop_lut6_I3_O)        0.105    11.909 r  u_ifu/i_excp_adef_o_i_2/O
                         net (fo=44, unplaced)        0.426    12.335    u_ifu/ifu_ftq_accept
                         LUT3 (Prop_lut3_I1_O)        0.105    12.440 r  u_ifu/e_key[0][4]_i_1/O
                         net (fo=19, unplaced)        0.406    12.846    u_csr_exception_commit_handler/mmu_tlbm_inst_vaddr[3]
                         LUT3 (Prop_lut3_I2_O)        0.105    12.951 r  u_csr_exception_commit_handler/e_ppn[0][19]_i_443__0/O
                         net (fo=32, unplaced)        0.653    13.604    u_tlb_manager/u_tlb/csr_tlbidx_reg[1]_i_38_5
                         LUT6 (Prop_lut6_I1_O)        0.105    13.709 r  u_tlb_manager/u_tlb/e_ppn[0][19]_i_481/O
                         net (fo=1, unplaced)         0.000    13.709    u_tlb_manager/u_tlb/e_ppn[0][19]_i_481_n_0
                         CARRY4 (Prop_carry4_S[1]_CO[3])
                                                      0.457    14.166 r  u_tlb_manager/u_tlb/e_ppn_reg[0][19]_i_383/CO[3]
                         net (fo=1, unplaced)         0.008    14.174    u_tlb_manager/u_tlb/e_ppn_reg[0][19]_i_383_n_0
                         CARRY4 (Prop_carry4_CI_CO[2])
                                                      0.209    14.383 r  u_tlb_manager/u_tlb/e_ppn_reg[0][19]_i_196/CO[2]
                         net (fo=1, unplaced)         0.349    14.732    u_tlb_manager/u_tlb/e_ppn_reg[0][19]_i_196_n_1
                         LUT6 (Prop_lut6_I0_O)        0.252    14.984 f  u_tlb_manager/u_tlb/e_ppn[0][19]_i_86/O
                         net (fo=4, unplaced)         0.962    15.946    u_tlb_manager/u_tlb/e_ppn[0][19]_i_86_n_0
                         LUT6 (Prop_lut6_I1_O)        0.105    16.051 r  u_tlb_manager/u_tlb/csr_tlbidx[0]_i_50/O
                         net (fo=1, unplaced)         0.347    16.398    u_tlb_manager/u_tlb/csr_tlbidx[0]_i_50_n_0
                         LUT6 (Prop_lut6_I4_O)        0.105    16.503 r  u_tlb_manager/u_tlb/csr_tlbidx[0]_i_25/O
                         net (fo=2, unplaced)         0.358    16.861    u_tlb_manager/u_tlb/csr_tlbidx[0]_i_25_n_0
                         LUT6 (Prop_lut6_I2_O)        0.105    16.966 r  u_tlb_manager/u_tlb/csr_tlbidx[0]_i_11/O
                         net (fo=1, unplaced)         0.347    17.313    u_tlb_manager/u_tlb/csr_tlbidx[0]_i_11_n_0
                         LUT6 (Prop_lut6_I3_O)        0.105    17.418 f  u_tlb_manager/u_tlb/csr_tlbidx[0]_i_3/O
                         net (fo=1, unplaced)         0.582    18.000    u_tlb_manager/u_tlb/csr_tlbidx[0]_i_3_n_0
                         LUT6 (Prop_lut6_I0_O)        0.105    18.105 r  u_tlb_manager/u_tlb/csr_tlbidx[0]_i_2/O
                         net (fo=463, unplaced)       0.485    18.590    u_tlb_manager/u_tlb/tlb_g_reg[28]_1
                         LUT6 (Prop_lut6_I4_O)        0.105    18.695 r  u_tlb_manager/u_tlb/pre_paddr[21]_i_14/O
                         net (fo=1, unplaced)         0.938    19.633    u_tlb_manager/u_tlb/pre_paddr[21]_i_14_n_0
                         LUT6 (Prop_lut6_I1_O)        0.105    19.738 r  u_tlb_manager/u_tlb/pre_paddr[21]_i_10/O
                         net (fo=1, unplaced)         0.582    20.320    u_tlb_manager/u_tlb/pre_paddr[21]_i_10_n_0
                         LUT6 (Prop_lut6_I1_O)        0.105    20.425 f  u_tlb_manager/u_tlb/pre_paddr[21]_i_7/O
                         net (fo=2, unplaced)         0.593    21.018    u_tlb_manager/u_tlb/s0_ps[5]
                         LUT6 (Prop_lut6_I0_O)        0.105    21.123 r  u_tlb_manager/u_tlb/fifo_ptr[2]_i_3__0/O
                         net (fo=1, unplaced)         0.347    21.470    u_tlb_manager/u_tlb/fifo_ptr[2]_i_3__0_n_0
                         LUT6 (Prop_lut6_I1_O)        0.105    21.575 r  u_tlb_manager/u_tlb/fifo_ptr[2]_i_2__0/O
                         net (fo=19, unplaced)        0.406    21.981    u_tlb_manager/u_l1_tlb_i/refill_en
                         LUT5 (Prop_lut5_I1_O)        0.105    22.086 r  u_tlb_manager/u_l1_tlb_i/e_key[0][19]_i_1/O
                         net (fo=45, unplaced)        0.446    22.532    u_tlb_manager/u_l1_tlb_i/e_key
                         FDRE                                         r  u_tlb_manager/u_l1_tlb_i/e_key_reg[0][14]/CE
  -------------------------------------------------------------------    -------------------

                         (clock aclk rise edge)      10.000    10.000 r  
                                                      0.000    10.000 r  aclk (IN)
                         net (fo=53882, unset)        0.748    10.748    u_tlb_manager/u_l1_tlb_i/aclk
                         FDRE                                         r  u_tlb_manager/u_l1_tlb_i/e_key_reg[0][14]/C
                         clock pessimism              0.000    10.748    
                         clock uncertainty           -0.035    10.712    
                         FDRE (Setup_fdre_C_CE)      -0.165    10.547    u_tlb_manager/u_l1_tlb_i/e_key_reg[0][14]
  -------------------------------------------------------------------
                         required time                         10.547    
                         arrival time                         -22.532    
  -------------------------------------------------------------------
                         slack                                -11.985    

Slack (VIOLATED) :        -11.985ns  (required time - arrival time)
  Source:                 u_icache/tag_arr_reg[3][119][3]/C
                            (rising edge-triggered cell FDRE clocked by aclk  {rise@0.000ns fall@5.000ns period=10.000ns})
  Destination:            u_tlb_manager/u_l1_tlb_i/e_key_reg[0][15]/CE
                            (rising edge-triggered cell FDRE clocked by aclk  {rise@0.000ns fall@5.000ns period=10.000ns})
  Path Group:             aclk
  Path Type:              Setup (Max at Slow Process Corner)
  Requirement:            10.000ns  (aclk rise@10.000ns - aclk rise@0.000ns)
  Data Path Delay:        21.745ns  (logic 5.986ns (27.528%)  route 15.759ns (72.472%))
  Logic Levels:           36  (CARRY4=4 LUT2=1 LUT3=3 LUT4=3 LUT5=2 LUT6=20 MUXF7=2 MUXF8=1)
  Clock Path Skew:        -0.039ns (DCD - SCD + CPR)
    Destination Clock Delay (DCD):    0.748ns = ( 10.748 - 10.000 ) 
    Source Clock Delay      (SCD):    0.787ns
    Clock Pessimism Removal (CPR):    0.000ns
  Clock Uncertainty:      0.035ns  ((TSJ^2 + TIJ^2)^1/2 + DJ) / 2 + PE
    Total System Jitter     (TSJ):    0.071ns
    Total Input Jitter      (TIJ):    0.000ns
    Discrete Jitter          (DJ):    0.000ns
    Phase Error              (PE):    0.000ns

    Location             Delay type                Incr(ns)  Path(ns)    Netlist Resource(s)
  -------------------------------------------------------------------    -------------------
                         (clock aclk rise edge)       0.000     0.000 r  
                                                      0.000     0.000 r  aclk (IN)
                         net (fo=53882, unset)        0.787     0.787    u_icache/aclk
                         FDRE                                         r  u_icache/tag_arr_reg[3][119][3]/C
  -------------------------------------------------------------------    -------------------
                         FDRE (Prop_fdre_C_Q)         0.379     1.166 r  u_icache/tag_arr_reg[3][119][3]/Q
                         net (fo=1, unplaced)         0.779     1.945    u_icache/tag_arr_reg_n_0_[3][119][3]
                         LUT6 (Prop_lut6_I0_O)        0.232     2.177 r  u_icache/FSM_onehot_state[5]_i_4699/O
                         net (fo=1, unplaced)         0.000     2.177    u_icache/FSM_onehot_state[5]_i_4699_n_0
                         MUXF7 (Prop_muxf7_I1_O)      0.206     2.383 r  u_icache/FSM_onehot_state_reg[5]_i_3794/O
                         net (fo=1, unplaced)         0.000     2.383    u_icache/FSM_onehot_state_reg[5]_i_3794_n_0
                         MUXF8 (Prop_muxf8_I0_O)      0.085     2.468 r  u_icache/FSM_onehot_state_reg[5]_i_2318/O
                         net (fo=1, unplaced)         0.563     3.031    u_icache/FSM_onehot_state_reg[5]_i_2318_n_0
                         LUT6 (Prop_lut6_I0_O)        0.259     3.290 r  u_icache/FSM_onehot_state[5]_i_1111/O
                         net (fo=1, unplaced)         0.000     3.290    u_icache/FSM_onehot_state[5]_i_1111_n_0
                         MUXF7 (Prop_muxf7_I1_O)      0.206     3.496 r  u_icache/FSM_onehot_state_reg[5]_i_494/O
                         net (fo=1, unplaced)         0.584     4.080    u_icache/tag_arr[3]
                         LUT6 (Prop_lut6_I0_O)        0.242     4.322 r  u_icache/FSM_onehot_state[5]_i_187/O
                         net (fo=1, unplaced)         0.000     4.322    u_icache/FSM_onehot_state[5]_i_187_n_0
                         CARRY4 (Prop_carry4_S[1]_CO[3])
                                                      0.457     4.779 r  u_icache/FSM_onehot_state_reg[5]_i_68/CO[3]
                         net (fo=1, unplaced)         0.008     4.787    u_icache/FSM_onehot_state_reg[5]_i_68_n_0
                         CARRY4 (Prop_carry4_CI_CO[2])
                                                      0.209     4.996 f  u_icache/FSM_onehot_state_reg[5]_i_21/CO[2]
                         net (fo=24, unplaced)        0.413     5.409    u_icache/way_hit_30
                         LUT4 (Prop_lut4_I2_O)        0.252     5.661 f  u_icache/FSM_onehot_state[5]_i_7/O
                         net (fo=5, unplaced)         0.375     6.036    u_icache/FSM_onehot_state[5]_i_7_n_0
                         LUT5 (Prop_lut5_I4_O)        0.105     6.141 f  u_icache/valid_arr[3][99]_i_4/O
                         net (fo=57, unplaced)        0.433     6.574    u_icache/hit_any
                         LUT4 (Prop_lut4_I0_O)        0.105     6.679 f  u_icache/if_rline[255]_i_7/O
                         net (fo=257, unplaced)       0.470     7.149    u_icache/lookup_hit
                         LUT2 (Prop_lut2_I0_O)        0.105     7.254 f  u_icache/if_rline[255]_i_4/O
                         net (fo=12, unplaced)        0.395     7.649    u_ifu/ic_ifu_data_ok
                         LUT3 (Prop_lut3_I2_O)        0.105     7.754 r  u_ifu/if_rline[255]_i_5/O
                         net (fo=128, unplaced)       0.453     8.207    u_ifu/if_rline[255]_i_5_n_0
                         LUT6 (Prop_lut6_I4_O)        0.105     8.312 f  u_ifu/mem[14][61]_i_12/O
                         net (fo=2, unplaced)         0.593     8.905    u_ifu/mem[14][61]_i_12_n_0
                         LUT6 (Prop_lut6_I1_O)        0.105     9.010 f  u_ifu/mem[14][61]_i_5/O
                         net (fo=3, unplaced)         0.956     9.966    u_ifu/mem[14][61]_i_5_n_0
                         LUT6 (Prop_lut6_I0_O)        0.105    10.071 r  u_ifu/i_excp_adef_o_i_43/O
                         net (fo=3, unplaced)         0.346    10.417    u_ifu/i_excp_adef_o_i_43_n_0
                         LUT4 (Prop_lut4_I0_O)        0.126    10.543 r  u_ifu/i_excp_adef_o_i_20/O
                         net (fo=3, unplaced)         0.600    11.143    u_ifu/i_excp_adef_o_i_20_n_0
                         LUT6 (Prop_lut6_I0_O)        0.105    11.248 r  u_ifu/i_excp_adef_o_i_8/O
                         net (fo=5, unplaced)         0.556    11.804    u_ifu/i_excp_adef_o_i_8_n_0
                         LUT6 (Prop_lut6_I3_O)        0.105    11.909 r  u_ifu/i_excp_adef_o_i_2/O
                         net (fo=44, unplaced)        0.426    12.335    u_ifu/ifu_ftq_accept
                         LUT3 (Prop_lut3_I1_O)        0.105    12.440 r  u_ifu/e_key[0][4]_i_1/O
                         net (fo=19, unplaced)        0.406    12.846    u_csr_exception_commit_handler/mmu_tlbm_inst_vaddr[3]
                         LUT3 (Prop_lut3_I2_O)        0.105    12.951 r  u_csr_exception_commit_handler/e_ppn[0][19]_i_443__0/O
                         net (fo=32, unplaced)        0.653    13.604    u_tlb_manager/u_tlb/csr_tlbidx_reg[1]_i_38_5
                         LUT6 (Prop_lut6_I1_O)        0.105    13.709 r  u_tlb_manager/u_tlb/e_ppn[0][19]_i_481/O
                         net (fo=1, unplaced)         0.000    13.709    u_tlb_manager/u_tlb/e_ppn[0][19]_i_481_n_0
                         CARRY4 (Prop_carry4_S[1]_CO[3])
                                                      0.457    14.166 r  u_tlb_manager/u_tlb/e_ppn_reg[0][19]_i_383/CO[3]
                         net (fo=1, unplaced)         0.008    14.174    u_tlb_manager/u_tlb/e_ppn_reg[0][19]_i_383_n_0
                         CARRY4 (Prop_carry4_CI_CO[2])
                                                      0.209    14.383 r  u_tlb_manager/u_tlb/e_ppn_reg[0][19]_i_196/CO[2]
                         net (fo=1, unplaced)         0.349    14.732    u_tlb_manager/u_tlb/e_ppn_reg[0][19]_i_196_n_1
                         LUT6 (Prop_lut6_I0_O)        0.252    14.984 f  u_tlb_manager/u_tlb/e_ppn[0][19]_i_86/O
                         net (fo=4, unplaced)         0.962    15.946    u_tlb_manager/u_tlb/e_ppn[0][19]_i_86_n_0
                         LUT6 (Prop_lut6_I1_O)        0.105    16.051 r  u_tlb_manager/u_tlb/csr_tlbidx[0]_i_50/O
                         net (fo=1, unplaced)         0.347    16.398    u_tlb_manager/u_tlb/csr_tlbidx[0]_i_50_n_0
                         LUT6 (Prop_lut6_I4_O)        0.105    16.503 r  u_tlb_manager/u_tlb/csr_tlbidx[0]_i_25/O
                         net (fo=2, unplaced)         0.358    16.861    u_tlb_manager/u_tlb/csr_tlbidx[0]_i_25_n_0
                         LUT6 (Prop_lut6_I2_O)        0.105    16.966 r  u_tlb_manager/u_tlb/csr_tlbidx[0]_i_11/O
                         net (fo=1, unplaced)         0.347    17.313    u_tlb_manager/u_tlb/csr_tlbidx[0]_i_11_n_0
                         LUT6 (Prop_lut6_I3_O)        0.105    17.418 f  u_tlb_manager/u_tlb/csr_tlbidx[0]_i_3/O
                         net (fo=1, unplaced)         0.582    18.000    u_tlb_manager/u_tlb/csr_tlbidx[0]_i_3_n_0
                         LUT6 (Prop_lut6_I0_O)        0.105    18.105 r  u_tlb_manager/u_tlb/csr_tlbidx[0]_i_2/O
                         net (fo=463, unplaced)       0.485    18.590    u_tlb_manager/u_tlb/tlb_g_reg[28]_1
                         LUT6 (Prop_lut6_I4_O)        0.105    18.695 r  u_tlb_manager/u_tlb/pre_paddr[21]_i_14/O
                         net (fo=1, unplaced)         0.938    19.633    u_tlb_manager/u_tlb/pre_paddr[21]_i_14_n_0
                         LUT6 (Prop_lut6_I1_O)        0.105    19.738 r  u_tlb_manager/u_tlb/pre_paddr[21]_i_10/O
                         net (fo=1, unplaced)         0.582    20.320    u_tlb_manager/u_tlb/pre_paddr[21]_i_10_n_0
                         LUT6 (Prop_lut6_I1_O)        0.105    20.425 f  u_tlb_manager/u_tlb/pre_paddr[21]_i_7/O
                         net (fo=2, unplaced)         0.593    21.018    u_tlb_manager/u_tlb/s0_ps[5]
                         LUT6 (Prop_lut6_I0_O)        0.105    21.123 r  u_tlb_manager/u_tlb/fifo_ptr[2]_i_3__0/O
                         net (fo=1, unplaced)         0.347    21.470    u_tlb_manager/u_tlb/fifo_ptr[2]_i_3__0_n_0
                         LUT6 (Prop_lut6_I1_O)        0.105    21.575 r  u_tlb_manager/u_tlb/fifo_ptr[2]_i_2__0/O
                         net (fo=19, unplaced)        0.406    21.981    u_tlb_manager/u_l1_tlb_i/refill_en
                         LUT5 (Prop_lut5_I1_O)        0.105    22.086 r  u_tlb_manager/u_l1_tlb_i/e_key[0][19]_i_1/O
                         net (fo=45, unplaced)        0.446    22.532    u_tlb_manager/u_l1_tlb_i/e_key
                         FDRE                                         r  u_tlb_manager/u_l1_tlb_i/e_key_reg[0][15]/CE
  -------------------------------------------------------------------    -------------------

                         (clock aclk rise edge)      10.000    10.000 r  
                                                      0.000    10.000 r  aclk (IN)
                         net (fo=53882, unset)        0.748    10.748    u_tlb_manager/u_l1_tlb_i/aclk
                         FDRE                                         r  u_tlb_manager/u_l1_tlb_i/e_key_reg[0][15]/C
                         clock pessimism              0.000    10.748    
                         clock uncertainty           -0.035    10.712    
                         FDRE (Setup_fdre_C_CE)      -0.165    10.547    u_tlb_manager/u_l1_tlb_i/e_key_reg[0][15]
  -------------------------------------------------------------------
                         required time                         10.547    
                         arrival time                         -22.532    
  -------------------------------------------------------------------
                         slack                                -11.985    

Slack (VIOLATED) :        -11.985ns  (required time - arrival time)
  Source:                 u_icache/tag_arr_reg[3][119][3]/C
                            (rising edge-triggered cell FDRE clocked by aclk  {rise@0.000ns fall@5.000ns period=10.000ns})
  Destination:            u_tlb_manager/u_l1_tlb_i/e_key_reg[0][16]/CE
                            (rising edge-triggered cell FDRE clocked by aclk  {rise@0.000ns fall@5.000ns period=10.000ns})
  Path Group:             aclk
  Path Type:              Setup (Max at Slow Process Corner)
  Requirement:            10.000ns  (aclk rise@10.000ns - aclk rise@0.000ns)
  Data Path Delay:        21.745ns  (logic 5.986ns (27.528%)  route 15.759ns (72.472%))
  Logic Levels:           36  (CARRY4=4 LUT2=1 LUT3=3 LUT4=3 LUT5=2 LUT6=20 MUXF7=2 MUXF8=1)
  Clock Path Skew:        -0.039ns (DCD - SCD + CPR)
    Destination Clock Delay (DCD):    0.748ns = ( 10.748 - 10.000 ) 
    Source Clock Delay      (SCD):    0.787ns
    Clock Pessimism Removal (CPR):    0.000ns
  Clock Uncertainty:      0.035ns  ((TSJ^2 + TIJ^2)^1/2 + DJ) / 2 + PE
    Total System Jitter     (TSJ):    0.071ns
    Total Input Jitter      (TIJ):    0.000ns
    Discrete Jitter          (DJ):    0.000ns
    Phase Error              (PE):    0.000ns

    Location             Delay type                Incr(ns)  Path(ns)    Netlist Resource(s)
  -------------------------------------------------------------------    -------------------
                         (clock aclk rise edge)       0.000     0.000 r  
                                                      0.000     0.000 r  aclk (IN)
                         net (fo=53882, unset)        0.787     0.787    u_icache/aclk
                         FDRE                                         r  u_icache/tag_arr_reg[3][119][3]/C
  -------------------------------------------------------------------    -------------------
                         FDRE (Prop_fdre_C_Q)         0.379     1.166 r  u_icache/tag_arr_reg[3][119][3]/Q
                         net (fo=1, unplaced)         0.779     1.945    u_icache/tag_arr_reg_n_0_[3][119][3]
                         LUT6 (Prop_lut6_I0_O)        0.232     2.177 r  u_icache/FSM_onehot_state[5]_i_4699/O
                         net (fo=1, unplaced)         0.000     2.177    u_icache/FSM_onehot_state[5]_i_4699_n_0
                         MUXF7 (Prop_muxf7_I1_O)      0.206     2.383 r  u_icache/FSM_onehot_state_reg[5]_i_3794/O
                         net (fo=1, unplaced)         0.000     2.383    u_icache/FSM_onehot_state_reg[5]_i_3794_n_0
                         MUXF8 (Prop_muxf8_I0_O)      0.085     2.468 r  u_icache/FSM_onehot_state_reg[5]_i_2318/O
                         net (fo=1, unplaced)         0.563     3.031    u_icache/FSM_onehot_state_reg[5]_i_2318_n_0
                         LUT6 (Prop_lut6_I0_O)        0.259     3.290 r  u_icache/FSM_onehot_state[5]_i_1111/O
                         net (fo=1, unplaced)         0.000     3.290    u_icache/FSM_onehot_state[5]_i_1111_n_0
                         MUXF7 (Prop_muxf7_I1_O)      0.206     3.496 r  u_icache/FSM_onehot_state_reg[5]_i_494/O
                         net (fo=1, unplaced)         0.584     4.080    u_icache/tag_arr[3]
                         LUT6 (Prop_lut6_I0_O)        0.242     4.322 r  u_icache/FSM_onehot_state[5]_i_187/O
                         net (fo=1, unplaced)         0.000     4.322    u_icache/FSM_onehot_state[5]_i_187_n_0
                         CARRY4 (Prop_carry4_S[1]_CO[3])
                                                      0.457     4.779 r  u_icache/FSM_onehot_state_reg[5]_i_68/CO[3]
                         net (fo=1, unplaced)         0.008     4.787    u_icache/FSM_onehot_state_reg[5]_i_68_n_0
                         CARRY4 (Prop_carry4_CI_CO[2])
                                                      0.209     4.996 f  u_icache/FSM_onehot_state_reg[5]_i_21/CO[2]
                         net (fo=24, unplaced)        0.413     5.409    u_icache/way_hit_30
                         LUT4 (Prop_lut4_I2_O)        0.252     5.661 f  u_icache/FSM_onehot_state[5]_i_7/O
                         net (fo=5, unplaced)         0.375     6.036    u_icache/FSM_onehot_state[5]_i_7_n_0
                         LUT5 (Prop_lut5_I4_O)        0.105     6.141 f  u_icache/valid_arr[3][99]_i_4/O
                         net (fo=57, unplaced)        0.433     6.574    u_icache/hit_any
                         LUT4 (Prop_lut4_I0_O)        0.105     6.679 f  u_icache/if_rline[255]_i_7/O
                         net (fo=257, unplaced)       0.470     7.149    u_icache/lookup_hit
                         LUT2 (Prop_lut2_I0_O)        0.105     7.254 f  u_icache/if_rline[255]_i_4/O
                         net (fo=12, unplaced)        0.395     7.649    u_ifu/ic_ifu_data_ok
                         LUT3 (Prop_lut3_I2_O)        0.105     7.754 r  u_ifu/if_rline[255]_i_5/O
                         net (fo=128, unplaced)       0.453     8.207    u_ifu/if_rline[255]_i_5_n_0
                         LUT6 (Prop_lut6_I4_O)        0.105     8.312 f  u_ifu/mem[14][61]_i_12/O
                         net (fo=2, unplaced)         0.593     8.905    u_ifu/mem[14][61]_i_12_n_0
                         LUT6 (Prop_lut6_I1_O)        0.105     9.010 f  u_ifu/mem[14][61]_i_5/O
                         net (fo=3, unplaced)         0.956     9.966    u_ifu/mem[14][61]_i_5_n_0
                         LUT6 (Prop_lut6_I0_O)        0.105    10.071 r  u_ifu/i_excp_adef_o_i_43/O
                         net (fo=3, unplaced)         0.346    10.417    u_ifu/i_excp_adef_o_i_43_n_0
                         LUT4 (Prop_lut4_I0_O)        0.126    10.543 r  u_ifu/i_excp_adef_o_i_20/O
                         net (fo=3, unplaced)         0.600    11.143    u_ifu/i_excp_adef_o_i_20_n_0
                         LUT6 (Prop_lut6_I0_O)        0.105    11.248 r  u_ifu/i_excp_adef_o_i_8/O
                         net (fo=5, unplaced)         0.556    11.804    u_ifu/i_excp_adef_o_i_8_n_0
                         LUT6 (Prop_lut6_I3_O)        0.105    11.909 r  u_ifu/i_excp_adef_o_i_2/O
                         net (fo=44, unplaced)        0.426    12.335    u_ifu/ifu_ftq_accept
                         LUT3 (Prop_lut3_I1_O)        0.105    12.440 r  u_ifu/e_key[0][4]_i_1/O
                         net (fo=19, unplaced)        0.406    12.846    u_csr_exception_commit_handler/mmu_tlbm_inst_vaddr[3]
                         LUT3 (Prop_lut3_I2_O)        0.105    12.951 r  u_csr_exception_commit_handler/e_ppn[0][19]_i_443__0/O
                         net (fo=32, unplaced)        0.653    13.604    u_tlb_manager/u_tlb/csr_tlbidx_reg[1]_i_38_5
                         LUT6 (Prop_lut6_I1_O)        0.105    13.709 r  u_tlb_manager/u_tlb/e_ppn[0][19]_i_481/O
                         net (fo=1, unplaced)         0.000    13.709    u_tlb_manager/u_tlb/e_ppn[0][19]_i_481_n_0
                         CARRY4 (Prop_carry4_S[1]_CO[3])
                                                      0.457    14.166 r  u_tlb_manager/u_tlb/e_ppn_reg[0][19]_i_383/CO[3]
                         net (fo=1, unplaced)         0.008    14.174    u_tlb_manager/u_tlb/e_ppn_reg[0][19]_i_383_n_0
                         CARRY4 (Prop_carry4_CI_CO[2])
                                                      0.209    14.383 r  u_tlb_manager/u_tlb/e_ppn_reg[0][19]_i_196/CO[2]
                         net (fo=1, unplaced)         0.349    14.732    u_tlb_manager/u_tlb/e_ppn_reg[0][19]_i_196_n_1
                         LUT6 (Prop_lut6_I0_O)        0.252    14.984 f  u_tlb_manager/u_tlb/e_ppn[0][19]_i_86/O
                         net (fo=4, unplaced)         0.962    15.946    u_tlb_manager/u_tlb/e_ppn[0][19]_i_86_n_0
                         LUT6 (Prop_lut6_I1_O)        0.105    16.051 r  u_tlb_manager/u_tlb/csr_tlbidx[0]_i_50/O
                         net (fo=1, unplaced)         0.347    16.398    u_tlb_manager/u_tlb/csr_tlbidx[0]_i_50_n_0
                         LUT6 (Prop_lut6_I4_O)        0.105    16.503 r  u_tlb_manager/u_tlb/csr_tlbidx[0]_i_25/O
                         net (fo=2, unplaced)         0.358    16.861    u_tlb_manager/u_tlb/csr_tlbidx[0]_i_25_n_0
                         LUT6 (Prop_lut6_I2_O)        0.105    16.966 r  u_tlb_manager/u_tlb/csr_tlbidx[0]_i_11/O
                         net (fo=1, unplaced)         0.347    17.313    u_tlb_manager/u_tlb/csr_tlbidx[0]_i_11_n_0
                         LUT6 (Prop_lut6_I3_O)        0.105    17.418 f  u_tlb_manager/u_tlb/csr_tlbidx[0]_i_3/O
                         net (fo=1, unplaced)         0.582    18.000    u_tlb_manager/u_tlb/csr_tlbidx[0]_i_3_n_0
                         LUT6 (Prop_lut6_I0_O)        0.105    18.105 r  u_tlb_manager/u_tlb/csr_tlbidx[0]_i_2/O
                         net (fo=463, unplaced)       0.485    18.590    u_tlb_manager/u_tlb/tlb_g_reg[28]_1
                         LUT6 (Prop_lut6_I4_O)        0.105    18.695 r  u_tlb_manager/u_tlb/pre_paddr[21]_i_14/O
                         net (fo=1, unplaced)         0.938    19.633    u_tlb_manager/u_tlb/pre_paddr[21]_i_14_n_0
                         LUT6 (Prop_lut6_I1_O)        0.105    19.738 r  u_tlb_manager/u_tlb/pre_paddr[21]_i_10/O
                         net (fo=1, unplaced)         0.582    20.320    u_tlb_manager/u_tlb/pre_paddr[21]_i_10_n_0
                         LUT6 (Prop_lut6_I1_O)        0.105    20.425 f  u_tlb_manager/u_tlb/pre_paddr[21]_i_7/O
                         net (fo=2, unplaced)         0.593    21.018    u_tlb_manager/u_tlb/s0_ps[5]
                         LUT6 (Prop_lut6_I0_O)        0.105    21.123 r  u_tlb_manager/u_tlb/fifo_ptr[2]_i_3__0/O
                         net (fo=1, unplaced)         0.347    21.470    u_tlb_manager/u_tlb/fifo_ptr[2]_i_3__0_n_0
                         LUT6 (Prop_lut6_I1_O)        0.105    21.575 r  u_tlb_manager/u_tlb/fifo_ptr[2]_i_2__0/O
                         net (fo=19, unplaced)        0.406    21.981    u_tlb_manager/u_l1_tlb_i/refill_en
                         LUT5 (Prop_lut5_I1_O)        0.105    22.086 r  u_tlb_manager/u_l1_tlb_i/e_key[0][19]_i_1/O
                         net (fo=45, unplaced)        0.446    22.532    u_tlb_manager/u_l1_tlb_i/e_key
                         FDRE                                         r  u_tlb_manager/u_l1_tlb_i/e_key_reg[0][16]/CE
  -------------------------------------------------------------------    -------------------

                         (clock aclk rise edge)      10.000    10.000 r  
                                                      0.000    10.000 r  aclk (IN)
                         net (fo=53882, unset)        0.748    10.748    u_tlb_manager/u_l1_tlb_i/aclk
                         FDRE                                         r  u_tlb_manager/u_l1_tlb_i/e_key_reg[0][16]/C
                         clock pessimism              0.000    10.748    
                         clock uncertainty           -0.035    10.712    
                         FDRE (Setup_fdre_C_CE)      -0.165    10.547    u_tlb_manager/u_l1_tlb_i/e_key_reg[0][16]
  -------------------------------------------------------------------
                         required time                         10.547    
                         arrival time                         -22.532    
  -------------------------------------------------------------------
                         slack                                -11.985    

Slack (VIOLATED) :        -11.985ns  (required time - arrival time)
  Source:                 u_icache/tag_arr_reg[3][119][3]/C
                            (rising edge-triggered cell FDRE clocked by aclk  {rise@0.000ns fall@5.000ns period=10.000ns})
  Destination:            u_tlb_manager/u_l1_tlb_i/e_key_reg[0][17]/CE
                            (rising edge-triggered cell FDRE clocked by aclk  {rise@0.000ns fall@5.000ns period=10.000ns})
  Path Group:             aclk
  Path Type:              Setup (Max at Slow Process Corner)
  Requirement:            10.000ns  (aclk rise@10.000ns - aclk rise@0.000ns)
  Data Path Delay:        21.745ns  (logic 5.986ns (27.528%)  route 15.759ns (72.472%))
  Logic Levels:           36  (CARRY4=4 LUT2=1 LUT3=3 LUT4=3 LUT5=2 LUT6=20 MUXF7=2 MUXF8=1)
  Clock Path Skew:        -0.039ns (DCD - SCD + CPR)
    Destination Clock Delay (DCD):    0.748ns = ( 10.748 - 10.000 ) 
    Source Clock Delay      (SCD):    0.787ns
    Clock Pessimism Removal (CPR):    0.000ns
  Clock Uncertainty:      0.035ns  ((TSJ^2 + TIJ^2)^1/2 + DJ) / 2 + PE
    Total System Jitter     (TSJ):    0.071ns
    Total Input Jitter      (TIJ):    0.000ns
    Discrete Jitter          (DJ):    0.000ns
    Phase Error              (PE):    0.000ns

    Location             Delay type                Incr(ns)  Path(ns)    Netlist Resource(s)
  -------------------------------------------------------------------    -------------------
                         (clock aclk rise edge)       0.000     0.000 r  
                                                      0.000     0.000 r  aclk (IN)
                         net (fo=53882, unset)        0.787     0.787    u_icache/aclk
                         FDRE                                         r  u_icache/tag_arr_reg[3][119][3]/C
  -------------------------------------------------------------------    -------------------
                         FDRE (Prop_fdre_C_Q)         0.379     1.166 r  u_icache/tag_arr_reg[3][119][3]/Q
                         net (fo=1, unplaced)         0.779     1.945    u_icache/tag_arr_reg_n_0_[3][119][3]
                         LUT6 (Prop_lut6_I0_O)        0.232     2.177 r  u_icache/FSM_onehot_state[5]_i_4699/O
                         net (fo=1, unplaced)         0.000     2.177    u_icache/FSM_onehot_state[5]_i_4699_n_0
                         MUXF7 (Prop_muxf7_I1_O)      0.206     2.383 r  u_icache/FSM_onehot_state_reg[5]_i_3794/O
                         net (fo=1, unplaced)         0.000     2.383    u_icache/FSM_onehot_state_reg[5]_i_3794_n_0
                         MUXF8 (Prop_muxf8_I0_O)      0.085     2.468 r  u_icache/FSM_onehot_state_reg[5]_i_2318/O
                         net (fo=1, unplaced)         0.563     3.031    u_icache/FSM_onehot_state_reg[5]_i_2318_n_0
                         LUT6 (Prop_lut6_I0_O)        0.259     3.290 r  u_icache/FSM_onehot_state[5]_i_1111/O
                         net (fo=1, unplaced)         0.000     3.290    u_icache/FSM_onehot_state[5]_i_1111_n_0
                         MUXF7 (Prop_muxf7_I1_O)      0.206     3.496 r  u_icache/FSM_onehot_state_reg[5]_i_494/O
                         net (fo=1, unplaced)         0.584     4.080    u_icache/tag_arr[3]
                         LUT6 (Prop_lut6_I0_O)        0.242     4.322 r  u_icache/FSM_onehot_state[5]_i_187/O
                         net (fo=1, unplaced)         0.000     4.322    u_icache/FSM_onehot_state[5]_i_187_n_0
                         CARRY4 (Prop_carry4_S[1]_CO[3])
                                                      0.457     4.779 r  u_icache/FSM_onehot_state_reg[5]_i_68/CO[3]
                         net (fo=1, unplaced)         0.008     4.787    u_icache/FSM_onehot_state_reg[5]_i_68_n_0
                         CARRY4 (Prop_carry4_CI_CO[2])
                                                      0.209     4.996 f  u_icache/FSM_onehot_state_reg[5]_i_21/CO[2]
                         net (fo=24, unplaced)        0.413     5.409    u_icache/way_hit_30
                         LUT4 (Prop_lut4_I2_O)        0.252     5.661 f  u_icache/FSM_onehot_state[5]_i_7/O
                         net (fo=5, unplaced)         0.375     6.036    u_icache/FSM_onehot_state[5]_i_7_n_0
                         LUT5 (Prop_lut5_I4_O)        0.105     6.141 f  u_icache/valid_arr[3][99]_i_4/O
                         net (fo=57, unplaced)        0.433     6.574    u_icache/hit_any
                         LUT4 (Prop_lut4_I0_O)        0.105     6.679 f  u_icache/if_rline[255]_i_7/O
                         net (fo=257, unplaced)       0.470     7.149    u_icache/lookup_hit
                         LUT2 (Prop_lut2_I0_O)        0.105     7.254 f  u_icache/if_rline[255]_i_4/O
                         net (fo=12, unplaced)        0.395     7.649    u_ifu/ic_ifu_data_ok
                         LUT3 (Prop_lut3_I2_O)        0.105     7.754 r  u_ifu/if_rline[255]_i_5/O
                         net (fo=128, unplaced)       0.453     8.207    u_ifu/if_rline[255]_i_5_n_0
                         LUT6 (Prop_lut6_I4_O)        0.105     8.312 f  u_ifu/mem[14][61]_i_12/O
                         net (fo=2, unplaced)         0.593     8.905    u_ifu/mem[14][61]_i_12_n_0
                         LUT6 (Prop_lut6_I1_O)        0.105     9.010 f  u_ifu/mem[14][61]_i_5/O
                         net (fo=3, unplaced)         0.956     9.966    u_ifu/mem[14][61]_i_5_n_0
                         LUT6 (Prop_lut6_I0_O)        0.105    10.071 r  u_ifu/i_excp_adef_o_i_43/O
                         net (fo=3, unplaced)         0.346    10.417    u_ifu/i_excp_adef_o_i_43_n_0
                         LUT4 (Prop_lut4_I0_O)        0.126    10.543 r  u_ifu/i_excp_adef_o_i_20/O
                         net (fo=3, unplaced)         0.600    11.143    u_ifu/i_excp_adef_o_i_20_n_0
                         LUT6 (Prop_lut6_I0_O)        0.105    11.248 r  u_ifu/i_excp_adef_o_i_8/O
                         net (fo=5, unplaced)         0.556    11.804    u_ifu/i_excp_adef_o_i_8_n_0
                         LUT6 (Prop_lut6_I3_O)        0.105    11.909 r  u_ifu/i_excp_adef_o_i_2/O
                         net (fo=44, unplaced)        0.426    12.335    u_ifu/ifu_ftq_accept
                         LUT3 (Prop_lut3_I1_O)        0.105    12.440 r  u_ifu/e_key[0][4]_i_1/O
                         net (fo=19, unplaced)        0.406    12.846    u_csr_exception_commit_handler/mmu_tlbm_inst_vaddr[3]
                         LUT3 (Prop_lut3_I2_O)        0.105    12.951 r  u_csr_exception_commit_handler/e_ppn[0][19]_i_443__0/O
                         net (fo=32, unplaced)        0.653    13.604    u_tlb_manager/u_tlb/csr_tlbidx_reg[1]_i_38_5
                         LUT6 (Prop_lut6_I1_O)        0.105    13.709 r  u_tlb_manager/u_tlb/e_ppn[0][19]_i_481/O
                         net (fo=1, unplaced)         0.000    13.709    u_tlb_manager/u_tlb/e_ppn[0][19]_i_481_n_0
                         CARRY4 (Prop_carry4_S[1]_CO[3])
                                                      0.457    14.166 r  u_tlb_manager/u_tlb/e_ppn_reg[0][19]_i_383/CO[3]
                         net (fo=1, unplaced)         0.008    14.174    u_tlb_manager/u_tlb/e_ppn_reg[0][19]_i_383_n_0
                         CARRY4 (Prop_carry4_CI_CO[2])
                                                      0.209    14.383 r  u_tlb_manager/u_tlb/e_ppn_reg[0][19]_i_196/CO[2]
                         net (fo=1, unplaced)         0.349    14.732    u_tlb_manager/u_tlb/e_ppn_reg[0][19]_i_196_n_1
                         LUT6 (Prop_lut6_I0_O)        0.252    14.984 f  u_tlb_manager/u_tlb/e_ppn[0][19]_i_86/O
                         net (fo=4, unplaced)         0.962    15.946    u_tlb_manager/u_tlb/e_ppn[0][19]_i_86_n_0
                         LUT6 (Prop_lut6_I1_O)        0.105    16.051 r  u_tlb_manager/u_tlb/csr_tlbidx[0]_i_50/O
                         net (fo=1, unplaced)         0.347    16.398    u_tlb_manager/u_tlb/csr_tlbidx[0]_i_50_n_0
                         LUT6 (Prop_lut6_I4_O)        0.105    16.503 r  u_tlb_manager/u_tlb/csr_tlbidx[0]_i_25/O
                         net (fo=2, unplaced)         0.358    16.861    u_tlb_manager/u_tlb/csr_tlbidx[0]_i_25_n_0
                         LUT6 (Prop_lut6_I2_O)        0.105    16.966 r  u_tlb_manager/u_tlb/csr_tlbidx[0]_i_11/O
                         net (fo=1, unplaced)         0.347    17.313    u_tlb_manager/u_tlb/csr_tlbidx[0]_i_11_n_0
                         LUT6 (Prop_lut6_I3_O)        0.105    17.418 f  u_tlb_manager/u_tlb/csr_tlbidx[0]_i_3/O
                         net (fo=1, unplaced)         0.582    18.000    u_tlb_manager/u_tlb/csr_tlbidx[0]_i_3_n_0
                         LUT6 (Prop_lut6_I0_O)        0.105    18.105 r  u_tlb_manager/u_tlb/csr_tlbidx[0]_i_2/O
                         net (fo=463, unplaced)       0.485    18.590    u_tlb_manager/u_tlb/tlb_g_reg[28]_1
                         LUT6 (Prop_lut6_I4_O)        0.105    18.695 r  u_tlb_manager/u_tlb/pre_paddr[21]_i_14/O
                         net (fo=1, unplaced)         0.938    19.633    u_tlb_manager/u_tlb/pre_paddr[21]_i_14_n_0
                         LUT6 (Prop_lut6_I1_O)        0.105    19.738 r  u_tlb_manager/u_tlb/pre_paddr[21]_i_10/O
                         net (fo=1, unplaced)         0.582    20.320    u_tlb_manager/u_tlb/pre_paddr[21]_i_10_n_0
                         LUT6 (Prop_lut6_I1_O)        0.105    20.425 f  u_tlb_manager/u_tlb/pre_paddr[21]_i_7/O
                         net (fo=2, unplaced)         0.593    21.018    u_tlb_manager/u_tlb/s0_ps[5]
                         LUT6 (Prop_lut6_I0_O)        0.105    21.123 r  u_tlb_manager/u_tlb/fifo_ptr[2]_i_3__0/O
                         net (fo=1, unplaced)         0.347    21.470    u_tlb_manager/u_tlb/fifo_ptr[2]_i_3__0_n_0
                         LUT6 (Prop_lut6_I1_O)        0.105    21.575 r  u_tlb_manager/u_tlb/fifo_ptr[2]_i_2__0/O
                         net (fo=19, unplaced)        0.406    21.981    u_tlb_manager/u_l1_tlb_i/refill_en
                         LUT5 (Prop_lut5_I1_O)        0.105    22.086 r  u_tlb_manager/u_l1_tlb_i/e_key[0][19]_i_1/O
                         net (fo=45, unplaced)        0.446    22.532    u_tlb_manager/u_l1_tlb_i/e_key
                         FDRE                                         r  u_tlb_manager/u_l1_tlb_i/e_key_reg[0][17]/CE
  -------------------------------------------------------------------    -------------------

                         (clock aclk rise edge)      10.000    10.000 r  
                                                      0.000    10.000 r  aclk (IN)
                         net (fo=53882, unset)        0.748    10.748    u_tlb_manager/u_l1_tlb_i/aclk
                         FDRE                                         r  u_tlb_manager/u_l1_tlb_i/e_key_reg[0][17]/C
                         clock pessimism              0.000    10.748    
                         clock uncertainty           -0.035    10.712    
                         FDRE (Setup_fdre_C_CE)      -0.165    10.547    u_tlb_manager/u_l1_tlb_i/e_key_reg[0][17]
  -------------------------------------------------------------------
                         required time                         10.547    
                         arrival time                         -22.532    
  -------------------------------------------------------------------
                         slack                                -11.985    

Slack (VIOLATED) :        -11.985ns  (required time - arrival time)
  Source:                 u_icache/tag_arr_reg[3][119][3]/C
                            (rising edge-triggered cell FDRE clocked by aclk  {rise@0.000ns fall@5.000ns period=10.000ns})
  Destination:            u_tlb_manager/u_l1_tlb_i/e_key_reg[0][18]/CE
                            (rising edge-triggered cell FDRE clocked by aclk  {rise@0.000ns fall@5.000ns period=10.000ns})
  Path Group:             aclk
  Path Type:              Setup (Max at Slow Process Corner)
  Requirement:            10.000ns  (aclk rise@10.000ns - aclk rise@0.000ns)
  Data Path Delay:        21.745ns  (logic 5.986ns (27.528%)  route 15.759ns (72.472%))
  Logic Levels:           36  (CARRY4=4 LUT2=1 LUT3=3 LUT4=3 LUT5=2 LUT6=20 MUXF7=2 MUXF8=1)
  Clock Path Skew:        -0.039ns (DCD - SCD + CPR)
    Destination Clock Delay (DCD):    0.748ns = ( 10.748 - 10.000 ) 
    Source Clock Delay      (SCD):    0.787ns
    Clock Pessimism Removal (CPR):    0.000ns
  Clock Uncertainty:      0.035ns  ((TSJ^2 + TIJ^2)^1/2 + DJ) / 2 + PE
    Total System Jitter     (TSJ):    0.071ns
    Total Input Jitter      (TIJ):    0.000ns
    Discrete Jitter          (DJ):    0.000ns
    Phase Error              (PE):    0.000ns

    Location             Delay type                Incr(ns)  Path(ns)    Netlist Resource(s)
  -------------------------------------------------------------------    -------------------
                         (clock aclk rise edge)       0.000     0.000 r  
                                                      0.000     0.000 r  aclk (IN)
                         net (fo=53882, unset)        0.787     0.787    u_icache/aclk
                         FDRE                                         r  u_icache/tag_arr_reg[3][119][3]/C
  -------------------------------------------------------------------    -------------------
                         FDRE (Prop_fdre_C_Q)         0.379     1.166 r  u_icache/tag_arr_reg[3][119][3]/Q
                         net (fo=1, unplaced)         0.779     1.945    u_icache/tag_arr_reg_n_0_[3][119][3]
                         LUT6 (Prop_lut6_I0_O)        0.232     2.177 r  u_icache/FSM_onehot_state[5]_i_4699/O
                         net (fo=1, unplaced)         0.000     2.177    u_icache/FSM_onehot_state[5]_i_4699_n_0
                         MUXF7 (Prop_muxf7_I1_O)      0.206     2.383 r  u_icache/FSM_onehot_state_reg[5]_i_3794/O
                         net (fo=1, unplaced)         0.000     2.383    u_icache/FSM_onehot_state_reg[5]_i_3794_n_0
                         MUXF8 (Prop_muxf8_I0_O)      0.085     2.468 r  u_icache/FSM_onehot_state_reg[5]_i_2318/O
                         net (fo=1, unplaced)         0.563     3.031    u_icache/FSM_onehot_state_reg[5]_i_2318_n_0
                         LUT6 (Prop_lut6_I0_O)        0.259     3.290 r  u_icache/FSM_onehot_state[5]_i_1111/O
                         net (fo=1, unplaced)         0.000     3.290    u_icache/FSM_onehot_state[5]_i_1111_n_0
                         MUXF7 (Prop_muxf7_I1_O)      0.206     3.496 r  u_icache/FSM_onehot_state_reg[5]_i_494/O
                         net (fo=1, unplaced)         0.584     4.080    u_icache/tag_arr[3]
                         LUT6 (Prop_lut6_I0_O)        0.242     4.322 r  u_icache/FSM_onehot_state[5]_i_187/O
                         net (fo=1, unplaced)         0.000     4.322    u_icache/FSM_onehot_state[5]_i_187_n_0
                         CARRY4 (Prop_carry4_S[1]_CO[3])
                                                      0.457     4.779 r  u_icache/FSM_onehot_state_reg[5]_i_68/CO[3]
                         net (fo=1, unplaced)         0.008     4.787    u_icache/FSM_onehot_state_reg[5]_i_68_n_0
                         CARRY4 (Prop_carry4_CI_CO[2])
                                                      0.209     4.996 f  u_icache/FSM_onehot_state_reg[5]_i_21/CO[2]
                         net (fo=24, unplaced)        0.413     5.409    u_icache/way_hit_30
                         LUT4 (Prop_lut4_I2_O)        0.252     5.661 f  u_icache/FSM_onehot_state[5]_i_7/O
                         net (fo=5, unplaced)         0.375     6.036    u_icache/FSM_onehot_state[5]_i_7_n_0
                         LUT5 (Prop_lut5_I4_O)        0.105     6.141 f  u_icache/valid_arr[3][99]_i_4/O
                         net (fo=57, unplaced)        0.433     6.574    u_icache/hit_any
                         LUT4 (Prop_lut4_I0_O)        0.105     6.679 f  u_icache/if_rline[255]_i_7/O
                         net (fo=257, unplaced)       0.470     7.149    u_icache/lookup_hit
                         LUT2 (Prop_lut2_I0_O)        0.105     7.254 f  u_icache/if_rline[255]_i_4/O
                         net (fo=12, unplaced)        0.395     7.649    u_ifu/ic_ifu_data_ok
                         LUT3 (Prop_lut3_I2_O)        0.105     7.754 r  u_ifu/if_rline[255]_i_5/O
                         net (fo=128, unplaced)       0.453     8.207    u_ifu/if_rline[255]_i_5_n_0
                         LUT6 (Prop_lut6_I4_O)        0.105     8.312 f  u_ifu/mem[14][61]_i_12/O
                         net (fo=2, unplaced)         0.593     8.905    u_ifu/mem[14][61]_i_12_n_0
                         LUT6 (Prop_lut6_I1_O)        0.105     9.010 f  u_ifu/mem[14][61]_i_5/O
                         net (fo=3, unplaced)         0.956     9.966    u_ifu/mem[14][61]_i_5_n_0
                         LUT6 (Prop_lut6_I0_O)        0.105    10.071 r  u_ifu/i_excp_adef_o_i_43/O
                         net (fo=3, unplaced)         0.346    10.417    u_ifu/i_excp_adef_o_i_43_n_0
                         LUT4 (Prop_lut4_I0_O)        0.126    10.543 r  u_ifu/i_excp_adef_o_i_20/O
                         net (fo=3, unplaced)         0.600    11.143    u_ifu/i_excp_adef_o_i_20_n_0
                         LUT6 (Prop_lut6_I0_O)        0.105    11.248 r  u_ifu/i_excp_adef_o_i_8/O
                         net (fo=5, unplaced)         0.556    11.804    u_ifu/i_excp_adef_o_i_8_n_0
                         LUT6 (Prop_lut6_I3_O)        0.105    11.909 r  u_ifu/i_excp_adef_o_i_2/O
                         net (fo=44, unplaced)        0.426    12.335    u_ifu/ifu_ftq_accept
                         LUT3 (Prop_lut3_I1_O)        0.105    12.440 r  u_ifu/e_key[0][4]_i_1/O
                         net (fo=19, unplaced)        0.406    12.846    u_csr_exception_commit_handler/mmu_tlbm_inst_vaddr[3]
                         LUT3 (Prop_lut3_I2_O)        0.105    12.951 r  u_csr_exception_commit_handler/e_ppn[0][19]_i_443__0/O
                         net (fo=32, unplaced)        0.653    13.604    u_tlb_manager/u_tlb/csr_tlbidx_reg[1]_i_38_5
                         LUT6 (Prop_lut6_I1_O)        0.105    13.709 r  u_tlb_manager/u_tlb/e_ppn[0][19]_i_481/O
                         net (fo=1, unplaced)         0.000    13.709    u_tlb_manager/u_tlb/e_ppn[0][19]_i_481_n_0
                         CARRY4 (Prop_carry4_S[1]_CO[3])
                                                      0.457    14.166 r  u_tlb_manager/u_tlb/e_ppn_reg[0][19]_i_383/CO[3]
                         net (fo=1, unplaced)         0.008    14.174    u_tlb_manager/u_tlb/e_ppn_reg[0][19]_i_383_n_0
                         CARRY4 (Prop_carry4_CI_CO[2])
                                                      0.209    14.383 r  u_tlb_manager/u_tlb/e_ppn_reg[0][19]_i_196/CO[2]
                         net (fo=1, unplaced)         0.349    14.732    u_tlb_manager/u_tlb/e_ppn_reg[0][19]_i_196_n_1
                         LUT6 (Prop_lut6_I0_O)        0.252    14.984 f  u_tlb_manager/u_tlb/e_ppn[0][19]_i_86/O
                         net (fo=4, unplaced)         0.962    15.946    u_tlb_manager/u_tlb/e_ppn[0][19]_i_86_n_0
                         LUT6 (Prop_lut6_I1_O)        0.105    16.051 r  u_tlb_manager/u_tlb/csr_tlbidx[0]_i_50/O
                         net (fo=1, unplaced)         0.347    16.398    u_tlb_manager/u_tlb/csr_tlbidx[0]_i_50_n_0
                         LUT6 (Prop_lut6_I4_O)        0.105    16.503 r  u_tlb_manager/u_tlb/csr_tlbidx[0]_i_25/O
                         net (fo=2, unplaced)         0.358    16.861    u_tlb_manager/u_tlb/csr_tlbidx[0]_i_25_n_0
                         LUT6 (Prop_lut6_I2_O)        0.105    16.966 r  u_tlb_manager/u_tlb/csr_tlbidx[0]_i_11/O
                         net (fo=1, unplaced)         0.347    17.313    u_tlb_manager/u_tlb/csr_tlbidx[0]_i_11_n_0
                         LUT6 (Prop_lut6_I3_O)        0.105    17.418 f  u_tlb_manager/u_tlb/csr_tlbidx[0]_i_3/O
                         net (fo=1, unplaced)         0.582    18.000    u_tlb_manager/u_tlb/csr_tlbidx[0]_i_3_n_0
                         LUT6 (Prop_lut6_I0_O)        0.105    18.105 r  u_tlb_manager/u_tlb/csr_tlbidx[0]_i_2/O
                         net (fo=463, unplaced)       0.485    18.590    u_tlb_manager/u_tlb/tlb_g_reg[28]_1
                         LUT6 (Prop_lut6_I4_O)        0.105    18.695 r  u_tlb_manager/u_tlb/pre_paddr[21]_i_14/O
                         net (fo=1, unplaced)         0.938    19.633    u_tlb_manager/u_tlb/pre_paddr[21]_i_14_n_0
                         LUT6 (Prop_lut6_I1_O)        0.105    19.738 r  u_tlb_manager/u_tlb/pre_paddr[21]_i_10/O
                         net (fo=1, unplaced)         0.582    20.320    u_tlb_manager/u_tlb/pre_paddr[21]_i_10_n_0
                         LUT6 (Prop_lut6_I1_O)        0.105    20.425 f  u_tlb_manager/u_tlb/pre_paddr[21]_i_7/O
                         net (fo=2, unplaced)         0.593    21.018    u_tlb_manager/u_tlb/s0_ps[5]
                         LUT6 (Prop_lut6_I0_O)        0.105    21.123 r  u_tlb_manager/u_tlb/fifo_ptr[2]_i_3__0/O
                         net (fo=1, unplaced)         0.347    21.470    u_tlb_manager/u_tlb/fifo_ptr[2]_i_3__0_n_0
                         LUT6 (Prop_lut6_I1_O)        0.105    21.575 r  u_tlb_manager/u_tlb/fifo_ptr[2]_i_2__0/O
                         net (fo=19, unplaced)        0.406    21.981    u_tlb_manager/u_l1_tlb_i/refill_en
                         LUT5 (Prop_lut5_I1_O)        0.105    22.086 r  u_tlb_manager/u_l1_tlb_i/e_key[0][19]_i_1/O
                         net (fo=45, unplaced)        0.446    22.532    u_tlb_manager/u_l1_tlb_i/e_key
                         FDRE                                         r  u_tlb_manager/u_l1_tlb_i/e_key_reg[0][18]/CE
  -------------------------------------------------------------------    -------------------

                         (clock aclk rise edge)      10.000    10.000 r  
                                                      0.000    10.000 r  aclk (IN)
                         net (fo=53882, unset)        0.748    10.748    u_tlb_manager/u_l1_tlb_i/aclk
                         FDRE                                         r  u_tlb_manager/u_l1_tlb_i/e_key_reg[0][18]/C
                         clock pessimism              0.000    10.748    
                         clock uncertainty           -0.035    10.712    
                         FDRE (Setup_fdre_C_CE)      -0.165    10.547    u_tlb_manager/u_l1_tlb_i/e_key_reg[0][18]
  -------------------------------------------------------------------
                         required time                         10.547    
                         arrival time                         -22.532    
  -------------------------------------------------------------------
                         slack                                -11.985    

Slack (VIOLATED) :        -11.985ns  (required time - arrival time)
  Source:                 u_icache/tag_arr_reg[3][119][3]/C
                            (rising edge-triggered cell FDRE clocked by aclk  {rise@0.000ns fall@5.000ns period=10.000ns})
  Destination:            u_tlb_manager/u_l1_tlb_i/e_key_reg[0][19]/CE
                            (rising edge-triggered cell FDRE clocked by aclk  {rise@0.000ns fall@5.000ns period=10.000ns})
  Path Group:             aclk
  Path Type:              Setup (Max at Slow Process Corner)
  Requirement:            10.000ns  (aclk rise@10.000ns - aclk rise@0.000ns)
  Data Path Delay:        21.745ns  (logic 5.986ns (27.528%)  route 15.759ns (72.472%))
  Logic Levels:           36  (CARRY4=4 LUT2=1 LUT3=3 LUT4=3 LUT5=2 LUT6=20 MUXF7=2 MUXF8=1)
  Clock Path Skew:        -0.039ns (DCD - SCD + CPR)
    Destination Clock Delay (DCD):    0.748ns = ( 10.748 - 10.000 ) 
    Source Clock Delay      (SCD):    0.787ns
    Clock Pessimism Removal (CPR):    0.000ns
  Clock Uncertainty:      0.035ns  ((TSJ^2 + TIJ^2)^1/2 + DJ) / 2 + PE
    Total System Jitter     (TSJ):    0.071ns
    Total Input Jitter      (TIJ):    0.000ns
    Discrete Jitter          (DJ):    0.000ns
    Phase Error              (PE):    0.000ns

    Location             Delay type                Incr(ns)  Path(ns)    Netlist Resource(s)
  -------------------------------------------------------------------    -------------------
                         (clock aclk rise edge)       0.000     0.000 r  
                                                      0.000     0.000 r  aclk (IN)
                         net (fo=53882, unset)        0.787     0.787    u_icache/aclk
                         FDRE                                         r  u_icache/tag_arr_reg[3][119][3]/C
  -------------------------------------------------------------------    -------------------
                         FDRE (Prop_fdre_C_Q)         0.379     1.166 r  u_icache/tag_arr_reg[3][119][3]/Q
                         net (fo=1, unplaced)         0.779     1.945    u_icache/tag_arr_reg_n_0_[3][119][3]
                         LUT6 (Prop_lut6_I0_O)        0.232     2.177 r  u_icache/FSM_onehot_state[5]_i_4699/O
                         net (fo=1, unplaced)         0.000     2.177    u_icache/FSM_onehot_state[5]_i_4699_n_0
                         MUXF7 (Prop_muxf7_I1_O)      0.206     2.383 r  u_icache/FSM_onehot_state_reg[5]_i_3794/O
                         net (fo=1, unplaced)         0.000     2.383    u_icache/FSM_onehot_state_reg[5]_i_3794_n_0
                         MUXF8 (Prop_muxf8_I0_O)      0.085     2.468 r  u_icache/FSM_onehot_state_reg[5]_i_2318/O
                         net (fo=1, unplaced)         0.563     3.031    u_icache/FSM_onehot_state_reg[5]_i_2318_n_0
                         LUT6 (Prop_lut6_I0_O)        0.259     3.290 r  u_icache/FSM_onehot_state[5]_i_1111/O
                         net (fo=1, unplaced)         0.000     3.290    u_icache/FSM_onehot_state[5]_i_1111_n_0
                         MUXF7 (Prop_muxf7_I1_O)      0.206     3.496 r  u_icache/FSM_onehot_state_reg[5]_i_494/O
                         net (fo=1, unplaced)         0.584     4.080    u_icache/tag_arr[3]
                         LUT6 (Prop_lut6_I0_O)        0.242     4.322 r  u_icache/FSM_onehot_state[5]_i_187/O
                         net (fo=1, unplaced)         0.000     4.322    u_icache/FSM_onehot_state[5]_i_187_n_0
                         CARRY4 (Prop_carry4_S[1]_CO[3])
                                                      0.457     4.779 r  u_icache/FSM_onehot_state_reg[5]_i_68/CO[3]
                         net (fo=1, unplaced)         0.008     4.787    u_icache/FSM_onehot_state_reg[5]_i_68_n_0
                         CARRY4 (Prop_carry4_CI_CO[2])
                                                      0.209     4.996 f  u_icache/FSM_onehot_state_reg[5]_i_21/CO[2]
                         net (fo=24, unplaced)        0.413     5.409    u_icache/way_hit_30
                         LUT4 (Prop_lut4_I2_O)        0.252     5.661 f  u_icache/FSM_onehot_state[5]_i_7/O
                         net (fo=5, unplaced)         0.375     6.036    u_icache/FSM_onehot_state[5]_i_7_n_0
                         LUT5 (Prop_lut5_I4_O)        0.105     6.141 f  u_icache/valid_arr[3][99]_i_4/O
                         net (fo=57, unplaced)        0.433     6.574    u_icache/hit_any
                         LUT4 (Prop_lut4_I0_O)        0.105     6.679 f  u_icache/if_rline[255]_i_7/O
                         net (fo=257, unplaced)       0.470     7.149    u_icache/lookup_hit
                         LUT2 (Prop_lut2_I0_O)        0.105     7.254 f  u_icache/if_rline[255]_i_4/O
                         net (fo=12, unplaced)        0.395     7.649    u_ifu/ic_ifu_data_ok
                         LUT3 (Prop_lut3_I2_O)        0.105     7.754 r  u_ifu/if_rline[255]_i_5/O
                         net (fo=128, unplaced)       0.453     8.207    u_ifu/if_rline[255]_i_5_n_0
                         LUT6 (Prop_lut6_I4_O)        0.105     8.312 f  u_ifu/mem[14][61]_i_12/O
                         net (fo=2, unplaced)         0.593     8.905    u_ifu/mem[14][61]_i_12_n_0
                         LUT6 (Prop_lut6_I1_O)        0.105     9.010 f  u_ifu/mem[14][61]_i_5/O
                         net (fo=3, unplaced)         0.956     9.966    u_ifu/mem[14][61]_i_5_n_0
                         LUT6 (Prop_lut6_I0_O)        0.105    10.071 r  u_ifu/i_excp_adef_o_i_43/O
                         net (fo=3, unplaced)         0.346    10.417    u_ifu/i_excp_adef_o_i_43_n_0
                         LUT4 (Prop_lut4_I0_O)        0.126    10.543 r  u_ifu/i_excp_adef_o_i_20/O
                         net (fo=3, unplaced)         0.600    11.143    u_ifu/i_excp_adef_o_i_20_n_0
                         LUT6 (Prop_lut6_I0_O)        0.105    11.248 r  u_ifu/i_excp_adef_o_i_8/O
                         net (fo=5, unplaced)         0.556    11.804    u_ifu/i_excp_adef_o_i_8_n_0
                         LUT6 (Prop_lut6_I3_O)        0.105    11.909 r  u_ifu/i_excp_adef_o_i_2/O
                         net (fo=44, unplaced)        0.426    12.335    u_ifu/ifu_ftq_accept
                         LUT3 (Prop_lut3_I1_O)        0.105    12.440 r  u_ifu/e_key[0][4]_i_1/O
                         net (fo=19, unplaced)        0.406    12.846    u_csr_exception_commit_handler/mmu_tlbm_inst_vaddr[3]
                         LUT3 (Prop_lut3_I2_O)        0.105    12.951 r  u_csr_exception_commit_handler/e_ppn[0][19]_i_443__0/O
                         net (fo=32, unplaced)        0.653    13.604    u_tlb_manager/u_tlb/csr_tlbidx_reg[1]_i_38_5
                         LUT6 (Prop_lut6_I1_O)        0.105    13.709 r  u_tlb_manager/u_tlb/e_ppn[0][19]_i_481/O
                         net (fo=1, unplaced)         0.000    13.709    u_tlb_manager/u_tlb/e_ppn[0][19]_i_481_n_0
                         CARRY4 (Prop_carry4_S[1]_CO[3])
                                                      0.457    14.166 r  u_tlb_manager/u_tlb/e_ppn_reg[0][19]_i_383/CO[3]
                         net (fo=1, unplaced)         0.008    14.174    u_tlb_manager/u_tlb/e_ppn_reg[0][19]_i_383_n_0
                         CARRY4 (Prop_carry4_CI_CO[2])
                                                      0.209    14.383 r  u_tlb_manager/u_tlb/e_ppn_reg[0][19]_i_196/CO[2]
                         net (fo=1, unplaced)         0.349    14.732    u_tlb_manager/u_tlb/e_ppn_reg[0][19]_i_196_n_1
                         LUT6 (Prop_lut6_I0_O)        0.252    14.984 f  u_tlb_manager/u_tlb/e_ppn[0][19]_i_86/O
                         net (fo=4, unplaced)         0.962    15.946    u_tlb_manager/u_tlb/e_ppn[0][19]_i_86_n_0
                         LUT6 (Prop_lut6_I1_O)        0.105    16.051 r  u_tlb_manager/u_tlb/csr_tlbidx[0]_i_50/O
                         net (fo=1, unplaced)         0.347    16.398    u_tlb_manager/u_tlb/csr_tlbidx[0]_i_50_n_0
                         LUT6 (Prop_lut6_I4_O)        0.105    16.503 r  u_tlb_manager/u_tlb/csr_tlbidx[0]_i_25/O
                         net (fo=2, unplaced)         0.358    16.861    u_tlb_manager/u_tlb/csr_tlbidx[0]_i_25_n_0
                         LUT6 (Prop_lut6_I2_O)        0.105    16.966 r  u_tlb_manager/u_tlb/csr_tlbidx[0]_i_11/O
                         net (fo=1, unplaced)         0.347    17.313    u_tlb_manager/u_tlb/csr_tlbidx[0]_i_11_n_0
                         LUT6 (Prop_lut6_I3_O)        0.105    17.418 f  u_tlb_manager/u_tlb/csr_tlbidx[0]_i_3/O
                         net (fo=1, unplaced)         0.582    18.000    u_tlb_manager/u_tlb/csr_tlbidx[0]_i_3_n_0
                         LUT6 (Prop_lut6_I0_O)        0.105    18.105 r  u_tlb_manager/u_tlb/csr_tlbidx[0]_i_2/O
                         net (fo=463, unplaced)       0.485    18.590    u_tlb_manager/u_tlb/tlb_g_reg[28]_1
                         LUT6 (Prop_lut6_I4_O)        0.105    18.695 r  u_tlb_manager/u_tlb/pre_paddr[21]_i_14/O
                         net (fo=1, unplaced)         0.938    19.633    u_tlb_manager/u_tlb/pre_paddr[21]_i_14_n_0
                         LUT6 (Prop_lut6_I1_O)        0.105    19.738 r  u_tlb_manager/u_tlb/pre_paddr[21]_i_10/O
                         net (fo=1, unplaced)         0.582    20.320    u_tlb_manager/u_tlb/pre_paddr[21]_i_10_n_0
                         LUT6 (Prop_lut6_I1_O)        0.105    20.425 f  u_tlb_manager/u_tlb/pre_paddr[21]_i_7/O
                         net (fo=2, unplaced)         0.593    21.018    u_tlb_manager/u_tlb/s0_ps[5]
                         LUT6 (Prop_lut6_I0_O)        0.105    21.123 r  u_tlb_manager/u_tlb/fifo_ptr[2]_i_3__0/O
                         net (fo=1, unplaced)         0.347    21.470    u_tlb_manager/u_tlb/fifo_ptr[2]_i_3__0_n_0
                         LUT6 (Prop_lut6_I1_O)        0.105    21.575 r  u_tlb_manager/u_tlb/fifo_ptr[2]_i_2__0/O
                         net (fo=19, unplaced)        0.406    21.981    u_tlb_manager/u_l1_tlb_i/refill_en
                         LUT5 (Prop_lut5_I1_O)        0.105    22.086 r  u_tlb_manager/u_l1_tlb_i/e_key[0][19]_i_1/O
                         net (fo=45, unplaced)        0.446    22.532    u_tlb_manager/u_l1_tlb_i/e_key
                         FDRE                                         r  u_tlb_manager/u_l1_tlb_i/e_key_reg[0][19]/CE
  -------------------------------------------------------------------    -------------------

                         (clock aclk rise edge)      10.000    10.000 r  
                                                      0.000    10.000 r  aclk (IN)
                         net (fo=53882, unset)        0.748    10.748    u_tlb_manager/u_l1_tlb_i/aclk
                         FDRE                                         r  u_tlb_manager/u_l1_tlb_i/e_key_reg[0][19]/C
                         clock pessimism              0.000    10.748    
                         clock uncertainty           -0.035    10.712    
                         FDRE (Setup_fdre_C_CE)      -0.165    10.547    u_tlb_manager/u_l1_tlb_i/e_key_reg[0][19]
  -------------------------------------------------------------------
                         required time                         10.547    
                         arrival time                         -22.532    
  -------------------------------------------------------------------
                         slack                                -11.985    

Slack (VIOLATED) :        -11.985ns  (required time - arrival time)
  Source:                 u_icache/tag_arr_reg[3][119][3]/C
                            (rising edge-triggered cell FDRE clocked by aclk  {rise@0.000ns fall@5.000ns period=10.000ns})
  Destination:            u_tlb_manager/u_l1_tlb_i/e_key_reg[0][1]/CE
                            (rising edge-triggered cell FDRE clocked by aclk  {rise@0.000ns fall@5.000ns period=10.000ns})
  Path Group:             aclk
  Path Type:              Setup (Max at Slow Process Corner)
  Requirement:            10.000ns  (aclk rise@10.000ns - aclk rise@0.000ns)
  Data Path Delay:        21.745ns  (logic 5.986ns (27.528%)  route 15.759ns (72.472%))
  Logic Levels:           36  (CARRY4=4 LUT2=1 LUT3=3 LUT4=3 LUT5=2 LUT6=20 MUXF7=2 MUXF8=1)
  Clock Path Skew:        -0.039ns (DCD - SCD + CPR)
    Destination Clock Delay (DCD):    0.748ns = ( 10.748 - 10.000 ) 
    Source Clock Delay      (SCD):    0.787ns
    Clock Pessimism Removal (CPR):    0.000ns
  Clock Uncertainty:      0.035ns  ((TSJ^2 + TIJ^2)^1/2 + DJ) / 2 + PE
    Total System Jitter     (TSJ):    0.071ns
    Total Input Jitter      (TIJ):    0.000ns
    Discrete Jitter          (DJ):    0.000ns
    Phase Error              (PE):    0.000ns

    Location             Delay type                Incr(ns)  Path(ns)    Netlist Resource(s)
  -------------------------------------------------------------------    -------------------
                         (clock aclk rise edge)       0.000     0.000 r  
                                                      0.000     0.000 r  aclk (IN)
                         net (fo=53882, unset)        0.787     0.787    u_icache/aclk
                         FDRE                                         r  u_icache/tag_arr_reg[3][119][3]/C
  -------------------------------------------------------------------    -------------------
                         FDRE (Prop_fdre_C_Q)         0.379     1.166 r  u_icache/tag_arr_reg[3][119][3]/Q
                         net (fo=1, unplaced)         0.779     1.945    u_icache/tag_arr_reg_n_0_[3][119][3]
                         LUT6 (Prop_lut6_I0_O)        0.232     2.177 r  u_icache/FSM_onehot_state[5]_i_4699/O
                         net (fo=1, unplaced)         0.000     2.177    u_icache/FSM_onehot_state[5]_i_4699_n_0
                         MUXF7 (Prop_muxf7_I1_O)      0.206     2.383 r  u_icache/FSM_onehot_state_reg[5]_i_3794/O
                         net (fo=1, unplaced)         0.000     2.383    u_icache/FSM_onehot_state_reg[5]_i_3794_n_0
                         MUXF8 (Prop_muxf8_I0_O)      0.085     2.468 r  u_icache/FSM_onehot_state_reg[5]_i_2318/O
                         net (fo=1, unplaced)         0.563     3.031    u_icache/FSM_onehot_state_reg[5]_i_2318_n_0
                         LUT6 (Prop_lut6_I0_O)        0.259     3.290 r  u_icache/FSM_onehot_state[5]_i_1111/O
                         net (fo=1, unplaced)         0.000     3.290    u_icache/FSM_onehot_state[5]_i_1111_n_0
                         MUXF7 (Prop_muxf7_I1_O)      0.206     3.496 r  u_icache/FSM_onehot_state_reg[5]_i_494/O
                         net (fo=1, unplaced)         0.584     4.080    u_icache/tag_arr[3]
                         LUT6 (Prop_lut6_I0_O)        0.242     4.322 r  u_icache/FSM_onehot_state[5]_i_187/O
                         net (fo=1, unplaced)         0.000     4.322    u_icache/FSM_onehot_state[5]_i_187_n_0
                         CARRY4 (Prop_carry4_S[1]_CO[3])
                                                      0.457     4.779 r  u_icache/FSM_onehot_state_reg[5]_i_68/CO[3]
                         net (fo=1, unplaced)         0.008     4.787    u_icache/FSM_onehot_state_reg[5]_i_68_n_0
                         CARRY4 (Prop_carry4_CI_CO[2])
                                                      0.209     4.996 f  u_icache/FSM_onehot_state_reg[5]_i_21/CO[2]
                         net (fo=24, unplaced)        0.413     5.409    u_icache/way_hit_30
                         LUT4 (Prop_lut4_I2_O)        0.252     5.661 f  u_icache/FSM_onehot_state[5]_i_7/O
                         net (fo=5, unplaced)         0.375     6.036    u_icache/FSM_onehot_state[5]_i_7_n_0
                         LUT5 (Prop_lut5_I4_O)        0.105     6.141 f  u_icache/valid_arr[3][99]_i_4/O
                         net (fo=57, unplaced)        0.433     6.574    u_icache/hit_any
                         LUT4 (Prop_lut4_I0_O)        0.105     6.679 f  u_icache/if_rline[255]_i_7/O
                         net (fo=257, unplaced)       0.470     7.149    u_icache/lookup_hit
                         LUT2 (Prop_lut2_I0_O)        0.105     7.254 f  u_icache/if_rline[255]_i_4/O
                         net (fo=12, unplaced)        0.395     7.649    u_ifu/ic_ifu_data_ok
                         LUT3 (Prop_lut3_I2_O)        0.105     7.754 r  u_ifu/if_rline[255]_i_5/O
                         net (fo=128, unplaced)       0.453     8.207    u_ifu/if_rline[255]_i_5_n_0
                         LUT6 (Prop_lut6_I4_O)        0.105     8.312 f  u_ifu/mem[14][61]_i_12/O
                         net (fo=2, unplaced)         0.593     8.905    u_ifu/mem[14][61]_i_12_n_0
                         LUT6 (Prop_lut6_I1_O)        0.105     9.010 f  u_ifu/mem[14][61]_i_5/O
                         net (fo=3, unplaced)         0.956     9.966    u_ifu/mem[14][61]_i_5_n_0
                         LUT6 (Prop_lut6_I0_O)        0.105    10.071 r  u_ifu/i_excp_adef_o_i_43/O
                         net (fo=3, unplaced)         0.346    10.417    u_ifu/i_excp_adef_o_i_43_n_0
                         LUT4 (Prop_lut4_I0_O)        0.126    10.543 r  u_ifu/i_excp_adef_o_i_20/O
                         net (fo=3, unplaced)         0.600    11.143    u_ifu/i_excp_adef_o_i_20_n_0
                         LUT6 (Prop_lut6_I0_O)        0.105    11.248 r  u_ifu/i_excp_adef_o_i_8/O
                         net (fo=5, unplaced)         0.556    11.804    u_ifu/i_excp_adef_o_i_8_n_0
                         LUT6 (Prop_lut6_I3_O)        0.105    11.909 r  u_ifu/i_excp_adef_o_i_2/O
                         net (fo=44, unplaced)        0.426    12.335    u_ifu/ifu_ftq_accept
                         LUT3 (Prop_lut3_I1_O)        0.105    12.440 r  u_ifu/e_key[0][4]_i_1/O
                         net (fo=19, unplaced)        0.406    12.846    u_csr_exception_commit_handler/mmu_tlbm_inst_vaddr[3]
                         LUT3 (Prop_lut3_I2_O)        0.105    12.951 r  u_csr_exception_commit_handler/e_ppn[0][19]_i_443__0/O
                         net (fo=32, unplaced)        0.653    13.604    u_tlb_manager/u_tlb/csr_tlbidx_reg[1]_i_38_5
                         LUT6 (Prop_lut6_I1_O)        0.105    13.709 r  u_tlb_manager/u_tlb/e_ppn[0][19]_i_481/O
                         net (fo=1, unplaced)         0.000    13.709    u_tlb_manager/u_tlb/e_ppn[0][19]_i_481_n_0
                         CARRY4 (Prop_carry4_S[1]_CO[3])
                                                      0.457    14.166 r  u_tlb_manager/u_tlb/e_ppn_reg[0][19]_i_383/CO[3]
                         net (fo=1, unplaced)         0.008    14.174    u_tlb_manager/u_tlb/e_ppn_reg[0][19]_i_383_n_0
                         CARRY4 (Prop_carry4_CI_CO[2])
                                                      0.209    14.383 r  u_tlb_manager/u_tlb/e_ppn_reg[0][19]_i_196/CO[2]
                         net (fo=1, unplaced)         0.349    14.732    u_tlb_manager/u_tlb/e_ppn_reg[0][19]_i_196_n_1
                         LUT6 (Prop_lut6_I0_O)        0.252    14.984 f  u_tlb_manager/u_tlb/e_ppn[0][19]_i_86/O
                         net (fo=4, unplaced)         0.962    15.946    u_tlb_manager/u_tlb/e_ppn[0][19]_i_86_n_0
                         LUT6 (Prop_lut6_I1_O)        0.105    16.051 r  u_tlb_manager/u_tlb/csr_tlbidx[0]_i_50/O
                         net (fo=1, unplaced)         0.347    16.398    u_tlb_manager/u_tlb/csr_tlbidx[0]_i_50_n_0
                         LUT6 (Prop_lut6_I4_O)        0.105    16.503 r  u_tlb_manager/u_tlb/csr_tlbidx[0]_i_25/O
                         net (fo=2, unplaced)         0.358    16.861    u_tlb_manager/u_tlb/csr_tlbidx[0]_i_25_n_0
                         LUT6 (Prop_lut6_I2_O)        0.105    16.966 r  u_tlb_manager/u_tlb/csr_tlbidx[0]_i_11/O
                         net (fo=1, unplaced)         0.347    17.313    u_tlb_manager/u_tlb/csr_tlbidx[0]_i_11_n_0
                         LUT6 (Prop_lut6_I3_O)        0.105    17.418 f  u_tlb_manager/u_tlb/csr_tlbidx[0]_i_3/O
                         net (fo=1, unplaced)         0.582    18.000    u_tlb_manager/u_tlb/csr_tlbidx[0]_i_3_n_0
                         LUT6 (Prop_lut6_I0_O)        0.105    18.105 r  u_tlb_manager/u_tlb/csr_tlbidx[0]_i_2/O
                         net (fo=463, unplaced)       0.485    18.590    u_tlb_manager/u_tlb/tlb_g_reg[28]_1
                         LUT6 (Prop_lut6_I4_O)        0.105    18.695 r  u_tlb_manager/u_tlb/pre_paddr[21]_i_14/O
                         net (fo=1, unplaced)         0.938    19.633    u_tlb_manager/u_tlb/pre_paddr[21]_i_14_n_0
                         LUT6 (Prop_lut6_I1_O)        0.105    19.738 r  u_tlb_manager/u_tlb/pre_paddr[21]_i_10/O
                         net (fo=1, unplaced)         0.582    20.320    u_tlb_manager/u_tlb/pre_paddr[21]_i_10_n_0
                         LUT6 (Prop_lut6_I1_O)        0.105    20.425 f  u_tlb_manager/u_tlb/pre_paddr[21]_i_7/O
                         net (fo=2, unplaced)         0.593    21.018    u_tlb_manager/u_tlb/s0_ps[5]
                         LUT6 (Prop_lut6_I0_O)        0.105    21.123 r  u_tlb_manager/u_tlb/fifo_ptr[2]_i_3__0/O
                         net (fo=1, unplaced)         0.347    21.470    u_tlb_manager/u_tlb/fifo_ptr[2]_i_3__0_n_0
                         LUT6 (Prop_lut6_I1_O)        0.105    21.575 r  u_tlb_manager/u_tlb/fifo_ptr[2]_i_2__0/O
                         net (fo=19, unplaced)        0.406    21.981    u_tlb_manager/u_l1_tlb_i/refill_en
                         LUT5 (Prop_lut5_I1_O)        0.105    22.086 r  u_tlb_manager/u_l1_tlb_i/e_key[0][19]_i_1/O
                         net (fo=45, unplaced)        0.446    22.532    u_tlb_manager/u_l1_tlb_i/e_key
                         FDRE                                         r  u_tlb_manager/u_l1_tlb_i/e_key_reg[0][1]/CE
  -------------------------------------------------------------------    -------------------

                         (clock aclk rise edge)      10.000    10.000 r  
                                                      0.000    10.000 r  aclk (IN)
                         net (fo=53882, unset)        0.748    10.748    u_tlb_manager/u_l1_tlb_i/aclk
                         FDRE                                         r  u_tlb_manager/u_l1_tlb_i/e_key_reg[0][1]/C
                         clock pessimism              0.000    10.748    
                         clock uncertainty           -0.035    10.712    
                         FDRE (Setup_fdre_C_CE)      -0.165    10.547    u_tlb_manager/u_l1_tlb_i/e_key_reg[0][1]
  -------------------------------------------------------------------
                         required time                         10.547    
                         arrival time                         -22.532    
  -------------------------------------------------------------------
                         slack                                -11.985    

Slack (VIOLATED) :        -11.985ns  (required time - arrival time)
  Source:                 u_icache/tag_arr_reg[3][119][3]/C
                            (rising edge-triggered cell FDRE clocked by aclk  {rise@0.000ns fall@5.000ns period=10.000ns})
  Destination:            u_tlb_manager/u_l1_tlb_i/e_key_reg[0][2]/CE
                            (rising edge-triggered cell FDRE clocked by aclk  {rise@0.000ns fall@5.000ns period=10.000ns})
  Path Group:             aclk
  Path Type:              Setup (Max at Slow Process Corner)
  Requirement:            10.000ns  (aclk rise@10.000ns - aclk rise@0.000ns)
  Data Path Delay:        21.745ns  (logic 5.986ns (27.528%)  route 15.759ns (72.472%))
  Logic Levels:           36  (CARRY4=4 LUT2=1 LUT3=3 LUT4=3 LUT5=2 LUT6=20 MUXF7=2 MUXF8=1)
  Clock Path Skew:        -0.039ns (DCD - SCD + CPR)
    Destination Clock Delay (DCD):    0.748ns = ( 10.748 - 10.000 ) 
    Source Clock Delay      (SCD):    0.787ns
    Clock Pessimism Removal (CPR):    0.000ns
  Clock Uncertainty:      0.035ns  ((TSJ^2 + TIJ^2)^1/2 + DJ) / 2 + PE
    Total System Jitter     (TSJ):    0.071ns
    Total Input Jitter      (TIJ):    0.000ns
    Discrete Jitter          (DJ):    0.000ns
    Phase Error              (PE):    0.000ns

    Location             Delay type                Incr(ns)  Path(ns)    Netlist Resource(s)
  -------------------------------------------------------------------    -------------------
                         (clock aclk rise edge)       0.000     0.000 r  
                                                      0.000     0.000 r  aclk (IN)
                         net (fo=53882, unset)        0.787     0.787    u_icache/aclk
                         FDRE                                         r  u_icache/tag_arr_reg[3][119][3]/C
  -------------------------------------------------------------------    -------------------
                         FDRE (Prop_fdre_C_Q)         0.379     1.166 r  u_icache/tag_arr_reg[3][119][3]/Q
                         net (fo=1, unplaced)         0.779     1.945    u_icache/tag_arr_reg_n_0_[3][119][3]
                         LUT6 (Prop_lut6_I0_O)        0.232     2.177 r  u_icache/FSM_onehot_state[5]_i_4699/O
                         net (fo=1, unplaced)         0.000     2.177    u_icache/FSM_onehot_state[5]_i_4699_n_0
                         MUXF7 (Prop_muxf7_I1_O)      0.206     2.383 r  u_icache/FSM_onehot_state_reg[5]_i_3794/O
                         net (fo=1, unplaced)         0.000     2.383    u_icache/FSM_onehot_state_reg[5]_i_3794_n_0
                         MUXF8 (Prop_muxf8_I0_O)      0.085     2.468 r  u_icache/FSM_onehot_state_reg[5]_i_2318/O
                         net (fo=1, unplaced)         0.563     3.031    u_icache/FSM_onehot_state_reg[5]_i_2318_n_0
                         LUT6 (Prop_lut6_I0_O)        0.259     3.290 r  u_icache/FSM_onehot_state[5]_i_1111/O
                         net (fo=1, unplaced)         0.000     3.290    u_icache/FSM_onehot_state[5]_i_1111_n_0
                         MUXF7 (Prop_muxf7_I1_O)      0.206     3.496 r  u_icache/FSM_onehot_state_reg[5]_i_494/O
                         net (fo=1, unplaced)         0.584     4.080    u_icache/tag_arr[3]
                         LUT6 (Prop_lut6_I0_O)        0.242     4.322 r  u_icache/FSM_onehot_state[5]_i_187/O
                         net (fo=1, unplaced)         0.000     4.322    u_icache/FSM_onehot_state[5]_i_187_n_0
                         CARRY4 (Prop_carry4_S[1]_CO[3])
                                                      0.457     4.779 r  u_icache/FSM_onehot_state_reg[5]_i_68/CO[3]
                         net (fo=1, unplaced)         0.008     4.787    u_icache/FSM_onehot_state_reg[5]_i_68_n_0
                         CARRY4 (Prop_carry4_CI_CO[2])
                                                      0.209     4.996 f  u_icache/FSM_onehot_state_reg[5]_i_21/CO[2]
                         net (fo=24, unplaced)        0.413     5.409    u_icache/way_hit_30
                         LUT4 (Prop_lut4_I2_O)        0.252     5.661 f  u_icache/FSM_onehot_state[5]_i_7/O
                         net (fo=5, unplaced)         0.375     6.036    u_icache/FSM_onehot_state[5]_i_7_n_0
                         LUT5 (Prop_lut5_I4_O)        0.105     6.141 f  u_icache/valid_arr[3][99]_i_4/O
                         net (fo=57, unplaced)        0.433     6.574    u_icache/hit_any
                         LUT4 (Prop_lut4_I0_O)        0.105     6.679 f  u_icache/if_rline[255]_i_7/O
                         net (fo=257, unplaced)       0.470     7.149    u_icache/lookup_hit
                         LUT2 (Prop_lut2_I0_O)        0.105     7.254 f  u_icache/if_rline[255]_i_4/O
                         net (fo=12, unplaced)        0.395     7.649    u_ifu/ic_ifu_data_ok
                         LUT3 (Prop_lut3_I2_O)        0.105     7.754 r  u_ifu/if_rline[255]_i_5/O
                         net (fo=128, unplaced)       0.453     8.207    u_ifu/if_rline[255]_i_5_n_0
                         LUT6 (Prop_lut6_I4_O)        0.105     8.312 f  u_ifu/mem[14][61]_i_12/O
                         net (fo=2, unplaced)         0.593     8.905    u_ifu/mem[14][61]_i_12_n_0
                         LUT6 (Prop_lut6_I1_O)        0.105     9.010 f  u_ifu/mem[14][61]_i_5/O
                         net (fo=3, unplaced)         0.956     9.966    u_ifu/mem[14][61]_i_5_n_0
                         LUT6 (Prop_lut6_I0_O)        0.105    10.071 r  u_ifu/i_excp_adef_o_i_43/O
                         net (fo=3, unplaced)         0.346    10.417    u_ifu/i_excp_adef_o_i_43_n_0
                         LUT4 (Prop_lut4_I0_O)        0.126    10.543 r  u_ifu/i_excp_adef_o_i_20/O
                         net (fo=3, unplaced)         0.600    11.143    u_ifu/i_excp_adef_o_i_20_n_0
                         LUT6 (Prop_lut6_I0_O)        0.105    11.248 r  u_ifu/i_excp_adef_o_i_8/O
                         net (fo=5, unplaced)         0.556    11.804    u_ifu/i_excp_adef_o_i_8_n_0
                         LUT6 (Prop_lut6_I3_O)        0.105    11.909 r  u_ifu/i_excp_adef_o_i_2/O
                         net (fo=44, unplaced)        0.426    12.335    u_ifu/ifu_ftq_accept
                         LUT3 (Prop_lut3_I1_O)        0.105    12.440 r  u_ifu/e_key[0][4]_i_1/O
                         net (fo=19, unplaced)        0.406    12.846    u_csr_exception_commit_handler/mmu_tlbm_inst_vaddr[3]
                         LUT3 (Prop_lut3_I2_O)        0.105    12.951 r  u_csr_exception_commit_handler/e_ppn[0][19]_i_443__0/O
                         net (fo=32, unplaced)        0.653    13.604    u_tlb_manager/u_tlb/csr_tlbidx_reg[1]_i_38_5
                         LUT6 (Prop_lut6_I1_O)        0.105    13.709 r  u_tlb_manager/u_tlb/e_ppn[0][19]_i_481/O
                         net (fo=1, unplaced)         0.000    13.709    u_tlb_manager/u_tlb/e_ppn[0][19]_i_481_n_0
                         CARRY4 (Prop_carry4_S[1]_CO[3])
                                                      0.457    14.166 r  u_tlb_manager/u_tlb/e_ppn_reg[0][19]_i_383/CO[3]
                         net (fo=1, unplaced)         0.008    14.174    u_tlb_manager/u_tlb/e_ppn_reg[0][19]_i_383_n_0
                         CARRY4 (Prop_carry4_CI_CO[2])
                                                      0.209    14.383 r  u_tlb_manager/u_tlb/e_ppn_reg[0][19]_i_196/CO[2]
                         net (fo=1, unplaced)         0.349    14.732    u_tlb_manager/u_tlb/e_ppn_reg[0][19]_i_196_n_1
                         LUT6 (Prop_lut6_I0_O)        0.252    14.984 f  u_tlb_manager/u_tlb/e_ppn[0][19]_i_86/O
                         net (fo=4, unplaced)         0.962    15.946    u_tlb_manager/u_tlb/e_ppn[0][19]_i_86_n_0
                         LUT6 (Prop_lut6_I1_O)        0.105    16.051 r  u_tlb_manager/u_tlb/csr_tlbidx[0]_i_50/O
                         net (fo=1, unplaced)         0.347    16.398    u_tlb_manager/u_tlb/csr_tlbidx[0]_i_50_n_0
                         LUT6 (Prop_lut6_I4_O)        0.105    16.503 r  u_tlb_manager/u_tlb/csr_tlbidx[0]_i_25/O
                         net (fo=2, unplaced)         0.358    16.861    u_tlb_manager/u_tlb/csr_tlbidx[0]_i_25_n_0
                         LUT6 (Prop_lut6_I2_O)        0.105    16.966 r  u_tlb_manager/u_tlb/csr_tlbidx[0]_i_11/O
                         net (fo=1, unplaced)         0.347    17.313    u_tlb_manager/u_tlb/csr_tlbidx[0]_i_11_n_0
                         LUT6 (Prop_lut6_I3_O)        0.105    17.418 f  u_tlb_manager/u_tlb/csr_tlbidx[0]_i_3/O
                         net (fo=1, unplaced)         0.582    18.000    u_tlb_manager/u_tlb/csr_tlbidx[0]_i_3_n_0
                         LUT6 (Prop_lut6_I0_O)        0.105    18.105 r  u_tlb_manager/u_tlb/csr_tlbidx[0]_i_2/O
                         net (fo=463, unplaced)       0.485    18.590    u_tlb_manager/u_tlb/tlb_g_reg[28]_1
                         LUT6 (Prop_lut6_I4_O)        0.105    18.695 r  u_tlb_manager/u_tlb/pre_paddr[21]_i_14/O
                         net (fo=1, unplaced)         0.938    19.633    u_tlb_manager/u_tlb/pre_paddr[21]_i_14_n_0
                         LUT6 (Prop_lut6_I1_O)        0.105    19.738 r  u_tlb_manager/u_tlb/pre_paddr[21]_i_10/O
                         net (fo=1, unplaced)         0.582    20.320    u_tlb_manager/u_tlb/pre_paddr[21]_i_10_n_0
                         LUT6 (Prop_lut6_I1_O)        0.105    20.425 f  u_tlb_manager/u_tlb/pre_paddr[21]_i_7/O
                         net (fo=2, unplaced)         0.593    21.018    u_tlb_manager/u_tlb/s0_ps[5]
                         LUT6 (Prop_lut6_I0_O)        0.105    21.123 r  u_tlb_manager/u_tlb/fifo_ptr[2]_i_3__0/O
                         net (fo=1, unplaced)         0.347    21.470    u_tlb_manager/u_tlb/fifo_ptr[2]_i_3__0_n_0
                         LUT6 (Prop_lut6_I1_O)        0.105    21.575 r  u_tlb_manager/u_tlb/fifo_ptr[2]_i_2__0/O
                         net (fo=19, unplaced)        0.406    21.981    u_tlb_manager/u_l1_tlb_i/refill_en
                         LUT5 (Prop_lut5_I1_O)        0.105    22.086 r  u_tlb_manager/u_l1_tlb_i/e_key[0][19]_i_1/O
                         net (fo=45, unplaced)        0.446    22.532    u_tlb_manager/u_l1_tlb_i/e_key
                         FDRE                                         r  u_tlb_manager/u_l1_tlb_i/e_key_reg[0][2]/CE
  -------------------------------------------------------------------    -------------------

                         (clock aclk rise edge)      10.000    10.000 r  
                                                      0.000    10.000 r  aclk (IN)
                         net (fo=53882, unset)        0.748    10.748    u_tlb_manager/u_l1_tlb_i/aclk
                         FDRE                                         r  u_tlb_manager/u_l1_tlb_i/e_key_reg[0][2]/C
                         clock pessimism              0.000    10.748    
                         clock uncertainty           -0.035    10.712    
                         FDRE (Setup_fdre_C_CE)      -0.165    10.547    u_tlb_manager/u_l1_tlb_i/e_key_reg[0][2]
  -------------------------------------------------------------------
                         required time                         10.547    
                         arrival time                         -22.532    
  -------------------------------------------------------------------
                         slack                                -11.985    

Slack (VIOLATED) :        -11.985ns  (required time - arrival time)
  Source:                 u_icache/tag_arr_reg[3][119][3]/C
                            (rising edge-triggered cell FDRE clocked by aclk  {rise@0.000ns fall@5.000ns period=10.000ns})
  Destination:            u_tlb_manager/u_l1_tlb_i/e_key_reg[0][3]/CE
                            (rising edge-triggered cell FDRE clocked by aclk  {rise@0.000ns fall@5.000ns period=10.000ns})
  Path Group:             aclk
  Path Type:              Setup (Max at Slow Process Corner)
  Requirement:            10.000ns  (aclk rise@10.000ns - aclk rise@0.000ns)
  Data Path Delay:        21.745ns  (logic 5.986ns (27.528%)  route 15.759ns (72.472%))
  Logic Levels:           36  (CARRY4=4 LUT2=1 LUT3=3 LUT4=3 LUT5=2 LUT6=20 MUXF7=2 MUXF8=1)
  Clock Path Skew:        -0.039ns (DCD - SCD + CPR)
    Destination Clock Delay (DCD):    0.748ns = ( 10.748 - 10.000 ) 
    Source Clock Delay      (SCD):    0.787ns
    Clock Pessimism Removal (CPR):    0.000ns
  Clock Uncertainty:      0.035ns  ((TSJ^2 + TIJ^2)^1/2 + DJ) / 2 + PE
    Total System Jitter     (TSJ):    0.071ns
    Total Input Jitter      (TIJ):    0.000ns
    Discrete Jitter          (DJ):    0.000ns
    Phase Error              (PE):    0.000ns

    Location             Delay type                Incr(ns)  Path(ns)    Netlist Resource(s)
  -------------------------------------------------------------------    -------------------
                         (clock aclk rise edge)       0.000     0.000 r  
                                                      0.000     0.000 r  aclk (IN)
                         net (fo=53882, unset)        0.787     0.787    u_icache/aclk
                         FDRE                                         r  u_icache/tag_arr_reg[3][119][3]/C
  -------------------------------------------------------------------    -------------------
                         FDRE (Prop_fdre_C_Q)         0.379     1.166 r  u_icache/tag_arr_reg[3][119][3]/Q
                         net (fo=1, unplaced)         0.779     1.945    u_icache/tag_arr_reg_n_0_[3][119][3]
                         LUT6 (Prop_lut6_I0_O)        0.232     2.177 r  u_icache/FSM_onehot_state[5]_i_4699/O
                         net (fo=1, unplaced)         0.000     2.177    u_icache/FSM_onehot_state[5]_i_4699_n_0
                         MUXF7 (Prop_muxf7_I1_O)      0.206     2.383 r  u_icache/FSM_onehot_state_reg[5]_i_3794/O
                         net (fo=1, unplaced)         0.000     2.383    u_icache/FSM_onehot_state_reg[5]_i_3794_n_0
                         MUXF8 (Prop_muxf8_I0_O)      0.085     2.468 r  u_icache/FSM_onehot_state_reg[5]_i_2318/O
                         net (fo=1, unplaced)         0.563     3.031    u_icache/FSM_onehot_state_reg[5]_i_2318_n_0
                         LUT6 (Prop_lut6_I0_O)        0.259     3.290 r  u_icache/FSM_onehot_state[5]_i_1111/O
                         net (fo=1, unplaced)         0.000     3.290    u_icache/FSM_onehot_state[5]_i_1111_n_0
                         MUXF7 (Prop_muxf7_I1_O)      0.206     3.496 r  u_icache/FSM_onehot_state_reg[5]_i_494/O
                         net (fo=1, unplaced)         0.584     4.080    u_icache/tag_arr[3]
                         LUT6 (Prop_lut6_I0_O)        0.242     4.322 r  u_icache/FSM_onehot_state[5]_i_187/O
                         net (fo=1, unplaced)         0.000     4.322    u_icache/FSM_onehot_state[5]_i_187_n_0
                         CARRY4 (Prop_carry4_S[1]_CO[3])
                                                      0.457     4.779 r  u_icache/FSM_onehot_state_reg[5]_i_68/CO[3]
                         net (fo=1, unplaced)         0.008     4.787    u_icache/FSM_onehot_state_reg[5]_i_68_n_0
                         CARRY4 (Prop_carry4_CI_CO[2])
                                                      0.209     4.996 f  u_icache/FSM_onehot_state_reg[5]_i_21/CO[2]
                         net (fo=24, unplaced)        0.413     5.409    u_icache/way_hit_30
                         LUT4 (Prop_lut4_I2_O)        0.252     5.661 f  u_icache/FSM_onehot_state[5]_i_7/O
                         net (fo=5, unplaced)         0.375     6.036    u_icache/FSM_onehot_state[5]_i_7_n_0
                         LUT5 (Prop_lut5_I4_O)        0.105     6.141 f  u_icache/valid_arr[3][99]_i_4/O
                         net (fo=57, unplaced)        0.433     6.574    u_icache/hit_any
                         LUT4 (Prop_lut4_I0_O)        0.105     6.679 f  u_icache/if_rline[255]_i_7/O
                         net (fo=257, unplaced)       0.470     7.149    u_icache/lookup_hit
                         LUT2 (Prop_lut2_I0_O)        0.105     7.254 f  u_icache/if_rline[255]_i_4/O
                         net (fo=12, unplaced)        0.395     7.649    u_ifu/ic_ifu_data_ok
                         LUT3 (Prop_lut3_I2_O)        0.105     7.754 r  u_ifu/if_rline[255]_i_5/O
                         net (fo=128, unplaced)       0.453     8.207    u_ifu/if_rline[255]_i_5_n_0
                         LUT6 (Prop_lut6_I4_O)        0.105     8.312 f  u_ifu/mem[14][61]_i_12/O
                         net (fo=2, unplaced)         0.593     8.905    u_ifu/mem[14][61]_i_12_n_0
                         LUT6 (Prop_lut6_I1_O)        0.105     9.010 f  u_ifu/mem[14][61]_i_5/O
                         net (fo=3, unplaced)         0.956     9.966    u_ifu/mem[14][61]_i_5_n_0
                         LUT6 (Prop_lut6_I0_O)        0.105    10.071 r  u_ifu/i_excp_adef_o_i_43/O
                         net (fo=3, unplaced)         0.346    10.417    u_ifu/i_excp_adef_o_i_43_n_0
                         LUT4 (Prop_lut4_I0_O)        0.126    10.543 r  u_ifu/i_excp_adef_o_i_20/O
                         net (fo=3, unplaced)         0.600    11.143    u_ifu/i_excp_adef_o_i_20_n_0
                         LUT6 (Prop_lut6_I0_O)        0.105    11.248 r  u_ifu/i_excp_adef_o_i_8/O
                         net (fo=5, unplaced)         0.556    11.804    u_ifu/i_excp_adef_o_i_8_n_0
                         LUT6 (Prop_lut6_I3_O)        0.105    11.909 r  u_ifu/i_excp_adef_o_i_2/O
                         net (fo=44, unplaced)        0.426    12.335    u_ifu/ifu_ftq_accept
                         LUT3 (Prop_lut3_I1_O)        0.105    12.440 r  u_ifu/e_key[0][4]_i_1/O
                         net (fo=19, unplaced)        0.406    12.846    u_csr_exception_commit_handler/mmu_tlbm_inst_vaddr[3]
                         LUT3 (Prop_lut3_I2_O)        0.105    12.951 r  u_csr_exception_commit_handler/e_ppn[0][19]_i_443__0/O
                         net (fo=32, unplaced)        0.653    13.604    u_tlb_manager/u_tlb/csr_tlbidx_reg[1]_i_38_5
                         LUT6 (Prop_lut6_I1_O)        0.105    13.709 r  u_tlb_manager/u_tlb/e_ppn[0][19]_i_481/O
                         net (fo=1, unplaced)         0.000    13.709    u_tlb_manager/u_tlb/e_ppn[0][19]_i_481_n_0
                         CARRY4 (Prop_carry4_S[1]_CO[3])
                                                      0.457    14.166 r  u_tlb_manager/u_tlb/e_ppn_reg[0][19]_i_383/CO[3]
                         net (fo=1, unplaced)         0.008    14.174    u_tlb_manager/u_tlb/e_ppn_reg[0][19]_i_383_n_0
                         CARRY4 (Prop_carry4_CI_CO[2])
                                                      0.209    14.383 r  u_tlb_manager/u_tlb/e_ppn_reg[0][19]_i_196/CO[2]
                         net (fo=1, unplaced)         0.349    14.732    u_tlb_manager/u_tlb/e_ppn_reg[0][19]_i_196_n_1
                         LUT6 (Prop_lut6_I0_O)        0.252    14.984 f  u_tlb_manager/u_tlb/e_ppn[0][19]_i_86/O
                         net (fo=4, unplaced)         0.962    15.946    u_tlb_manager/u_tlb/e_ppn[0][19]_i_86_n_0
                         LUT6 (Prop_lut6_I1_O)        0.105    16.051 r  u_tlb_manager/u_tlb/csr_tlbidx[0]_i_50/O
                         net (fo=1, unplaced)         0.347    16.398    u_tlb_manager/u_tlb/csr_tlbidx[0]_i_50_n_0
                         LUT6 (Prop_lut6_I4_O)        0.105    16.503 r  u_tlb_manager/u_tlb/csr_tlbidx[0]_i_25/O
                         net (fo=2, unplaced)         0.358    16.861    u_tlb_manager/u_tlb/csr_tlbidx[0]_i_25_n_0
                         LUT6 (Prop_lut6_I2_O)        0.105    16.966 r  u_tlb_manager/u_tlb/csr_tlbidx[0]_i_11/O
                         net (fo=1, unplaced)         0.347    17.313    u_tlb_manager/u_tlb/csr_tlbidx[0]_i_11_n_0
                         LUT6 (Prop_lut6_I3_O)        0.105    17.418 f  u_tlb_manager/u_tlb/csr_tlbidx[0]_i_3/O
                         net (fo=1, unplaced)         0.582    18.000    u_tlb_manager/u_tlb/csr_tlbidx[0]_i_3_n_0
                         LUT6 (Prop_lut6_I0_O)        0.105    18.105 r  u_tlb_manager/u_tlb/csr_tlbidx[0]_i_2/O
                         net (fo=463, unplaced)       0.485    18.590    u_tlb_manager/u_tlb/tlb_g_reg[28]_1
                         LUT6 (Prop_lut6_I4_O)        0.105    18.695 r  u_tlb_manager/u_tlb/pre_paddr[21]_i_14/O
                         net (fo=1, unplaced)         0.938    19.633    u_tlb_manager/u_tlb/pre_paddr[21]_i_14_n_0
                         LUT6 (Prop_lut6_I1_O)        0.105    19.738 r  u_tlb_manager/u_tlb/pre_paddr[21]_i_10/O
                         net (fo=1, unplaced)         0.582    20.320    u_tlb_manager/u_tlb/pre_paddr[21]_i_10_n_0
                         LUT6 (Prop_lut6_I1_O)        0.105    20.425 f  u_tlb_manager/u_tlb/pre_paddr[21]_i_7/O
                         net (fo=2, unplaced)         0.593    21.018    u_tlb_manager/u_tlb/s0_ps[5]
                         LUT6 (Prop_lut6_I0_O)        0.105    21.123 r  u_tlb_manager/u_tlb/fifo_ptr[2]_i_3__0/O
                         net (fo=1, unplaced)         0.347    21.470    u_tlb_manager/u_tlb/fifo_ptr[2]_i_3__0_n_0
                         LUT6 (Prop_lut6_I1_O)        0.105    21.575 r  u_tlb_manager/u_tlb/fifo_ptr[2]_i_2__0/O
                         net (fo=19, unplaced)        0.406    21.981    u_tlb_manager/u_l1_tlb_i/refill_en
                         LUT5 (Prop_lut5_I1_O)        0.105    22.086 r  u_tlb_manager/u_l1_tlb_i/e_key[0][19]_i_1/O
                         net (fo=45, unplaced)        0.446    22.532    u_tlb_manager/u_l1_tlb_i/e_key
                         FDRE                                         r  u_tlb_manager/u_l1_tlb_i/e_key_reg[0][3]/CE
  -------------------------------------------------------------------    -------------------

                         (clock aclk rise edge)      10.000    10.000 r  
                                                      0.000    10.000 r  aclk (IN)
                         net (fo=53882, unset)        0.748    10.748    u_tlb_manager/u_l1_tlb_i/aclk
                         FDRE                                         r  u_tlb_manager/u_l1_tlb_i/e_key_reg[0][3]/C
                         clock pessimism              0.000    10.748    
                         clock uncertainty           -0.035    10.712    
                         FDRE (Setup_fdre_C_CE)      -0.165    10.547    u_tlb_manager/u_l1_tlb_i/e_key_reg[0][3]
  -------------------------------------------------------------------
                         required time                         10.547    
                         arrival time                         -22.532    
  -------------------------------------------------------------------
                         slack                                -11.985    

Slack (VIOLATED) :        -11.985ns  (required time - arrival time)
  Source:                 u_icache/tag_arr_reg[3][119][3]/C
                            (rising edge-triggered cell FDRE clocked by aclk  {rise@0.000ns fall@5.000ns period=10.000ns})
  Destination:            u_tlb_manager/u_l1_tlb_i/e_key_reg[0][4]/CE
                            (rising edge-triggered cell FDRE clocked by aclk  {rise@0.000ns fall@5.000ns period=10.000ns})
  Path Group:             aclk
  Path Type:              Setup (Max at Slow Process Corner)
  Requirement:            10.000ns  (aclk rise@10.000ns - aclk rise@0.000ns)
  Data Path Delay:        21.745ns  (logic 5.986ns (27.528%)  route 15.759ns (72.472%))
  Logic Levels:           36  (CARRY4=4 LUT2=1 LUT3=3 LUT4=3 LUT5=2 LUT6=20 MUXF7=2 MUXF8=1)
  Clock Path Skew:        -0.039ns (DCD - SCD + CPR)
    Destination Clock Delay (DCD):    0.748ns = ( 10.748 - 10.000 ) 
    Source Clock Delay      (SCD):    0.787ns
    Clock Pessimism Removal (CPR):    0.000ns
  Clock Uncertainty:      0.035ns  ((TSJ^2 + TIJ^2)^1/2 + DJ) / 2 + PE
    Total System Jitter     (TSJ):    0.071ns
    Total Input Jitter      (TIJ):    0.000ns
    Discrete Jitter          (DJ):    0.000ns
    Phase Error              (PE):    0.000ns

    Location             Delay type                Incr(ns)  Path(ns)    Netlist Resource(s)
  -------------------------------------------------------------------    -------------------
                         (clock aclk rise edge)       0.000     0.000 r  
                                                      0.000     0.000 r  aclk (IN)
                         net (fo=53882, unset)        0.787     0.787    u_icache/aclk
                         FDRE                                         r  u_icache/tag_arr_reg[3][119][3]/C
  -------------------------------------------------------------------    -------------------
                         FDRE (Prop_fdre_C_Q)         0.379     1.166 r  u_icache/tag_arr_reg[3][119][3]/Q
                         net (fo=1, unplaced)         0.779     1.945    u_icache/tag_arr_reg_n_0_[3][119][3]
                         LUT6 (Prop_lut6_I0_O)        0.232     2.177 r  u_icache/FSM_onehot_state[5]_i_4699/O
                         net (fo=1, unplaced)         0.000     2.177    u_icache/FSM_onehot_state[5]_i_4699_n_0
                         MUXF7 (Prop_muxf7_I1_O)      0.206     2.383 r  u_icache/FSM_onehot_state_reg[5]_i_3794/O
                         net (fo=1, unplaced)         0.000     2.383    u_icache/FSM_onehot_state_reg[5]_i_3794_n_0
                         MUXF8 (Prop_muxf8_I0_O)      0.085     2.468 r  u_icache/FSM_onehot_state_reg[5]_i_2318/O
                         net (fo=1, unplaced)         0.563     3.031    u_icache/FSM_onehot_state_reg[5]_i_2318_n_0
                         LUT6 (Prop_lut6_I0_O)        0.259     3.290 r  u_icache/FSM_onehot_state[5]_i_1111/O
                         net (fo=1, unplaced)         0.000     3.290    u_icache/FSM_onehot_state[5]_i_1111_n_0
                         MUXF7 (Prop_muxf7_I1_O)      0.206     3.496 r  u_icache/FSM_onehot_state_reg[5]_i_494/O
                         net (fo=1, unplaced)         0.584     4.080    u_icache/tag_arr[3]
                         LUT6 (Prop_lut6_I0_O)        0.242     4.322 r  u_icache/FSM_onehot_state[5]_i_187/O
                         net (fo=1, unplaced)         0.000     4.322    u_icache/FSM_onehot_state[5]_i_187_n_0
                         CARRY4 (Prop_carry4_S[1]_CO[3])
                                                      0.457     4.779 r  u_icache/FSM_onehot_state_reg[5]_i_68/CO[3]
                         net (fo=1, unplaced)         0.008     4.787    u_icache/FSM_onehot_state_reg[5]_i_68_n_0
                         CARRY4 (Prop_carry4_CI_CO[2])
                                                      0.209     4.996 f  u_icache/FSM_onehot_state_reg[5]_i_21/CO[2]
                         net (fo=24, unplaced)        0.413     5.409    u_icache/way_hit_30
                         LUT4 (Prop_lut4_I2_O)        0.252     5.661 f  u_icache/FSM_onehot_state[5]_i_7/O
                         net (fo=5, unplaced)         0.375     6.036    u_icache/FSM_onehot_state[5]_i_7_n_0
                         LUT5 (Prop_lut5_I4_O)        0.105     6.141 f  u_icache/valid_arr[3][99]_i_4/O
                         net (fo=57, unplaced)        0.433     6.574    u_icache/hit_any
                         LUT4 (Prop_lut4_I0_O)        0.105     6.679 f  u_icache/if_rline[255]_i_7/O
                         net (fo=257, unplaced)       0.470     7.149    u_icache/lookup_hit
                         LUT2 (Prop_lut2_I0_O)        0.105     7.254 f  u_icache/if_rline[255]_i_4/O
                         net (fo=12, unplaced)        0.395     7.649    u_ifu/ic_ifu_data_ok
                         LUT3 (Prop_lut3_I2_O)        0.105     7.754 r  u_ifu/if_rline[255]_i_5/O
                         net (fo=128, unplaced)       0.453     8.207    u_ifu/if_rline[255]_i_5_n_0
                         LUT6 (Prop_lut6_I4_O)        0.105     8.312 f  u_ifu/mem[14][61]_i_12/O
                         net (fo=2, unplaced)         0.593     8.905    u_ifu/mem[14][61]_i_12_n_0
                         LUT6 (Prop_lut6_I1_O)        0.105     9.010 f  u_ifu/mem[14][61]_i_5/O
                         net (fo=3, unplaced)         0.956     9.966    u_ifu/mem[14][61]_i_5_n_0
                         LUT6 (Prop_lut6_I0_O)        0.105    10.071 r  u_ifu/i_excp_adef_o_i_43/O
                         net (fo=3, unplaced)         0.346    10.417    u_ifu/i_excp_adef_o_i_43_n_0
                         LUT4 (Prop_lut4_I0_O)        0.126    10.543 r  u_ifu/i_excp_adef_o_i_20/O
                         net (fo=3, unplaced)         0.600    11.143    u_ifu/i_excp_adef_o_i_20_n_0
                         LUT6 (Prop_lut6_I0_O)        0.105    11.248 r  u_ifu/i_excp_adef_o_i_8/O
                         net (fo=5, unplaced)         0.556    11.804    u_ifu/i_excp_adef_o_i_8_n_0
                         LUT6 (Prop_lut6_I3_O)        0.105    11.909 r  u_ifu/i_excp_adef_o_i_2/O
                         net (fo=44, unplaced)        0.426    12.335    u_ifu/ifu_ftq_accept
                         LUT3 (Prop_lut3_I1_O)        0.105    12.440 r  u_ifu/e_key[0][4]_i_1/O
                         net (fo=19, unplaced)        0.406    12.846    u_csr_exception_commit_handler/mmu_tlbm_inst_vaddr[3]
                         LUT3 (Prop_lut3_I2_O)        0.105    12.951 r  u_csr_exception_commit_handler/e_ppn[0][19]_i_443__0/O
                         net (fo=32, unplaced)        0.653    13.604    u_tlb_manager/u_tlb/csr_tlbidx_reg[1]_i_38_5
                         LUT6 (Prop_lut6_I1_O)        0.105    13.709 r  u_tlb_manager/u_tlb/e_ppn[0][19]_i_481/O
                         net (fo=1, unplaced)         0.000    13.709    u_tlb_manager/u_tlb/e_ppn[0][19]_i_481_n_0
                         CARRY4 (Prop_carry4_S[1]_CO[3])
                                                      0.457    14.166 r  u_tlb_manager/u_tlb/e_ppn_reg[0][19]_i_383/CO[3]
                         net (fo=1, unplaced)         0.008    14.174    u_tlb_manager/u_tlb/e_ppn_reg[0][19]_i_383_n_0
                         CARRY4 (Prop_carry4_CI_CO[2])
                                                      0.209    14.383 r  u_tlb_manager/u_tlb/e_ppn_reg[0][19]_i_196/CO[2]
                         net (fo=1, unplaced)         0.349    14.732    u_tlb_manager/u_tlb/e_ppn_reg[0][19]_i_196_n_1
                         LUT6 (Prop_lut6_I0_O)        0.252    14.984 f  u_tlb_manager/u_tlb/e_ppn[0][19]_i_86/O
                         net (fo=4, unplaced)         0.962    15.946    u_tlb_manager/u_tlb/e_ppn[0][19]_i_86_n_0
                         LUT6 (Prop_lut6_I1_O)        0.105    16.051 r  u_tlb_manager/u_tlb/csr_tlbidx[0]_i_50/O
                         net (fo=1, unplaced)         0.347    16.398    u_tlb_manager/u_tlb/csr_tlbidx[0]_i_50_n_0
                         LUT6 (Prop_lut6_I4_O)        0.105    16.503 r  u_tlb_manager/u_tlb/csr_tlbidx[0]_i_25/O
                         net (fo=2, unplaced)         0.358    16.861    u_tlb_manager/u_tlb/csr_tlbidx[0]_i_25_n_0
                         LUT6 (Prop_lut6_I2_O)        0.105    16.966 r  u_tlb_manager/u_tlb/csr_tlbidx[0]_i_11/O
                         net (fo=1, unplaced)         0.347    17.313    u_tlb_manager/u_tlb/csr_tlbidx[0]_i_11_n_0
                         LUT6 (Prop_lut6_I3_O)        0.105    17.418 f  u_tlb_manager/u_tlb/csr_tlbidx[0]_i_3/O
                         net (fo=1, unplaced)         0.582    18.000    u_tlb_manager/u_tlb/csr_tlbidx[0]_i_3_n_0
                         LUT6 (Prop_lut6_I0_O)        0.105    18.105 r  u_tlb_manager/u_tlb/csr_tlbidx[0]_i_2/O
                         net (fo=463, unplaced)       0.485    18.590    u_tlb_manager/u_tlb/tlb_g_reg[28]_1
                         LUT6 (Prop_lut6_I4_O)        0.105    18.695 r  u_tlb_manager/u_tlb/pre_paddr[21]_i_14/O
                         net (fo=1, unplaced)         0.938    19.633    u_tlb_manager/u_tlb/pre_paddr[21]_i_14_n_0
                         LUT6 (Prop_lut6_I1_O)        0.105    19.738 r  u_tlb_manager/u_tlb/pre_paddr[21]_i_10/O
                         net (fo=1, unplaced)         0.582    20.320    u_tlb_manager/u_tlb/pre_paddr[21]_i_10_n_0
                         LUT6 (Prop_lut6_I1_O)        0.105    20.425 f  u_tlb_manager/u_tlb/pre_paddr[21]_i_7/O
                         net (fo=2, unplaced)         0.593    21.018    u_tlb_manager/u_tlb/s0_ps[5]
                         LUT6 (Prop_lut6_I0_O)        0.105    21.123 r  u_tlb_manager/u_tlb/fifo_ptr[2]_i_3__0/O
                         net (fo=1, unplaced)         0.347    21.470    u_tlb_manager/u_tlb/fifo_ptr[2]_i_3__0_n_0
                         LUT6 (Prop_lut6_I1_O)        0.105    21.575 r  u_tlb_manager/u_tlb/fifo_ptr[2]_i_2__0/O
                         net (fo=19, unplaced)        0.406    21.981    u_tlb_manager/u_l1_tlb_i/refill_en
                         LUT5 (Prop_lut5_I1_O)        0.105    22.086 r  u_tlb_manager/u_l1_tlb_i/e_key[0][19]_i_1/O
                         net (fo=45, unplaced)        0.446    22.532    u_tlb_manager/u_l1_tlb_i/e_key
                         FDRE                                         r  u_tlb_manager/u_l1_tlb_i/e_key_reg[0][4]/CE
  -------------------------------------------------------------------    -------------------

                         (clock aclk rise edge)      10.000    10.000 r  
                                                      0.000    10.000 r  aclk (IN)
                         net (fo=53882, unset)        0.748    10.748    u_tlb_manager/u_l1_tlb_i/aclk
                         FDRE                                         r  u_tlb_manager/u_l1_tlb_i/e_key_reg[0][4]/C
                         clock pessimism              0.000    10.748    
                         clock uncertainty           -0.035    10.712    
                         FDRE (Setup_fdre_C_CE)      -0.165    10.547    u_tlb_manager/u_l1_tlb_i/e_key_reg[0][4]
  -------------------------------------------------------------------
                         required time                         10.547    
                         arrival time                         -22.532    
  -------------------------------------------------------------------
                         slack                                -11.985    

Slack (VIOLATED) :        -11.985ns  (required time - arrival time)
  Source:                 u_icache/tag_arr_reg[3][119][3]/C
                            (rising edge-triggered cell FDRE clocked by aclk  {rise@0.000ns fall@5.000ns period=10.000ns})
  Destination:            u_tlb_manager/u_l1_tlb_i/e_key_reg[0][5]/CE
                            (rising edge-triggered cell FDRE clocked by aclk  {rise@0.000ns fall@5.000ns period=10.000ns})
  Path Group:             aclk
  Path Type:              Setup (Max at Slow Process Corner)
  Requirement:            10.000ns  (aclk rise@10.000ns - aclk rise@0.000ns)
  Data Path Delay:        21.745ns  (logic 5.986ns (27.528%)  route 15.759ns (72.472%))
  Logic Levels:           36  (CARRY4=4 LUT2=1 LUT3=3 LUT4=3 LUT5=2 LUT6=20 MUXF7=2 MUXF8=1)
  Clock Path Skew:        -0.039ns (DCD - SCD + CPR)
    Destination Clock Delay (DCD):    0.748ns = ( 10.748 - 10.000 ) 
    Source Clock Delay      (SCD):    0.787ns
    Clock Pessimism Removal (CPR):    0.000ns
  Clock Uncertainty:      0.035ns  ((TSJ^2 + TIJ^2)^1/2 + DJ) / 2 + PE
    Total System Jitter     (TSJ):    0.071ns
    Total Input Jitter      (TIJ):    0.000ns
    Discrete Jitter          (DJ):    0.000ns
    Phase Error              (PE):    0.000ns

    Location             Delay type                Incr(ns)  Path(ns)    Netlist Resource(s)
  -------------------------------------------------------------------    -------------------
                         (clock aclk rise edge)       0.000     0.000 r  
                                                      0.000     0.000 r  aclk (IN)
                         net (fo=53882, unset)        0.787     0.787    u_icache/aclk
                         FDRE                                         r  u_icache/tag_arr_reg[3][119][3]/C
  -------------------------------------------------------------------    -------------------
                         FDRE (Prop_fdre_C_Q)         0.379     1.166 r  u_icache/tag_arr_reg[3][119][3]/Q
                         net (fo=1, unplaced)         0.779     1.945    u_icache/tag_arr_reg_n_0_[3][119][3]
                         LUT6 (Prop_lut6_I0_O)        0.232     2.177 r  u_icache/FSM_onehot_state[5]_i_4699/O
                         net (fo=1, unplaced)         0.000     2.177    u_icache/FSM_onehot_state[5]_i_4699_n_0
                         MUXF7 (Prop_muxf7_I1_O)      0.206     2.383 r  u_icache/FSM_onehot_state_reg[5]_i_3794/O
                         net (fo=1, unplaced)         0.000     2.383    u_icache/FSM_onehot_state_reg[5]_i_3794_n_0
                         MUXF8 (Prop_muxf8_I0_O)      0.085     2.468 r  u_icache/FSM_onehot_state_reg[5]_i_2318/O
                         net (fo=1, unplaced)         0.563     3.031    u_icache/FSM_onehot_state_reg[5]_i_2318_n_0
                         LUT6 (Prop_lut6_I0_O)        0.259     3.290 r  u_icache/FSM_onehot_state[5]_i_1111/O
                         net (fo=1, unplaced)         0.000     3.290    u_icache/FSM_onehot_state[5]_i_1111_n_0
                         MUXF7 (Prop_muxf7_I1_O)      0.206     3.496 r  u_icache/FSM_onehot_state_reg[5]_i_494/O
                         net (fo=1, unplaced)         0.584     4.080    u_icache/tag_arr[3]
                         LUT6 (Prop_lut6_I0_O)        0.242     4.322 r  u_icache/FSM_onehot_state[5]_i_187/O
                         net (fo=1, unplaced)         0.000     4.322    u_icache/FSM_onehot_state[5]_i_187_n_0
                         CARRY4 (Prop_carry4_S[1]_CO[3])
                                                      0.457     4.779 r  u_icache/FSM_onehot_state_reg[5]_i_68/CO[3]
                         net (fo=1, unplaced)         0.008     4.787    u_icache/FSM_onehot_state_reg[5]_i_68_n_0
                         CARRY4 (Prop_carry4_CI_CO[2])
                                                      0.209     4.996 f  u_icache/FSM_onehot_state_reg[5]_i_21/CO[2]
                         net (fo=24, unplaced)        0.413     5.409    u_icache/way_hit_30
                         LUT4 (Prop_lut4_I2_O)        0.252     5.661 f  u_icache/FSM_onehot_state[5]_i_7/O
                         net (fo=5, unplaced)         0.375     6.036    u_icache/FSM_onehot_state[5]_i_7_n_0
                         LUT5 (Prop_lut5_I4_O)        0.105     6.141 f  u_icache/valid_arr[3][99]_i_4/O
                         net (fo=57, unplaced)        0.433     6.574    u_icache/hit_any
                         LUT4 (Prop_lut4_I0_O)        0.105     6.679 f  u_icache/if_rline[255]_i_7/O
                         net (fo=257, unplaced)       0.470     7.149    u_icache/lookup_hit
                         LUT2 (Prop_lut2_I0_O)        0.105     7.254 f  u_icache/if_rline[255]_i_4/O
                         net (fo=12, unplaced)        0.395     7.649    u_ifu/ic_ifu_data_ok
                         LUT3 (Prop_lut3_I2_O)        0.105     7.754 r  u_ifu/if_rline[255]_i_5/O
                         net (fo=128, unplaced)       0.453     8.207    u_ifu/if_rline[255]_i_5_n_0
                         LUT6 (Prop_lut6_I4_O)        0.105     8.312 f  u_ifu/mem[14][61]_i_12/O
                         net (fo=2, unplaced)         0.593     8.905    u_ifu/mem[14][61]_i_12_n_0
                         LUT6 (Prop_lut6_I1_O)        0.105     9.010 f  u_ifu/mem[14][61]_i_5/O
                         net (fo=3, unplaced)         0.956     9.966    u_ifu/mem[14][61]_i_5_n_0
                         LUT6 (Prop_lut6_I0_O)        0.105    10.071 r  u_ifu/i_excp_adef_o_i_43/O
                         net (fo=3, unplaced)         0.346    10.417    u_ifu/i_excp_adef_o_i_43_n_0
                         LUT4 (Prop_lut4_I0_O)        0.126    10.543 r  u_ifu/i_excp_adef_o_i_20/O
                         net (fo=3, unplaced)         0.600    11.143    u_ifu/i_excp_adef_o_i_20_n_0
                         LUT6 (Prop_lut6_I0_O)        0.105    11.248 r  u_ifu/i_excp_adef_o_i_8/O
                         net (fo=5, unplaced)         0.556    11.804    u_ifu/i_excp_adef_o_i_8_n_0
                         LUT6 (Prop_lut6_I3_O)        0.105    11.909 r  u_ifu/i_excp_adef_o_i_2/O
                         net (fo=44, unplaced)        0.426    12.335    u_ifu/ifu_ftq_accept
                         LUT3 (Prop_lut3_I1_O)        0.105    12.440 r  u_ifu/e_key[0][4]_i_1/O
                         net (fo=19, unplaced)        0.406    12.846    u_csr_exception_commit_handler/mmu_tlbm_inst_vaddr[3]
                         LUT3 (Prop_lut3_I2_O)        0.105    12.951 r  u_csr_exception_commit_handler/e_ppn[0][19]_i_443__0/O
                         net (fo=32, unplaced)        0.653    13.604    u_tlb_manager/u_tlb/csr_tlbidx_reg[1]_i_38_5
                         LUT6 (Prop_lut6_I1_O)        0.105    13.709 r  u_tlb_manager/u_tlb/e_ppn[0][19]_i_481/O
                         net (fo=1, unplaced)         0.000    13.709    u_tlb_manager/u_tlb/e_ppn[0][19]_i_481_n_0
                         CARRY4 (Prop_carry4_S[1]_CO[3])
                                                      0.457    14.166 r  u_tlb_manager/u_tlb/e_ppn_reg[0][19]_i_383/CO[3]
                         net (fo=1, unplaced)         0.008    14.174    u_tlb_manager/u_tlb/e_ppn_reg[0][19]_i_383_n_0
                         CARRY4 (Prop_carry4_CI_CO[2])
                                                      0.209    14.383 r  u_tlb_manager/u_tlb/e_ppn_reg[0][19]_i_196/CO[2]
                         net (fo=1, unplaced)         0.349    14.732    u_tlb_manager/u_tlb/e_ppn_reg[0][19]_i_196_n_1
                         LUT6 (Prop_lut6_I0_O)        0.252    14.984 f  u_tlb_manager/u_tlb/e_ppn[0][19]_i_86/O
                         net (fo=4, unplaced)         0.962    15.946    u_tlb_manager/u_tlb/e_ppn[0][19]_i_86_n_0
                         LUT6 (Prop_lut6_I1_O)        0.105    16.051 r  u_tlb_manager/u_tlb/csr_tlbidx[0]_i_50/O
                         net (fo=1, unplaced)         0.347    16.398    u_tlb_manager/u_tlb/csr_tlbidx[0]_i_50_n_0
                         LUT6 (Prop_lut6_I4_O)        0.105    16.503 r  u_tlb_manager/u_tlb/csr_tlbidx[0]_i_25/O
                         net (fo=2, unplaced)         0.358    16.861    u_tlb_manager/u_tlb/csr_tlbidx[0]_i_25_n_0
                         LUT6 (Prop_lut6_I2_O)        0.105    16.966 r  u_tlb_manager/u_tlb/csr_tlbidx[0]_i_11/O
                         net (fo=1, unplaced)         0.347    17.313    u_tlb_manager/u_tlb/csr_tlbidx[0]_i_11_n_0
                         LUT6 (Prop_lut6_I3_O)        0.105    17.418 f  u_tlb_manager/u_tlb/csr_tlbidx[0]_i_3/O
                         net (fo=1, unplaced)         0.582    18.000    u_tlb_manager/u_tlb/csr_tlbidx[0]_i_3_n_0
                         LUT6 (Prop_lut6_I0_O)        0.105    18.105 r  u_tlb_manager/u_tlb/csr_tlbidx[0]_i_2/O
                         net (fo=463, unplaced)       0.485    18.590    u_tlb_manager/u_tlb/tlb_g_reg[28]_1
                         LUT6 (Prop_lut6_I4_O)        0.105    18.695 r  u_tlb_manager/u_tlb/pre_paddr[21]_i_14/O
                         net (fo=1, unplaced)         0.938    19.633    u_tlb_manager/u_tlb/pre_paddr[21]_i_14_n_0
                         LUT6 (Prop_lut6_I1_O)        0.105    19.738 r  u_tlb_manager/u_tlb/pre_paddr[21]_i_10/O
                         net (fo=1, unplaced)         0.582    20.320    u_tlb_manager/u_tlb/pre_paddr[21]_i_10_n_0
                         LUT6 (Prop_lut6_I1_O)        0.105    20.425 f  u_tlb_manager/u_tlb/pre_paddr[21]_i_7/O
                         net (fo=2, unplaced)         0.593    21.018    u_tlb_manager/u_tlb/s0_ps[5]
                         LUT6 (Prop_lut6_I0_O)        0.105    21.123 r  u_tlb_manager/u_tlb/fifo_ptr[2]_i_3__0/O
                         net (fo=1, unplaced)         0.347    21.470    u_tlb_manager/u_tlb/fifo_ptr[2]_i_3__0_n_0
                         LUT6 (Prop_lut6_I1_O)        0.105    21.575 r  u_tlb_manager/u_tlb/fifo_ptr[2]_i_2__0/O
                         net (fo=19, unplaced)        0.406    21.981    u_tlb_manager/u_l1_tlb_i/refill_en
                         LUT5 (Prop_lut5_I1_O)        0.105    22.086 r  u_tlb_manager/u_l1_tlb_i/e_key[0][19]_i_1/O
                         net (fo=45, unplaced)        0.446    22.532    u_tlb_manager/u_l1_tlb_i/e_key
                         FDRE                                         r  u_tlb_manager/u_l1_tlb_i/e_key_reg[0][5]/CE
  -------------------------------------------------------------------    -------------------

                         (clock aclk rise edge)      10.000    10.000 r  
                                                      0.000    10.000 r  aclk (IN)
                         net (fo=53882, unset)        0.748    10.748    u_tlb_manager/u_l1_tlb_i/aclk
                         FDRE                                         r  u_tlb_manager/u_l1_tlb_i/e_key_reg[0][5]/C
                         clock pessimism              0.000    10.748    
                         clock uncertainty           -0.035    10.712    
                         FDRE (Setup_fdre_C_CE)      -0.165    10.547    u_tlb_manager/u_l1_tlb_i/e_key_reg[0][5]
  -------------------------------------------------------------------
                         required time                         10.547    
                         arrival time                         -22.532    
  -------------------------------------------------------------------
                         slack                                -11.985    

Slack (VIOLATED) :        -11.985ns  (required time - arrival time)
  Source:                 u_icache/tag_arr_reg[3][119][3]/C
                            (rising edge-triggered cell FDRE clocked by aclk  {rise@0.000ns fall@5.000ns period=10.000ns})
  Destination:            u_tlb_manager/u_l1_tlb_i/e_key_reg[0][6]/CE
                            (rising edge-triggered cell FDRE clocked by aclk  {rise@0.000ns fall@5.000ns period=10.000ns})
  Path Group:             aclk
  Path Type:              Setup (Max at Slow Process Corner)
  Requirement:            10.000ns  (aclk rise@10.000ns - aclk rise@0.000ns)
  Data Path Delay:        21.745ns  (logic 5.986ns (27.528%)  route 15.759ns (72.472%))
  Logic Levels:           36  (CARRY4=4 LUT2=1 LUT3=3 LUT4=3 LUT5=2 LUT6=20 MUXF7=2 MUXF8=1)
  Clock Path Skew:        -0.039ns (DCD - SCD + CPR)
    Destination Clock Delay (DCD):    0.748ns = ( 10.748 - 10.000 ) 
    Source Clock Delay      (SCD):    0.787ns
    Clock Pessimism Removal (CPR):    0.000ns
  Clock Uncertainty:      0.035ns  ((TSJ^2 + TIJ^2)^1/2 + DJ) / 2 + PE
    Total System Jitter     (TSJ):    0.071ns
    Total Input Jitter      (TIJ):    0.000ns
    Discrete Jitter          (DJ):    0.000ns
    Phase Error              (PE):    0.000ns

    Location             Delay type                Incr(ns)  Path(ns)    Netlist Resource(s)
  -------------------------------------------------------------------    -------------------
                         (clock aclk rise edge)       0.000     0.000 r  
                                                      0.000     0.000 r  aclk (IN)
                         net (fo=53882, unset)        0.787     0.787    u_icache/aclk
                         FDRE                                         r  u_icache/tag_arr_reg[3][119][3]/C
  -------------------------------------------------------------------    -------------------
                         FDRE (Prop_fdre_C_Q)         0.379     1.166 r  u_icache/tag_arr_reg[3][119][3]/Q
                         net (fo=1, unplaced)         0.779     1.945    u_icache/tag_arr_reg_n_0_[3][119][3]
                         LUT6 (Prop_lut6_I0_O)        0.232     2.177 r  u_icache/FSM_onehot_state[5]_i_4699/O
                         net (fo=1, unplaced)         0.000     2.177    u_icache/FSM_onehot_state[5]_i_4699_n_0
                         MUXF7 (Prop_muxf7_I1_O)      0.206     2.383 r  u_icache/FSM_onehot_state_reg[5]_i_3794/O
                         net (fo=1, unplaced)         0.000     2.383    u_icache/FSM_onehot_state_reg[5]_i_3794_n_0
                         MUXF8 (Prop_muxf8_I0_O)      0.085     2.468 r  u_icache/FSM_onehot_state_reg[5]_i_2318/O
                         net (fo=1, unplaced)         0.563     3.031    u_icache/FSM_onehot_state_reg[5]_i_2318_n_0
                         LUT6 (Prop_lut6_I0_O)        0.259     3.290 r  u_icache/FSM_onehot_state[5]_i_1111/O
                         net (fo=1, unplaced)         0.000     3.290    u_icache/FSM_onehot_state[5]_i_1111_n_0
                         MUXF7 (Prop_muxf7_I1_O)      0.206     3.496 r  u_icache/FSM_onehot_state_reg[5]_i_494/O
                         net (fo=1, unplaced)         0.584     4.080    u_icache/tag_arr[3]
                         LUT6 (Prop_lut6_I0_O)        0.242     4.322 r  u_icache/FSM_onehot_state[5]_i_187/O
                         net (fo=1, unplaced)         0.000     4.322    u_icache/FSM_onehot_state[5]_i_187_n_0
                         CARRY4 (Prop_carry4_S[1]_CO[3])
                                                      0.457     4.779 r  u_icache/FSM_onehot_state_reg[5]_i_68/CO[3]
                         net (fo=1, unplaced)         0.008     4.787    u_icache/FSM_onehot_state_reg[5]_i_68_n_0
                         CARRY4 (Prop_carry4_CI_CO[2])
                                                      0.209     4.996 f  u_icache/FSM_onehot_state_reg[5]_i_21/CO[2]
                         net (fo=24, unplaced)        0.413     5.409    u_icache/way_hit_30
                         LUT4 (Prop_lut4_I2_O)        0.252     5.661 f  u_icache/FSM_onehot_state[5]_i_7/O
                         net (fo=5, unplaced)         0.375     6.036    u_icache/FSM_onehot_state[5]_i_7_n_0
                         LUT5 (Prop_lut5_I4_O)        0.105     6.141 f  u_icache/valid_arr[3][99]_i_4/O
                         net (fo=57, unplaced)        0.433     6.574    u_icache/hit_any
                         LUT4 (Prop_lut4_I0_O)        0.105     6.679 f  u_icache/if_rline[255]_i_7/O
                         net (fo=257, unplaced)       0.470     7.149    u_icache/lookup_hit
                         LUT2 (Prop_lut2_I0_O)        0.105     7.254 f  u_icache/if_rline[255]_i_4/O
                         net (fo=12, unplaced)        0.395     7.649    u_ifu/ic_ifu_data_ok
                         LUT3 (Prop_lut3_I2_O)        0.105     7.754 r  u_ifu/if_rline[255]_i_5/O
                         net (fo=128, unplaced)       0.453     8.207    u_ifu/if_rline[255]_i_5_n_0
                         LUT6 (Prop_lut6_I4_O)        0.105     8.312 f  u_ifu/mem[14][61]_i_12/O
                         net (fo=2, unplaced)         0.593     8.905    u_ifu/mem[14][61]_i_12_n_0
                         LUT6 (Prop_lut6_I1_O)        0.105     9.010 f  u_ifu/mem[14][61]_i_5/O
                         net (fo=3, unplaced)         0.956     9.966    u_ifu/mem[14][61]_i_5_n_0
                         LUT6 (Prop_lut6_I0_O)        0.105    10.071 r  u_ifu/i_excp_adef_o_i_43/O
                         net (fo=3, unplaced)         0.346    10.417    u_ifu/i_excp_adef_o_i_43_n_0
                         LUT4 (Prop_lut4_I0_O)        0.126    10.543 r  u_ifu/i_excp_adef_o_i_20/O
                         net (fo=3, unplaced)         0.600    11.143    u_ifu/i_excp_adef_o_i_20_n_0
                         LUT6 (Prop_lut6_I0_O)        0.105    11.248 r  u_ifu/i_excp_adef_o_i_8/O
                         net (fo=5, unplaced)         0.556    11.804    u_ifu/i_excp_adef_o_i_8_n_0
                         LUT6 (Prop_lut6_I3_O)        0.105    11.909 r  u_ifu/i_excp_adef_o_i_2/O
                         net (fo=44, unplaced)        0.426    12.335    u_ifu/ifu_ftq_accept
                         LUT3 (Prop_lut3_I1_O)        0.105    12.440 r  u_ifu/e_key[0][4]_i_1/O
                         net (fo=19, unplaced)        0.406    12.846    u_csr_exception_commit_handler/mmu_tlbm_inst_vaddr[3]
                         LUT3 (Prop_lut3_I2_O)        0.105    12.951 r  u_csr_exception_commit_handler/e_ppn[0][19]_i_443__0/O
                         net (fo=32, unplaced)        0.653    13.604    u_tlb_manager/u_tlb/csr_tlbidx_reg[1]_i_38_5
                         LUT6 (Prop_lut6_I1_O)        0.105    13.709 r  u_tlb_manager/u_tlb/e_ppn[0][19]_i_481/O
                         net (fo=1, unplaced)         0.000    13.709    u_tlb_manager/u_tlb/e_ppn[0][19]_i_481_n_0
                         CARRY4 (Prop_carry4_S[1]_CO[3])
                                                      0.457    14.166 r  u_tlb_manager/u_tlb/e_ppn_reg[0][19]_i_383/CO[3]
                         net (fo=1, unplaced)         0.008    14.174    u_tlb_manager/u_tlb/e_ppn_reg[0][19]_i_383_n_0
                         CARRY4 (Prop_carry4_CI_CO[2])
                                                      0.209    14.383 r  u_tlb_manager/u_tlb/e_ppn_reg[0][19]_i_196/CO[2]
                         net (fo=1, unplaced)         0.349    14.732    u_tlb_manager/u_tlb/e_ppn_reg[0][19]_i_196_n_1
                         LUT6 (Prop_lut6_I0_O)        0.252    14.984 f  u_tlb_manager/u_tlb/e_ppn[0][19]_i_86/O
                         net (fo=4, unplaced)         0.962    15.946    u_tlb_manager/u_tlb/e_ppn[0][19]_i_86_n_0
                         LUT6 (Prop_lut6_I1_O)        0.105    16.051 r  u_tlb_manager/u_tlb/csr_tlbidx[0]_i_50/O
                         net (fo=1, unplaced)         0.347    16.398    u_tlb_manager/u_tlb/csr_tlbidx[0]_i_50_n_0
                         LUT6 (Prop_lut6_I4_O)        0.105    16.503 r  u_tlb_manager/u_tlb/csr_tlbidx[0]_i_25/O
                         net (fo=2, unplaced)         0.358    16.861    u_tlb_manager/u_tlb/csr_tlbidx[0]_i_25_n_0
                         LUT6 (Prop_lut6_I2_O)        0.105    16.966 r  u_tlb_manager/u_tlb/csr_tlbidx[0]_i_11/O
                         net (fo=1, unplaced)         0.347    17.313    u_tlb_manager/u_tlb/csr_tlbidx[0]_i_11_n_0
                         LUT6 (Prop_lut6_I3_O)        0.105    17.418 f  u_tlb_manager/u_tlb/csr_tlbidx[0]_i_3/O
                         net (fo=1, unplaced)         0.582    18.000    u_tlb_manager/u_tlb/csr_tlbidx[0]_i_3_n_0
                         LUT6 (Prop_lut6_I0_O)        0.105    18.105 r  u_tlb_manager/u_tlb/csr_tlbidx[0]_i_2/O
                         net (fo=463, unplaced)       0.485    18.590    u_tlb_manager/u_tlb/tlb_g_reg[28]_1
                         LUT6 (Prop_lut6_I4_O)        0.105    18.695 r  u_tlb_manager/u_tlb/pre_paddr[21]_i_14/O
                         net (fo=1, unplaced)         0.938    19.633    u_tlb_manager/u_tlb/pre_paddr[21]_i_14_n_0
                         LUT6 (Prop_lut6_I1_O)        0.105    19.738 r  u_tlb_manager/u_tlb/pre_paddr[21]_i_10/O
                         net (fo=1, unplaced)         0.582    20.320    u_tlb_manager/u_tlb/pre_paddr[21]_i_10_n_0
                         LUT6 (Prop_lut6_I1_O)        0.105    20.425 f  u_tlb_manager/u_tlb/pre_paddr[21]_i_7/O
                         net (fo=2, unplaced)         0.593    21.018    u_tlb_manager/u_tlb/s0_ps[5]
                         LUT6 (Prop_lut6_I0_O)        0.105    21.123 r  u_tlb_manager/u_tlb/fifo_ptr[2]_i_3__0/O
                         net (fo=1, unplaced)         0.347    21.470    u_tlb_manager/u_tlb/fifo_ptr[2]_i_3__0_n_0
                         LUT6 (Prop_lut6_I1_O)        0.105    21.575 r  u_tlb_manager/u_tlb/fifo_ptr[2]_i_2__0/O
                         net (fo=19, unplaced)        0.406    21.981    u_tlb_manager/u_l1_tlb_i/refill_en
                         LUT5 (Prop_lut5_I1_O)        0.105    22.086 r  u_tlb_manager/u_l1_tlb_i/e_key[0][19]_i_1/O
                         net (fo=45, unplaced)        0.446    22.532    u_tlb_manager/u_l1_tlb_i/e_key
                         FDRE                                         r  u_tlb_manager/u_l1_tlb_i/e_key_reg[0][6]/CE
  -------------------------------------------------------------------    -------------------

                         (clock aclk rise edge)      10.000    10.000 r  
                                                      0.000    10.000 r  aclk (IN)
                         net (fo=53882, unset)        0.748    10.748    u_tlb_manager/u_l1_tlb_i/aclk
                         FDRE                                         r  u_tlb_manager/u_l1_tlb_i/e_key_reg[0][6]/C
                         clock pessimism              0.000    10.748    
                         clock uncertainty           -0.035    10.712    
                         FDRE (Setup_fdre_C_CE)      -0.165    10.547    u_tlb_manager/u_l1_tlb_i/e_key_reg[0][6]
  -------------------------------------------------------------------
                         required time                         10.547    
                         arrival time                         -22.532    
  -------------------------------------------------------------------
                         slack                                -11.985    

Slack (VIOLATED) :        -11.985ns  (required time - arrival time)
  Source:                 u_icache/tag_arr_reg[3][119][3]/C
                            (rising edge-triggered cell FDRE clocked by aclk  {rise@0.000ns fall@5.000ns period=10.000ns})
  Destination:            u_tlb_manager/u_l1_tlb_i/e_key_reg[0][7]/CE
                            (rising edge-triggered cell FDRE clocked by aclk  {rise@0.000ns fall@5.000ns period=10.000ns})
  Path Group:             aclk
  Path Type:              Setup (Max at Slow Process Corner)
  Requirement:            10.000ns  (aclk rise@10.000ns - aclk rise@0.000ns)
  Data Path Delay:        21.745ns  (logic 5.986ns (27.528%)  route 15.759ns (72.472%))
  Logic Levels:           36  (CARRY4=4 LUT2=1 LUT3=3 LUT4=3 LUT5=2 LUT6=20 MUXF7=2 MUXF8=1)
  Clock Path Skew:        -0.039ns (DCD - SCD + CPR)
    Destination Clock Delay (DCD):    0.748ns = ( 10.748 - 10.000 ) 
    Source Clock Delay      (SCD):    0.787ns
    Clock Pessimism Removal (CPR):    0.000ns
  Clock Uncertainty:      0.035ns  ((TSJ^2 + TIJ^2)^1/2 + DJ) / 2 + PE
    Total System Jitter     (TSJ):    0.071ns
    Total Input Jitter      (TIJ):    0.000ns
    Discrete Jitter          (DJ):    0.000ns
    Phase Error              (PE):    0.000ns

    Location             Delay type                Incr(ns)  Path(ns)    Netlist Resource(s)
  -------------------------------------------------------------------    -------------------
                         (clock aclk rise edge)       0.000     0.000 r  
                                                      0.000     0.000 r  aclk (IN)
                         net (fo=53882, unset)        0.787     0.787    u_icache/aclk
                         FDRE                                         r  u_icache/tag_arr_reg[3][119][3]/C
  -------------------------------------------------------------------    -------------------
                         FDRE (Prop_fdre_C_Q)         0.379     1.166 r  u_icache/tag_arr_reg[3][119][3]/Q
                         net (fo=1, unplaced)         0.779     1.945    u_icache/tag_arr_reg_n_0_[3][119][3]
                         LUT6 (Prop_lut6_I0_O)        0.232     2.177 r  u_icache/FSM_onehot_state[5]_i_4699/O
                         net (fo=1, unplaced)         0.000     2.177    u_icache/FSM_onehot_state[5]_i_4699_n_0
                         MUXF7 (Prop_muxf7_I1_O)      0.206     2.383 r  u_icache/FSM_onehot_state_reg[5]_i_3794/O
                         net (fo=1, unplaced)         0.000     2.383    u_icache/FSM_onehot_state_reg[5]_i_3794_n_0
                         MUXF8 (Prop_muxf8_I0_O)      0.085     2.468 r  u_icache/FSM_onehot_state_reg[5]_i_2318/O
                         net (fo=1, unplaced)         0.563     3.031    u_icache/FSM_onehot_state_reg[5]_i_2318_n_0
                         LUT6 (Prop_lut6_I0_O)        0.259     3.290 r  u_icache/FSM_onehot_state[5]_i_1111/O
                         net (fo=1, unplaced)         0.000     3.290    u_icache/FSM_onehot_state[5]_i_1111_n_0
                         MUXF7 (Prop_muxf7_I1_O)      0.206     3.496 r  u_icache/FSM_onehot_state_reg[5]_i_494/O
                         net (fo=1, unplaced)         0.584     4.080    u_icache/tag_arr[3]
                         LUT6 (Prop_lut6_I0_O)        0.242     4.322 r  u_icache/FSM_onehot_state[5]_i_187/O
                         net (fo=1, unplaced)         0.000     4.322    u_icache/FSM_onehot_state[5]_i_187_n_0
                         CARRY4 (Prop_carry4_S[1]_CO[3])
                                                      0.457     4.779 r  u_icache/FSM_onehot_state_reg[5]_i_68/CO[3]
                         net (fo=1, unplaced)         0.008     4.787    u_icache/FSM_onehot_state_reg[5]_i_68_n_0
                         CARRY4 (Prop_carry4_CI_CO[2])
                                                      0.209     4.996 f  u_icache/FSM_onehot_state_reg[5]_i_21/CO[2]
                         net (fo=24, unplaced)        0.413     5.409    u_icache/way_hit_30
                         LUT4 (Prop_lut4_I2_O)        0.252     5.661 f  u_icache/FSM_onehot_state[5]_i_7/O
                         net (fo=5, unplaced)         0.375     6.036    u_icache/FSM_onehot_state[5]_i_7_n_0
                         LUT5 (Prop_lut5_I4_O)        0.105     6.141 f  u_icache/valid_arr[3][99]_i_4/O
                         net (fo=57, unplaced)        0.433     6.574    u_icache/hit_any
                         LUT4 (Prop_lut4_I0_O)        0.105     6.679 f  u_icache/if_rline[255]_i_7/O
                         net (fo=257, unplaced)       0.470     7.149    u_icache/lookup_hit
                         LUT2 (Prop_lut2_I0_O)        0.105     7.254 f  u_icache/if_rline[255]_i_4/O
                         net (fo=12, unplaced)        0.395     7.649    u_ifu/ic_ifu_data_ok
                         LUT3 (Prop_lut3_I2_O)        0.105     7.754 r  u_ifu/if_rline[255]_i_5/O
                         net (fo=128, unplaced)       0.453     8.207    u_ifu/if_rline[255]_i_5_n_0
                         LUT6 (Prop_lut6_I4_O)        0.105     8.312 f  u_ifu/mem[14][61]_i_12/O
                         net (fo=2, unplaced)         0.593     8.905    u_ifu/mem[14][61]_i_12_n_0
                         LUT6 (Prop_lut6_I1_O)        0.105     9.010 f  u_ifu/mem[14][61]_i_5/O
                         net (fo=3, unplaced)         0.956     9.966    u_ifu/mem[14][61]_i_5_n_0
                         LUT6 (Prop_lut6_I0_O)        0.105    10.071 r  u_ifu/i_excp_adef_o_i_43/O
                         net (fo=3, unplaced)         0.346    10.417    u_ifu/i_excp_adef_o_i_43_n_0
                         LUT4 (Prop_lut4_I0_O)        0.126    10.543 r  u_ifu/i_excp_adef_o_i_20/O
                         net (fo=3, unplaced)         0.600    11.143    u_ifu/i_excp_adef_o_i_20_n_0
                         LUT6 (Prop_lut6_I0_O)        0.105    11.248 r  u_ifu/i_excp_adef_o_i_8/O
                         net (fo=5, unplaced)         0.556    11.804    u_ifu/i_excp_adef_o_i_8_n_0
                         LUT6 (Prop_lut6_I3_O)        0.105    11.909 r  u_ifu/i_excp_adef_o_i_2/O
                         net (fo=44, unplaced)        0.426    12.335    u_ifu/ifu_ftq_accept
                         LUT3 (Prop_lut3_I1_O)        0.105    12.440 r  u_ifu/e_key[0][4]_i_1/O
                         net (fo=19, unplaced)        0.406    12.846    u_csr_exception_commit_handler/mmu_tlbm_inst_vaddr[3]
                         LUT3 (Prop_lut3_I2_O)        0.105    12.951 r  u_csr_exception_commit_handler/e_ppn[0][19]_i_443__0/O
                         net (fo=32, unplaced)        0.653    13.604    u_tlb_manager/u_tlb/csr_tlbidx_reg[1]_i_38_5
                         LUT6 (Prop_lut6_I1_O)        0.105    13.709 r  u_tlb_manager/u_tlb/e_ppn[0][19]_i_481/O
                         net (fo=1, unplaced)         0.000    13.709    u_tlb_manager/u_tlb/e_ppn[0][19]_i_481_n_0
                         CARRY4 (Prop_carry4_S[1]_CO[3])
                                                      0.457    14.166 r  u_tlb_manager/u_tlb/e_ppn_reg[0][19]_i_383/CO[3]
                         net (fo=1, unplaced)         0.008    14.174    u_tlb_manager/u_tlb/e_ppn_reg[0][19]_i_383_n_0
                         CARRY4 (Prop_carry4_CI_CO[2])
                                                      0.209    14.383 r  u_tlb_manager/u_tlb/e_ppn_reg[0][19]_i_196/CO[2]
                         net (fo=1, unplaced)         0.349    14.732    u_tlb_manager/u_tlb/e_ppn_reg[0][19]_i_196_n_1
                         LUT6 (Prop_lut6_I0_O)        0.252    14.984 f  u_tlb_manager/u_tlb/e_ppn[0][19]_i_86/O
                         net (fo=4, unplaced)         0.962    15.946    u_tlb_manager/u_tlb/e_ppn[0][19]_i_86_n_0
                         LUT6 (Prop_lut6_I1_O)        0.105    16.051 r  u_tlb_manager/u_tlb/csr_tlbidx[0]_i_50/O
                         net (fo=1, unplaced)         0.347    16.398    u_tlb_manager/u_tlb/csr_tlbidx[0]_i_50_n_0
                         LUT6 (Prop_lut6_I4_O)        0.105    16.503 r  u_tlb_manager/u_tlb/csr_tlbidx[0]_i_25/O
                         net (fo=2, unplaced)         0.358    16.861    u_tlb_manager/u_tlb/csr_tlbidx[0]_i_25_n_0
                         LUT6 (Prop_lut6_I2_O)        0.105    16.966 r  u_tlb_manager/u_tlb/csr_tlbidx[0]_i_11/O
                         net (fo=1, unplaced)         0.347    17.313    u_tlb_manager/u_tlb/csr_tlbidx[0]_i_11_n_0
                         LUT6 (Prop_lut6_I3_O)        0.105    17.418 f  u_tlb_manager/u_tlb/csr_tlbidx[0]_i_3/O
                         net (fo=1, unplaced)         0.582    18.000    u_tlb_manager/u_tlb/csr_tlbidx[0]_i_3_n_0
                         LUT6 (Prop_lut6_I0_O)        0.105    18.105 r  u_tlb_manager/u_tlb/csr_tlbidx[0]_i_2/O
                         net (fo=463, unplaced)       0.485    18.590    u_tlb_manager/u_tlb/tlb_g_reg[28]_1
                         LUT6 (Prop_lut6_I4_O)        0.105    18.695 r  u_tlb_manager/u_tlb/pre_paddr[21]_i_14/O
                         net (fo=1, unplaced)         0.938    19.633    u_tlb_manager/u_tlb/pre_paddr[21]_i_14_n_0
                         LUT6 (Prop_lut6_I1_O)        0.105    19.738 r  u_tlb_manager/u_tlb/pre_paddr[21]_i_10/O
                         net (fo=1, unplaced)         0.582    20.320    u_tlb_manager/u_tlb/pre_paddr[21]_i_10_n_0
                         LUT6 (Prop_lut6_I1_O)        0.105    20.425 f  u_tlb_manager/u_tlb/pre_paddr[21]_i_7/O
                         net (fo=2, unplaced)         0.593    21.018    u_tlb_manager/u_tlb/s0_ps[5]
                         LUT6 (Prop_lut6_I0_O)        0.105    21.123 r  u_tlb_manager/u_tlb/fifo_ptr[2]_i_3__0/O
                         net (fo=1, unplaced)         0.347    21.470    u_tlb_manager/u_tlb/fifo_ptr[2]_i_3__0_n_0
                         LUT6 (Prop_lut6_I1_O)        0.105    21.575 r  u_tlb_manager/u_tlb/fifo_ptr[2]_i_2__0/O
                         net (fo=19, unplaced)        0.406    21.981    u_tlb_manager/u_l1_tlb_i/refill_en
                         LUT5 (Prop_lut5_I1_O)        0.105    22.086 r  u_tlb_manager/u_l1_tlb_i/e_key[0][19]_i_1/O
                         net (fo=45, unplaced)        0.446    22.532    u_tlb_manager/u_l1_tlb_i/e_key
                         FDRE                                         r  u_tlb_manager/u_l1_tlb_i/e_key_reg[0][7]/CE
  -------------------------------------------------------------------    -------------------

                         (clock aclk rise edge)      10.000    10.000 r  
                                                      0.000    10.000 r  aclk (IN)
                         net (fo=53882, unset)        0.748    10.748    u_tlb_manager/u_l1_tlb_i/aclk
                         FDRE                                         r  u_tlb_manager/u_l1_tlb_i/e_key_reg[0][7]/C
                         clock pessimism              0.000    10.748    
                         clock uncertainty           -0.035    10.712    
                         FDRE (Setup_fdre_C_CE)      -0.165    10.547    u_tlb_manager/u_l1_tlb_i/e_key_reg[0][7]
  -------------------------------------------------------------------
                         required time                         10.547    
                         arrival time                         -22.532    
  -------------------------------------------------------------------
                         slack                                -11.985    

Slack (VIOLATED) :        -11.985ns  (required time - arrival time)
  Source:                 u_icache/tag_arr_reg[3][119][3]/C
                            (rising edge-triggered cell FDRE clocked by aclk  {rise@0.000ns fall@5.000ns period=10.000ns})
  Destination:            u_tlb_manager/u_l1_tlb_i/e_key_reg[0][8]/CE
                            (rising edge-triggered cell FDRE clocked by aclk  {rise@0.000ns fall@5.000ns period=10.000ns})
  Path Group:             aclk
  Path Type:              Setup (Max at Slow Process Corner)
  Requirement:            10.000ns  (aclk rise@10.000ns - aclk rise@0.000ns)
  Data Path Delay:        21.745ns  (logic 5.986ns (27.528%)  route 15.759ns (72.472%))
  Logic Levels:           36  (CARRY4=4 LUT2=1 LUT3=3 LUT4=3 LUT5=2 LUT6=20 MUXF7=2 MUXF8=1)
  Clock Path Skew:        -0.039ns (DCD - SCD + CPR)
    Destination Clock Delay (DCD):    0.748ns = ( 10.748 - 10.000 ) 
    Source Clock Delay      (SCD):    0.787ns
    Clock Pessimism Removal (CPR):    0.000ns
  Clock Uncertainty:      0.035ns  ((TSJ^2 + TIJ^2)^1/2 + DJ) / 2 + PE
    Total System Jitter     (TSJ):    0.071ns
    Total Input Jitter      (TIJ):    0.000ns
    Discrete Jitter          (DJ):    0.000ns
    Phase Error              (PE):    0.000ns

    Location             Delay type                Incr(ns)  Path(ns)    Netlist Resource(s)
  -------------------------------------------------------------------    -------------------
                         (clock aclk rise edge)       0.000     0.000 r  
                                                      0.000     0.000 r  aclk (IN)
                         net (fo=53882, unset)        0.787     0.787    u_icache/aclk
                         FDRE                                         r  u_icache/tag_arr_reg[3][119][3]/C
  -------------------------------------------------------------------    -------------------
                         FDRE (Prop_fdre_C_Q)         0.379     1.166 r  u_icache/tag_arr_reg[3][119][3]/Q
                         net (fo=1, unplaced)         0.779     1.945    u_icache/tag_arr_reg_n_0_[3][119][3]
                         LUT6 (Prop_lut6_I0_O)        0.232     2.177 r  u_icache/FSM_onehot_state[5]_i_4699/O
                         net (fo=1, unplaced)         0.000     2.177    u_icache/FSM_onehot_state[5]_i_4699_n_0
                         MUXF7 (Prop_muxf7_I1_O)      0.206     2.383 r  u_icache/FSM_onehot_state_reg[5]_i_3794/O
                         net (fo=1, unplaced)         0.000     2.383    u_icache/FSM_onehot_state_reg[5]_i_3794_n_0
                         MUXF8 (Prop_muxf8_I0_O)      0.085     2.468 r  u_icache/FSM_onehot_state_reg[5]_i_2318/O
                         net (fo=1, unplaced)         0.563     3.031    u_icache/FSM_onehot_state_reg[5]_i_2318_n_0
                         LUT6 (Prop_lut6_I0_O)        0.259     3.290 r  u_icache/FSM_onehot_state[5]_i_1111/O
                         net (fo=1, unplaced)         0.000     3.290    u_icache/FSM_onehot_state[5]_i_1111_n_0
                         MUXF7 (Prop_muxf7_I1_O)      0.206     3.496 r  u_icache/FSM_onehot_state_reg[5]_i_494/O
                         net (fo=1, unplaced)         0.584     4.080    u_icache/tag_arr[3]
                         LUT6 (Prop_lut6_I0_O)        0.242     4.322 r  u_icache/FSM_onehot_state[5]_i_187/O
                         net (fo=1, unplaced)         0.000     4.322    u_icache/FSM_onehot_state[5]_i_187_n_0
                         CARRY4 (Prop_carry4_S[1]_CO[3])
                                                      0.457     4.779 r  u_icache/FSM_onehot_state_reg[5]_i_68/CO[3]
                         net (fo=1, unplaced)         0.008     4.787    u_icache/FSM_onehot_state_reg[5]_i_68_n_0
                         CARRY4 (Prop_carry4_CI_CO[2])
                                                      0.209     4.996 f  u_icache/FSM_onehot_state_reg[5]_i_21/CO[2]
                         net (fo=24, unplaced)        0.413     5.409    u_icache/way_hit_30
                         LUT4 (Prop_lut4_I2_O)        0.252     5.661 f  u_icache/FSM_onehot_state[5]_i_7/O
                         net (fo=5, unplaced)         0.375     6.036    u_icache/FSM_onehot_state[5]_i_7_n_0
                         LUT5 (Prop_lut5_I4_O)        0.105     6.141 f  u_icache/valid_arr[3][99]_i_4/O
                         net (fo=57, unplaced)        0.433     6.574    u_icache/hit_any
                         LUT4 (Prop_lut4_I0_O)        0.105     6.679 f  u_icache/if_rline[255]_i_7/O
                         net (fo=257, unplaced)       0.470     7.149    u_icache/lookup_hit
                         LUT2 (Prop_lut2_I0_O)        0.105     7.254 f  u_icache/if_rline[255]_i_4/O
                         net (fo=12, unplaced)        0.395     7.649    u_ifu/ic_ifu_data_ok
                         LUT3 (Prop_lut3_I2_O)        0.105     7.754 r  u_ifu/if_rline[255]_i_5/O
                         net (fo=128, unplaced)       0.453     8.207    u_ifu/if_rline[255]_i_5_n_0
                         LUT6 (Prop_lut6_I4_O)        0.105     8.312 f  u_ifu/mem[14][61]_i_12/O
                         net (fo=2, unplaced)         0.593     8.905    u_ifu/mem[14][61]_i_12_n_0
                         LUT6 (Prop_lut6_I1_O)        0.105     9.010 f  u_ifu/mem[14][61]_i_5/O
                         net (fo=3, unplaced)         0.956     9.966    u_ifu/mem[14][61]_i_5_n_0
                         LUT6 (Prop_lut6_I0_O)        0.105    10.071 r  u_ifu/i_excp_adef_o_i_43/O
                         net (fo=3, unplaced)         0.346    10.417    u_ifu/i_excp_adef_o_i_43_n_0
                         LUT4 (Prop_lut4_I0_O)        0.126    10.543 r  u_ifu/i_excp_adef_o_i_20/O
                         net (fo=3, unplaced)         0.600    11.143    u_ifu/i_excp_adef_o_i_20_n_0
                         LUT6 (Prop_lut6_I0_O)        0.105    11.248 r  u_ifu/i_excp_adef_o_i_8/O
                         net (fo=5, unplaced)         0.556    11.804    u_ifu/i_excp_adef_o_i_8_n_0
                         LUT6 (Prop_lut6_I3_O)        0.105    11.909 r  u_ifu/i_excp_adef_o_i_2/O
                         net (fo=44, unplaced)        0.426    12.335    u_ifu/ifu_ftq_accept
                         LUT3 (Prop_lut3_I1_O)        0.105    12.440 r  u_ifu/e_key[0][4]_i_1/O
                         net (fo=19, unplaced)        0.406    12.846    u_csr_exception_commit_handler/mmu_tlbm_inst_vaddr[3]
                         LUT3 (Prop_lut3_I2_O)        0.105    12.951 r  u_csr_exception_commit_handler/e_ppn[0][19]_i_443__0/O
                         net (fo=32, unplaced)        0.653    13.604    u_tlb_manager/u_tlb/csr_tlbidx_reg[1]_i_38_5
                         LUT6 (Prop_lut6_I1_O)        0.105    13.709 r  u_tlb_manager/u_tlb/e_ppn[0][19]_i_481/O
                         net (fo=1, unplaced)         0.000    13.709    u_tlb_manager/u_tlb/e_ppn[0][19]_i_481_n_0
                         CARRY4 (Prop_carry4_S[1]_CO[3])
                                                      0.457    14.166 r  u_tlb_manager/u_tlb/e_ppn_reg[0][19]_i_383/CO[3]
                         net (fo=1, unplaced)         0.008    14.174    u_tlb_manager/u_tlb/e_ppn_reg[0][19]_i_383_n_0
                         CARRY4 (Prop_carry4_CI_CO[2])
                                                      0.209    14.383 r  u_tlb_manager/u_tlb/e_ppn_reg[0][19]_i_196/CO[2]
                         net (fo=1, unplaced)         0.349    14.732    u_tlb_manager/u_tlb/e_ppn_reg[0][19]_i_196_n_1
                         LUT6 (Prop_lut6_I0_O)        0.252    14.984 f  u_tlb_manager/u_tlb/e_ppn[0][19]_i_86/O
                         net (fo=4, unplaced)         0.962    15.946    u_tlb_manager/u_tlb/e_ppn[0][19]_i_86_n_0
                         LUT6 (Prop_lut6_I1_O)        0.105    16.051 r  u_tlb_manager/u_tlb/csr_tlbidx[0]_i_50/O
                         net (fo=1, unplaced)         0.347    16.398    u_tlb_manager/u_tlb/csr_tlbidx[0]_i_50_n_0
                         LUT6 (Prop_lut6_I4_O)        0.105    16.503 r  u_tlb_manager/u_tlb/csr_tlbidx[0]_i_25/O
                         net (fo=2, unplaced)         0.358    16.861    u_tlb_manager/u_tlb/csr_tlbidx[0]_i_25_n_0
                         LUT6 (Prop_lut6_I2_O)        0.105    16.966 r  u_tlb_manager/u_tlb/csr_tlbidx[0]_i_11/O
                         net (fo=1, unplaced)         0.347    17.313    u_tlb_manager/u_tlb/csr_tlbidx[0]_i_11_n_0
                         LUT6 (Prop_lut6_I3_O)        0.105    17.418 f  u_tlb_manager/u_tlb/csr_tlbidx[0]_i_3/O
                         net (fo=1, unplaced)         0.582    18.000    u_tlb_manager/u_tlb/csr_tlbidx[0]_i_3_n_0
                         LUT6 (Prop_lut6_I0_O)        0.105    18.105 r  u_tlb_manager/u_tlb/csr_tlbidx[0]_i_2/O
                         net (fo=463, unplaced)       0.485    18.590    u_tlb_manager/u_tlb/tlb_g_reg[28]_1
                         LUT6 (Prop_lut6_I4_O)        0.105    18.695 r  u_tlb_manager/u_tlb/pre_paddr[21]_i_14/O
                         net (fo=1, unplaced)         0.938    19.633    u_tlb_manager/u_tlb/pre_paddr[21]_i_14_n_0
                         LUT6 (Prop_lut6_I1_O)        0.105    19.738 r  u_tlb_manager/u_tlb/pre_paddr[21]_i_10/O
                         net (fo=1, unplaced)         0.582    20.320    u_tlb_manager/u_tlb/pre_paddr[21]_i_10_n_0
                         LUT6 (Prop_lut6_I1_O)        0.105    20.425 f  u_tlb_manager/u_tlb/pre_paddr[21]_i_7/O
                         net (fo=2, unplaced)         0.593    21.018    u_tlb_manager/u_tlb/s0_ps[5]
                         LUT6 (Prop_lut6_I0_O)        0.105    21.123 r  u_tlb_manager/u_tlb/fifo_ptr[2]_i_3__0/O
                         net (fo=1, unplaced)         0.347    21.470    u_tlb_manager/u_tlb/fifo_ptr[2]_i_3__0_n_0
                         LUT6 (Prop_lut6_I1_O)        0.105    21.575 r  u_tlb_manager/u_tlb/fifo_ptr[2]_i_2__0/O
                         net (fo=19, unplaced)        0.406    21.981    u_tlb_manager/u_l1_tlb_i/refill_en
                         LUT5 (Prop_lut5_I1_O)        0.105    22.086 r  u_tlb_manager/u_l1_tlb_i/e_key[0][19]_i_1/O
                         net (fo=45, unplaced)        0.446    22.532    u_tlb_manager/u_l1_tlb_i/e_key
                         FDRE                                         r  u_tlb_manager/u_l1_tlb_i/e_key_reg[0][8]/CE
  -------------------------------------------------------------------    -------------------

                         (clock aclk rise edge)      10.000    10.000 r  
                                                      0.000    10.000 r  aclk (IN)
                         net (fo=53882, unset)        0.748    10.748    u_tlb_manager/u_l1_tlb_i/aclk
                         FDRE                                         r  u_tlb_manager/u_l1_tlb_i/e_key_reg[0][8]/C
                         clock pessimism              0.000    10.748    
                         clock uncertainty           -0.035    10.712    
                         FDRE (Setup_fdre_C_CE)      -0.165    10.547    u_tlb_manager/u_l1_tlb_i/e_key_reg[0][8]
  -------------------------------------------------------------------
                         required time                         10.547    
                         arrival time                         -22.532    
  -------------------------------------------------------------------
                         slack                                -11.985    

Slack (VIOLATED) :        -11.985ns  (required time - arrival time)
  Source:                 u_icache/tag_arr_reg[3][119][3]/C
                            (rising edge-triggered cell FDRE clocked by aclk  {rise@0.000ns fall@5.000ns period=10.000ns})
  Destination:            u_tlb_manager/u_l1_tlb_i/e_key_reg[0][9]/CE
                            (rising edge-triggered cell FDRE clocked by aclk  {rise@0.000ns fall@5.000ns period=10.000ns})
  Path Group:             aclk
  Path Type:              Setup (Max at Slow Process Corner)
  Requirement:            10.000ns  (aclk rise@10.000ns - aclk rise@0.000ns)
  Data Path Delay:        21.745ns  (logic 5.986ns (27.528%)  route 15.759ns (72.472%))
  Logic Levels:           36  (CARRY4=4 LUT2=1 LUT3=3 LUT4=3 LUT5=2 LUT6=20 MUXF7=2 MUXF8=1)
  Clock Path Skew:        -0.039ns (DCD - SCD + CPR)
    Destination Clock Delay (DCD):    0.748ns = ( 10.748 - 10.000 ) 
    Source Clock Delay      (SCD):    0.787ns
    Clock Pessimism Removal (CPR):    0.000ns
  Clock Uncertainty:      0.035ns  ((TSJ^2 + TIJ^2)^1/2 + DJ) / 2 + PE
    Total System Jitter     (TSJ):    0.071ns
    Total Input Jitter      (TIJ):    0.000ns
    Discrete Jitter          (DJ):    0.000ns
    Phase Error              (PE):    0.000ns

    Location             Delay type                Incr(ns)  Path(ns)    Netlist Resource(s)
  -------------------------------------------------------------------    -------------------
                         (clock aclk rise edge)       0.000     0.000 r  
                                                      0.000     0.000 r  aclk (IN)
                         net (fo=53882, unset)        0.787     0.787    u_icache/aclk
                         FDRE                                         r  u_icache/tag_arr_reg[3][119][3]/C
  -------------------------------------------------------------------    -------------------
                         FDRE (Prop_fdre_C_Q)         0.379     1.166 r  u_icache/tag_arr_reg[3][119][3]/Q
                         net (fo=1, unplaced)         0.779     1.945    u_icache/tag_arr_reg_n_0_[3][119][3]
                         LUT6 (Prop_lut6_I0_O)        0.232     2.177 r  u_icache/FSM_onehot_state[5]_i_4699/O
                         net (fo=1, unplaced)         0.000     2.177    u_icache/FSM_onehot_state[5]_i_4699_n_0
                         MUXF7 (Prop_muxf7_I1_O)      0.206     2.383 r  u_icache/FSM_onehot_state_reg[5]_i_3794/O
                         net (fo=1, unplaced)         0.000     2.383    u_icache/FSM_onehot_state_reg[5]_i_3794_n_0
                         MUXF8 (Prop_muxf8_I0_O)      0.085     2.468 r  u_icache/FSM_onehot_state_reg[5]_i_2318/O
                         net (fo=1, unplaced)         0.563     3.031    u_icache/FSM_onehot_state_reg[5]_i_2318_n_0
                         LUT6 (Prop_lut6_I0_O)        0.259     3.290 r  u_icache/FSM_onehot_state[5]_i_1111/O
                         net (fo=1, unplaced)         0.000     3.290    u_icache/FSM_onehot_state[5]_i_1111_n_0
                         MUXF7 (Prop_muxf7_I1_O)      0.206     3.496 r  u_icache/FSM_onehot_state_reg[5]_i_494/O
                         net (fo=1, unplaced)         0.584     4.080    u_icache/tag_arr[3]
                         LUT6 (Prop_lut6_I0_O)        0.242     4.322 r  u_icache/FSM_onehot_state[5]_i_187/O
                         net (fo=1, unplaced)         0.000     4.322    u_icache/FSM_onehot_state[5]_i_187_n_0
                         CARRY4 (Prop_carry4_S[1]_CO[3])
                                                      0.457     4.779 r  u_icache/FSM_onehot_state_reg[5]_i_68/CO[3]
                         net (fo=1, unplaced)         0.008     4.787    u_icache/FSM_onehot_state_reg[5]_i_68_n_0
                         CARRY4 (Prop_carry4_CI_CO[2])
                                                      0.209     4.996 f  u_icache/FSM_onehot_state_reg[5]_i_21/CO[2]
                         net (fo=24, unplaced)        0.413     5.409    u_icache/way_hit_30
                         LUT4 (Prop_lut4_I2_O)        0.252     5.661 f  u_icache/FSM_onehot_state[5]_i_7/O
                         net (fo=5, unplaced)         0.375     6.036    u_icache/FSM_onehot_state[5]_i_7_n_0
                         LUT5 (Prop_lut5_I4_O)        0.105     6.141 f  u_icache/valid_arr[3][99]_i_4/O
                         net (fo=57, unplaced)        0.433     6.574    u_icache/hit_any
                         LUT4 (Prop_lut4_I0_O)        0.105     6.679 f  u_icache/if_rline[255]_i_7/O
                         net (fo=257, unplaced)       0.470     7.149    u_icache/lookup_hit
                         LUT2 (Prop_lut2_I0_O)        0.105     7.254 f  u_icache/if_rline[255]_i_4/O
                         net (fo=12, unplaced)        0.395     7.649    u_ifu/ic_ifu_data_ok
                         LUT3 (Prop_lut3_I2_O)        0.105     7.754 r  u_ifu/if_rline[255]_i_5/O
                         net (fo=128, unplaced)       0.453     8.207    u_ifu/if_rline[255]_i_5_n_0
                         LUT6 (Prop_lut6_I4_O)        0.105     8.312 f  u_ifu/mem[14][61]_i_12/O
                         net (fo=2, unplaced)         0.593     8.905    u_ifu/mem[14][61]_i_12_n_0
                         LUT6 (Prop_lut6_I1_O)        0.105     9.010 f  u_ifu/mem[14][61]_i_5/O
                         net (fo=3, unplaced)         0.956     9.966    u_ifu/mem[14][61]_i_5_n_0
                         LUT6 (Prop_lut6_I0_O)        0.105    10.071 r  u_ifu/i_excp_adef_o_i_43/O
                         net (fo=3, unplaced)         0.346    10.417    u_ifu/i_excp_adef_o_i_43_n_0
                         LUT4 (Prop_lut4_I0_O)        0.126    10.543 r  u_ifu/i_excp_adef_o_i_20/O
                         net (fo=3, unplaced)         0.600    11.143    u_ifu/i_excp_adef_o_i_20_n_0
                         LUT6 (Prop_lut6_I0_O)        0.105    11.248 r  u_ifu/i_excp_adef_o_i_8/O
                         net (fo=5, unplaced)         0.556    11.804    u_ifu/i_excp_adef_o_i_8_n_0
                         LUT6 (Prop_lut6_I3_O)        0.105    11.909 r  u_ifu/i_excp_adef_o_i_2/O
                         net (fo=44, unplaced)        0.426    12.335    u_ifu/ifu_ftq_accept
                         LUT3 (Prop_lut3_I1_O)        0.105    12.440 r  u_ifu/e_key[0][4]_i_1/O
                         net (fo=19, unplaced)        0.406    12.846    u_csr_exception_commit_handler/mmu_tlbm_inst_vaddr[3]
                         LUT3 (Prop_lut3_I2_O)        0.105    12.951 r  u_csr_exception_commit_handler/e_ppn[0][19]_i_443__0/O
                         net (fo=32, unplaced)        0.653    13.604    u_tlb_manager/u_tlb/csr_tlbidx_reg[1]_i_38_5
                         LUT6 (Prop_lut6_I1_O)        0.105    13.709 r  u_tlb_manager/u_tlb/e_ppn[0][19]_i_481/O
                         net (fo=1, unplaced)         0.000    13.709    u_tlb_manager/u_tlb/e_ppn[0][19]_i_481_n_0
                         CARRY4 (Prop_carry4_S[1]_CO[3])
                                                      0.457    14.166 r  u_tlb_manager/u_tlb/e_ppn_reg[0][19]_i_383/CO[3]
                         net (fo=1, unplaced)         0.008    14.174    u_tlb_manager/u_tlb/e_ppn_reg[0][19]_i_383_n_0
                         CARRY4 (Prop_carry4_CI_CO[2])
                                                      0.209    14.383 r  u_tlb_manager/u_tlb/e_ppn_reg[0][19]_i_196/CO[2]
                         net (fo=1, unplaced)         0.349    14.732    u_tlb_manager/u_tlb/e_ppn_reg[0][19]_i_196_n_1
                         LUT6 (Prop_lut6_I0_O)        0.252    14.984 f  u_tlb_manager/u_tlb/e_ppn[0][19]_i_86/O
                         net (fo=4, unplaced)         0.962    15.946    u_tlb_manager/u_tlb/e_ppn[0][19]_i_86_n_0
                         LUT6 (Prop_lut6_I1_O)        0.105    16.051 r  u_tlb_manager/u_tlb/csr_tlbidx[0]_i_50/O
                         net (fo=1, unplaced)         0.347    16.398    u_tlb_manager/u_tlb/csr_tlbidx[0]_i_50_n_0
                         LUT6 (Prop_lut6_I4_O)        0.105    16.503 r  u_tlb_manager/u_tlb/csr_tlbidx[0]_i_25/O
                         net (fo=2, unplaced)         0.358    16.861    u_tlb_manager/u_tlb/csr_tlbidx[0]_i_25_n_0
                         LUT6 (Prop_lut6_I2_O)        0.105    16.966 r  u_tlb_manager/u_tlb/csr_tlbidx[0]_i_11/O
                         net (fo=1, unplaced)         0.347    17.313    u_tlb_manager/u_tlb/csr_tlbidx[0]_i_11_n_0
                         LUT6 (Prop_lut6_I3_O)        0.105    17.418 f  u_tlb_manager/u_tlb/csr_tlbidx[0]_i_3/O
                         net (fo=1, unplaced)         0.582    18.000    u_tlb_manager/u_tlb/csr_tlbidx[0]_i_3_n_0
                         LUT6 (Prop_lut6_I0_O)        0.105    18.105 r  u_tlb_manager/u_tlb/csr_tlbidx[0]_i_2/O
                         net (fo=463, unplaced)       0.485    18.590    u_tlb_manager/u_tlb/tlb_g_reg[28]_1
                         LUT6 (Prop_lut6_I4_O)        0.105    18.695 r  u_tlb_manager/u_tlb/pre_paddr[21]_i_14/O
                         net (fo=1, unplaced)         0.938    19.633    u_tlb_manager/u_tlb/pre_paddr[21]_i_14_n_0
                         LUT6 (Prop_lut6_I1_O)        0.105    19.738 r  u_tlb_manager/u_tlb/pre_paddr[21]_i_10/O
                         net (fo=1, unplaced)         0.582    20.320    u_tlb_manager/u_tlb/pre_paddr[21]_i_10_n_0
                         LUT6 (Prop_lut6_I1_O)        0.105    20.425 f  u_tlb_manager/u_tlb/pre_paddr[21]_i_7/O
                         net (fo=2, unplaced)         0.593    21.018    u_tlb_manager/u_tlb/s0_ps[5]
                         LUT6 (Prop_lut6_I0_O)        0.105    21.123 r  u_tlb_manager/u_tlb/fifo_ptr[2]_i_3__0/O
                         net (fo=1, unplaced)         0.347    21.470    u_tlb_manager/u_tlb/fifo_ptr[2]_i_3__0_n_0
                         LUT6 (Prop_lut6_I1_O)        0.105    21.575 r  u_tlb_manager/u_tlb/fifo_ptr[2]_i_2__0/O
                         net (fo=19, unplaced)        0.406    21.981    u_tlb_manager/u_l1_tlb_i/refill_en
                         LUT5 (Prop_lut5_I1_O)        0.105    22.086 r  u_tlb_manager/u_l1_tlb_i/e_key[0][19]_i_1/O
                         net (fo=45, unplaced)        0.446    22.532    u_tlb_manager/u_l1_tlb_i/e_key
                         FDRE                                         r  u_tlb_manager/u_l1_tlb_i/e_key_reg[0][9]/CE
  -------------------------------------------------------------------    -------------------

                         (clock aclk rise edge)      10.000    10.000 r  
                                                      0.000    10.000 r  aclk (IN)
                         net (fo=53882, unset)        0.748    10.748    u_tlb_manager/u_l1_tlb_i/aclk
                         FDRE                                         r  u_tlb_manager/u_l1_tlb_i/e_key_reg[0][9]/C
                         clock pessimism              0.000    10.748    
                         clock uncertainty           -0.035    10.712    
                         FDRE (Setup_fdre_C_CE)      -0.165    10.547    u_tlb_manager/u_l1_tlb_i/e_key_reg[0][9]
  -------------------------------------------------------------------
                         required time                         10.547    
                         arrival time                         -22.532    
  -------------------------------------------------------------------
                         slack                                -11.985    





Min Delay Paths
--------------------------------------------------------------------------------------
Slack (MET) :             0.198ns  (arrival time - required time)
  Source:                 u_bpu/u_ras/cmt_cnt_reg[0]/C
                            (rising edge-triggered cell FDRE clocked by aclk  {rise@0.000ns fall@5.000ns period=10.000ns})
  Destination:            u_bpu/u_ras/cmt_cnt_reg[1]/D
                            (rising edge-triggered cell FDRE clocked by aclk  {rise@0.000ns fall@5.000ns period=10.000ns})
  Path Group:             aclk
  Path Type:              Hold (Min at Fast Process Corner)
  Requirement:            0.000ns  (aclk rise@0.000ns - aclk rise@0.000ns)
  Data Path Delay:        0.324ns  (logic 0.235ns (72.583%)  route 0.089ns (27.417%))
  Logic Levels:           1  (CARRY4=1)
  Clock Path Skew:        0.021ns (DCD - SCD - CPR)
    Destination Clock Delay (DCD):    0.411ns
    Source Clock Delay      (SCD):    0.390ns
    Clock Pessimism Removal (CPR):    -0.000ns

    Location             Delay type                Incr(ns)  Path(ns)    Netlist Resource(s)
  -------------------------------------------------------------------    -------------------
                         (clock aclk rise edge)       0.000     0.000 r  
                                                      0.000     0.000 r  aclk (IN)
                         net (fo=53882, unset)        0.390     0.390    u_bpu/u_ras/aclk
                         FDRE                                         r  u_bpu/u_ras/cmt_cnt_reg[0]/C
  -------------------------------------------------------------------    -------------------
                         FDRE (Prop_fdre_C_Q)         0.141     0.531 r  u_bpu/u_ras/cmt_cnt_reg[0]/Q
                         net (fo=4, unplaced)         0.089     0.620    u_bpu/u_ras/cmt_cnt_reg[5]_0[0]
                         CARRY4 (Prop_carry4_DI[0]_O[1])
                                                      0.094     0.714 r  u_bpu/u_ras/cmt_cnt_reg[3]_i_1/O[1]
                         net (fo=1, unplaced)         0.000     0.714    u_bpu/u_ras/cmt_cnt_n[1]
                         FDRE                                         r  u_bpu/u_ras/cmt_cnt_reg[1]/D
  -------------------------------------------------------------------    -------------------

                         (clock aclk rise edge)       0.000     0.000 r  
                                                      0.000     0.000 r  aclk (IN)
                         net (fo=53882, unset)        0.411     0.411    u_bpu/u_ras/aclk
                         FDRE                                         r  u_bpu/u_ras/cmt_cnt_reg[1]/C
                         clock pessimism              0.000     0.411    
                         FDRE (Hold_fdre_C_D)         0.105     0.516    u_bpu/u_ras/cmt_cnt_reg[1]
  -------------------------------------------------------------------
                         required time                         -0.516    
                         arrival time                           0.714    
  -------------------------------------------------------------------
                         slack                                  0.198    

Slack (MET) :             0.199ns  (arrival time - required time)
  Source:                 u_icache/refill_b0_reg[0]/C
                            (rising edge-triggered cell FDRE clocked by aclk  {rise@0.000ns fall@5.000ns period=10.000ns})
  Destination:            u_icache/gen_iram[0].u_way_ram/mem_reg_0/DIADI[0]
                            (rising edge-triggered cell RAMB36E1 clocked by aclk  {rise@0.000ns fall@5.000ns period=10.000ns})
  Path Group:             aclk
  Path Type:              Hold (Min at Fast Process Corner)
  Requirement:            0.000ns  (aclk rise@0.000ns - aclk rise@0.000ns)
  Data Path Delay:        0.461ns  (logic 0.141ns (30.576%)  route 0.320ns (69.424%))
  Logic Levels:           0  
  Clock Path Skew:        0.021ns (DCD - SCD - CPR)
    Destination Clock Delay (DCD):    0.411ns
    Source Clock Delay      (SCD):    0.390ns
    Clock Pessimism Removal (CPR):    -0.000ns

    Location             Delay type                Incr(ns)  Path(ns)    Netlist Resource(s)
  -------------------------------------------------------------------    -------------------
                         (clock aclk rise edge)       0.000     0.000 r  
                                                      0.000     0.000 r  aclk (IN)
                         net (fo=53882, unset)        0.390     0.390    u_icache/aclk
                         FDRE                                         r  u_icache/refill_b0_reg[0]/C
  -------------------------------------------------------------------    -------------------
                         FDRE (Prop_fdre_C_Q)         0.141     0.531 r  u_icache/refill_b0_reg[0]/Q
                         net (fo=5, unplaced)         0.320     0.851    u_icache/gen_iram[0].u_way_ram/wdata[0]
                         RAMB36E1                                     r  u_icache/gen_iram[0].u_way_ram/mem_reg_0/DIADI[0]
  -------------------------------------------------------------------    -------------------

                         (clock aclk rise edge)       0.000     0.000 r  
                                                      0.000     0.000 r  aclk (IN)
                         net (fo=53882, unset)        0.411     0.411    u_icache/gen_iram[0].u_way_ram/aclk
                         RAMB36E1                                     r  u_icache/gen_iram[0].u_way_ram/mem_reg_0/CLKARDCLK
                         clock pessimism              0.000     0.411    
                         RAMB36E1 (Hold_ramb36e1_CLKARDCLK_DIADI[0])
                                                      0.242     0.653    u_icache/gen_iram[0].u_way_ram/mem_reg_0
  -------------------------------------------------------------------
                         required time                         -0.653    
                         arrival time                           0.851    
  -------------------------------------------------------------------
                         slack                                  0.199    

Slack (MET) :             0.199ns  (arrival time - required time)
  Source:                 u_icache/refill_b0_reg[10]/C
                            (rising edge-triggered cell FDRE clocked by aclk  {rise@0.000ns fall@5.000ns period=10.000ns})
  Destination:            u_icache/gen_iram[0].u_way_ram/mem_reg_0/DIADI[10]
                            (rising edge-triggered cell RAMB36E1 clocked by aclk  {rise@0.000ns fall@5.000ns period=10.000ns})
  Path Group:             aclk
  Path Type:              Hold (Min at Fast Process Corner)
  Requirement:            0.000ns  (aclk rise@0.000ns - aclk rise@0.000ns)
  Data Path Delay:        0.461ns  (logic 0.141ns (30.576%)  route 0.320ns (69.424%))
  Logic Levels:           0  
  Clock Path Skew:        0.021ns (DCD - SCD - CPR)
    Destination Clock Delay (DCD):    0.411ns
    Source Clock Delay      (SCD):    0.390ns
    Clock Pessimism Removal (CPR):    -0.000ns

    Location             Delay type                Incr(ns)  Path(ns)    Netlist Resource(s)
  -------------------------------------------------------------------    -------------------
                         (clock aclk rise edge)       0.000     0.000 r  
                                                      0.000     0.000 r  aclk (IN)
                         net (fo=53882, unset)        0.390     0.390    u_icache/aclk
                         FDRE                                         r  u_icache/refill_b0_reg[10]/C
  -------------------------------------------------------------------    -------------------
                         FDRE (Prop_fdre_C_Q)         0.141     0.531 r  u_icache/refill_b0_reg[10]/Q
                         net (fo=5, unplaced)         0.320     0.851    u_icache/gen_iram[0].u_way_ram/wdata[10]
                         RAMB36E1                                     r  u_icache/gen_iram[0].u_way_ram/mem_reg_0/DIADI[10]
  -------------------------------------------------------------------    -------------------

                         (clock aclk rise edge)       0.000     0.000 r  
                                                      0.000     0.000 r  aclk (IN)
                         net (fo=53882, unset)        0.411     0.411    u_icache/gen_iram[0].u_way_ram/aclk
                         RAMB36E1                                     r  u_icache/gen_iram[0].u_way_ram/mem_reg_0/CLKARDCLK
                         clock pessimism              0.000     0.411    
                         RAMB36E1 (Hold_ramb36e1_CLKARDCLK_DIADI[10])
                                                      0.242     0.653    u_icache/gen_iram[0].u_way_ram/mem_reg_0
  -------------------------------------------------------------------
                         required time                         -0.653    
                         arrival time                           0.851    
  -------------------------------------------------------------------
                         slack                                  0.199    

Slack (MET) :             0.199ns  (arrival time - required time)
  Source:                 u_icache/refill_b0_reg[11]/C
                            (rising edge-triggered cell FDRE clocked by aclk  {rise@0.000ns fall@5.000ns period=10.000ns})
  Destination:            u_icache/gen_iram[0].u_way_ram/mem_reg_0/DIADI[11]
                            (rising edge-triggered cell RAMB36E1 clocked by aclk  {rise@0.000ns fall@5.000ns period=10.000ns})
  Path Group:             aclk
  Path Type:              Hold (Min at Fast Process Corner)
  Requirement:            0.000ns  (aclk rise@0.000ns - aclk rise@0.000ns)
  Data Path Delay:        0.461ns  (logic 0.141ns (30.576%)  route 0.320ns (69.424%))
  Logic Levels:           0  
  Clock Path Skew:        0.021ns (DCD - SCD - CPR)
    Destination Clock Delay (DCD):    0.411ns
    Source Clock Delay      (SCD):    0.390ns
    Clock Pessimism Removal (CPR):    -0.000ns

    Location             Delay type                Incr(ns)  Path(ns)    Netlist Resource(s)
  -------------------------------------------------------------------    -------------------
                         (clock aclk rise edge)       0.000     0.000 r  
                                                      0.000     0.000 r  aclk (IN)
                         net (fo=53882, unset)        0.390     0.390    u_icache/aclk
                         FDRE                                         r  u_icache/refill_b0_reg[11]/C
  -------------------------------------------------------------------    -------------------
                         FDRE (Prop_fdre_C_Q)         0.141     0.531 r  u_icache/refill_b0_reg[11]/Q
                         net (fo=5, unplaced)         0.320     0.851    u_icache/gen_iram[0].u_way_ram/wdata[11]
                         RAMB36E1                                     r  u_icache/gen_iram[0].u_way_ram/mem_reg_0/DIADI[11]
  -------------------------------------------------------------------    -------------------

                         (clock aclk rise edge)       0.000     0.000 r  
                                                      0.000     0.000 r  aclk (IN)
                         net (fo=53882, unset)        0.411     0.411    u_icache/gen_iram[0].u_way_ram/aclk
                         RAMB36E1                                     r  u_icache/gen_iram[0].u_way_ram/mem_reg_0/CLKARDCLK
                         clock pessimism              0.000     0.411    
                         RAMB36E1 (Hold_ramb36e1_CLKARDCLK_DIADI[11])
                                                      0.242     0.653    u_icache/gen_iram[0].u_way_ram/mem_reg_0
  -------------------------------------------------------------------
                         required time                         -0.653    
                         arrival time                           0.851    
  -------------------------------------------------------------------
                         slack                                  0.199    

Slack (MET) :             0.199ns  (arrival time - required time)
  Source:                 u_icache/refill_b0_reg[12]/C
                            (rising edge-triggered cell FDRE clocked by aclk  {rise@0.000ns fall@5.000ns period=10.000ns})
  Destination:            u_icache/gen_iram[0].u_way_ram/mem_reg_0/DIADI[12]
                            (rising edge-triggered cell RAMB36E1 clocked by aclk  {rise@0.000ns fall@5.000ns period=10.000ns})
  Path Group:             aclk
  Path Type:              Hold (Min at Fast Process Corner)
  Requirement:            0.000ns  (aclk rise@0.000ns - aclk rise@0.000ns)
  Data Path Delay:        0.461ns  (logic 0.141ns (30.576%)  route 0.320ns (69.424%))
  Logic Levels:           0  
  Clock Path Skew:        0.021ns (DCD - SCD - CPR)
    Destination Clock Delay (DCD):    0.411ns
    Source Clock Delay      (SCD):    0.390ns
    Clock Pessimism Removal (CPR):    -0.000ns

    Location             Delay type                Incr(ns)  Path(ns)    Netlist Resource(s)
  -------------------------------------------------------------------    -------------------
                         (clock aclk rise edge)       0.000     0.000 r  
                                                      0.000     0.000 r  aclk (IN)
                         net (fo=53882, unset)        0.390     0.390    u_icache/aclk
                         FDRE                                         r  u_icache/refill_b0_reg[12]/C
  -------------------------------------------------------------------    -------------------
                         FDRE (Prop_fdre_C_Q)         0.141     0.531 r  u_icache/refill_b0_reg[12]/Q
                         net (fo=5, unplaced)         0.320     0.851    u_icache/gen_iram[0].u_way_ram/wdata[12]
                         RAMB36E1                                     r  u_icache/gen_iram[0].u_way_ram/mem_reg_0/DIADI[12]
  -------------------------------------------------------------------    -------------------

                         (clock aclk rise edge)       0.000     0.000 r  
                                                      0.000     0.000 r  aclk (IN)
                         net (fo=53882, unset)        0.411     0.411    u_icache/gen_iram[0].u_way_ram/aclk
                         RAMB36E1                                     r  u_icache/gen_iram[0].u_way_ram/mem_reg_0/CLKARDCLK
                         clock pessimism              0.000     0.411    
                         RAMB36E1 (Hold_ramb36e1_CLKARDCLK_DIADI[12])
                                                      0.242     0.653    u_icache/gen_iram[0].u_way_ram/mem_reg_0
  -------------------------------------------------------------------
                         required time                         -0.653    
                         arrival time                           0.851    
  -------------------------------------------------------------------
                         slack                                  0.199    

Slack (MET) :             0.199ns  (arrival time - required time)
  Source:                 u_icache/refill_b0_reg[13]/C
                            (rising edge-triggered cell FDRE clocked by aclk  {rise@0.000ns fall@5.000ns period=10.000ns})
  Destination:            u_icache/gen_iram[0].u_way_ram/mem_reg_0/DIADI[13]
                            (rising edge-triggered cell RAMB36E1 clocked by aclk  {rise@0.000ns fall@5.000ns period=10.000ns})
  Path Group:             aclk
  Path Type:              Hold (Min at Fast Process Corner)
  Requirement:            0.000ns  (aclk rise@0.000ns - aclk rise@0.000ns)
  Data Path Delay:        0.461ns  (logic 0.141ns (30.576%)  route 0.320ns (69.424%))
  Logic Levels:           0  
  Clock Path Skew:        0.021ns (DCD - SCD - CPR)
    Destination Clock Delay (DCD):    0.411ns
    Source Clock Delay      (SCD):    0.390ns
    Clock Pessimism Removal (CPR):    -0.000ns

    Location             Delay type                Incr(ns)  Path(ns)    Netlist Resource(s)
  -------------------------------------------------------------------    -------------------
                         (clock aclk rise edge)       0.000     0.000 r  
                                                      0.000     0.000 r  aclk (IN)
                         net (fo=53882, unset)        0.390     0.390    u_icache/aclk
                         FDRE                                         r  u_icache/refill_b0_reg[13]/C
  -------------------------------------------------------------------    -------------------
                         FDRE (Prop_fdre_C_Q)         0.141     0.531 r  u_icache/refill_b0_reg[13]/Q
                         net (fo=5, unplaced)         0.320     0.851    u_icache/gen_iram[0].u_way_ram/wdata[13]
                         RAMB36E1                                     r  u_icache/gen_iram[0].u_way_ram/mem_reg_0/DIADI[13]
  -------------------------------------------------------------------    -------------------

                         (clock aclk rise edge)       0.000     0.000 r  
                                                      0.000     0.000 r  aclk (IN)
                         net (fo=53882, unset)        0.411     0.411    u_icache/gen_iram[0].u_way_ram/aclk
                         RAMB36E1                                     r  u_icache/gen_iram[0].u_way_ram/mem_reg_0/CLKARDCLK
                         clock pessimism              0.000     0.411    
                         RAMB36E1 (Hold_ramb36e1_CLKARDCLK_DIADI[13])
                                                      0.242     0.653    u_icache/gen_iram[0].u_way_ram/mem_reg_0
  -------------------------------------------------------------------
                         required time                         -0.653    
                         arrival time                           0.851    
  -------------------------------------------------------------------
                         slack                                  0.199    

Slack (MET) :             0.199ns  (arrival time - required time)
  Source:                 u_icache/refill_b0_reg[14]/C
                            (rising edge-triggered cell FDRE clocked by aclk  {rise@0.000ns fall@5.000ns period=10.000ns})
  Destination:            u_icache/gen_iram[0].u_way_ram/mem_reg_0/DIADI[14]
                            (rising edge-triggered cell RAMB36E1 clocked by aclk  {rise@0.000ns fall@5.000ns period=10.000ns})
  Path Group:             aclk
  Path Type:              Hold (Min at Fast Process Corner)
  Requirement:            0.000ns  (aclk rise@0.000ns - aclk rise@0.000ns)
  Data Path Delay:        0.461ns  (logic 0.141ns (30.576%)  route 0.320ns (69.424%))
  Logic Levels:           0  
  Clock Path Skew:        0.021ns (DCD - SCD - CPR)
    Destination Clock Delay (DCD):    0.411ns
    Source Clock Delay      (SCD):    0.390ns
    Clock Pessimism Removal (CPR):    -0.000ns

    Location             Delay type                Incr(ns)  Path(ns)    Netlist Resource(s)
  -------------------------------------------------------------------    -------------------
                         (clock aclk rise edge)       0.000     0.000 r  
                                                      0.000     0.000 r  aclk (IN)
                         net (fo=53882, unset)        0.390     0.390    u_icache/aclk
                         FDRE                                         r  u_icache/refill_b0_reg[14]/C
  -------------------------------------------------------------------    -------------------
                         FDRE (Prop_fdre_C_Q)         0.141     0.531 r  u_icache/refill_b0_reg[14]/Q
                         net (fo=5, unplaced)         0.320     0.851    u_icache/gen_iram[0].u_way_ram/wdata[14]
                         RAMB36E1                                     r  u_icache/gen_iram[0].u_way_ram/mem_reg_0/DIADI[14]
  -------------------------------------------------------------------    -------------------

                         (clock aclk rise edge)       0.000     0.000 r  
                                                      0.000     0.000 r  aclk (IN)
                         net (fo=53882, unset)        0.411     0.411    u_icache/gen_iram[0].u_way_ram/aclk
                         RAMB36E1                                     r  u_icache/gen_iram[0].u_way_ram/mem_reg_0/CLKARDCLK
                         clock pessimism              0.000     0.411    
                         RAMB36E1 (Hold_ramb36e1_CLKARDCLK_DIADI[14])
                                                      0.242     0.653    u_icache/gen_iram[0].u_way_ram/mem_reg_0
  -------------------------------------------------------------------
                         required time                         -0.653    
                         arrival time                           0.851    
  -------------------------------------------------------------------
                         slack                                  0.199    

Slack (MET) :             0.199ns  (arrival time - required time)
  Source:                 u_icache/refill_b0_reg[15]/C
                            (rising edge-triggered cell FDRE clocked by aclk  {rise@0.000ns fall@5.000ns period=10.000ns})
  Destination:            u_icache/gen_iram[0].u_way_ram/mem_reg_0/DIADI[15]
                            (rising edge-triggered cell RAMB36E1 clocked by aclk  {rise@0.000ns fall@5.000ns period=10.000ns})
  Path Group:             aclk
  Path Type:              Hold (Min at Fast Process Corner)
  Requirement:            0.000ns  (aclk rise@0.000ns - aclk rise@0.000ns)
  Data Path Delay:        0.461ns  (logic 0.141ns (30.576%)  route 0.320ns (69.424%))
  Logic Levels:           0  
  Clock Path Skew:        0.021ns (DCD - SCD - CPR)
    Destination Clock Delay (DCD):    0.411ns
    Source Clock Delay      (SCD):    0.390ns
    Clock Pessimism Removal (CPR):    -0.000ns

    Location             Delay type                Incr(ns)  Path(ns)    Netlist Resource(s)
  -------------------------------------------------------------------    -------------------
                         (clock aclk rise edge)       0.000     0.000 r  
                                                      0.000     0.000 r  aclk (IN)
                         net (fo=53882, unset)        0.390     0.390    u_icache/aclk
                         FDRE                                         r  u_icache/refill_b0_reg[15]/C
  -------------------------------------------------------------------    -------------------
                         FDRE (Prop_fdre_C_Q)         0.141     0.531 r  u_icache/refill_b0_reg[15]/Q
                         net (fo=5, unplaced)         0.320     0.851    u_icache/gen_iram[0].u_way_ram/wdata[15]
                         RAMB36E1                                     r  u_icache/gen_iram[0].u_way_ram/mem_reg_0/DIADI[15]
  -------------------------------------------------------------------    -------------------

                         (clock aclk rise edge)       0.000     0.000 r  
                                                      0.000     0.000 r  aclk (IN)
                         net (fo=53882, unset)        0.411     0.411    u_icache/gen_iram[0].u_way_ram/aclk
                         RAMB36E1                                     r  u_icache/gen_iram[0].u_way_ram/mem_reg_0/CLKARDCLK
                         clock pessimism              0.000     0.411    
                         RAMB36E1 (Hold_ramb36e1_CLKARDCLK_DIADI[15])
                                                      0.242     0.653    u_icache/gen_iram[0].u_way_ram/mem_reg_0
  -------------------------------------------------------------------
                         required time                         -0.653    
                         arrival time                           0.851    
  -------------------------------------------------------------------
                         slack                                  0.199    

Slack (MET) :             0.199ns  (arrival time - required time)
  Source:                 u_icache/refill_b0_reg[16]/C
                            (rising edge-triggered cell FDRE clocked by aclk  {rise@0.000ns fall@5.000ns period=10.000ns})
  Destination:            u_icache/gen_iram[0].u_way_ram/mem_reg_0/DIADI[16]
                            (rising edge-triggered cell RAMB36E1 clocked by aclk  {rise@0.000ns fall@5.000ns period=10.000ns})
  Path Group:             aclk
  Path Type:              Hold (Min at Fast Process Corner)
  Requirement:            0.000ns  (aclk rise@0.000ns - aclk rise@0.000ns)
  Data Path Delay:        0.461ns  (logic 0.141ns (30.576%)  route 0.320ns (69.424%))
  Logic Levels:           0  
  Clock Path Skew:        0.021ns (DCD - SCD - CPR)
    Destination Clock Delay (DCD):    0.411ns
    Source Clock Delay      (SCD):    0.390ns
    Clock Pessimism Removal (CPR):    -0.000ns

    Location             Delay type                Incr(ns)  Path(ns)    Netlist Resource(s)
  -------------------------------------------------------------------    -------------------
                         (clock aclk rise edge)       0.000     0.000 r  
                                                      0.000     0.000 r  aclk (IN)
                         net (fo=53882, unset)        0.390     0.390    u_icache/aclk
                         FDRE                                         r  u_icache/refill_b0_reg[16]/C
  -------------------------------------------------------------------    -------------------
                         FDRE (Prop_fdre_C_Q)         0.141     0.531 r  u_icache/refill_b0_reg[16]/Q
                         net (fo=5, unplaced)         0.320     0.851    u_icache/gen_iram[0].u_way_ram/wdata[16]
                         RAMB36E1                                     r  u_icache/gen_iram[0].u_way_ram/mem_reg_0/DIADI[16]
  -------------------------------------------------------------------    -------------------

                         (clock aclk rise edge)       0.000     0.000 r  
                                                      0.000     0.000 r  aclk (IN)
                         net (fo=53882, unset)        0.411     0.411    u_icache/gen_iram[0].u_way_ram/aclk
                         RAMB36E1                                     r  u_icache/gen_iram[0].u_way_ram/mem_reg_0/CLKARDCLK
                         clock pessimism              0.000     0.411    
                         RAMB36E1 (Hold_ramb36e1_CLKARDCLK_DIADI[16])
                                                      0.242     0.653    u_icache/gen_iram[0].u_way_ram/mem_reg_0
  -------------------------------------------------------------------
                         required time                         -0.653    
                         arrival time                           0.851    
  -------------------------------------------------------------------
                         slack                                  0.199    

Slack (MET) :             0.199ns  (arrival time - required time)
  Source:                 u_icache/refill_b0_reg[17]/C
                            (rising edge-triggered cell FDRE clocked by aclk  {rise@0.000ns fall@5.000ns period=10.000ns})
  Destination:            u_icache/gen_iram[0].u_way_ram/mem_reg_0/DIADI[17]
                            (rising edge-triggered cell RAMB36E1 clocked by aclk  {rise@0.000ns fall@5.000ns period=10.000ns})
  Path Group:             aclk
  Path Type:              Hold (Min at Fast Process Corner)
  Requirement:            0.000ns  (aclk rise@0.000ns - aclk rise@0.000ns)
  Data Path Delay:        0.461ns  (logic 0.141ns (30.576%)  route 0.320ns (69.424%))
  Logic Levels:           0  
  Clock Path Skew:        0.021ns (DCD - SCD - CPR)
    Destination Clock Delay (DCD):    0.411ns
    Source Clock Delay      (SCD):    0.390ns
    Clock Pessimism Removal (CPR):    -0.000ns

    Location             Delay type                Incr(ns)  Path(ns)    Netlist Resource(s)
  -------------------------------------------------------------------    -------------------
                         (clock aclk rise edge)       0.000     0.000 r  
                                                      0.000     0.000 r  aclk (IN)
                         net (fo=53882, unset)        0.390     0.390    u_icache/aclk
                         FDRE                                         r  u_icache/refill_b0_reg[17]/C
  -------------------------------------------------------------------    -------------------
                         FDRE (Prop_fdre_C_Q)         0.141     0.531 r  u_icache/refill_b0_reg[17]/Q
                         net (fo=5, unplaced)         0.320     0.851    u_icache/gen_iram[0].u_way_ram/wdata[17]
                         RAMB36E1                                     r  u_icache/gen_iram[0].u_way_ram/mem_reg_0/DIADI[17]
  -------------------------------------------------------------------    -------------------

                         (clock aclk rise edge)       0.000     0.000 r  
                                                      0.000     0.000 r  aclk (IN)
                         net (fo=53882, unset)        0.411     0.411    u_icache/gen_iram[0].u_way_ram/aclk
                         RAMB36E1                                     r  u_icache/gen_iram[0].u_way_ram/mem_reg_0/CLKARDCLK
                         clock pessimism              0.000     0.411    
                         RAMB36E1 (Hold_ramb36e1_CLKARDCLK_DIADI[17])
                                                      0.242     0.653    u_icache/gen_iram[0].u_way_ram/mem_reg_0
  -------------------------------------------------------------------
                         required time                         -0.653    
                         arrival time                           0.851    
  -------------------------------------------------------------------
                         slack                                  0.199    

Slack (MET) :             0.199ns  (arrival time - required time)
  Source:                 u_icache/refill_b0_reg[18]/C
                            (rising edge-triggered cell FDRE clocked by aclk  {rise@0.000ns fall@5.000ns period=10.000ns})
  Destination:            u_icache/gen_iram[0].u_way_ram/mem_reg_0/DIADI[18]
                            (rising edge-triggered cell RAMB36E1 clocked by aclk  {rise@0.000ns fall@5.000ns period=10.000ns})
  Path Group:             aclk
  Path Type:              Hold (Min at Fast Process Corner)
  Requirement:            0.000ns  (aclk rise@0.000ns - aclk rise@0.000ns)
  Data Path Delay:        0.461ns  (logic 0.141ns (30.576%)  route 0.320ns (69.424%))
  Logic Levels:           0  
  Clock Path Skew:        0.021ns (DCD - SCD - CPR)
    Destination Clock Delay (DCD):    0.411ns
    Source Clock Delay      (SCD):    0.390ns
    Clock Pessimism Removal (CPR):    -0.000ns

    Location             Delay type                Incr(ns)  Path(ns)    Netlist Resource(s)
  -------------------------------------------------------------------    -------------------
                         (clock aclk rise edge)       0.000     0.000 r  
                                                      0.000     0.000 r  aclk (IN)
                         net (fo=53882, unset)        0.390     0.390    u_icache/aclk
                         FDRE                                         r  u_icache/refill_b0_reg[18]/C
  -------------------------------------------------------------------    -------------------
                         FDRE (Prop_fdre_C_Q)         0.141     0.531 r  u_icache/refill_b0_reg[18]/Q
                         net (fo=5, unplaced)         0.320     0.851    u_icache/gen_iram[0].u_way_ram/wdata[18]
                         RAMB36E1                                     r  u_icache/gen_iram[0].u_way_ram/mem_reg_0/DIADI[18]
  -------------------------------------------------------------------    -------------------

                         (clock aclk rise edge)       0.000     0.000 r  
                                                      0.000     0.000 r  aclk (IN)
                         net (fo=53882, unset)        0.411     0.411    u_icache/gen_iram[0].u_way_ram/aclk
                         RAMB36E1                                     r  u_icache/gen_iram[0].u_way_ram/mem_reg_0/CLKARDCLK
                         clock pessimism              0.000     0.411    
                         RAMB36E1 (Hold_ramb36e1_CLKARDCLK_DIADI[18])
                                                      0.242     0.653    u_icache/gen_iram[0].u_way_ram/mem_reg_0
  -------------------------------------------------------------------
                         required time                         -0.653    
                         arrival time                           0.851    
  -------------------------------------------------------------------
                         slack                                  0.199    

Slack (MET) :             0.199ns  (arrival time - required time)
  Source:                 u_icache/refill_b0_reg[19]/C
                            (rising edge-triggered cell FDRE clocked by aclk  {rise@0.000ns fall@5.000ns period=10.000ns})
  Destination:            u_icache/gen_iram[0].u_way_ram/mem_reg_0/DIADI[19]
                            (rising edge-triggered cell RAMB36E1 clocked by aclk  {rise@0.000ns fall@5.000ns period=10.000ns})
  Path Group:             aclk
  Path Type:              Hold (Min at Fast Process Corner)
  Requirement:            0.000ns  (aclk rise@0.000ns - aclk rise@0.000ns)
  Data Path Delay:        0.461ns  (logic 0.141ns (30.576%)  route 0.320ns (69.424%))
  Logic Levels:           0  
  Clock Path Skew:        0.021ns (DCD - SCD - CPR)
    Destination Clock Delay (DCD):    0.411ns
    Source Clock Delay      (SCD):    0.390ns
    Clock Pessimism Removal (CPR):    -0.000ns

    Location             Delay type                Incr(ns)  Path(ns)    Netlist Resource(s)
  -------------------------------------------------------------------    -------------------
                         (clock aclk rise edge)       0.000     0.000 r  
                                                      0.000     0.000 r  aclk (IN)
                         net (fo=53882, unset)        0.390     0.390    u_icache/aclk
                         FDRE                                         r  u_icache/refill_b0_reg[19]/C
  -------------------------------------------------------------------    -------------------
                         FDRE (Prop_fdre_C_Q)         0.141     0.531 r  u_icache/refill_b0_reg[19]/Q
                         net (fo=5, unplaced)         0.320     0.851    u_icache/gen_iram[0].u_way_ram/wdata[19]
                         RAMB36E1                                     r  u_icache/gen_iram[0].u_way_ram/mem_reg_0/DIADI[19]
  -------------------------------------------------------------------    -------------------

                         (clock aclk rise edge)       0.000     0.000 r  
                                                      0.000     0.000 r  aclk (IN)
                         net (fo=53882, unset)        0.411     0.411    u_icache/gen_iram[0].u_way_ram/aclk
                         RAMB36E1                                     r  u_icache/gen_iram[0].u_way_ram/mem_reg_0/CLKARDCLK
                         clock pessimism              0.000     0.411    
                         RAMB36E1 (Hold_ramb36e1_CLKARDCLK_DIADI[19])
                                                      0.242     0.653    u_icache/gen_iram[0].u_way_ram/mem_reg_0
  -------------------------------------------------------------------
                         required time                         -0.653    
                         arrival time                           0.851    
  -------------------------------------------------------------------
                         slack                                  0.199    

Slack (MET) :             0.199ns  (arrival time - required time)
  Source:                 u_icache/refill_b0_reg[1]/C
                            (rising edge-triggered cell FDRE clocked by aclk  {rise@0.000ns fall@5.000ns period=10.000ns})
  Destination:            u_icache/gen_iram[0].u_way_ram/mem_reg_0/DIADI[1]
                            (rising edge-triggered cell RAMB36E1 clocked by aclk  {rise@0.000ns fall@5.000ns period=10.000ns})
  Path Group:             aclk
  Path Type:              Hold (Min at Fast Process Corner)
  Requirement:            0.000ns  (aclk rise@0.000ns - aclk rise@0.000ns)
  Data Path Delay:        0.461ns  (logic 0.141ns (30.576%)  route 0.320ns (69.424%))
  Logic Levels:           0  
  Clock Path Skew:        0.021ns (DCD - SCD - CPR)
    Destination Clock Delay (DCD):    0.411ns
    Source Clock Delay      (SCD):    0.390ns
    Clock Pessimism Removal (CPR):    -0.000ns

    Location             Delay type                Incr(ns)  Path(ns)    Netlist Resource(s)
  -------------------------------------------------------------------    -------------------
                         (clock aclk rise edge)       0.000     0.000 r  
                                                      0.000     0.000 r  aclk (IN)
                         net (fo=53882, unset)        0.390     0.390    u_icache/aclk
                         FDRE                                         r  u_icache/refill_b0_reg[1]/C
  -------------------------------------------------------------------    -------------------
                         FDRE (Prop_fdre_C_Q)         0.141     0.531 r  u_icache/refill_b0_reg[1]/Q
                         net (fo=5, unplaced)         0.320     0.851    u_icache/gen_iram[0].u_way_ram/wdata[1]
                         RAMB36E1                                     r  u_icache/gen_iram[0].u_way_ram/mem_reg_0/DIADI[1]
  -------------------------------------------------------------------    -------------------

                         (clock aclk rise edge)       0.000     0.000 r  
                                                      0.000     0.000 r  aclk (IN)
                         net (fo=53882, unset)        0.411     0.411    u_icache/gen_iram[0].u_way_ram/aclk
                         RAMB36E1                                     r  u_icache/gen_iram[0].u_way_ram/mem_reg_0/CLKARDCLK
                         clock pessimism              0.000     0.411    
                         RAMB36E1 (Hold_ramb36e1_CLKARDCLK_DIADI[1])
                                                      0.242     0.653    u_icache/gen_iram[0].u_way_ram/mem_reg_0
  -------------------------------------------------------------------
                         required time                         -0.653    
                         arrival time                           0.851    
  -------------------------------------------------------------------
                         slack                                  0.199    

Slack (MET) :             0.199ns  (arrival time - required time)
  Source:                 u_icache/refill_b0_reg[20]/C
                            (rising edge-triggered cell FDRE clocked by aclk  {rise@0.000ns fall@5.000ns period=10.000ns})
  Destination:            u_icache/gen_iram[0].u_way_ram/mem_reg_0/DIADI[20]
                            (rising edge-triggered cell RAMB36E1 clocked by aclk  {rise@0.000ns fall@5.000ns period=10.000ns})
  Path Group:             aclk
  Path Type:              Hold (Min at Fast Process Corner)
  Requirement:            0.000ns  (aclk rise@0.000ns - aclk rise@0.000ns)
  Data Path Delay:        0.461ns  (logic 0.141ns (30.576%)  route 0.320ns (69.424%))
  Logic Levels:           0  
  Clock Path Skew:        0.021ns (DCD - SCD - CPR)
    Destination Clock Delay (DCD):    0.411ns
    Source Clock Delay      (SCD):    0.390ns
    Clock Pessimism Removal (CPR):    -0.000ns

    Location             Delay type                Incr(ns)  Path(ns)    Netlist Resource(s)
  -------------------------------------------------------------------    -------------------
                         (clock aclk rise edge)       0.000     0.000 r  
                                                      0.000     0.000 r  aclk (IN)
                         net (fo=53882, unset)        0.390     0.390    u_icache/aclk
                         FDRE                                         r  u_icache/refill_b0_reg[20]/C
  -------------------------------------------------------------------    -------------------
                         FDRE (Prop_fdre_C_Q)         0.141     0.531 r  u_icache/refill_b0_reg[20]/Q
                         net (fo=5, unplaced)         0.320     0.851    u_icache/gen_iram[0].u_way_ram/wdata[20]
                         RAMB36E1                                     r  u_icache/gen_iram[0].u_way_ram/mem_reg_0/DIADI[20]
  -------------------------------------------------------------------    -------------------

                         (clock aclk rise edge)       0.000     0.000 r  
                                                      0.000     0.000 r  aclk (IN)
                         net (fo=53882, unset)        0.411     0.411    u_icache/gen_iram[0].u_way_ram/aclk
                         RAMB36E1                                     r  u_icache/gen_iram[0].u_way_ram/mem_reg_0/CLKARDCLK
                         clock pessimism              0.000     0.411    
                         RAMB36E1 (Hold_ramb36e1_CLKARDCLK_DIADI[20])
                                                      0.242     0.653    u_icache/gen_iram[0].u_way_ram/mem_reg_0
  -------------------------------------------------------------------
                         required time                         -0.653    
                         arrival time                           0.851    
  -------------------------------------------------------------------
                         slack                                  0.199    

Slack (MET) :             0.199ns  (arrival time - required time)
  Source:                 u_icache/refill_b0_reg[21]/C
                            (rising edge-triggered cell FDRE clocked by aclk  {rise@0.000ns fall@5.000ns period=10.000ns})
  Destination:            u_icache/gen_iram[0].u_way_ram/mem_reg_0/DIADI[21]
                            (rising edge-triggered cell RAMB36E1 clocked by aclk  {rise@0.000ns fall@5.000ns period=10.000ns})
  Path Group:             aclk
  Path Type:              Hold (Min at Fast Process Corner)
  Requirement:            0.000ns  (aclk rise@0.000ns - aclk rise@0.000ns)
  Data Path Delay:        0.461ns  (logic 0.141ns (30.576%)  route 0.320ns (69.424%))
  Logic Levels:           0  
  Clock Path Skew:        0.021ns (DCD - SCD - CPR)
    Destination Clock Delay (DCD):    0.411ns
    Source Clock Delay      (SCD):    0.390ns
    Clock Pessimism Removal (CPR):    -0.000ns

    Location             Delay type                Incr(ns)  Path(ns)    Netlist Resource(s)
  -------------------------------------------------------------------    -------------------
                         (clock aclk rise edge)       0.000     0.000 r  
                                                      0.000     0.000 r  aclk (IN)
                         net (fo=53882, unset)        0.390     0.390    u_icache/aclk
                         FDRE                                         r  u_icache/refill_b0_reg[21]/C
  -------------------------------------------------------------------    -------------------
                         FDRE (Prop_fdre_C_Q)         0.141     0.531 r  u_icache/refill_b0_reg[21]/Q
                         net (fo=5, unplaced)         0.320     0.851    u_icache/gen_iram[0].u_way_ram/wdata[21]
                         RAMB36E1                                     r  u_icache/gen_iram[0].u_way_ram/mem_reg_0/DIADI[21]
  -------------------------------------------------------------------    -------------------

                         (clock aclk rise edge)       0.000     0.000 r  
                                                      0.000     0.000 r  aclk (IN)
                         net (fo=53882, unset)        0.411     0.411    u_icache/gen_iram[0].u_way_ram/aclk
                         RAMB36E1                                     r  u_icache/gen_iram[0].u_way_ram/mem_reg_0/CLKARDCLK
                         clock pessimism              0.000     0.411    
                         RAMB36E1 (Hold_ramb36e1_CLKARDCLK_DIADI[21])
                                                      0.242     0.653    u_icache/gen_iram[0].u_way_ram/mem_reg_0
  -------------------------------------------------------------------
                         required time                         -0.653    
                         arrival time                           0.851    
  -------------------------------------------------------------------
                         slack                                  0.199    

Slack (MET) :             0.199ns  (arrival time - required time)
  Source:                 u_icache/refill_b0_reg[22]/C
                            (rising edge-triggered cell FDRE clocked by aclk  {rise@0.000ns fall@5.000ns period=10.000ns})
  Destination:            u_icache/gen_iram[0].u_way_ram/mem_reg_0/DIADI[22]
                            (rising edge-triggered cell RAMB36E1 clocked by aclk  {rise@0.000ns fall@5.000ns period=10.000ns})
  Path Group:             aclk
  Path Type:              Hold (Min at Fast Process Corner)
  Requirement:            0.000ns  (aclk rise@0.000ns - aclk rise@0.000ns)
  Data Path Delay:        0.461ns  (logic 0.141ns (30.576%)  route 0.320ns (69.424%))
  Logic Levels:           0  
  Clock Path Skew:        0.021ns (DCD - SCD - CPR)
    Destination Clock Delay (DCD):    0.411ns
    Source Clock Delay      (SCD):    0.390ns
    Clock Pessimism Removal (CPR):    -0.000ns

    Location             Delay type                Incr(ns)  Path(ns)    Netlist Resource(s)
  -------------------------------------------------------------------    -------------------
                         (clock aclk rise edge)       0.000     0.000 r  
                                                      0.000     0.000 r  aclk (IN)
                         net (fo=53882, unset)        0.390     0.390    u_icache/aclk
                         FDRE                                         r  u_icache/refill_b0_reg[22]/C
  -------------------------------------------------------------------    -------------------
                         FDRE (Prop_fdre_C_Q)         0.141     0.531 r  u_icache/refill_b0_reg[22]/Q
                         net (fo=5, unplaced)         0.320     0.851    u_icache/gen_iram[0].u_way_ram/wdata[22]
                         RAMB36E1                                     r  u_icache/gen_iram[0].u_way_ram/mem_reg_0/DIADI[22]
  -------------------------------------------------------------------    -------------------

                         (clock aclk rise edge)       0.000     0.000 r  
                                                      0.000     0.000 r  aclk (IN)
                         net (fo=53882, unset)        0.411     0.411    u_icache/gen_iram[0].u_way_ram/aclk
                         RAMB36E1                                     r  u_icache/gen_iram[0].u_way_ram/mem_reg_0/CLKARDCLK
                         clock pessimism              0.000     0.411    
                         RAMB36E1 (Hold_ramb36e1_CLKARDCLK_DIADI[22])
                                                      0.242     0.653    u_icache/gen_iram[0].u_way_ram/mem_reg_0
  -------------------------------------------------------------------
                         required time                         -0.653    
                         arrival time                           0.851    
  -------------------------------------------------------------------
                         slack                                  0.199    

Slack (MET) :             0.199ns  (arrival time - required time)
  Source:                 u_icache/refill_b0_reg[23]/C
                            (rising edge-triggered cell FDRE clocked by aclk  {rise@0.000ns fall@5.000ns period=10.000ns})
  Destination:            u_icache/gen_iram[0].u_way_ram/mem_reg_0/DIADI[23]
                            (rising edge-triggered cell RAMB36E1 clocked by aclk  {rise@0.000ns fall@5.000ns period=10.000ns})
  Path Group:             aclk
  Path Type:              Hold (Min at Fast Process Corner)
  Requirement:            0.000ns  (aclk rise@0.000ns - aclk rise@0.000ns)
  Data Path Delay:        0.461ns  (logic 0.141ns (30.576%)  route 0.320ns (69.424%))
  Logic Levels:           0  
  Clock Path Skew:        0.021ns (DCD - SCD - CPR)
    Destination Clock Delay (DCD):    0.411ns
    Source Clock Delay      (SCD):    0.390ns
    Clock Pessimism Removal (CPR):    -0.000ns

    Location             Delay type                Incr(ns)  Path(ns)    Netlist Resource(s)
  -------------------------------------------------------------------    -------------------
                         (clock aclk rise edge)       0.000     0.000 r  
                                                      0.000     0.000 r  aclk (IN)
                         net (fo=53882, unset)        0.390     0.390    u_icache/aclk
                         FDRE                                         r  u_icache/refill_b0_reg[23]/C
  -------------------------------------------------------------------    -------------------
                         FDRE (Prop_fdre_C_Q)         0.141     0.531 r  u_icache/refill_b0_reg[23]/Q
                         net (fo=5, unplaced)         0.320     0.851    u_icache/gen_iram[0].u_way_ram/wdata[23]
                         RAMB36E1                                     r  u_icache/gen_iram[0].u_way_ram/mem_reg_0/DIADI[23]
  -------------------------------------------------------------------    -------------------

                         (clock aclk rise edge)       0.000     0.000 r  
                                                      0.000     0.000 r  aclk (IN)
                         net (fo=53882, unset)        0.411     0.411    u_icache/gen_iram[0].u_way_ram/aclk
                         RAMB36E1                                     r  u_icache/gen_iram[0].u_way_ram/mem_reg_0/CLKARDCLK
                         clock pessimism              0.000     0.411    
                         RAMB36E1 (Hold_ramb36e1_CLKARDCLK_DIADI[23])
                                                      0.242     0.653    u_icache/gen_iram[0].u_way_ram/mem_reg_0
  -------------------------------------------------------------------
                         required time                         -0.653    
                         arrival time                           0.851    
  -------------------------------------------------------------------
                         slack                                  0.199    

Slack (MET) :             0.199ns  (arrival time - required time)
  Source:                 u_icache/refill_b0_reg[24]/C
                            (rising edge-triggered cell FDRE clocked by aclk  {rise@0.000ns fall@5.000ns period=10.000ns})
  Destination:            u_icache/gen_iram[0].u_way_ram/mem_reg_0/DIADI[24]
                            (rising edge-triggered cell RAMB36E1 clocked by aclk  {rise@0.000ns fall@5.000ns period=10.000ns})
  Path Group:             aclk
  Path Type:              Hold (Min at Fast Process Corner)
  Requirement:            0.000ns  (aclk rise@0.000ns - aclk rise@0.000ns)
  Data Path Delay:        0.461ns  (logic 0.141ns (30.576%)  route 0.320ns (69.424%))
  Logic Levels:           0  
  Clock Path Skew:        0.021ns (DCD - SCD - CPR)
    Destination Clock Delay (DCD):    0.411ns
    Source Clock Delay      (SCD):    0.390ns
    Clock Pessimism Removal (CPR):    -0.000ns

    Location             Delay type                Incr(ns)  Path(ns)    Netlist Resource(s)
  -------------------------------------------------------------------    -------------------
                         (clock aclk rise edge)       0.000     0.000 r  
                                                      0.000     0.000 r  aclk (IN)
                         net (fo=53882, unset)        0.390     0.390    u_icache/aclk
                         FDRE                                         r  u_icache/refill_b0_reg[24]/C
  -------------------------------------------------------------------    -------------------
                         FDRE (Prop_fdre_C_Q)         0.141     0.531 r  u_icache/refill_b0_reg[24]/Q
                         net (fo=5, unplaced)         0.320     0.851    u_icache/gen_iram[0].u_way_ram/wdata[24]
                         RAMB36E1                                     r  u_icache/gen_iram[0].u_way_ram/mem_reg_0/DIADI[24]
  -------------------------------------------------------------------    -------------------

                         (clock aclk rise edge)       0.000     0.000 r  
                                                      0.000     0.000 r  aclk (IN)
                         net (fo=53882, unset)        0.411     0.411    u_icache/gen_iram[0].u_way_ram/aclk
                         RAMB36E1                                     r  u_icache/gen_iram[0].u_way_ram/mem_reg_0/CLKARDCLK
                         clock pessimism              0.000     0.411    
                         RAMB36E1 (Hold_ramb36e1_CLKARDCLK_DIADI[24])
                                                      0.242     0.653    u_icache/gen_iram[0].u_way_ram/mem_reg_0
  -------------------------------------------------------------------
                         required time                         -0.653    
                         arrival time                           0.851    
  -------------------------------------------------------------------
                         slack                                  0.199    

Slack (MET) :             0.199ns  (arrival time - required time)
  Source:                 u_icache/refill_b0_reg[25]/C
                            (rising edge-triggered cell FDRE clocked by aclk  {rise@0.000ns fall@5.000ns period=10.000ns})
  Destination:            u_icache/gen_iram[0].u_way_ram/mem_reg_0/DIADI[25]
                            (rising edge-triggered cell RAMB36E1 clocked by aclk  {rise@0.000ns fall@5.000ns period=10.000ns})
  Path Group:             aclk
  Path Type:              Hold (Min at Fast Process Corner)
  Requirement:            0.000ns  (aclk rise@0.000ns - aclk rise@0.000ns)
  Data Path Delay:        0.461ns  (logic 0.141ns (30.576%)  route 0.320ns (69.424%))
  Logic Levels:           0  
  Clock Path Skew:        0.021ns (DCD - SCD - CPR)
    Destination Clock Delay (DCD):    0.411ns
    Source Clock Delay      (SCD):    0.390ns
    Clock Pessimism Removal (CPR):    -0.000ns

    Location             Delay type                Incr(ns)  Path(ns)    Netlist Resource(s)
  -------------------------------------------------------------------    -------------------
                         (clock aclk rise edge)       0.000     0.000 r  
                                                      0.000     0.000 r  aclk (IN)
                         net (fo=53882, unset)        0.390     0.390    u_icache/aclk
                         FDRE                                         r  u_icache/refill_b0_reg[25]/C
  -------------------------------------------------------------------    -------------------
                         FDRE (Prop_fdre_C_Q)         0.141     0.531 r  u_icache/refill_b0_reg[25]/Q
                         net (fo=5, unplaced)         0.320     0.851    u_icache/gen_iram[0].u_way_ram/wdata[25]
                         RAMB36E1                                     r  u_icache/gen_iram[0].u_way_ram/mem_reg_0/DIADI[25]
  -------------------------------------------------------------------    -------------------

                         (clock aclk rise edge)       0.000     0.000 r  
                                                      0.000     0.000 r  aclk (IN)
                         net (fo=53882, unset)        0.411     0.411    u_icache/gen_iram[0].u_way_ram/aclk
                         RAMB36E1                                     r  u_icache/gen_iram[0].u_way_ram/mem_reg_0/CLKARDCLK
                         clock pessimism              0.000     0.411    
                         RAMB36E1 (Hold_ramb36e1_CLKARDCLK_DIADI[25])
                                                      0.242     0.653    u_icache/gen_iram[0].u_way_ram/mem_reg_0
  -------------------------------------------------------------------
                         required time                         -0.653    
                         arrival time                           0.851    
  -------------------------------------------------------------------
                         slack                                  0.199    

Slack (MET) :             0.199ns  (arrival time - required time)
  Source:                 u_icache/refill_b0_reg[26]/C
                            (rising edge-triggered cell FDRE clocked by aclk  {rise@0.000ns fall@5.000ns period=10.000ns})
  Destination:            u_icache/gen_iram[0].u_way_ram/mem_reg_0/DIADI[26]
                            (rising edge-triggered cell RAMB36E1 clocked by aclk  {rise@0.000ns fall@5.000ns period=10.000ns})
  Path Group:             aclk
  Path Type:              Hold (Min at Fast Process Corner)
  Requirement:            0.000ns  (aclk rise@0.000ns - aclk rise@0.000ns)
  Data Path Delay:        0.461ns  (logic 0.141ns (30.576%)  route 0.320ns (69.424%))
  Logic Levels:           0  
  Clock Path Skew:        0.021ns (DCD - SCD - CPR)
    Destination Clock Delay (DCD):    0.411ns
    Source Clock Delay      (SCD):    0.390ns
    Clock Pessimism Removal (CPR):    -0.000ns

    Location             Delay type                Incr(ns)  Path(ns)    Netlist Resource(s)
  -------------------------------------------------------------------    -------------------
                         (clock aclk rise edge)       0.000     0.000 r  
                                                      0.000     0.000 r  aclk (IN)
                         net (fo=53882, unset)        0.390     0.390    u_icache/aclk
                         FDRE                                         r  u_icache/refill_b0_reg[26]/C
  -------------------------------------------------------------------    -------------------
                         FDRE (Prop_fdre_C_Q)         0.141     0.531 r  u_icache/refill_b0_reg[26]/Q
                         net (fo=5, unplaced)         0.320     0.851    u_icache/gen_iram[0].u_way_ram/wdata[26]
                         RAMB36E1                                     r  u_icache/gen_iram[0].u_way_ram/mem_reg_0/DIADI[26]
  -------------------------------------------------------------------    -------------------

                         (clock aclk rise edge)       0.000     0.000 r  
                                                      0.000     0.000 r  aclk (IN)
                         net (fo=53882, unset)        0.411     0.411    u_icache/gen_iram[0].u_way_ram/aclk
                         RAMB36E1                                     r  u_icache/gen_iram[0].u_way_ram/mem_reg_0/CLKARDCLK
                         clock pessimism              0.000     0.411    
                         RAMB36E1 (Hold_ramb36e1_CLKARDCLK_DIADI[26])
                                                      0.242     0.653    u_icache/gen_iram[0].u_way_ram/mem_reg_0
  -------------------------------------------------------------------
                         required time                         -0.653    
                         arrival time                           0.851    
  -------------------------------------------------------------------
                         slack                                  0.199    





Pulse Width Checks
--------------------------------------------------------------------------------------
Clock Name:         aclk
Waveform(ns):       { 0.000 5.000 }
Period(ns):         10.000
Sources:            { aclk }

Check Type        Corner  Lib Pin             Reference Pin  Required(ns)  Actual(ns)  Slack(ns)  Location  Pin
Min Period        n/a     DSP48E1/CLK         n/a            3.272         10.000      6.728                u_fu_mdu/u_mul/prod_r_reg/CLK
Min Period        n/a     DSP48E1/CLK         n/a            3.272         10.000      6.728                u_fu_mdu/u_mul/prod_r_reg__0/CLK
Min Period        n/a     RAMB36E1/CLKARDCLK  n/a            2.472         10.000      7.528                u_bpu/u_ftb/gen_ftb_way[0].u_way/mem_reg_0/CLKARDCLK
Min Period        n/a     RAMB36E1/CLKARDCLK  n/a            2.472         10.000      7.528                u_bpu/u_ftb/gen_ftb_way[0].u_way/mem_reg_1/CLKARDCLK
Min Period        n/a     RAMB36E1/CLKARDCLK  n/a            2.472         10.000      7.528                u_bpu/u_ftb/gen_ftb_way[1].u_way/mem_reg_0/CLKARDCLK
Min Period        n/a     RAMB36E1/CLKARDCLK  n/a            2.472         10.000      7.528                u_bpu/u_ftb/gen_ftb_way[1].u_way/mem_reg_1/CLKARDCLK
Min Period        n/a     RAMB36E1/CLKARDCLK  n/a            2.472         10.000      7.528                u_bpu/u_ftb/gen_ftb_way[2].u_way/mem_reg_0/CLKARDCLK
Min Period        n/a     RAMB36E1/CLKARDCLK  n/a            2.472         10.000      7.528                u_bpu/u_ftb/gen_ftb_way[2].u_way/mem_reg_1/CLKARDCLK
Min Period        n/a     RAMB36E1/CLKARDCLK  n/a            2.472         10.000      7.528                u_bpu/u_ftb/gen_ftb_way[3].u_way/mem_reg_0/CLKARDCLK
Min Period        n/a     RAMB36E1/CLKARDCLK  n/a            2.472         10.000      7.528                u_bpu/u_ftb/gen_ftb_way[3].u_way/mem_reg_1/CLKARDCLK
Min Period        n/a     RAMB18E1/CLKARDCLK  n/a            2.472         10.000      7.528                u_bpu/u_tage/gen_ttab[0].u_ttab/mem_reg/CLKARDCLK
Min Period        n/a     RAMB18E1/CLKARDCLK  n/a            2.472         10.000      7.528                u_bpu/u_tage/gen_ttab[1].u_ttab/mem_reg/CLKARDCLK
Min Period        n/a     RAMB18E1/CLKARDCLK  n/a            2.472         10.000      7.528                u_bpu/u_tage/gen_ttab[2].u_ttab/mem_reg/CLKARDCLK
Min Period        n/a     RAMB18E1/CLKARDCLK  n/a            2.472         10.000      7.528                u_bpu/u_tage/gen_ttab[3].u_ttab/mem_reg/CLKARDCLK
Min Period        n/a     RAMB18E1/CLKARDCLK  n/a            2.472         10.000      7.528                u_bpu/u_tage/u_base/mem_reg/CLKARDCLK
Min Period        n/a     RAMB36E1/CLKBWRCLK  n/a            2.170         10.000      7.830                u_bpu/u_ftb/gen_ftb_way[0].u_way/mem_reg_0/CLKBWRCLK
Min Period        n/a     RAMB36E1/CLKBWRCLK  n/a            2.170         10.000      7.830                u_bpu/u_ftb/gen_ftb_way[0].u_way/mem_reg_1/CLKBWRCLK
Min Period        n/a     RAMB36E1/CLKBWRCLK  n/a            2.170         10.000      7.830                u_bpu/u_ftb/gen_ftb_way[1].u_way/mem_reg_0/CLKBWRCLK
Min Period        n/a     RAMB36E1/CLKBWRCLK  n/a            2.170         10.000      7.830                u_bpu/u_ftb/gen_ftb_way[1].u_way/mem_reg_1/CLKBWRCLK
Min Period        n/a     RAMB36E1/CLKBWRCLK  n/a            2.170         10.000      7.830                u_bpu/u_ftb/gen_ftb_way[2].u_way/mem_reg_0/CLKBWRCLK
Low Pulse Width   Slow    RAMD32/CLK          n/a            1.130         5.000       3.870                u_bpu/u_ubtb/target_reg_0_15_0_5/RAMA/CLK
Low Pulse Width   Fast    RAMD32/CLK          n/a            1.130         5.000       3.870                u_bpu/u_ubtb/target_reg_0_15_0_5/RAMA/CLK
Low Pulse Width   Slow    RAMD32/CLK          n/a            1.130         5.000       3.870                u_bpu/u_ubtb/target_reg_0_15_0_5/RAMA_D1/CLK
Low Pulse Width   Fast    RAMD32/CLK          n/a            1.130         5.000       3.870                u_bpu/u_ubtb/target_reg_0_15_0_5/RAMA_D1/CLK
Low Pulse Width   Slow    RAMD32/CLK          n/a            1.130         5.000       3.870                u_bpu/u_ubtb/target_reg_0_15_0_5/RAMB/CLK
Low Pulse Width   Fast    RAMD32/CLK          n/a            1.130         5.000       3.870                u_bpu/u_ubtb/target_reg_0_15_0_5/RAMB/CLK
Low Pulse Width   Slow    RAMD32/CLK          n/a            1.130         5.000       3.870                u_bpu/u_ubtb/target_reg_0_15_0_5/RAMB_D1/CLK
Low Pulse Width   Fast    RAMD32/CLK          n/a            1.130         5.000       3.870                u_bpu/u_ubtb/target_reg_0_15_0_5/RAMB_D1/CLK
Low Pulse Width   Slow    RAMD32/CLK          n/a            1.130         5.000       3.870                u_bpu/u_ubtb/target_reg_0_15_0_5/RAMC/CLK
Low Pulse Width   Fast    RAMD32/CLK          n/a            1.130         5.000       3.870                u_bpu/u_ubtb/target_reg_0_15_0_5/RAMC/CLK
Low Pulse Width   Slow    RAMD32/CLK          n/a            1.130         5.000       3.870                u_bpu/u_ubtb/target_reg_0_15_0_5/RAMC_D1/CLK
Low Pulse Width   Fast    RAMD32/CLK          n/a            1.130         5.000       3.870                u_bpu/u_ubtb/target_reg_0_15_0_5/RAMC_D1/CLK
Low Pulse Width   Slow    RAMS32/CLK          n/a            1.130         5.000       3.870                u_bpu/u_ubtb/target_reg_0_15_0_5/RAMD/CLK
Low Pulse Width   Fast    RAMS32/CLK          n/a            1.130         5.000       3.870                u_bpu/u_ubtb/target_reg_0_15_0_5/RAMD/CLK
Low Pulse Width   Slow    RAMS32/CLK          n/a            1.130         5.000       3.870                u_bpu/u_ubtb/target_reg_0_15_0_5/RAMD_D1/CLK
Low Pulse Width   Fast    RAMS32/CLK          n/a            1.130         5.000       3.870                u_bpu/u_ubtb/target_reg_0_15_0_5/RAMD_D1/CLK
Low Pulse Width   Slow    RAMD32/CLK          n/a            1.130         5.000       3.870                u_bpu/u_ubtb/target_reg_0_15_12_17/RAMA/CLK
Low Pulse Width   Fast    RAMD32/CLK          n/a            1.130         5.000       3.870                u_bpu/u_ubtb/target_reg_0_15_12_17/RAMA/CLK
Low Pulse Width   Slow    RAMD32/CLK          n/a            1.130         5.000       3.870                u_bpu/u_ubtb/target_reg_0_15_12_17/RAMA_D1/CLK
Low Pulse Width   Fast    RAMD32/CLK          n/a            1.130         5.000       3.870                u_bpu/u_ubtb/target_reg_0_15_12_17/RAMA_D1/CLK
High Pulse Width  Slow    RAMD32/CLK          n/a            1.130         5.000       3.870                u_bpu/u_ubtb/target_reg_0_15_0_5/RAMA/CLK
High Pulse Width  Fast    RAMD32/CLK          n/a            1.130         5.000       3.870                u_bpu/u_ubtb/target_reg_0_15_0_5/RAMA/CLK
High Pulse Width  Slow    RAMD32/CLK          n/a            1.130         5.000       3.870                u_bpu/u_ubtb/target_reg_0_15_0_5/RAMA_D1/CLK
High Pulse Width  Fast    RAMD32/CLK          n/a            1.130         5.000       3.870                u_bpu/u_ubtb/target_reg_0_15_0_5/RAMA_D1/CLK
High Pulse Width  Slow    RAMD32/CLK          n/a            1.130         5.000       3.870                u_bpu/u_ubtb/target_reg_0_15_0_5/RAMB/CLK
High Pulse Width  Fast    RAMD32/CLK          n/a            1.130         5.000       3.870                u_bpu/u_ubtb/target_reg_0_15_0_5/RAMB/CLK
High Pulse Width  Slow    RAMD32/CLK          n/a            1.130         5.000       3.870                u_bpu/u_ubtb/target_reg_0_15_0_5/RAMB_D1/CLK
High Pulse Width  Fast    RAMD32/CLK          n/a            1.130         5.000       3.870                u_bpu/u_ubtb/target_reg_0_15_0_5/RAMB_D1/CLK
High Pulse Width  Slow    RAMD32/CLK          n/a            1.130         5.000       3.870                u_bpu/u_ubtb/target_reg_0_15_0_5/RAMC/CLK
High Pulse Width  Fast    RAMD32/CLK          n/a            1.130         5.000       3.870                u_bpu/u_ubtb/target_reg_0_15_0_5/RAMC/CLK
High Pulse Width  Slow    RAMD32/CLK          n/a            1.130         5.000       3.870                u_bpu/u_ubtb/target_reg_0_15_0_5/RAMC_D1/CLK
High Pulse Width  Fast    RAMD32/CLK          n/a            1.130         5.000       3.870                u_bpu/u_ubtb/target_reg_0_15_0_5/RAMC_D1/CLK
High Pulse Width  Slow    RAMS32/CLK          n/a            1.130         5.000       3.870                u_bpu/u_ubtb/target_reg_0_15_0_5/RAMD/CLK
High Pulse Width  Fast    RAMS32/CLK          n/a            1.130         5.000       3.870                u_bpu/u_ubtb/target_reg_0_15_0_5/RAMD/CLK
High Pulse Width  Slow    RAMS32/CLK          n/a            1.130         5.000       3.870                u_bpu/u_ubtb/target_reg_0_15_0_5/RAMD_D1/CLK
High Pulse Width  Fast    RAMS32/CLK          n/a            1.130         5.000       3.870                u_bpu/u_ubtb/target_reg_0_15_0_5/RAMD_D1/CLK
High Pulse Width  Slow    RAMD32/CLK          n/a            1.130         5.000       3.870                u_bpu/u_ubtb/target_reg_0_15_12_17/RAMA/CLK
High Pulse Width  Fast    RAMD32/CLK          n/a            1.130         5.000       3.870                u_bpu/u_ubtb/target_reg_0_15_12_17/RAMA/CLK
High Pulse Width  Slow    RAMD32/CLK          n/a            1.130         5.000       3.870                u_bpu/u_ubtb/target_reg_0_15_12_17/RAMA_D1/CLK
High Pulse Width  Fast    RAMD32/CLK          n/a            1.130         5.000       3.870                u_bpu/u_ubtb/target_reg_0_15_12_17/RAMA_D1/CLK



