Copyright 1986-2022 Xilinx, Inc. All Rights Reserved. Copyright 2022-2023 Advanced Micro Devices, Inc. All Rights Reserved.
---------------------------------------------------------------------------------------------------------------------------------------------
| Tool Version : Vivado v.2023.2 (win64) Build 4029153 Fri Oct 13 20:14:34 MDT 2023
| Date         : Sat Jul 11 15:09:40 2026
| Host         : DESKTOP-829P7GE running 64-bit major release  (build 9200)
| Command      : report_timing -max_paths 30 -sort_by group -input_pins -file e:/Loongarch_cpu/timing_ooc/timing_detail.rpt
| Design       : core_top
| Device       : 7a200t-fbg676
| Speed File   : -2  PRODUCTION 1.23 2018-06-13
| Design State : Synthesized
---------------------------------------------------------------------------------------------------------------------------------------------

Timing Report

Slack (VIOLATED) :        -11.985ns  (required time - arrival time)
  Source:                 u_icache/tag_arr_reg[3][119][3]/C
                            (rising edge-triggered cell FDRE clocked by aclk  {rise@0.000ns fall@5.000ns period=10.000ns})
  Destination:            u_tlb_manager/u_l1_tlb_i/e_key_reg[0][0]/CE
                            (rising edge-triggered cell FDRE clocked by aclk  {rise@0.000ns fall@5.000ns period=10.000ns})
  Path Group:             aclk
  Path Type:              Setup (Max at Slow Process Corner)
  Requirement:            10.000ns  (aclk rise@10.000ns - aclk rise@0.000ns)
  Data Path Delay:        21.745ns  (logic 5.986ns (27.528%)  route 15.759ns (72.472%))
  Logic Levels:           36  (CARRY4=4 LUT2=1 LUT3=3 LUT4=3 LUT5=2 LUT6=20 MUXF7=2 MUXF8=1)
  Clock Path Skew:        -0.039ns (DCD - SCD + CPR)
    Destination Clock Delay (DCD):    0.748ns = ( 10.748 - 10.000 ) 
    Source Clock Delay      (SCD):    0.787ns
    Clock Pessimism Removal (CPR):    0.000ns
  Clock Uncertainty:      0.035ns  ((TSJ^2 + TIJ^2)^1/2 + DJ) / 2 + PE
    Total System Jitter     (TSJ):    0.071ns
    Total Input Jitter      (TIJ):    0.000ns
    Discrete Jitter          (DJ):    0.000ns
    Phase Error              (PE):    0.000ns

    Location             Delay type                Incr(ns)  Path(ns)    Netlist Resource(s)
  -------------------------------------------------------------------    -------------------
                         (clock aclk rise edge)       0.000     0.000 r  
                                                      0.000     0.000 r  aclk (IN)
                         net (fo=53882, unset)        0.787     0.787    u_icache/aclk
                         FDRE                                         r  u_icache/tag_arr_reg[3][119][3]/C
  -------------------------------------------------------------------    -------------------
                         FDRE (Prop_fdre_C_Q)         0.379     1.166 r  u_icache/tag_arr_reg[3][119][3]/Q
                         net (fo=1, unplaced)         0.779     1.945    u_icache/tag_arr_reg_n_0_[3][119][3]
                                                                      r  u_icache/FSM_onehot_state[5]_i_4699/I0
                         LUT6 (Prop_lut6_I0_O)        0.232     2.177 r  u_icache/FSM_onehot_state[5]_i_4699/O
                         net (fo=1, unplaced)         0.000     2.177    u_icache/FSM_onehot_state[5]_i_4699_n_0
                                                                      r  u_icache/FSM_onehot_state_reg[5]_i_3794/I1
                         MUXF7 (Prop_muxf7_I1_O)      0.206     2.383 r  u_icache/FSM_onehot_state_reg[5]_i_3794/O
                         net (fo=1, unplaced)         0.000     2.383    u_icache/FSM_onehot_state_reg[5]_i_3794_n_0
                                                                      r  u_icache/FSM_onehot_state_reg[5]_i_2318/I0
                         MUXF8 (Prop_muxf8_I0_O)      0.085     2.468 r  u_icache/FSM_onehot_state_reg[5]_i_2318/O
                         net (fo=1, unplaced)         0.563     3.031    u_icache/FSM_onehot_state_reg[5]_i_2318_n_0
                                                                      r  u_icache/FSM_onehot_state[5]_i_1111/I0
                         LUT6 (Prop_lut6_I0_O)        0.259     3.290 r  u_icache/FSM_onehot_state[5]_i_1111/O
                         net (fo=1, unplaced)         0.000     3.290    u_icache/FSM_onehot_state[5]_i_1111_n_0
                                                                      r  u_icache/FSM_onehot_state_reg[5]_i_494/I1
                         MUXF7 (Prop_muxf7_I1_O)      0.206     3.496 r  u_icache/FSM_onehot_state_reg[5]_i_494/O
                         net (fo=1, unplaced)         0.584     4.080    u_icache/tag_arr[3]
                                                                      r  u_icache/FSM_onehot_state[5]_i_187/I0
                         LUT6 (Prop_lut6_I0_O)        0.242     4.322 r  u_icache/FSM_onehot_state[5]_i_187/O
                         net (fo=1, unplaced)         0.000     4.322    u_icache/FSM_onehot_state[5]_i_187_n_0
                                                                      r  u_icache/FSM_onehot_state_reg[5]_i_68/S[1]
                         CARRY4 (Prop_carry4_S[1]_CO[3])
                                                      0.457     4.779 r  u_icache/FSM_onehot_state_reg[5]_i_68/CO[3]
                         net (fo=1, unplaced)         0.008     4.787    u_icache/FSM_onehot_state_reg[5]_i_68_n_0
                                                                      r  u_icache/FSM_onehot_state_reg[5]_i_21/CI
                         CARRY4 (Prop_carry4_CI_CO[2])
                                                      0.209     4.996 f  u_icache/FSM_onehot_state_reg[5]_i_21/CO[2]
                         net (fo=24, unplaced)        0.413     5.409    u_icache/way_hit_30
                                                                      f  u_icache/FSM_onehot_state[5]_i_7/I2
                         LUT4 (Prop_lut4_I2_O)        0.252     5.661 f  u_icache/FSM_onehot_state[5]_i_7/O
                         net (fo=5, unplaced)         0.375     6.036    u_icache/FSM_onehot_state[5]_i_7_n_0
                                                                      f  u_icache/valid_arr[3][99]_i_4/I4
                         LUT5 (Prop_lut5_I4_O)        0.105     6.141 f  u_icache/valid_arr[3][99]_i_4/O
                         net (fo=57, unplaced)        0.433     6.574    u_icache/hit_any
                                                                      f  u_icache/if_rline[255]_i_7/I0
                         LUT4 (Prop_lut4_I0_O)        0.105     6.679 f  u_icache/if_rline[255]_i_7/O
                         net (fo=257, unplaced)       0.470     7.149    u_icache/lookup_hit
                                                                      f  u_icache/if_rline[255]_i_4/I0
                         LUT2 (Prop_lut2_I0_O)        0.105     7.254 f  u_icache/if_rline[255]_i_4/O
                         net (fo=12, unplaced)        0.395     7.649    u_ifu/ic_ifu_data_ok
                                                                      f  u_ifu/if_rline[255]_i_5/I2
                         LUT3 (Prop_lut3_I2_O)        0.105     7.754 r  u_ifu/if_rline[255]_i_5/O
                         net (fo=128, unplaced)       0.453     8.207    u_ifu/if_rline[255]_i_5_n_0
                                                                      r  u_ifu/mem[14][61]_i_12/I4
                         LUT6 (Prop_lut6_I4_O)        0.105     8.312 f  u_ifu/mem[14][61]_i_12/O
                         net (fo=2, unplaced)         0.593     8.905    u_ifu/mem[14][61]_i_12_n_0
                                                                      f  u_ifu/mem[14][61]_i_5/I1
                         LUT6 (Prop_lut6_I1_O)        0.105     9.010 f  u_ifu/mem[14][61]_i_5/O
                         net (fo=3, unplaced)         0.956     9.966    u_ifu/mem[14][61]_i_5_n_0
                                                                      f  u_ifu/i_excp_adef_o_i_43/I0
                         LUT6 (Prop_lut6_I0_O)        0.105    10.071 r  u_ifu/i_excp_adef_o_i_43/O
                         net (fo=3, unplaced)         0.346    10.417    u_ifu/i_excp_adef_o_i_43_n_0
                                                                      r  u_ifu/i_excp_adef_o_i_20/I0
                         LUT4 (Prop_lut4_I0_O)        0.126    10.543 r  u_ifu/i_excp_adef_o_i_20/O
                         net (fo=3, unplaced)         0.600    11.143    u_ifu/i_excp_adef_o_i_20_n_0
                                                                      r  u_ifu/i_excp_adef_o_i_8/I0
                         LUT6 (Prop_lut6_I0_O)        0.105    11.248 r  u_ifu/i_excp_adef_o_i_8/O
                         net (fo=5, unplaced)         0.556    11.804    u_ifu/i_excp_adef_o_i_8_n_0
                                                                      r  u_ifu/i_excp_adef_o_i_2/I3
                         LUT6 (Prop_lut6_I3_O)        0.105    11.909 r  u_ifu/i_excp_adef_o_i_2/O
                         net (fo=44, unplaced)        0.426    12.335    u_ifu/ifu_ftq_accept
                                                                      r  u_ifu/e_key[0][4]_i_1/I1
                         LUT3 (Prop_lut3_I1_O)        0.105    12.440 r  u_ifu/e_key[0][4]_i_1/O
                         net (fo=19, unplaced)        0.406    12.846    u_csr_exception_commit_handler/mmu_tlbm_inst_vaddr[3]
                                                                      r  u_csr_exception_commit_handler/e_ppn[0][19]_i_443__0/I2
                         LUT3 (Prop_lut3_I2_O)        0.105    12.951 r  u_csr_exception_commit_handler/e_ppn[0][19]_i_443__0/O
                         net (fo=32, unplaced)        0.653    13.604    u_tlb_manager/u_tlb/csr_tlbidx_reg[1]_i_38_5
                                                                      r  u_tlb_manager/u_tlb/e_ppn[0][19]_i_481/I1
                         LUT6 (Prop_lut6_I1_O)        0.105    13.709 r  u_tlb_manager/u_tlb/e_ppn[0][19]_i_481/O
                         net (fo=1, unplaced)         0.000    13.709    u_tlb_manager/u_tlb/e_ppn[0][19]_i_481_n_0
                                                                      r  u_tlb_manager/u_tlb/e_ppn_reg[0][19]_i_383/S[1]
                         CARRY4 (Prop_carry4_S[1]_CO[3])
                                                      0.457    14.166 r  u_tlb_manager/u_tlb/e_ppn_reg[0][19]_i_383/CO[3]
                         net (fo=1, unplaced)         0.008    14.174    u_tlb_manager/u_tlb/e_ppn_reg[0][19]_i_383_n_0
                                                                      r  u_tlb_manager/u_tlb/e_ppn_reg[0][19]_i_196/CI
                         CARRY4 (Prop_carry4_CI_CO[2])
                                                      0.209    14.383 r  u_tlb_manager/u_tlb/e_ppn_reg[0][19]_i_196/CO[2]
                         net (fo=1, unplaced)         0.349    14.732    u_tlb_manager/u_tlb/e_ppn_reg[0][19]_i_196_n_1
                                                                      r  u_tlb_manager/u_tlb/e_ppn[0][19]_i_86/I0
                         LUT6 (Prop_lut6_I0_O)        0.252    14.984 f  u_tlb_manager/u_tlb/e_ppn[0][19]_i_86/O
                         net (fo=4, unplaced)         0.962    15.946    u_tlb_manager/u_tlb/e_ppn[0][19]_i_86_n_0
                                                                      f  u_tlb_manager/u_tlb/csr_tlbidx[0]_i_50/I1
                         LUT6 (Prop_lut6_I1_O)        0.105    16.051 r  u_tlb_manager/u_tlb/csr_tlbidx[0]_i_50/O
                         net (fo=1, unplaced)         0.347    16.398    u_tlb_manager/u_tlb/csr_tlbidx[0]_i_50_n_0
                                                                      r  u_tlb_manager/u_tlb/csr_tlbidx[0]_i_25/I4
                         LUT6 (Prop_lut6_I4_O)        0.105    16.503 r  u_tlb_manager/u_tlb/csr_tlbidx[0]_i_25/O
                         net (fo=2, unplaced)         0.358    16.861    u_tlb_manager/u_tlb/csr_tlbidx[0]_i_25_n_0
                                                                      r  u_tlb_manager/u_tlb/csr_tlbidx[0]_i_11/I2
                         LUT6 (Prop_lut6_I2_O)        0.105    16.966 r  u_tlb_manager/u_tlb/csr_tlbidx[0]_i_11/O
                         net (fo=1, unplaced)         0.347    17.313    u_tlb_manager/u_tlb/csr_tlbidx[0]_i_11_n_0
                                                                      r  u_tlb_manager/u_tlb/csr_tlbidx[0]_i_3/I3
                         LUT6 (Prop_lut6_I3_O)        0.105    17.418 f  u_tlb_manager/u_tlb/csr_tlbidx[0]_i_3/O
                         net (fo=1, unplaced)         0.582    18.000    u_tlb_manager/u_tlb/csr_tlbidx[0]_i_3_n_0
                                                                      f  u_tlb_manager/u_tlb/csr_tlbidx[0]_i_2/I0
                         LUT6 (Prop_lut6_I0_O)        0.105    18.105 r  u_tlb_manager/u_tlb/csr_tlbidx[0]_i_2/O
                         net (fo=463, unplaced)       0.485    18.590    u_tlb_manager/u_tlb/tlb_g_reg[28]_1
                                                                      r  u_tlb_manager/u_tlb/pre_paddr[21]_i_14/I4
                         LUT6 (Prop_lut6_I4_O)        0.105    18.695 r  u_tlb_manager/u_tlb/pre_paddr[21]_i_14/O
                         net (fo=1, unplaced)         0.938    19.633    u_tlb_manager/u_tlb/pre_paddr[21]_i_14_n_0
                                                                      r  u_tlb_manager/u_tlb/pre_paddr[21]_i_10/I1
                         LUT6 (Prop_lut6_I1_O)        0.105    19.738 r  u_tlb_manager/u_tlb/pre_paddr[21]_i_10/O
                         net (fo=1, unplaced)         0.582    20.320    u_tlb_manager/u_tlb/pre_paddr[21]_i_10_n_0
                                                                      r  u_tlb_manager/u_tlb/pre_paddr[21]_i_7/I1
                         LUT6 (Prop_lut6_I1_O)        0.105    20.425 f  u_tlb_manager/u_tlb/pre_paddr[21]_i_7/O
                         net (fo=2, unplaced)         0.593    21.018    u_tlb_manager/u_tlb/s0_ps[5]
                                                                      f  u_tlb_manager/u_tlb/fifo_ptr[2]_i_3__0/I0
                         LUT6 (Prop_lut6_I0_O)        0.105    21.123 r  u_tlb_manager/u_tlb/fifo_ptr[2]_i_3__0/O
                         net (fo=1, unplaced)         0.347    21.470    u_tlb_manager/u_tlb/fifo_ptr[2]_i_3__0_n_0
                                                                      r  u_tlb_manager/u_tlb/fifo_ptr[2]_i_2__0/I1
                         LUT6 (Prop_lut6_I1_O)        0.105    21.575 r  u_tlb_manager/u_tlb/fifo_ptr[2]_i_2__0/O
                         net (fo=19, unplaced)        0.406    21.981    u_tlb_manager/u_l1_tlb_i/refill_en
                                                                      r  u_tlb_manager/u_l1_tlb_i/e_key[0][19]_i_1/I1
                         LUT5 (Prop_lut5_I1_O)        0.105    22.086 r  u_tlb_manager/u_l1_tlb_i/e_key[0][19]_i_1/O
                         net (fo=45, unplaced)        0.446    22.532    u_tlb_manager/u_l1_tlb_i/e_key
                         FDRE                                         r  u_tlb_manager/u_l1_tlb_i/e_key_reg[0][0]/CE
  -------------------------------------------------------------------    -------------------

                         (clock aclk rise edge)      10.000    10.000 r  
                                                      0.000    10.000 r  aclk (IN)
                         net (fo=53882, unset)        0.748    10.748    u_tlb_manager/u_l1_tlb_i/aclk
                         FDRE                                         r  u_tlb_manager/u_l1_tlb_i/e_key_reg[0][0]/C
                         clock pessimism              0.000    10.748    
                         clock uncertainty           -0.035    10.712    
                         FDRE (Setup_fdre_C_CE)      -0.165    10.547    u_tlb_manager/u_l1_tlb_i/e_key_reg[0][0]
  -------------------------------------------------------------------
                         required time                         10.547    
                         arrival time                         -22.532    
  -------------------------------------------------------------------
                         slack                                -11.985    

Slack (VIOLATED) :        -11.985ns  (required time - arrival time)
  Source:                 u_icache/tag_arr_reg[3][119][3]/C
                            (rising edge-triggered cell FDRE clocked by aclk  {rise@0.000ns fall@5.000ns period=10.000ns})
  Destination:            u_tlb_manager/u_l1_tlb_i/e_key_reg[0][10]/CE
                            (rising edge-triggered cell FDRE clocked by aclk  {rise@0.000ns fall@5.000ns period=10.000ns})
  Path Group:             aclk
  Path Type:              Setup (Max at Slow Process Corner)
  Requirement:            10.000ns  (aclk rise@10.000ns - aclk rise@0.000ns)
  Data Path Delay:        21.745ns  (logic 5.986ns (27.528%)  route 15.759ns (72.472%))
  Logic Levels:           36  (CARRY4=4 LUT2=1 LUT3=3 LUT4=3 LUT5=2 LUT6=20 MUXF7=2 MUXF8=1)
  Clock Path Skew:        -0.039ns (DCD - SCD + CPR)
    Destination Clock Delay (DCD):    0.748ns = ( 10.748 - 10.000 ) 
    Source Clock Delay      (SCD):    0.787ns
    Clock Pessimism Removal (CPR):    0.000ns
  Clock Uncertainty:      0.035ns  ((TSJ^2 + TIJ^2)^1/2 + DJ) / 2 + PE
    Total System Jitter     (TSJ):    0.071ns
    Total Input Jitter      (TIJ):    0.000ns
    Discrete Jitter          (DJ):    0.000ns
    Phase Error              (PE):    0.000ns

    Location             Delay type                Incr(ns)  Path(ns)    Netlist Resource(s)
  -------------------------------------------------------------------    -------------------
                         (clock aclk rise edge)       0.000     0.000 r  
                                                      0.000     0.000 r  aclk (IN)
                         net (fo=53882, unset)        0.787     0.787    u_icache/aclk
                         FDRE                                         r  u_icache/tag_arr_reg[3][119][3]/C
  -------------------------------------------------------------------    -------------------
                         FDRE (Prop_fdre_C_Q)         0.379     1.166 r  u_icache/tag_arr_reg[3][119][3]/Q
                         net (fo=1, unplaced)         0.779     1.945    u_icache/tag_arr_reg_n_0_[3][119][3]
                                                                      r  u_icache/FSM_onehot_state[5]_i_4699/I0
                         LUT6 (Prop_lut6_I0_O)        0.232     2.177 r  u_icache/FSM_onehot_state[5]_i_4699/O
                         net (fo=1, unplaced)         0.000     2.177    u_icache/FSM_onehot_state[5]_i_4699_n_0
                                                                      r  u_icache/FSM_onehot_state_reg[5]_i_3794/I1
                         MUXF7 (Prop_muxf7_I1_O)      0.206     2.383 r  u_icache/FSM_onehot_state_reg[5]_i_3794/O
                         net (fo=1, unplaced)         0.000     2.383    u_icache/FSM_onehot_state_reg[5]_i_3794_n_0
                                                                      r  u_icache/FSM_onehot_state_reg[5]_i_2318/I0
                         MUXF8 (Prop_muxf8_I0_O)      0.085     2.468 r  u_icache/FSM_onehot_state_reg[5]_i_2318/O
                         net (fo=1, unplaced)         0.563     3.031    u_icache/FSM_onehot_state_reg[5]_i_2318_n_0
                                                                      r  u_icache/FSM_onehot_state[5]_i_1111/I0
                         LUT6 (Prop_lut6_I0_O)        0.259     3.290 r  u_icache/FSM_onehot_state[5]_i_1111/O
                         net (fo=1, unplaced)         0.000     3.290    u_icache/FSM_onehot_state[5]_i_1111_n_0
                                                                      r  u_icache/FSM_onehot_state_reg[5]_i_494/I1
                         MUXF7 (Prop_muxf7_I1_O)      0.206     3.496 r  u_icache/FSM_onehot_state_reg[5]_i_494/O
                         net (fo=1, unplaced)         0.584     4.080    u_icache/tag_arr[3]
                                                                      r  u_icache/FSM_onehot_state[5]_i_187/I0
                         LUT6 (Prop_lut6_I0_O)        0.242     4.322 r  u_icache/FSM_onehot_state[5]_i_187/O
                         net (fo=1, unplaced)         0.000     4.322    u_icache/FSM_onehot_state[5]_i_187_n_0
                                                                      r  u_icache/FSM_onehot_state_reg[5]_i_68/S[1]
                         CARRY4 (Prop_carry4_S[1]_CO[3])
                                                      0.457     4.779 r  u_icache/FSM_onehot_state_reg[5]_i_68/CO[3]
                         net (fo=1, unplaced)         0.008     4.787    u_icache/FSM_onehot_state_reg[5]_i_68_n_0
                                                                      r  u_icache/FSM_onehot_state_reg[5]_i_21/CI
                         CARRY4 (Prop_carry4_CI_CO[2])
                                                      0.209     4.996 f  u_icache/FSM_onehot_state_reg[5]_i_21/CO[2]
                         net (fo=24, unplaced)        0.413     5.409    u_icache/way_hit_30
                                                                      f  u_icache/FSM_onehot_state[5]_i_7/I2
                         LUT4 (Prop_lut4_I2_O)        0.252     5.661 f  u_icache/FSM_onehot_state[5]_i_7/O
                         net (fo=5, unplaced)         0.375     6.036    u_icache/FSM_onehot_state[5]_i_7_n_0
                                                                      f  u_icache/valid_arr[3][99]_i_4/I4
                         LUT5 (Prop_lut5_I4_O)        0.105     6.141 f  u_icache/valid_arr[3][99]_i_4/O
                         net (fo=57, unplaced)        0.433     6.574    u_icache/hit_any
                                                                      f  u_icache/if_rline[255]_i_7/I0
                         LUT4 (Prop_lut4_I0_O)        0.105     6.679 f  u_icache/if_rline[255]_i_7/O
                         net (fo=257, unplaced)       0.470     7.149    u_icache/lookup_hit
                                                                      f  u_icache/if_rline[255]_i_4/I0
                         LUT2 (Prop_lut2_I0_O)        0.105     7.254 f  u_icache/if_rline[255]_i_4/O
                         net (fo=12, unplaced)        0.395     7.649    u_ifu/ic_ifu_data_ok
                                                                      f  u_ifu/if_rline[255]_i_5/I2
                         LUT3 (Prop_lut3_I2_O)        0.105     7.754 r  u_ifu/if_rline[255]_i_5/O
                         net (fo=128, unplaced)       0.453     8.207    u_ifu/if_rline[255]_i_5_n_0
                                                                      r  u_ifu/mem[14][61]_i_12/I4
                         LUT6 (Prop_lut6_I4_O)        0.105     8.312 f  u_ifu/mem[14][61]_i_12/O
                         net (fo=2, unplaced)         0.593     8.905    u_ifu/mem[14][61]_i_12_n_0
                                                                      f  u_ifu/mem[14][61]_i_5/I1
                         LUT6 (Prop_lut6_I1_O)        0.105     9.010 f  u_ifu/mem[14][61]_i_5/O
                         net (fo=3, unplaced)         0.956     9.966    u_ifu/mem[14][61]_i_5_n_0
                                                                      f  u_ifu/i_excp_adef_o_i_43/I0
                         LUT6 (Prop_lut6_I0_O)        0.105    10.071 r  u_ifu/i_excp_adef_o_i_43/O
                         net (fo=3, unplaced)         0.346    10.417    u_ifu/i_excp_adef_o_i_43_n_0
                                                                      r  u_ifu/i_excp_adef_o_i_20/I0
                         LUT4 (Prop_lut4_I0_O)        0.126    10.543 r  u_ifu/i_excp_adef_o_i_20/O
                         net (fo=3, unplaced)         0.600    11.143    u_ifu/i_excp_adef_o_i_20_n_0
                                                                      r  u_ifu/i_excp_adef_o_i_8/I0
                         LUT6 (Prop_lut6_I0_O)        0.105    11.248 r  u_ifu/i_excp_adef_o_i_8/O
                         net (fo=5, unplaced)         0.556    11.804    u_ifu/i_excp_adef_o_i_8_n_0
                                                                      r  u_ifu/i_excp_adef_o_i_2/I3
                         LUT6 (Prop_lut6_I3_O)        0.105    11.909 r  u_ifu/i_excp_adef_o_i_2/O
                         net (fo=44, unplaced)        0.426    12.335    u_ifu/ifu_ftq_accept
                                                                      r  u_ifu/e_key[0][4]_i_1/I1
                         LUT3 (Prop_lut3_I1_O)        0.105    12.440 r  u_ifu/e_key[0][4]_i_1/O
                         net (fo=19, unplaced)        0.406    12.846    u_csr_exception_commit_handler/mmu_tlbm_inst_vaddr[3]
                                                                      r  u_csr_exception_commit_handler/e_ppn[0][19]_i_443__0/I2
                         LUT3 (Prop_lut3_I2_O)        0.105    12.951 r  u_csr_exception_commit_handler/e_ppn[0][19]_i_443__0/O
                         net (fo=32, unplaced)        0.653    13.604    u_tlb_manager/u_tlb/csr_tlbidx_reg[1]_i_38_5
                                                                      r  u_tlb_manager/u_tlb/e_ppn[0][19]_i_481/I1
                         LUT6 (Prop_lut6_I1_O)        0.105    13.709 r  u_tlb_manager/u_tlb/e_ppn[0][19]_i_481/O
                         net (fo=1, unplaced)         0.000    13.709    u_tlb_manager/u_tlb/e_ppn[0][19]_i_481_n_0
                                                                      r  u_tlb_manager/u_tlb/e_ppn_reg[0][19]_i_383/S[1]
                         CARRY4 (Prop_carry4_S[1]_CO[3])
                                                      0.457    14.166 r  u_tlb_manager/u_tlb/e_ppn_reg[0][19]_i_383/CO[3]
                         net (fo=1, unplaced)         0.008    14.174    u_tlb_manager/u_tlb/e_ppn_reg[0][19]_i_383_n_0
                                                                      r  u_tlb_manager/u_tlb/e_ppn_reg[0][19]_i_196/CI
                         CARRY4 (Prop_carry4_CI_CO[2])
                                                      0.209    14.383 r  u_tlb_manager/u_tlb/e_ppn_reg[0][19]_i_196/CO[2]
                         net (fo=1, unplaced)         0.349    14.732    u_tlb_manager/u_tlb/e_ppn_reg[0][19]_i_196_n_1
                                                                      r  u_tlb_manager/u_tlb/e_ppn[0][19]_i_86/I0
                         LUT6 (Prop_lut6_I0_O)        0.252    14.984 f  u_tlb_manager/u_tlb/e_ppn[0][19]_i_86/O
                         net (fo=4, unplaced)         0.962    15.946    u_tlb_manager/u_tlb/e_ppn[0][19]_i_86_n_0
                                                                      f  u_tlb_manager/u_tlb/csr_tlbidx[0]_i_50/I1
                         LUT6 (Prop_lut6_I1_O)        0.105    16.051 r  u_tlb_manager/u_tlb/csr_tlbidx[0]_i_50/O
                         net (fo=1, unplaced)         0.347    16.398    u_tlb_manager/u_tlb/csr_tlbidx[0]_i_50_n_0
                                                                      r  u_tlb_manager/u_tlb/csr_tlbidx[0]_i_25/I4
                         LUT6 (Prop_lut6_I4_O)        0.105    16.503 r  u_tlb_manager/u_tlb/csr_tlbidx[0]_i_25/O
                         net (fo=2, unplaced)         0.358    16.861    u_tlb_manager/u_tlb/csr_tlbidx[0]_i_25_n_0
                                                                      r  u_tlb_manager/u_tlb/csr_tlbidx[0]_i_11/I2
                         LUT6 (Prop_lut6_I2_O)        0.105    16.966 r  u_tlb_manager/u_tlb/csr_tlbidx[0]_i_11/O
                         net (fo=1, unplaced)         0.347    17.313    u_tlb_manager/u_tlb/csr_tlbidx[0]_i_11_n_0
                                                                      r  u_tlb_manager/u_tlb/csr_tlbidx[0]_i_3/I3
                         LUT6 (Prop_lut6_I3_O)        0.105    17.418 f  u_tlb_manager/u_tlb/csr_tlbidx[0]_i_3/O
                         net (fo=1, unplaced)         0.582    18.000    u_tlb_manager/u_tlb/csr_tlbidx[0]_i_3_n_0
                                                                      f  u_tlb_manager/u_tlb/csr_tlbidx[0]_i_2/I0
                         LUT6 (Prop_lut6_I0_O)        0.105    18.105 r  u_tlb_manager/u_tlb/csr_tlbidx[0]_i_2/O
                         net (fo=463, unplaced)       0.485    18.590    u_tlb_manager/u_tlb/tlb_g_reg[28]_1
                                                                      r  u_tlb_manager/u_tlb/pre_paddr[21]_i_14/I4
                         LUT6 (Prop_lut6_I4_O)        0.105    18.695 r  u_tlb_manager/u_tlb/pre_paddr[21]_i_14/O
                         net (fo=1, unplaced)         0.938    19.633    u_tlb_manager/u_tlb/pre_paddr[21]_i_14_n_0
                                                                      r  u_tlb_manager/u_tlb/pre_paddr[21]_i_10/I1
                         LUT6 (Prop_lut6_I1_O)        0.105    19.738 r  u_tlb_manager/u_tlb/pre_paddr[21]_i_10/O
                         net (fo=1, unplaced)         0.582    20.320    u_tlb_manager/u_tlb/pre_paddr[21]_i_10_n_0
                                                                      r  u_tlb_manager/u_tlb/pre_paddr[21]_i_7/I1
                         LUT6 (Prop_lut6_I1_O)        0.105    20.425 f  u_tlb_manager/u_tlb/pre_paddr[21]_i_7/O
                         net (fo=2, unplaced)         0.593    21.018    u_tlb_manager/u_tlb/s0_ps[5]
                                                                      f  u_tlb_manager/u_tlb/fifo_ptr[2]_i_3__0/I0
                         LUT6 (Prop_lut6_I0_O)        0.105    21.123 r  u_tlb_manager/u_tlb/fifo_ptr[2]_i_3__0/O
                         net (fo=1, unplaced)         0.347    21.470    u_tlb_manager/u_tlb/fifo_ptr[2]_i_3__0_n_0
                                                                      r  u_tlb_manager/u_tlb/fifo_ptr[2]_i_2__0/I1
                         LUT6 (Prop_lut6_I1_O)        0.105    21.575 r  u_tlb_manager/u_tlb/fifo_ptr[2]_i_2__0/O
                         net (fo=19, unplaced)        0.406    21.981    u_tlb_manager/u_l1_tlb_i/refill_en
                                                                      r  u_tlb_manager/u_l1_tlb_i/e_key[0][19]_i_1/I1
                         LUT5 (Prop_lut5_I1_O)        0.105    22.086 r  u_tlb_manager/u_l1_tlb_i/e_key[0][19]_i_1/O
                         net (fo=45, unplaced)        0.446    22.532    u_tlb_manager/u_l1_tlb_i/e_key
                         FDRE                                         r  u_tlb_manager/u_l1_tlb_i/e_key_reg[0][10]/CE
  -------------------------------------------------------------------    -------------------

                         (clock aclk rise edge)      10.000    10.000 r  
                                                      0.000    10.000 r  aclk (IN)
                         net (fo=53882, unset)        0.748    10.748    u_tlb_manager/u_l1_tlb_i/aclk
                         FDRE                                         r  u_tlb_manager/u_l1_tlb_i/e_key_reg[0][10]/C
                         clock pessimism              0.000    10.748    
                         clock uncertainty           -0.035    10.712    
                         FDRE (Setup_fdre_C_CE)      -0.165    10.547    u_tlb_manager/u_l1_tlb_i/e_key_reg[0][10]
  -------------------------------------------------------------------
                         required time                         10.547    
                         arrival time                         -22.532    
  -------------------------------------------------------------------
                         slack                                -11.985    

Slack (VIOLATED) :        -11.985ns  (required time - arrival time)
  Source:                 u_icache/tag_arr_reg[3][119][3]/C
                            (rising edge-triggered cell FDRE clocked by aclk  {rise@0.000ns fall@5.000ns period=10.000ns})
  Destination:            u_tlb_manager/u_l1_tlb_i/e_key_reg[0][11]/CE
                            (rising edge-triggered cell FDRE clocked by aclk  {rise@0.000ns fall@5.000ns period=10.000ns})
  Path Group:             aclk
  Path Type:              Setup (Max at Slow Process Corner)
  Requirement:            10.000ns  (aclk rise@10.000ns - aclk rise@0.000ns)
  Data Path Delay:        21.745ns  (logic 5.986ns (27.528%)  route 15.759ns (72.472%))
  Logic Levels:           36  (CARRY4=4 LUT2=1 LUT3=3 LUT4=3 LUT5=2 LUT6=20 MUXF7=2 MUXF8=1)
  Clock Path Skew:        -0.039ns (DCD - SCD + CPR)
    Destination Clock Delay (DCD):    0.748ns = ( 10.748 - 10.000 ) 
    Source Clock Delay      (SCD):    0.787ns
    Clock Pessimism Removal (CPR):    0.000ns
  Clock Uncertainty:      0.035ns  ((TSJ^2 + TIJ^2)^1/2 + DJ) / 2 + PE
    Total System Jitter     (TSJ):    0.071ns
    Total Input Jitter      (TIJ):    0.000ns
    Discrete Jitter          (DJ):    0.000ns
    Phase Error              (PE):    0.000ns

    Location             Delay type                Incr(ns)  Path(ns)    Netlist Resource(s)
  -------------------------------------------------------------------    -------------------
                         (clock aclk rise edge)       0.000     0.000 r  
                                                      0.000     0.000 r  aclk (IN)
                         net (fo=53882, unset)        0.787     0.787    u_icache/aclk
                         FDRE                                         r  u_icache/tag_arr_reg[3][119][3]/C
  -------------------------------------------------------------------    -------------------
                         FDRE (Prop_fdre_C_Q)         0.379     1.166 r  u_icache/tag_arr_reg[3][119][3]/Q
                         net (fo=1, unplaced)         0.779     1.945    u_icache/tag_arr_reg_n_0_[3][119][3]
                                                                      r  u_icache/FSM_onehot_state[5]_i_4699/I0
                         LUT6 (Prop_lut6_I0_O)        0.232     2.177 r  u_icache/FSM_onehot_state[5]_i_4699/O
                         net (fo=1, unplaced)         0.000     2.177    u_icache/FSM_onehot_state[5]_i_4699_n_0
                                                                      r  u_icache/FSM_onehot_state_reg[5]_i_3794/I1
                         MUXF7 (Prop_muxf7_I1_O)      0.206     2.383 r  u_icache/FSM_onehot_state_reg[5]_i_3794/O
                         net (fo=1, unplaced)         0.000     2.383    u_icache/FSM_onehot_state_reg[5]_i_3794_n_0
                                                                      r  u_icache/FSM_onehot_state_reg[5]_i_2318/I0
                         MUXF8 (Prop_muxf8_I0_O)      0.085     2.468 r  u_icache/FSM_onehot_state_reg[5]_i_2318/O
                         net (fo=1, unplaced)         0.563     3.031    u_icache/FSM_onehot_state_reg[5]_i_2318_n_0
                                                                      r  u_icache/FSM_onehot_state[5]_i_1111/I0
                         LUT6 (Prop_lut6_I0_O)        0.259     3.290 r  u_icache/FSM_onehot_state[5]_i_1111/O
                         net (fo=1, unplaced)         0.000     3.290    u_icache/FSM_onehot_state[5]_i_1111_n_0
                                                                      r  u_icache/FSM_onehot_state_reg[5]_i_494/I1
                         MUXF7 (Prop_muxf7_I1_O)      0.206     3.496 r  u_icache/FSM_onehot_state_reg[5]_i_494/O
                         net (fo=1, unplaced)         0.584     4.080    u_icache/tag_arr[3]
                                                                      r  u_icache/FSM_onehot_state[5]_i_187/I0
                         LUT6 (Prop_lut6_I0_O)        0.242     4.322 r  u_icache/FSM_onehot_state[5]_i_187/O
                         net (fo=1, unplaced)         0.000     4.322    u_icache/FSM_onehot_state[5]_i_187_n_0
                                                                      r  u_icache/FSM_onehot_state_reg[5]_i_68/S[1]
                         CARRY4 (Prop_carry4_S[1]_CO[3])
                                                      0.457     4.779 r  u_icache/FSM_onehot_state_reg[5]_i_68/CO[3]
                         net (fo=1, unplaced)         0.008     4.787    u_icache/FSM_onehot_state_reg[5]_i_68_n_0
                                                                      r  u_icache/FSM_onehot_state_reg[5]_i_21/CI
                         CARRY4 (Prop_carry4_CI_CO[2])
                                                      0.209     4.996 f  u_icache/FSM_onehot_state_reg[5]_i_21/CO[2]
                         net (fo=24, unplaced)        0.413     5.409    u_icache/way_hit_30
                                                                      f  u_icache/FSM_onehot_state[5]_i_7/I2
                         LUT4 (Prop_lut4_I2_O)        0.252     5.661 f  u_icache/FSM_onehot_state[5]_i_7/O
                         net (fo=5, unplaced)         0.375     6.036    u_icache/FSM_onehot_state[5]_i_7_n_0
                                                                      f  u_icache/valid_arr[3][99]_i_4/I4
                         LUT5 (Prop_lut5_I4_O)        0.105     6.141 f  u_icache/valid_arr[3][99]_i_4/O
                         net (fo=57, unplaced)        0.433     6.574    u_icache/hit_any
                                                                      f  u_icache/if_rline[255]_i_7/I0
                         LUT4 (Prop_lut4_I0_O)        0.105     6.679 f  u_icache/if_rline[255]_i_7/O
                         net (fo=257, unplaced)       0.470     7.149    u_icache/lookup_hit
                                                                      f  u_icache/if_rline[255]_i_4/I0
                         LUT2 (Prop_lut2_I0_O)        0.105     7.254 f  u_icache/if_rline[255]_i_4/O
                         net (fo=12, unplaced)        0.395     7.649    u_ifu/ic_ifu_data_ok
                                                                      f  u_ifu/if_rline[255]_i_5/I2
                         LUT3 (Prop_lut3_I2_O)        0.105     7.754 r  u_ifu/if_rline[255]_i_5/O
                         net (fo=128, unplaced)       0.453     8.207    u_ifu/if_rline[255]_i_5_n_0
                                                                      r  u_ifu/mem[14][61]_i_12/I4
                         LUT6 (Prop_lut6_I4_O)        0.105     8.312 f  u_ifu/mem[14][61]_i_12/O
                         net (fo=2, unplaced)         0.593     8.905    u_ifu/mem[14][61]_i_12_n_0
                                                                      f  u_ifu/mem[14][61]_i_5/I1
                         LUT6 (Prop_lut6_I1_O)        0.105     9.010 f  u_ifu/mem[14][61]_i_5/O
                         net (fo=3, unplaced)         0.956     9.966    u_ifu/mem[14][61]_i_5_n_0
                                                                      f  u_ifu/i_excp_adef_o_i_43/I0
                         LUT6 (Prop_lut6_I0_O)        0.105    10.071 r  u_ifu/i_excp_adef_o_i_43/O
                         net (fo=3, unplaced)         0.346    10.417    u_ifu/i_excp_adef_o_i_43_n_0
                                                                      r  u_ifu/i_excp_adef_o_i_20/I0
                         LUT4 (Prop_lut4_I0_O)        0.126    10.543 r  u_ifu/i_excp_adef_o_i_20/O
                         net (fo=3, unplaced)         0.600    11.143    u_ifu/i_excp_adef_o_i_20_n_0
                                                                      r  u_ifu/i_excp_adef_o_i_8/I0
                         LUT6 (Prop_lut6_I0_O)        0.105    11.248 r  u_ifu/i_excp_adef_o_i_8/O
                         net (fo=5, unplaced)         0.556    11.804    u_ifu/i_excp_adef_o_i_8_n_0
                                                                      r  u_ifu/i_excp_adef_o_i_2/I3
                         LUT6 (Prop_lut6_I3_O)        0.105    11.909 r  u_ifu/i_excp_adef_o_i_2/O
                         net (fo=44, unplaced)        0.426    12.335    u_ifu/ifu_ftq_accept
                                                                      r  u_ifu/e_key[0][4]_i_1/I1
                         LUT3 (Prop_lut3_I1_O)        0.105    12.440 r  u_ifu/e_key[0][4]_i_1/O
                         net (fo=19, unplaced)        0.406    12.846    u_csr_exception_commit_handler/mmu_tlbm_inst_vaddr[3]
                                                                      r  u_csr_exception_commit_handler/e_ppn[0][19]_i_443__0/I2
                         LUT3 (Prop_lut3_I2_O)        0.105    12.951 r  u_csr_exception_commit_handler/e_ppn[0][19]_i_443__0/O
                         net (fo=32, unplaced)        0.653    13.604    u_tlb_manager/u_tlb/csr_tlbidx_reg[1]_i_38_5
                                                                      r  u_tlb_manager/u_tlb/e_ppn[0][19]_i_481/I1
                         LUT6 (Prop_lut6_I1_O)        0.105    13.709 r  u_tlb_manager/u_tlb/e_ppn[0][19]_i_481/O
                         net (fo=1, unplaced)         0.000    13.709    u_tlb_manager/u_tlb/e_ppn[0][19]_i_481_n_0
                                                                      r  u_tlb_manager/u_tlb/e_ppn_reg[0][19]_i_383/S[1]
                         CARRY4 (Prop_carry4_S[1]_CO[3])
                                                      0.457    14.166 r  u_tlb_manager/u_tlb/e_ppn_reg[0][19]_i_383/CO[3]
                         net (fo=1, unplaced)         0.008    14.174    u_tlb_manager/u_tlb/e_ppn_reg[0][19]_i_383_n_0
                                                                      r  u_tlb_manager/u_tlb/e_ppn_reg[0][19]_i_196/CI
                         CARRY4 (Prop_carry4_CI_CO[2])
                                                      0.209    14.383 r  u_tlb_manager/u_tlb/e_ppn_reg[0][19]_i_196/CO[2]
                         net (fo=1, unplaced)         0.349    14.732    u_tlb_manager/u_tlb/e_ppn_reg[0][19]_i_196_n_1
                                                                      r  u_tlb_manager/u_tlb/e_ppn[0][19]_i_86/I0
                         LUT6 (Prop_lut6_I0_O)        0.252    14.984 f  u_tlb_manager/u_tlb/e_ppn[0][19]_i_86/O
                         net (fo=4, unplaced)         0.962    15.946    u_tlb_manager/u_tlb/e_ppn[0][19]_i_86_n_0
                                                                      f  u_tlb_manager/u_tlb/csr_tlbidx[0]_i_50/I1
                         LUT6 (Prop_lut6_I1_O)        0.105    16.051 r  u_tlb_manager/u_tlb/csr_tlbidx[0]_i_50/O
                         net (fo=1, unplaced)         0.347    16.398    u_tlb_manager/u_tlb/csr_tlbidx[0]_i_50_n_0
                                                                      r  u_tlb_manager/u_tlb/csr_tlbidx[0]_i_25/I4
                         LUT6 (Prop_lut6_I4_O)        0.105    16.503 r  u_tlb_manager/u_tlb/csr_tlbidx[0]_i_25/O
                         net (fo=2, unplaced)         0.358    16.861    u_tlb_manager/u_tlb/csr_tlbidx[0]_i_25_n_0
                                                                      r  u_tlb_manager/u_tlb/csr_tlbidx[0]_i_11/I2
                         LUT6 (Prop_lut6_I2_O)        0.105    16.966 r  u_tlb_manager/u_tlb/csr_tlbidx[0]_i_11/O
                         net (fo=1, unplaced)         0.347    17.313    u_tlb_manager/u_tlb/csr_tlbidx[0]_i_11_n_0
                                                                      r  u_tlb_manager/u_tlb/csr_tlbidx[0]_i_3/I3
                         LUT6 (Prop_lut6_I3_O)        0.105    17.418 f  u_tlb_manager/u_tlb/csr_tlbidx[0]_i_3/O
                         net (fo=1, unplaced)         0.582    18.000    u_tlb_manager/u_tlb/csr_tlbidx[0]_i_3_n_0
                                                                      f  u_tlb_manager/u_tlb/csr_tlbidx[0]_i_2/I0
                         LUT6 (Prop_lut6_I0_O)        0.105    18.105 r  u_tlb_manager/u_tlb/csr_tlbidx[0]_i_2/O
                         net (fo=463, unplaced)       0.485    18.590    u_tlb_manager/u_tlb/tlb_g_reg[28]_1
                                                                      r  u_tlb_manager/u_tlb/pre_paddr[21]_i_14/I4
                         LUT6 (Prop_lut6_I4_O)        0.105    18.695 r  u_tlb_manager/u_tlb/pre_paddr[21]_i_14/O
                         net (fo=1, unplaced)         0.938    19.633    u_tlb_manager/u_tlb/pre_paddr[21]_i_14_n_0
                                                                      r  u_tlb_manager/u_tlb/pre_paddr[21]_i_10/I1
                         LUT6 (Prop_lut6_I1_O)        0.105    19.738 r  u_tlb_manager/u_tlb/pre_paddr[21]_i_10/O
                         net (fo=1, unplaced)         0.582    20.320    u_tlb_manager/u_tlb/pre_paddr[21]_i_10_n_0
                                                                      r  u_tlb_manager/u_tlb/pre_paddr[21]_i_7/I1
                         LUT6 (Prop_lut6_I1_O)        0.105    20.425 f  u_tlb_manager/u_tlb/pre_paddr[21]_i_7/O
                         net (fo=2, unplaced)         0.593    21.018    u_tlb_manager/u_tlb/s0_ps[5]
                                                                      f  u_tlb_manager/u_tlb/fifo_ptr[2]_i_3__0/I0
                         LUT6 (Prop_lut6_I0_O)        0.105    21.123 r  u_tlb_manager/u_tlb/fifo_ptr[2]_i_3__0/O
                         net (fo=1, unplaced)         0.347    21.470    u_tlb_manager/u_tlb/fifo_ptr[2]_i_3__0_n_0
                                                                      r  u_tlb_manager/u_tlb/fifo_ptr[2]_i_2__0/I1
                         LUT6 (Prop_lut6_I1_O)        0.105    21.575 r  u_tlb_manager/u_tlb/fifo_ptr[2]_i_2__0/O
                         net (fo=19, unplaced)        0.406    21.981    u_tlb_manager/u_l1_tlb_i/refill_en
                                                                      r  u_tlb_manager/u_l1_tlb_i/e_key[0][19]_i_1/I1
                         LUT5 (Prop_lut5_I1_O)        0.105    22.086 r  u_tlb_manager/u_l1_tlb_i/e_key[0][19]_i_1/O
                         net (fo=45, unplaced)        0.446    22.532    u_tlb_manager/u_l1_tlb_i/e_key
                         FDRE                                         r  u_tlb_manager/u_l1_tlb_i/e_key_reg[0][11]/CE
  -------------------------------------------------------------------    -------------------

                         (clock aclk rise edge)      10.000    10.000 r  
                                                      0.000    10.000 r  aclk (IN)
                         net (fo=53882, unset)        0.748    10.748    u_tlb_manager/u_l1_tlb_i/aclk
                         FDRE                                         r  u_tlb_manager/u_l1_tlb_i/e_key_reg[0][11]/C
                         clock pessimism              0.000    10.748    
                         clock uncertainty           -0.035    10.712    
                         FDRE (Setup_fdre_C_CE)      -0.165    10.547    u_tlb_manager/u_l1_tlb_i/e_key_reg[0][11]
  -------------------------------------------------------------------
                         required time                         10.547    
                         arrival time                         -22.532    
  -------------------------------------------------------------------
                         slack                                -11.985    

Slack (VIOLATED) :        -11.985ns  (required time - arrival time)
  Source:                 u_icache/tag_arr_reg[3][119][3]/C
                            (rising edge-triggered cell FDRE clocked by aclk  {rise@0.000ns fall@5.000ns period=10.000ns})
  Destination:            u_tlb_manager/u_l1_tlb_i/e_key_reg[0][12]/CE
                            (rising edge-triggered cell FDRE clocked by aclk  {rise@0.000ns fall@5.000ns period=10.000ns})
  Path Group:             aclk
  Path Type:              Setup (Max at Slow Process Corner)
  Requirement:            10.000ns  (aclk rise@10.000ns - aclk rise@0.000ns)
  Data Path Delay:        21.745ns  (logic 5.986ns (27.528%)  route 15.759ns (72.472%))
  Logic Levels:           36  (CARRY4=4 LUT2=1 LUT3=3 LUT4=3 LUT5=2 LUT6=20 MUXF7=2 MUXF8=1)
  Clock Path Skew:        -0.039ns (DCD - SCD + CPR)
    Destination Clock Delay (DCD):    0.748ns = ( 10.748 - 10.000 ) 
    Source Clock Delay      (SCD):    0.787ns
    Clock Pessimism Removal (CPR):    0.000ns
  Clock Uncertainty:      0.035ns  ((TSJ^2 + TIJ^2)^1/2 + DJ) / 2 + PE
    Total System Jitter     (TSJ):    0.071ns
    Total Input Jitter      (TIJ):    0.000ns
    Discrete Jitter          (DJ):    0.000ns
    Phase Error              (PE):    0.000ns

    Location             Delay type                Incr(ns)  Path(ns)    Netlist Resource(s)
  -------------------------------------------------------------------    -------------------
                         (clock aclk rise edge)       0.000     0.000 r  
                                                      0.000     0.000 r  aclk (IN)
                         net (fo=53882, unset)        0.787     0.787    u_icache/aclk
                         FDRE                                         r  u_icache/tag_arr_reg[3][119][3]/C
  -------------------------------------------------------------------    -------------------
                         FDRE (Prop_fdre_C_Q)         0.379     1.166 r  u_icache/tag_arr_reg[3][119][3]/Q
                         net (fo=1, unplaced)         0.779     1.945    u_icache/tag_arr_reg_n_0_[3][119][3]
                                                                      r  u_icache/FSM_onehot_state[5]_i_4699/I0
                         LUT6 (Prop_lut6_I0_O)        0.232     2.177 r  u_icache/FSM_onehot_state[5]_i_4699/O
                         net (fo=1, unplaced)         0.000     2.177    u_icache/FSM_onehot_state[5]_i_4699_n_0
                                                                      r  u_icache/FSM_onehot_state_reg[5]_i_3794/I1
                         MUXF7 (Prop_muxf7_I1_O)      0.206     2.383 r  u_icache/FSM_onehot_state_reg[5]_i_3794/O
                         net (fo=1, unplaced)         0.000     2.383    u_icache/FSM_onehot_state_reg[5]_i_3794_n_0
                                                                      r  u_icache/FSM_onehot_state_reg[5]_i_2318/I0
                         MUXF8 (Prop_muxf8_I0_O)      0.085     2.468 r  u_icache/FSM_onehot_state_reg[5]_i_2318/O
                         net (fo=1, unplaced)         0.563     3.031    u_icache/FSM_onehot_state_reg[5]_i_2318_n_0
                                                                      r  u_icache/FSM_onehot_state[5]_i_1111/I0
                         LUT6 (Prop_lut6_I0_O)        0.259     3.290 r  u_icache/FSM_onehot_state[5]_i_1111/O
                         net (fo=1, unplaced)         0.000     3.290    u_icache/FSM_onehot_state[5]_i_1111_n_0
                                                                      r  u_icache/FSM_onehot_state_reg[5]_i_494/I1
                         MUXF7 (Prop_muxf7_I1_O)      0.206     3.496 r  u_icache/FSM_onehot_state_reg[5]_i_494/O
                         net (fo=1, unplaced)         0.584     4.080    u_icache/tag_arr[3]
                                                                      r  u_icache/FSM_onehot_state[5]_i_187/I0
                         LUT6 (Prop_lut6_I0_O)        0.242     4.322 r  u_icache/FSM_onehot_state[5]_i_187/O
                         net (fo=1, unplaced)         0.000     4.322    u_icache/FSM_onehot_state[5]_i_187_n_0
                                                                      r  u_icache/FSM_onehot_state_reg[5]_i_68/S[1]
                         CARRY4 (Prop_carry4_S[1]_CO[3])
                                                      0.457     4.779 r  u_icache/FSM_onehot_state_reg[5]_i_68/CO[3]
                         net (fo=1, unplaced)         0.008     4.787    u_icache/FSM_onehot_state_reg[5]_i_68_n_0
                                                                      r  u_icache/FSM_onehot_state_reg[5]_i_21/CI
                         CARRY4 (Prop_carry4_CI_CO[2])
                                                      0.209     4.996 f  u_icache/FSM_onehot_state_reg[5]_i_21/CO[2]
                         net (fo=24, unplaced)        0.413     5.409    u_icache/way_hit_30
                                                                      f  u_icache/FSM_onehot_state[5]_i_7/I2
                         LUT4 (Prop_lut4_I2_O)        0.252     5.661 f  u_icache/FSM_onehot_state[5]_i_7/O
                         net (fo=5, unplaced)         0.375     6.036    u_icache/FSM_onehot_state[5]_i_7_n_0
                                                                      f  u_icache/valid_arr[3][99]_i_4/I4
                         LUT5 (Prop_lut5_I4_O)        0.105     6.141 f  u_icache/valid_arr[3][99]_i_4/O
                         net (fo=57, unplaced)        0.433     6.574    u_icache/hit_any
                                                                      f  u_icache/if_rline[255]_i_7/I0
                         LUT4 (Prop_lut4_I0_O)        0.105     6.679 f  u_icache/if_rline[255]_i_7/O
                         net (fo=257, unplaced)       0.470     7.149    u_icache/lookup_hit
                                                                      f  u_icache/if_rline[255]_i_4/I0
                         LUT2 (Prop_lut2_I0_O)        0.105     7.254 f  u_icache/if_rline[255]_i_4/O
                         net (fo=12, unplaced)        0.395     7.649    u_ifu/ic_ifu_data_ok
                                                                      f  u_ifu/if_rline[255]_i_5/I2
                         LUT3 (Prop_lut3_I2_O)        0.105     7.754 r  u_ifu/if_rline[255]_i_5/O
                         net (fo=128, unplaced)       0.453     8.207    u_ifu/if_rline[255]_i_5_n_0
                                                                      r  u_ifu/mem[14][61]_i_12/I4
                         LUT6 (Prop_lut6_I4_O)        0.105     8.312 f  u_ifu/mem[14][61]_i_12/O
                         net (fo=2, unplaced)         0.593     8.905    u_ifu/mem[14][61]_i_12_n_0
                                                                      f  u_ifu/mem[14][61]_i_5/I1
                         LUT6 (Prop_lut6_I1_O)        0.105     9.010 f  u_ifu/mem[14][61]_i_5/O
                         net (fo=3, unplaced)         0.956     9.966    u_ifu/mem[14][61]_i_5_n_0
                                                                      f  u_ifu/i_excp_adef_o_i_43/I0
                         LUT6 (Prop_lut6_I0_O)        0.105    10.071 r  u_ifu/i_excp_adef_o_i_43/O
                         net (fo=3, unplaced)         0.346    10.417    u_ifu/i_excp_adef_o_i_43_n_0
                                                                      r  u_ifu/i_excp_adef_o_i_20/I0
                         LUT4 (Prop_lut4_I0_O)        0.126    10.543 r  u_ifu/i_excp_adef_o_i_20/O
                         net (fo=3, unplaced)         0.600    11.143    u_ifu/i_excp_adef_o_i_20_n_0
                                                                      r  u_ifu/i_excp_adef_o_i_8/I0
                         LUT6 (Prop_lut6_I0_O)        0.105    11.248 r  u_ifu/i_excp_adef_o_i_8/O
                         net (fo=5, unplaced)         0.556    11.804    u_ifu/i_excp_adef_o_i_8_n_0
                                                                      r  u_ifu/i_excp_adef_o_i_2/I3
                         LUT6 (Prop_lut6_I3_O)        0.105    11.909 r  u_ifu/i_excp_adef_o_i_2/O
                         net (fo=44, unplaced)        0.426    12.335    u_ifu/ifu_ftq_accept
                                                                      r  u_ifu/e_key[0][4]_i_1/I1
                         LUT3 (Prop_lut3_I1_O)        0.105    12.440 r  u_ifu/e_key[0][4]_i_1/O
                         net (fo=19, unplaced)        0.406    12.846    u_csr_exception_commit_handler/mmu_tlbm_inst_vaddr[3]
                                                                      r  u_csr_exception_commit_handler/e_ppn[0][19]_i_443__0/I2
                         LUT3 (Prop_lut3_I2_O)        0.105    12.951 r  u_csr_exception_commit_handler/e_ppn[0][19]_i_443__0/O
                         net (fo=32, unplaced)        0.653    13.604    u_tlb_manager/u_tlb/csr_tlbidx_reg[1]_i_38_5
                                                                      r  u_tlb_manager/u_tlb/e_ppn[0][19]_i_481/I1
                         LUT6 (Prop_lut6_I1_O)        0.105    13.709 r  u_tlb_manager/u_tlb/e_ppn[0][19]_i_481/O
                         net (fo=1, unplaced)         0.000    13.709    u_tlb_manager/u_tlb/e_ppn[0][19]_i_481_n_0
                                                                      r  u_tlb_manager/u_tlb/e_ppn_reg[0][19]_i_383/S[1]
                         CARRY4 (Prop_carry4_S[1]_CO[3])
                                                      0.457    14.166 r  u_tlb_manager/u_tlb/e_ppn_reg[0][19]_i_383/CO[3]
                         net (fo=1, unplaced)         0.008    14.174    u_tlb_manager/u_tlb/e_ppn_reg[0][19]_i_383_n_0
                                                                      r  u_tlb_manager/u_tlb/e_ppn_reg[0][19]_i_196/CI
                         CARRY4 (Prop_carry4_CI_CO[2])
                                                      0.209    14.383 r  u_tlb_manager/u_tlb/e_ppn_reg[0][19]_i_196/CO[2]
                         net (fo=1, unplaced)         0.349    14.732    u_tlb_manager/u_tlb/e_ppn_reg[0][19]_i_196_n_1
                                                                      r  u_tlb_manager/u_tlb/e_ppn[0][19]_i_86/I0
                         LUT6 (Prop_lut6_I0_O)        0.252    14.984 f  u_tlb_manager/u_tlb/e_ppn[0][19]_i_86/O
                         net (fo=4, unplaced)         0.962    15.946    u_tlb_manager/u_tlb/e_ppn[0][19]_i_86_n_0
                                                                      f  u_tlb_manager/u_tlb/csr_tlbidx[0]_i_50/I1
                         LUT6 (Prop_lut6_I1_O)        0.105    16.051 r  u_tlb_manager/u_tlb/csr_tlbidx[0]_i_50/O
                         net (fo=1, unplaced)         0.347    16.398    u_tlb_manager/u_tlb/csr_tlbidx[0]_i_50_n_0
                                                                      r  u_tlb_manager/u_tlb/csr_tlbidx[0]_i_25/I4
                         LUT6 (Prop_lut6_I4_O)        0.105    16.503 r  u_tlb_manager/u_tlb/csr_tlbidx[0]_i_25/O
                         net (fo=2, unplaced)         0.358    16.861    u_tlb_manager/u_tlb/csr_tlbidx[0]_i_25_n_0
                                                                      r  u_tlb_manager/u_tlb/csr_tlbidx[0]_i_11/I2
                         LUT6 (Prop_lut6_I2_O)        0.105    16.966 r  u_tlb_manager/u_tlb/csr_tlbidx[0]_i_11/O
                         net (fo=1, unplaced)         0.347    17.313    u_tlb_manager/u_tlb/csr_tlbidx[0]_i_11_n_0
                                                                      r  u_tlb_manager/u_tlb/csr_tlbidx[0]_i_3/I3
                         LUT6 (Prop_lut6_I3_O)        0.105    17.418 f  u_tlb_manager/u_tlb/csr_tlbidx[0]_i_3/O
                         net (fo=1, unplaced)         0.582    18.000    u_tlb_manager/u_tlb/csr_tlbidx[0]_i_3_n_0
                                                                      f  u_tlb_manager/u_tlb/csr_tlbidx[0]_i_2/I0
                         LUT6 (Prop_lut6_I0_O)        0.105    18.105 r  u_tlb_manager/u_tlb/csr_tlbidx[0]_i_2/O
                         net (fo=463, unplaced)       0.485    18.590    u_tlb_manager/u_tlb/tlb_g_reg[28]_1
                                                                      r  u_tlb_manager/u_tlb/pre_paddr[21]_i_14/I4
                         LUT6 (Prop_lut6_I4_O)        0.105    18.695 r  u_tlb_manager/u_tlb/pre_paddr[21]_i_14/O
                         net (fo=1, unplaced)         0.938    19.633    u_tlb_manager/u_tlb/pre_paddr[21]_i_14_n_0
                                                                      r  u_tlb_manager/u_tlb/pre_paddr[21]_i_10/I1
                         LUT6 (Prop_lut6_I1_O)        0.105    19.738 r  u_tlb_manager/u_tlb/pre_paddr[21]_i_10/O
                         net (fo=1, unplaced)         0.582    20.320    u_tlb_manager/u_tlb/pre_paddr[21]_i_10_n_0
                                                                      r  u_tlb_manager/u_tlb/pre_paddr[21]_i_7/I1
                         LUT6 (Prop_lut6_I1_O)        0.105    20.425 f  u_tlb_manager/u_tlb/pre_paddr[21]_i_7/O
                         net (fo=2, unplaced)         0.593    21.018    u_tlb_manager/u_tlb/s0_ps[5]
                                                                      f  u_tlb_manager/u_tlb/fifo_ptr[2]_i_3__0/I0
                         LUT6 (Prop_lut6_I0_O)        0.105    21.123 r  u_tlb_manager/u_tlb/fifo_ptr[2]_i_3__0/O
                         net (fo=1, unplaced)         0.347    21.470    u_tlb_manager/u_tlb/fifo_ptr[2]_i_3__0_n_0
                                                                      r  u_tlb_manager/u_tlb/fifo_ptr[2]_i_2__0/I1
                         LUT6 (Prop_lut6_I1_O)        0.105    21.575 r  u_tlb_manager/u_tlb/fifo_ptr[2]_i_2__0/O
                         net (fo=19, unplaced)        0.406    21.981    u_tlb_manager/u_l1_tlb_i/refill_en
                                                                      r  u_tlb_manager/u_l1_tlb_i/e_key[0][19]_i_1/I1
                         LUT5 (Prop_lut5_I1_O)        0.105    22.086 r  u_tlb_manager/u_l1_tlb_i/e_key[0][19]_i_1/O
                         net (fo=45, unplaced)        0.446    22.532    u_tlb_manager/u_l1_tlb_i/e_key
                         FDRE                                         r  u_tlb_manager/u_l1_tlb_i/e_key_reg[0][12]/CE
  -------------------------------------------------------------------    -------------------

                         (clock aclk rise edge)      10.000    10.000 r  
                                                      0.000    10.000 r  aclk (IN)
                         net (fo=53882, unset)        0.748    10.748    u_tlb_manager/u_l1_tlb_i/aclk
                         FDRE                                         r  u_tlb_manager/u_l1_tlb_i/e_key_reg[0][12]/C
                         clock pessimism              0.000    10.748    
                         clock uncertainty           -0.035    10.712    
                         FDRE (Setup_fdre_C_CE)      -0.165    10.547    u_tlb_manager/u_l1_tlb_i/e_key_reg[0][12]
  -------------------------------------------------------------------
                         required time                         10.547    
                         arrival time                         -22.532    
  -------------------------------------------------------------------
                         slack                                -11.985    

Slack (VIOLATED) :        -11.985ns  (required time - arrival time)
  Source:                 u_icache/tag_arr_reg[3][119][3]/C
                            (rising edge-triggered cell FDRE clocked by aclk  {rise@0.000ns fall@5.000ns period=10.000ns})
  Destination:            u_tlb_manager/u_l1_tlb_i/e_key_reg[0][13]/CE
                            (rising edge-triggered cell FDRE clocked by aclk  {rise@0.000ns fall@5.000ns period=10.000ns})
  Path Group:             aclk
  Path Type:              Setup (Max at Slow Process Corner)
  Requirement:            10.000ns  (aclk rise@10.000ns - aclk rise@0.000ns)
  Data Path Delay:        21.745ns  (logic 5.986ns (27.528%)  route 15.759ns (72.472%))
  Logic Levels:           36  (CARRY4=4 LUT2=1 LUT3=3 LUT4=3 LUT5=2 LUT6=20 MUXF7=2 MUXF8=1)
  Clock Path Skew:        -0.039ns (DCD - SCD + CPR)
    Destination Clock Delay (DCD):    0.748ns = ( 10.748 - 10.000 ) 
    Source Clock Delay      (SCD):    0.787ns
    Clock Pessimism Removal (CPR):    0.000ns
  Clock Uncertainty:      0.035ns  ((TSJ^2 + TIJ^2)^1/2 + DJ) / 2 + PE
    Total System Jitter     (TSJ):    0.071ns
    Total Input Jitter      (TIJ):    0.000ns
    Discrete Jitter          (DJ):    0.000ns
    Phase Error              (PE):    0.000ns

    Location             Delay type                Incr(ns)  Path(ns)    Netlist Resource(s)
  -------------------------------------------------------------------    -------------------
                         (clock aclk rise edge)       0.000     0.000 r  
                                                      0.000     0.000 r  aclk (IN)
                         net (fo=53882, unset)        0.787     0.787    u_icache/aclk
                         FDRE                                         r  u_icache/tag_arr_reg[3][119][3]/C
  -------------------------------------------------------------------    -------------------
                         FDRE (Prop_fdre_C_Q)         0.379     1.166 r  u_icache/tag_arr_reg[3][119][3]/Q
                         net (fo=1, unplaced)         0.779     1.945    u_icache/tag_arr_reg_n_0_[3][119][3]
                                                                      r  u_icache/FSM_onehot_state[5]_i_4699/I0
                         LUT6 (Prop_lut6_I0_O)        0.232     2.177 r  u_icache/FSM_onehot_state[5]_i_4699/O
                         net (fo=1, unplaced)         0.000     2.177    u_icache/FSM_onehot_state[5]_i_4699_n_0
                                                                      r  u_icache/FSM_onehot_state_reg[5]_i_3794/I1
                         MUXF7 (Prop_muxf7_I1_O)      0.206     2.383 r  u_icache/FSM_onehot_state_reg[5]_i_3794/O
                         net (fo=1, unplaced)         0.000     2.383    u_icache/FSM_onehot_state_reg[5]_i_3794_n_0
                                                                      r  u_icache/FSM_onehot_state_reg[5]_i_2318/I0
                         MUXF8 (Prop_muxf8_I0_O)      0.085     2.468 r  u_icache/FSM_onehot_state_reg[5]_i_2318/O
                         net (fo=1, unplaced)         0.563     3.031    u_icache/FSM_onehot_state_reg[5]_i_2318_n_0
                                                                      r  u_icache/FSM_onehot_state[5]_i_1111/I0
                         LUT6 (Prop_lut6_I0_O)        0.259     3.290 r  u_icache/FSM_onehot_state[5]_i_1111/O
                         net (fo=1, unplaced)         0.000     3.290    u_icache/FSM_onehot_state[5]_i_1111_n_0
                                                                      r  u_icache/FSM_onehot_state_reg[5]_i_494/I1
                         MUXF7 (Prop_muxf7_I1_O)      0.206     3.496 r  u_icache/FSM_onehot_state_reg[5]_i_494/O
                         net (fo=1, unplaced)         0.584     4.080    u_icache/tag_arr[3]
                                                                      r  u_icache/FSM_onehot_state[5]_i_187/I0
                         LUT6 (Prop_lut6_I0_O)        0.242     4.322 r  u_icache/FSM_onehot_state[5]_i_187/O
                         net (fo=1, unplaced)         0.000     4.322    u_icache/FSM_onehot_state[5]_i_187_n_0
                                                                      r  u_icache/FSM_onehot_state_reg[5]_i_68/S[1]
                         CARRY4 (Prop_carry4_S[1]_CO[3])
                                                      0.457     4.779 r  u_icache/FSM_onehot_state_reg[5]_i_68/CO[3]
                         net (fo=1, unplaced)         0.008     4.787    u_icache/FSM_onehot_state_reg[5]_i_68_n_0
                                                                      r  u_icache/FSM_onehot_state_reg[5]_i_21/CI
                         CARRY4 (Prop_carry4_CI_CO[2])
                                                      0.209     4.996 f  u_icache/FSM_onehot_state_reg[5]_i_21/CO[2]
                         net (fo=24, unplaced)        0.413     5.409    u_icache/way_hit_30
                                                                      f  u_icache/FSM_onehot_state[5]_i_7/I2
                         LUT4 (Prop_lut4_I2_O)        0.252     5.661 f  u_icache/FSM_onehot_state[5]_i_7/O
                         net (fo=5, unplaced)         0.375     6.036    u_icache/FSM_onehot_state[5]_i_7_n_0
                                                                      f  u_icache/valid_arr[3][99]_i_4/I4
                         LUT5 (Prop_lut5_I4_O)        0.105     6.141 f  u_icache/valid_arr[3][99]_i_4/O
                         net (fo=57, unplaced)        0.433     6.574    u_icache/hit_any
                                                                      f  u_icache/if_rline[255]_i_7/I0
                         LUT4 (Prop_lut4_I0_O)        0.105     6.679 f  u_icache/if_rline[255]_i_7/O
                         net (fo=257, unplaced)       0.470     7.149    u_icache/lookup_hit
                                                                      f  u_icache/if_rline[255]_i_4/I0
                         LUT2 (Prop_lut2_I0_O)        0.105     7.254 f  u_icache/if_rline[255]_i_4/O
                         net (fo=12, unplaced)        0.395     7.649    u_ifu/ic_ifu_data_ok
                                                                      f  u_ifu/if_rline[255]_i_5/I2
                         LUT3 (Prop_lut3_I2_O)        0.105     7.754 r  u_ifu/if_rline[255]_i_5/O
                         net (fo=128, unplaced)       0.453     8.207    u_ifu/if_rline[255]_i_5_n_0
                                                                      r  u_ifu/mem[14][61]_i_12/I4
                         LUT6 (Prop_lut6_I4_O)        0.105     8.312 f  u_ifu/mem[14][61]_i_12/O
                         net (fo=2, unplaced)         0.593     8.905    u_ifu/mem[14][61]_i_12_n_0
                                                                      f  u_ifu/mem[14][61]_i_5/I1
                         LUT6 (Prop_lut6_I1_O)        0.105     9.010 f  u_ifu/mem[14][61]_i_5/O
                         net (fo=3, unplaced)         0.956     9.966    u_ifu/mem[14][61]_i_5_n_0
                                                                      f  u_ifu/i_excp_adef_o_i_43/I0
                         LUT6 (Prop_lut6_I0_O)        0.105    10.071 r  u_ifu/i_excp_adef_o_i_43/O
                         net (fo=3, unplaced)         0.346    10.417    u_ifu/i_excp_adef_o_i_43_n_0
                                                                      r  u_ifu/i_excp_adef_o_i_20/I0
                         LUT4 (Prop_lut4_I0_O)        0.126    10.543 r  u_ifu/i_excp_adef_o_i_20/O
                         net (fo=3, unplaced)         0.600    11.143    u_ifu/i_excp_adef_o_i_20_n_0
                                                                      r  u_ifu/i_excp_adef_o_i_8/I0
                         LUT6 (Prop_lut6_I0_O)        0.105    11.248 r  u_ifu/i_excp_adef_o_i_8/O
                         net (fo=5, unplaced)         0.556    11.804    u_ifu/i_excp_adef_o_i_8_n_0
                                                                      r  u_ifu/i_excp_adef_o_i_2/I3
                         LUT6 (Prop_lut6_I3_O)        0.105    11.909 r  u_ifu/i_excp_adef_o_i_2/O
                         net (fo=44, unplaced)        0.426    12.335    u_ifu/ifu_ftq_accept
                                                                      r  u_ifu/e_key[0][4]_i_1/I1
                         LUT3 (Prop_lut3_I1_O)        0.105    12.440 r  u_ifu/e_key[0][4]_i_1/O
                         net (fo=19, unplaced)        0.406    12.846    u_csr_exception_commit_handler/mmu_tlbm_inst_vaddr[3]
                                                                      r  u_csr_exception_commit_handler/e_ppn[0][19]_i_443__0/I2
                         LUT3 (Prop_lut3_I2_O)        0.105    12.951 r  u_csr_exception_commit_handler/e_ppn[0][19]_i_443__0/O
                         net (fo=32, unplaced)        0.653    13.604    u_tlb_manager/u_tlb/csr_tlbidx_reg[1]_i_38_5
                                                                      r  u_tlb_manager/u_tlb/e_ppn[0][19]_i_481/I1
                         LUT6 (Prop_lut6_I1_O)        0.105    13.709 r  u_tlb_manager/u_tlb/e_ppn[0][19]_i_481/O
                         net (fo=1, unplaced)         0.000    13.709    u_tlb_manager/u_tlb/e_ppn[0][19]_i_481_n_0
                                                                      r  u_tlb_manager/u_tlb/e_ppn_reg[0][19]_i_383/S[1]
                         CARRY4 (Prop_carry4_S[1]_CO[3])
                                                      0.457    14.166 r  u_tlb_manager/u_tlb/e_ppn_reg[0][19]_i_383/CO[3]
                         net (fo=1, unplaced)         0.008    14.174    u_tlb_manager/u_tlb/e_ppn_reg[0][19]_i_383_n_0
                                                                      r  u_tlb_manager/u_tlb/e_ppn_reg[0][19]_i_196/CI
                         CARRY4 (Prop_carry4_CI_CO[2])
                                                      0.209    14.383 r  u_tlb_manager/u_tlb/e_ppn_reg[0][19]_i_196/CO[2]
                         net (fo=1, unplaced)         0.349    14.732    u_tlb_manager/u_tlb/e_ppn_reg[0][19]_i_196_n_1
                                                                      r  u_tlb_manager/u_tlb/e_ppn[0][19]_i_86/I0
                         LUT6 (Prop_lut6_I0_O)        0.252    14.984 f  u_tlb_manager/u_tlb/e_ppn[0][19]_i_86/O
                         net (fo=4, unplaced)         0.962    15.946    u_tlb_manager/u_tlb/e_ppn[0][19]_i_86_n_0
                                                                      f  u_tlb_manager/u_tlb/csr_tlbidx[0]_i_50/I1
                         LUT6 (Prop_lut6_I1_O)        0.105    16.051 r  u_tlb_manager/u_tlb/csr_tlbidx[0]_i_50/O
                         net (fo=1, unplaced)         0.347    16.398    u_tlb_manager/u_tlb/csr_tlbidx[0]_i_50_n_0
                                                                      r  u_tlb_manager/u_tlb/csr_tlbidx[0]_i_25/I4
                         LUT6 (Prop_lut6_I4_O)        0.105    16.503 r  u_tlb_manager/u_tlb/csr_tlbidx[0]_i_25/O
                         net (fo=2, unplaced)         0.358    16.861    u_tlb_manager/u_tlb/csr_tlbidx[0]_i_25_n_0
                                                                      r  u_tlb_manager/u_tlb/csr_tlbidx[0]_i_11/I2
                         LUT6 (Prop_lut6_I2_O)        0.105    16.966 r  u_tlb_manager/u_tlb/csr_tlbidx[0]_i_11/O
                         net (fo=1, unplaced)         0.347    17.313    u_tlb_manager/u_tlb/csr_tlbidx[0]_i_11_n_0
                                                                      r  u_tlb_manager/u_tlb/csr_tlbidx[0]_i_3/I3
                         LUT6 (Prop_lut6_I3_O)        0.105    17.418 f  u_tlb_manager/u_tlb/csr_tlbidx[0]_i_3/O
                         net (fo=1, unplaced)         0.582    18.000    u_tlb_manager/u_tlb/csr_tlbidx[0]_i_3_n_0
                                                                      f  u_tlb_manager/u_tlb/csr_tlbidx[0]_i_2/I0
                         LUT6 (Prop_lut6_I0_O)        0.105    18.105 r  u_tlb_manager/u_tlb/csr_tlbidx[0]_i_2/O
                         net (fo=463, unplaced)       0.485    18.590    u_tlb_manager/u_tlb/tlb_g_reg[28]_1
                                                                      r  u_tlb_manager/u_tlb/pre_paddr[21]_i_14/I4
                         LUT6 (Prop_lut6_I4_O)        0.105    18.695 r  u_tlb_manager/u_tlb/pre_paddr[21]_i_14/O
                         net (fo=1, unplaced)         0.938    19.633    u_tlb_manager/u_tlb/pre_paddr[21]_i_14_n_0
                                                                      r  u_tlb_manager/u_tlb/pre_paddr[21]_i_10/I1
                         LUT6 (Prop_lut6_I1_O)        0.105    19.738 r  u_tlb_manager/u_tlb/pre_paddr[21]_i_10/O
                         net (fo=1, unplaced)         0.582    20.320    u_tlb_manager/u_tlb/pre_paddr[21]_i_10_n_0
                                                                      r  u_tlb_manager/u_tlb/pre_paddr[21]_i_7/I1
                         LUT6 (Prop_lut6_I1_O)        0.105    20.425 f  u_tlb_manager/u_tlb/pre_paddr[21]_i_7/O
                         net (fo=2, unplaced)         0.593    21.018    u_tlb_manager/u_tlb/s0_ps[5]
                                                                      f  u_tlb_manager/u_tlb/fifo_ptr[2]_i_3__0/I0
                         LUT6 (Prop_lut6_I0_O)        0.105    21.123 r  u_tlb_manager/u_tlb/fifo_ptr[2]_i_3__0/O
                         net (fo=1, unplaced)         0.347    21.470    u_tlb_manager/u_tlb/fifo_ptr[2]_i_3__0_n_0
                                                                      r  u_tlb_manager/u_tlb/fifo_ptr[2]_i_2__0/I1
                         LUT6 (Prop_lut6_I1_O)        0.105    21.575 r  u_tlb_manager/u_tlb/fifo_ptr[2]_i_2__0/O
                         net (fo=19, unplaced)        0.406    21.981    u_tlb_manager/u_l1_tlb_i/refill_en
                                                                      r  u_tlb_manager/u_l1_tlb_i/e_key[0][19]_i_1/I1
                         LUT5 (Prop_lut5_I1_O)        0.105    22.086 r  u_tlb_manager/u_l1_tlb_i/e_key[0][19]_i_1/O
                         net (fo=45, unplaced)        0.446    22.532    u_tlb_manager/u_l1_tlb_i/e_key
                         FDRE                                         r  u_tlb_manager/u_l1_tlb_i/e_key_reg[0][13]/CE
  -------------------------------------------------------------------    -------------------

                         (clock aclk rise edge)      10.000    10.000 r  
                                                      0.000    10.000 r  aclk (IN)
                         net (fo=53882, unset)        0.748    10.748    u_tlb_manager/u_l1_tlb_i/aclk
                         FDRE                                         r  u_tlb_manager/u_l1_tlb_i/e_key_reg[0][13]/C
                         clock pessimism              0.000    10.748    
                         clock uncertainty           -0.035    10.712    
                         FDRE (Setup_fdre_C_CE)      -0.165    10.547    u_tlb_manager/u_l1_tlb_i/e_key_reg[0][13]
  -------------------------------------------------------------------
                         required time                         10.547    
                         arrival time                         -22.532    
  -------------------------------------------------------------------
                         slack                                -11.985    

Slack (VIOLATED) :        -11.985ns  (required time - arrival time)
  Source:                 u_icache/tag_arr_reg[3][119][3]/C
                            (rising edge-triggered cell FDRE clocked by aclk  {rise@0.000ns fall@5.000ns period=10.000ns})
  Destination:            u_tlb_manager/u_l1_tlb_i/e_key_reg[0][14]/CE
                            (rising edge-triggered cell FDRE clocked by aclk  {rise@0.000ns fall@5.000ns period=10.000ns})
  Path Group:             aclk
  Path Type:              Setup (Max at Slow Process Corner)
  Requirement:            10.000ns  (aclk rise@10.000ns - aclk rise@0.000ns)
  Data Path Delay:        21.745ns  (logic 5.986ns (27.528%)  route 15.759ns (72.472%))
  Logic Levels:           36  (CARRY4=4 LUT2=1 LUT3=3 LUT4=3 LUT5=2 LUT6=20 MUXF7=2 MUXF8=1)
  Clock Path Skew:        -0.039ns (DCD - SCD + CPR)
    Destination Clock Delay (DCD):    0.748ns = ( 10.748 - 10.000 ) 
    Source Clock Delay      (SCD):    0.787ns
    Clock Pessimism Removal (CPR):    0.000ns
  Clock Uncertainty:      0.035ns  ((TSJ^2 + TIJ^2)^1/2 + DJ) / 2 + PE
    Total System Jitter     (TSJ):    0.071ns
    Total Input Jitter      (TIJ):    0.000ns
    Discrete Jitter          (DJ):    0.000ns
    Phase Error              (PE):    0.000ns

    Location             Delay type                Incr(ns)  Path(ns)    Netlist Resource(s)
  -------------------------------------------------------------------    -------------------
                         (clock aclk rise edge)       0.000     0.000 r  
                                                      0.000     0.000 r  aclk (IN)
                         net (fo=53882, unset)        0.787     0.787    u_icache/aclk
                         FDRE                                         r  u_icache/tag_arr_reg[3][119][3]/C
  -------------------------------------------------------------------    -------------------
                         FDRE (Prop_fdre_C_Q)         0.379     1.166 r  u_icache/tag_arr_reg[3][119][3]/Q
                         net (fo=1, unplaced)         0.779     1.945    u_icache/tag_arr_reg_n_0_[3][119][3]
                                                                      r  u_icache/FSM_onehot_state[5]_i_4699/I0
                         LUT6 (Prop_lut6_I0_O)        0.232     2.177 r  u_icache/FSM_onehot_state[5]_i_4699/O
                         net (fo=1, unplaced)         0.000     2.177    u_icache/FSM_onehot_state[5]_i_4699_n_0
                                                                      r  u_icache/FSM_onehot_state_reg[5]_i_3794/I1
                         MUXF7 (Prop_muxf7_I1_O)      0.206     2.383 r  u_icache/FSM_onehot_state_reg[5]_i_3794/O
                         net (fo=1, unplaced)         0.000     2.383    u_icache/FSM_onehot_state_reg[5]_i_3794_n_0
                                                                      r  u_icache/FSM_onehot_state_reg[5]_i_2318/I0
                         MUXF8 (Prop_muxf8_I0_O)      0.085     2.468 r  u_icache/FSM_onehot_state_reg[5]_i_2318/O
                         net (fo=1, unplaced)         0.563     3.031    u_icache/FSM_onehot_state_reg[5]_i_2318_n_0
                                                                      r  u_icache/FSM_onehot_state[5]_i_1111/I0
                         LUT6 (Prop_lut6_I0_O)        0.259     3.290 r  u_icache/FSM_onehot_state[5]_i_1111/O
                         net (fo=1, unplaced)         0.000     3.290    u_icache/FSM_onehot_state[5]_i_1111_n_0
                                                                      r  u_icache/FSM_onehot_state_reg[5]_i_494/I1
                         MUXF7 (Prop_muxf7_I1_O)      0.206     3.496 r  u_icache/FSM_onehot_state_reg[5]_i_494/O
                         net (fo=1, unplaced)         0.584     4.080    u_icache/tag_arr[3]
                                                                      r  u_icache/FSM_onehot_state[5]_i_187/I0
                         LUT6 (Prop_lut6_I0_O)        0.242     4.322 r  u_icache/FSM_onehot_state[5]_i_187/O
                         net (fo=1, unplaced)         0.000     4.322    u_icache/FSM_onehot_state[5]_i_187_n_0
                                                                      r  u_icache/FSM_onehot_state_reg[5]_i_68/S[1]
                         CARRY4 (Prop_carry4_S[1]_CO[3])
                                                      0.457     4.779 r  u_icache/FSM_onehot_state_reg[5]_i_68/CO[3]
                         net (fo=1, unplaced)         0.008     4.787    u_icache/FSM_onehot_state_reg[5]_i_68_n_0
                                                                      r  u_icache/FSM_onehot_state_reg[5]_i_21/CI
                         CARRY4 (Prop_carry4_CI_CO[2])
                                                      0.209     4.996 f  u_icache/FSM_onehot_state_reg[5]_i_21/CO[2]
                         net (fo=24, unplaced)        0.413     5.409    u_icache/way_hit_30
                                                                      f  u_icache/FSM_onehot_state[5]_i_7/I2
                         LUT4 (Prop_lut4_I2_O)        0.252     5.661 f  u_icache/FSM_onehot_state[5]_i_7/O
                         net (fo=5, unplaced)         0.375     6.036    u_icache/FSM_onehot_state[5]_i_7_n_0
                                                                      f  u_icache/valid_arr[3][99]_i_4/I4
                         LUT5 (Prop_lut5_I4_O)        0.105     6.141 f  u_icache/valid_arr[3][99]_i_4/O
                         net (fo=57, unplaced)        0.433     6.574    u_icache/hit_any
                                                                      f  u_icache/if_rline[255]_i_7/I0
                         LUT4 (Prop_lut4_I0_O)        0.105     6.679 f  u_icache/if_rline[255]_i_7/O
                         net (fo=257, unplaced)       0.470     7.149    u_icache/lookup_hit
                                                                      f  u_icache/if_rline[255]_i_4/I0
                         LUT2 (Prop_lut2_I0_O)        0.105     7.254 f  u_icache/if_rline[255]_i_4/O
                         net (fo=12, unplaced)        0.395     7.649    u_ifu/ic_ifu_data_ok
                                                                      f  u_ifu/if_rline[255]_i_5/I2
                         LUT3 (Prop_lut3_I2_O)        0.105     7.754 r  u_ifu/if_rline[255]_i_5/O
                         net (fo=128, unplaced)       0.453     8.207    u_ifu/if_rline[255]_i_5_n_0
                                                                      r  u_ifu/mem[14][61]_i_12/I4
                         LUT6 (Prop_lut6_I4_O)        0.105     8.312 f  u_ifu/mem[14][61]_i_12/O
                         net (fo=2, unplaced)         0.593     8.905    u_ifu/mem[14][61]_i_12_n_0
                                                                      f  u_ifu/mem[14][61]_i_5/I1
                         LUT6 (Prop_lut6_I1_O)        0.105     9.010 f  u_ifu/mem[14][61]_i_5/O
                         net (fo=3, unplaced)         0.956     9.966    u_ifu/mem[14][61]_i_5_n_0
                                                                      f  u_ifu/i_excp_adef_o_i_43/I0
                         LUT6 (Prop_lut6_I0_O)        0.105    10.071 r  u_ifu/i_excp_adef_o_i_43/O
                         net (fo=3, unplaced)         0.346    10.417    u_ifu/i_excp_adef_o_i_43_n_0
                                                                      r  u_ifu/i_excp_adef_o_i_20/I0
                         LUT4 (Prop_lut4_I0_O)        0.126    10.543 r  u_ifu/i_excp_adef_o_i_20/O
                         net (fo=3, unplaced)         0.600    11.143    u_ifu/i_excp_adef_o_i_20_n_0
                                                                      r  u_ifu/i_excp_adef_o_i_8/I0
                         LUT6 (Prop_lut6_I0_O)        0.105    11.248 r  u_ifu/i_excp_adef_o_i_8/O
                         net (fo=5, unplaced)         0.556    11.804    u_ifu/i_excp_adef_o_i_8_n_0
                                                                      r  u_ifu/i_excp_adef_o_i_2/I3
                         LUT6 (Prop_lut6_I3_O)        0.105    11.909 r  u_ifu/i_excp_adef_o_i_2/O
                         net (fo=44, unplaced)        0.426    12.335    u_ifu/ifu_ftq_accept
                                                                      r  u_ifu/e_key[0][4]_i_1/I1
                         LUT3 (Prop_lut3_I1_O)        0.105    12.440 r  u_ifu/e_key[0][4]_i_1/O
                         net (fo=19, unplaced)        0.406    12.846    u_csr_exception_commit_handler/mmu_tlbm_inst_vaddr[3]
                                                                      r  u_csr_exception_commit_handler/e_ppn[0][19]_i_443__0/I2
                         LUT3 (Prop_lut3_I2_O)        0.105    12.951 r  u_csr_exception_commit_handler/e_ppn[0][19]_i_443__0/O
                         net (fo=32, unplaced)        0.653    13.604    u_tlb_manager/u_tlb/csr_tlbidx_reg[1]_i_38_5
                                                                      r  u_tlb_manager/u_tlb/e_ppn[0][19]_i_481/I1
                         LUT6 (Prop_lut6_I1_O)        0.105    13.709 r  u_tlb_manager/u_tlb/e_ppn[0][19]_i_481/O
                         net (fo=1, unplaced)         0.000    13.709    u_tlb_manager/u_tlb/e_ppn[0][19]_i_481_n_0
                                                                      r  u_tlb_manager/u_tlb/e_ppn_reg[0][19]_i_383/S[1]
                         CARRY4 (Prop_carry4_S[1]_CO[3])
                                                      0.457    14.166 r  u_tlb_manager/u_tlb/e_ppn_reg[0][19]_i_383/CO[3]
                         net (fo=1, unplaced)         0.008    14.174    u_tlb_manager/u_tlb/e_ppn_reg[0][19]_i_383_n_0
                                                                      r  u_tlb_manager/u_tlb/e_ppn_reg[0][19]_i_196/CI
                         CARRY4 (Prop_carry4_CI_CO[2])
                                                      0.209    14.383 r  u_tlb_manager/u_tlb/e_ppn_reg[0][19]_i_196/CO[2]
                         net (fo=1, unplaced)         0.349    14.732    u_tlb_manager/u_tlb/e_ppn_reg[0][19]_i_196_n_1
                                                                      r  u_tlb_manager/u_tlb/e_ppn[0][19]_i_86/I0
                         LUT6 (Prop_lut6_I0_O)        0.252    14.984 f  u_tlb_manager/u_tlb/e_ppn[0][19]_i_86/O
                         net (fo=4, unplaced)         0.962    15.946    u_tlb_manager/u_tlb/e_ppn[0][19]_i_86_n_0
                                                                      f  u_tlb_manager/u_tlb/csr_tlbidx[0]_i_50/I1
                         LUT6 (Prop_lut6_I1_O)        0.105    16.051 r  u_tlb_manager/u_tlb/csr_tlbidx[0]_i_50/O
                         net (fo=1, unplaced)         0.347    16.398    u_tlb_manager/u_tlb/csr_tlbidx[0]_i_50_n_0
                                                                      r  u_tlb_manager/u_tlb/csr_tlbidx[0]_i_25/I4
                         LUT6 (Prop_lut6_I4_O)        0.105    16.503 r  u_tlb_manager/u_tlb/csr_tlbidx[0]_i_25/O
                         net (fo=2, unplaced)         0.358    16.861    u_tlb_manager/u_tlb/csr_tlbidx[0]_i_25_n_0
                                                                      r  u_tlb_manager/u_tlb/csr_tlbidx[0]_i_11/I2
                         LUT6 (Prop_lut6_I2_O)        0.105    16.966 r  u_tlb_manager/u_tlb/csr_tlbidx[0]_i_11/O
                         net (fo=1, unplaced)         0.347    17.313    u_tlb_manager/u_tlb/csr_tlbidx[0]_i_11_n_0
                                                                      r  u_tlb_manager/u_tlb/csr_tlbidx[0]_i_3/I3
                         LUT6 (Prop_lut6_I3_O)        0.105    17.418 f  u_tlb_manager/u_tlb/csr_tlbidx[0]_i_3/O
                         net (fo=1, unplaced)         0.582    18.000    u_tlb_manager/u_tlb/csr_tlbidx[0]_i_3_n_0
                                                                      f  u_tlb_manager/u_tlb/csr_tlbidx[0]_i_2/I0
                         LUT6 (Prop_lut6_I0_O)        0.105    18.105 r  u_tlb_manager/u_tlb/csr_tlbidx[0]_i_2/O
                         net (fo=463, unplaced)       0.485    18.590    u_tlb_manager/u_tlb/tlb_g_reg[28]_1
                                                                      r  u_tlb_manager/u_tlb/pre_paddr[21]_i_14/I4
                         LUT6 (Prop_lut6_I4_O)        0.105    18.695 r  u_tlb_manager/u_tlb/pre_paddr[21]_i_14/O
                         net (fo=1, unplaced)         0.938    19.633    u_tlb_manager/u_tlb/pre_paddr[21]_i_14_n_0
                                                                      r  u_tlb_manager/u_tlb/pre_paddr[21]_i_10/I1
                         LUT6 (Prop_lut6_I1_O)        0.105    19.738 r  u_tlb_manager/u_tlb/pre_paddr[21]_i_10/O
                         net (fo=1, unplaced)         0.582    20.320    u_tlb_manager/u_tlb/pre_paddr[21]_i_10_n_0
                                                                      r  u_tlb_manager/u_tlb/pre_paddr[21]_i_7/I1
                         LUT6 (Prop_lut6_I1_O)        0.105    20.425 f  u_tlb_manager/u_tlb/pre_paddr[21]_i_7/O
                         net (fo=2, unplaced)         0.593    21.018    u_tlb_manager/u_tlb/s0_ps[5]
                                                                      f  u_tlb_manager/u_tlb/fifo_ptr[2]_i_3__0/I0
                         LUT6 (Prop_lut6_I0_O)        0.105    21.123 r  u_tlb_manager/u_tlb/fifo_ptr[2]_i_3__0/O
                         net (fo=1, unplaced)         0.347    21.470    u_tlb_manager/u_tlb/fifo_ptr[2]_i_3__0_n_0
                                                                      r  u_tlb_manager/u_tlb/fifo_ptr[2]_i_2__0/I1
                         LUT6 (Prop_lut6_I1_O)        0.105    21.575 r  u_tlb_manager/u_tlb/fifo_ptr[2]_i_2__0/O
                         net (fo=19, unplaced)        0.406    21.981    u_tlb_manager/u_l1_tlb_i/refill_en
                                                                      r  u_tlb_manager/u_l1_tlb_i/e_key[0][19]_i_1/I1
                         LUT5 (Prop_lut5_I1_O)        0.105    22.086 r  u_tlb_manager/u_l1_tlb_i/e_key[0][19]_i_1/O
                         net (fo=45, unplaced)        0.446    22.532    u_tlb_manager/u_l1_tlb_i/e_key
                         FDRE                                         r  u_tlb_manager/u_l1_tlb_i/e_key_reg[0][14]/CE
  -------------------------------------------------------------------    -------------------

                         (clock aclk rise edge)      10.000    10.000 r  
                                                      0.000    10.000 r  aclk (IN)
                         net (fo=53882, unset)        0.748    10.748    u_tlb_manager/u_l1_tlb_i/aclk
                         FDRE                                         r  u_tlb_manager/u_l1_tlb_i/e_key_reg[0][14]/C
                         clock pessimism              0.000    10.748    
                         clock uncertainty           -0.035    10.712    
                         FDRE (Setup_fdre_C_CE)      -0.165    10.547    u_tlb_manager/u_l1_tlb_i/e_key_reg[0][14]
  -------------------------------------------------------------------
                         required time                         10.547    
                         arrival time                         -22.532    
  -------------------------------------------------------------------
                         slack                                -11.985    

Slack (VIOLATED) :        -11.985ns  (required time - arrival time)
  Source:                 u_icache/tag_arr_reg[3][119][3]/C
                            (rising edge-triggered cell FDRE clocked by aclk  {rise@0.000ns fall@5.000ns period=10.000ns})
  Destination:            u_tlb_manager/u_l1_tlb_i/e_key_reg[0][15]/CE
                            (rising edge-triggered cell FDRE clocked by aclk  {rise@0.000ns fall@5.000ns period=10.000ns})
  Path Group:             aclk
  Path Type:              Setup (Max at Slow Process Corner)
  Requirement:            10.000ns  (aclk rise@10.000ns - aclk rise@0.000ns)
  Data Path Delay:        21.745ns  (logic 5.986ns (27.528%)  route 15.759ns (72.472%))
  Logic Levels:           36  (CARRY4=4 LUT2=1 LUT3=3 LUT4=3 LUT5=2 LUT6=20 MUXF7=2 MUXF8=1)
  Clock Path Skew:        -0.039ns (DCD - SCD + CPR)
    Destination Clock Delay (DCD):    0.748ns = ( 10.748 - 10.000 ) 
    Source Clock Delay      (SCD):    0.787ns
    Clock Pessimism Removal (CPR):    0.000ns
  Clock Uncertainty:      0.035ns  ((TSJ^2 + TIJ^2)^1/2 + DJ) / 2 + PE
    Total System Jitter     (TSJ):    0.071ns
    Total Input Jitter      (TIJ):    0.000ns
    Discrete Jitter          (DJ):    0.000ns
    Phase Error              (PE):    0.000ns

    Location             Delay type                Incr(ns)  Path(ns)    Netlist Resource(s)
  -------------------------------------------------------------------    -------------------
                         (clock aclk rise edge)       0.000     0.000 r  
                                                      0.000     0.000 r  aclk (IN)
                         net (fo=53882, unset)        0.787     0.787    u_icache/aclk
                         FDRE                                         r  u_icache/tag_arr_reg[3][119][3]/C
  -------------------------------------------------------------------    -------------------
                         FDRE (Prop_fdre_C_Q)         0.379     1.166 r  u_icache/tag_arr_reg[3][119][3]/Q
                         net (fo=1, unplaced)         0.779     1.945    u_icache/tag_arr_reg_n_0_[3][119][3]
                                                                      r  u_icache/FSM_onehot_state[5]_i_4699/I0
                         LUT6 (Prop_lut6_I0_O)        0.232     2.177 r  u_icache/FSM_onehot_state[5]_i_4699/O
                         net (fo=1, unplaced)         0.000     2.177    u_icache/FSM_onehot_state[5]_i_4699_n_0
                                                                      r  u_icache/FSM_onehot_state_reg[5]_i_3794/I1
                         MUXF7 (Prop_muxf7_I1_O)      0.206     2.383 r  u_icache/FSM_onehot_state_reg[5]_i_3794/O
                         net (fo=1, unplaced)         0.000     2.383    u_icache/FSM_onehot_state_reg[5]_i_3794_n_0
                                                                      r  u_icache/FSM_onehot_state_reg[5]_i_2318/I0
                         MUXF8 (Prop_muxf8_I0_O)      0.085     2.468 r  u_icache/FSM_onehot_state_reg[5]_i_2318/O
                         net (fo=1, unplaced)         0.563     3.031    u_icache/FSM_onehot_state_reg[5]_i_2318_n_0
                                                                      r  u_icache/FSM_onehot_state[5]_i_1111/I0
                         LUT6 (Prop_lut6_I0_O)        0.259     3.290 r  u_icache/FSM_onehot_state[5]_i_1111/O
                         net (fo=1, unplaced)         0.000     3.290    u_icache/FSM_onehot_state[5]_i_1111_n_0
                                                                      r  u_icache/FSM_onehot_state_reg[5]_i_494/I1
                         MUXF7 (Prop_muxf7_I1_O)      0.206     3.496 r  u_icache/FSM_onehot_state_reg[5]_i_494/O
                         net (fo=1, unplaced)         0.584     4.080    u_icache/tag_arr[3]
                                                                      r  u_icache/FSM_onehot_state[5]_i_187/I0
                         LUT6 (Prop_lut6_I0_O)        0.242     4.322 r  u_icache/FSM_onehot_state[5]_i_187/O
                         net (fo=1, unplaced)         0.000     4.322    u_icache/FSM_onehot_state[5]_i_187_n_0
                                                                      r  u_icache/FSM_onehot_state_reg[5]_i_68/S[1]
                         CARRY4 (Prop_carry4_S[1]_CO[3])
                                                      0.457     4.779 r  u_icache/FSM_onehot_state_reg[5]_i_68/CO[3]
                         net (fo=1, unplaced)         0.008     4.787    u_icache/FSM_onehot_state_reg[5]_i_68_n_0
                                                                      r  u_icache/FSM_onehot_state_reg[5]_i_21/CI
                         CARRY4 (Prop_carry4_CI_CO[2])
                                                      0.209     4.996 f  u_icache/FSM_onehot_state_reg[5]_i_21/CO[2]
                         net (fo=24, unplaced)        0.413     5.409    u_icache/way_hit_30
                                                                      f  u_icache/FSM_onehot_state[5]_i_7/I2
                         LUT4 (Prop_lut4_I2_O)        0.252     5.661 f  u_icache/FSM_onehot_state[5]_i_7/O
                         net (fo=5, unplaced)         0.375     6.036    u_icache/FSM_onehot_state[5]_i_7_n_0
                                                                      f  u_icache/valid_arr[3][99]_i_4/I4
                         LUT5 (Prop_lut5_I4_O)        0.105     6.141 f  u_icache/valid_arr[3][99]_i_4/O
                         net (fo=57, unplaced)        0.433     6.574    u_icache/hit_any
                                                                      f  u_icache/if_rline[255]_i_7/I0
                         LUT4 (Prop_lut4_I0_O)        0.105     6.679 f  u_icache/if_rline[255]_i_7/O
                         net (fo=257, unplaced)       0.470     7.149    u_icache/lookup_hit
                                                                      f  u_icache/if_rline[255]_i_4/I0
                         LUT2 (Prop_lut2_I0_O)        0.105     7.254 f  u_icache/if_rline[255]_i_4/O
                         net (fo=12, unplaced)        0.395     7.649    u_ifu/ic_ifu_data_ok
                                                                      f  u_ifu/if_rline[255]_i_5/I2
                         LUT3 (Prop_lut3_I2_O)        0.105     7.754 r  u_ifu/if_rline[255]_i_5/O
                         net (fo=128, unplaced)       0.453     8.207    u_ifu/if_rline[255]_i_5_n_0
                                                                      r  u_ifu/mem[14][61]_i_12/I4
                         LUT6 (Prop_lut6_I4_O)        0.105     8.312 f  u_ifu/mem[14][61]_i_12/O
                         net (fo=2, unplaced)         0.593     8.905    u_ifu/mem[14][61]_i_12_n_0
                                                                      f  u_ifu/mem[14][61]_i_5/I1
                         LUT6 (Prop_lut6_I1_O)        0.105     9.010 f  u_ifu/mem[14][61]_i_5/O
                         net (fo=3, unplaced)         0.956     9.966    u_ifu/mem[14][61]_i_5_n_0
                                                                      f  u_ifu/i_excp_adef_o_i_43/I0
                         LUT6 (Prop_lut6_I0_O)        0.105    10.071 r  u_ifu/i_excp_adef_o_i_43/O
                         net (fo=3, unplaced)         0.346    10.417    u_ifu/i_excp_adef_o_i_43_n_0
                                                                      r  u_ifu/i_excp_adef_o_i_20/I0
                         LUT4 (Prop_lut4_I0_O)        0.126    10.543 r  u_ifu/i_excp_adef_o_i_20/O
                         net (fo=3, unplaced)         0.600    11.143    u_ifu/i_excp_adef_o_i_20_n_0
                                                                      r  u_ifu/i_excp_adef_o_i_8/I0
                         LUT6 (Prop_lut6_I0_O)        0.105    11.248 r  u_ifu/i_excp_adef_o_i_8/O
                         net (fo=5, unplaced)         0.556    11.804    u_ifu/i_excp_adef_o_i_8_n_0
                                                                      r  u_ifu/i_excp_adef_o_i_2/I3
                         LUT6 (Prop_lut6_I3_O)        0.105    11.909 r  u_ifu/i_excp_adef_o_i_2/O
                         net (fo=44, unplaced)        0.426    12.335    u_ifu/ifu_ftq_accept
                                                                      r  u_ifu/e_key[0][4]_i_1/I1
                         LUT3 (Prop_lut3_I1_O)        0.105    12.440 r  u_ifu/e_key[0][4]_i_1/O
                         net (fo=19, unplaced)        0.406    12.846    u_csr_exception_commit_handler/mmu_tlbm_inst_vaddr[3]
                                                                      r  u_csr_exception_commit_handler/e_ppn[0][19]_i_443__0/I2
                         LUT3 (Prop_lut3_I2_O)        0.105    12.951 r  u_csr_exception_commit_handler/e_ppn[0][19]_i_443__0/O
                         net (fo=32, unplaced)        0.653    13.604    u_tlb_manager/u_tlb/csr_tlbidx_reg[1]_i_38_5
                                                                      r  u_tlb_manager/u_tlb/e_ppn[0][19]_i_481/I1
                         LUT6 (Prop_lut6_I1_O)        0.105    13.709 r  u_tlb_manager/u_tlb/e_ppn[0][19]_i_481/O
                         net (fo=1, unplaced)         0.000    13.709    u_tlb_manager/u_tlb/e_ppn[0][19]_i_481_n_0
                                                                      r  u_tlb_manager/u_tlb/e_ppn_reg[0][19]_i_383/S[1]
                         CARRY4 (Prop_carry4_S[1]_CO[3])
                                                      0.457    14.166 r  u_tlb_manager/u_tlb/e_ppn_reg[0][19]_i_383/CO[3]
                         net (fo=1, unplaced)         0.008    14.174    u_tlb_manager/u_tlb/e_ppn_reg[0][19]_i_383_n_0
                                                                      r  u_tlb_manager/u_tlb/e_ppn_reg[0][19]_i_196/CI
                         CARRY4 (Prop_carry4_CI_CO[2])
                                                      0.209    14.383 r  u_tlb_manager/u_tlb/e_ppn_reg[0][19]_i_196/CO[2]
                         net (fo=1, unplaced)         0.349    14.732    u_tlb_manager/u_tlb/e_ppn_reg[0][19]_i_196_n_1
                                                                      r  u_tlb_manager/u_tlb/e_ppn[0][19]_i_86/I0
                         LUT6 (Prop_lut6_I0_O)        0.252    14.984 f  u_tlb_manager/u_tlb/e_ppn[0][19]_i_86/O
                         net (fo=4, unplaced)         0.962    15.946    u_tlb_manager/u_tlb/e_ppn[0][19]_i_86_n_0
                                                                      f  u_tlb_manager/u_tlb/csr_tlbidx[0]_i_50/I1
                         LUT6 (Prop_lut6_I1_O)        0.105    16.051 r  u_tlb_manager/u_tlb/csr_tlbidx[0]_i_50/O
                         net (fo=1, unplaced)         0.347    16.398    u_tlb_manager/u_tlb/csr_tlbidx[0]_i_50_n_0
                                                                      r  u_tlb_manager/u_tlb/csr_tlbidx[0]_i_25/I4
                         LUT6 (Prop_lut6_I4_O)        0.105    16.503 r  u_tlb_manager/u_tlb/csr_tlbidx[0]_i_25/O
                         net (fo=2, unplaced)         0.358    16.861    u_tlb_manager/u_tlb/csr_tlbidx[0]_i_25_n_0
                                                                      r  u_tlb_manager/u_tlb/csr_tlbidx[0]_i_11/I2
                         LUT6 (Prop_lut6_I2_O)        0.105    16.966 r  u_tlb_manager/u_tlb/csr_tlbidx[0]_i_11/O
                         net (fo=1, unplaced)         0.347    17.313    u_tlb_manager/u_tlb/csr_tlbidx[0]_i_11_n_0
                                                                      r  u_tlb_manager/u_tlb/csr_tlbidx[0]_i_3/I3
                         LUT6 (Prop_lut6_I3_O)        0.105    17.418 f  u_tlb_manager/u_tlb/csr_tlbidx[0]_i_3/O
                         net (fo=1, unplaced)         0.582    18.000    u_tlb_manager/u_tlb/csr_tlbidx[0]_i_3_n_0
                                                                      f  u_tlb_manager/u_tlb/csr_tlbidx[0]_i_2/I0
                         LUT6 (Prop_lut6_I0_O)        0.105    18.105 r  u_tlb_manager/u_tlb/csr_tlbidx[0]_i_2/O
                         net (fo=463, unplaced)       0.485    18.590    u_tlb_manager/u_tlb/tlb_g_reg[28]_1
                                                                      r  u_tlb_manager/u_tlb/pre_paddr[21]_i_14/I4
                         LUT6 (Prop_lut6_I4_O)        0.105    18.695 r  u_tlb_manager/u_tlb/pre_paddr[21]_i_14/O
                         net (fo=1, unplaced)         0.938    19.633    u_tlb_manager/u_tlb/pre_paddr[21]_i_14_n_0
                                                                      r  u_tlb_manager/u_tlb/pre_paddr[21]_i_10/I1
                         LUT6 (Prop_lut6_I1_O)        0.105    19.738 r  u_tlb_manager/u_tlb/pre_paddr[21]_i_10/O
                         net (fo=1, unplaced)         0.582    20.320    u_tlb_manager/u_tlb/pre_paddr[21]_i_10_n_0
                                                                      r  u_tlb_manager/u_tlb/pre_paddr[21]_i_7/I1
                         LUT6 (Prop_lut6_I1_O)        0.105    20.425 f  u_tlb_manager/u_tlb/pre_paddr[21]_i_7/O
                         net (fo=2, unplaced)         0.593    21.018    u_tlb_manager/u_tlb/s0_ps[5]
                                                                      f  u_tlb_manager/u_tlb/fifo_ptr[2]_i_3__0/I0
                         LUT6 (Prop_lut6_I0_O)        0.105    21.123 r  u_tlb_manager/u_tlb/fifo_ptr[2]_i_3__0/O
                         net (fo=1, unplaced)         0.347    21.470    u_tlb_manager/u_tlb/fifo_ptr[2]_i_3__0_n_0
                                                                      r  u_tlb_manager/u_tlb/fifo_ptr[2]_i_2__0/I1
                         LUT6 (Prop_lut6_I1_O)        0.105    21.575 r  u_tlb_manager/u_tlb/fifo_ptr[2]_i_2__0/O
                         net (fo=19, unplaced)        0.406    21.981    u_tlb_manager/u_l1_tlb_i/refill_en
                                                                      r  u_tlb_manager/u_l1_tlb_i/e_key[0][19]_i_1/I1
                         LUT5 (Prop_lut5_I1_O)        0.105    22.086 r  u_tlb_manager/u_l1_tlb_i/e_key[0][19]_i_1/O
                         net (fo=45, unplaced)        0.446    22.532    u_tlb_manager/u_l1_tlb_i/e_key
                         FDRE                                         r  u_tlb_manager/u_l1_tlb_i/e_key_reg[0][15]/CE
  -------------------------------------------------------------------    -------------------

                         (clock aclk rise edge)      10.000    10.000 r  
                                                      0.000    10.000 r  aclk (IN)
                         net (fo=53882, unset)        0.748    10.748    u_tlb_manager/u_l1_tlb_i/aclk
                         FDRE                                         r  u_tlb_manager/u_l1_tlb_i/e_key_reg[0][15]/C
                         clock pessimism              0.000    10.748    
                         clock uncertainty           -0.035    10.712    
                         FDRE (Setup_fdre_C_CE)      -0.165    10.547    u_tlb_manager/u_l1_tlb_i/e_key_reg[0][15]
  -------------------------------------------------------------------
                         required time                         10.547    
                         arrival time                         -22.532    
  -------------------------------------------------------------------
                         slack                                -11.985    

Slack (VIOLATED) :        -11.985ns  (required time - arrival time)
  Source:                 u_icache/tag_arr_reg[3][119][3]/C
                            (rising edge-triggered cell FDRE clocked by aclk  {rise@0.000ns fall@5.000ns period=10.000ns})
  Destination:            u_tlb_manager/u_l1_tlb_i/e_key_reg[0][16]/CE
                            (rising edge-triggered cell FDRE clocked by aclk  {rise@0.000ns fall@5.000ns period=10.000ns})
  Path Group:             aclk
  Path Type:              Setup (Max at Slow Process Corner)
  Requirement:            10.000ns  (aclk rise@10.000ns - aclk rise@0.000ns)
  Data Path Delay:        21.745ns  (logic 5.986ns (27.528%)  route 15.759ns (72.472%))
  Logic Levels:           36  (CARRY4=4 LUT2=1 LUT3=3 LUT4=3 LUT5=2 LUT6=20 MUXF7=2 MUXF8=1)
  Clock Path Skew:        -0.039ns (DCD - SCD + CPR)
    Destination Clock Delay (DCD):    0.748ns = ( 10.748 - 10.000 ) 
    Source Clock Delay      (SCD):    0.787ns
    Clock Pessimism Removal (CPR):    0.000ns
  Clock Uncertainty:      0.035ns  ((TSJ^2 + TIJ^2)^1/2 + DJ) / 2 + PE
    Total System Jitter     (TSJ):    0.071ns
    Total Input Jitter      (TIJ):    0.000ns
    Discrete Jitter          (DJ):    0.000ns
    Phase Error              (PE):    0.000ns

    Location             Delay type                Incr(ns)  Path(ns)    Netlist Resource(s)
  -------------------------------------------------------------------    -------------------
                         (clock aclk rise edge)       0.000     0.000 r  
                                                      0.000     0.000 r  aclk (IN)
                         net (fo=53882, unset)        0.787     0.787    u_icache/aclk
                         FDRE                                         r  u_icache/tag_arr_reg[3][119][3]/C
  -------------------------------------------------------------------    -------------------
                         FDRE (Prop_fdre_C_Q)         0.379     1.166 r  u_icache/tag_arr_reg[3][119][3]/Q
                         net (fo=1, unplaced)         0.779     1.945    u_icache/tag_arr_reg_n_0_[3][119][3]
                                                                      r  u_icache/FSM_onehot_state[5]_i_4699/I0
                         LUT6 (Prop_lut6_I0_O)        0.232     2.177 r  u_icache/FSM_onehot_state[5]_i_4699/O
                         net (fo=1, unplaced)         0.000     2.177    u_icache/FSM_onehot_state[5]_i_4699_n_0
                                                                      r  u_icache/FSM_onehot_state_reg[5]_i_3794/I1
                         MUXF7 (Prop_muxf7_I1_O)      0.206     2.383 r  u_icache/FSM_onehot_state_reg[5]_i_3794/O
                         net (fo=1, unplaced)         0.000     2.383    u_icache/FSM_onehot_state_reg[5]_i_3794_n_0
                                                                      r  u_icache/FSM_onehot_state_reg[5]_i_2318/I0
                         MUXF8 (Prop_muxf8_I0_O)      0.085     2.468 r  u_icache/FSM_onehot_state_reg[5]_i_2318/O
                         net (fo=1, unplaced)         0.563     3.031    u_icache/FSM_onehot_state_reg[5]_i_2318_n_0
                                                                      r  u_icache/FSM_onehot_state[5]_i_1111/I0
                         LUT6 (Prop_lut6_I0_O)        0.259     3.290 r  u_icache/FSM_onehot_state[5]_i_1111/O
                         net (fo=1, unplaced)         0.000     3.290    u_icache/FSM_onehot_state[5]_i_1111_n_0
                                                                      r  u_icache/FSM_onehot_state_reg[5]_i_494/I1
                         MUXF7 (Prop_muxf7_I1_O)      0.206     3.496 r  u_icache/FSM_onehot_state_reg[5]_i_494/O
                         net (fo=1, unplaced)         0.584     4.080    u_icache/tag_arr[3]
                                                                      r  u_icache/FSM_onehot_state[5]_i_187/I0
                         LUT6 (Prop_lut6_I0_O)        0.242     4.322 r  u_icache/FSM_onehot_state[5]_i_187/O
                         net (fo=1, unplaced)         0.000     4.322    u_icache/FSM_onehot_state[5]_i_187_n_0
                                                                      r  u_icache/FSM_onehot_state_reg[5]_i_68/S[1]
                         CARRY4 (Prop_carry4_S[1]_CO[3])
                                                      0.457     4.779 r  u_icache/FSM_onehot_state_reg[5]_i_68/CO[3]
                         net (fo=1, unplaced)         0.008     4.787    u_icache/FSM_onehot_state_reg[5]_i_68_n_0
                                                                      r  u_icache/FSM_onehot_state_reg[5]_i_21/CI
                         CARRY4 (Prop_carry4_CI_CO[2])
                                                      0.209     4.996 f  u_icache/FSM_onehot_state_reg[5]_i_21/CO[2]
                         net (fo=24, unplaced)        0.413     5.409    u_icache/way_hit_30
                                                                      f  u_icache/FSM_onehot_state[5]_i_7/I2
                         LUT4 (Prop_lut4_I2_O)        0.252     5.661 f  u_icache/FSM_onehot_state[5]_i_7/O
                         net (fo=5, unplaced)         0.375     6.036    u_icache/FSM_onehot_state[5]_i_7_n_0
                                                                      f  u_icache/valid_arr[3][99]_i_4/I4
                         LUT5 (Prop_lut5_I4_O)        0.105     6.141 f  u_icache/valid_arr[3][99]_i_4/O
                         net (fo=57, unplaced)        0.433     6.574    u_icache/hit_any
                                                                      f  u_icache/if_rline[255]_i_7/I0
                         LUT4 (Prop_lut4_I0_O)        0.105     6.679 f  u_icache/if_rline[255]_i_7/O
                         net (fo=257, unplaced)       0.470     7.149    u_icache/lookup_hit
                                                                      f  u_icache/if_rline[255]_i_4/I0
                         LUT2 (Prop_lut2_I0_O)        0.105     7.254 f  u_icache/if_rline[255]_i_4/O
                         net (fo=12, unplaced)        0.395     7.649    u_ifu/ic_ifu_data_ok
                                                                      f  u_ifu/if_rline[255]_i_5/I2
                         LUT3 (Prop_lut3_I2_O)        0.105     7.754 r  u_ifu/if_rline[255]_i_5/O
                         net (fo=128, unplaced)       0.453     8.207    u_ifu/if_rline[255]_i_5_n_0
                                                                      r  u_ifu/mem[14][61]_i_12/I4
                         LUT6 (Prop_lut6_I4_O)        0.105     8.312 f  u_ifu/mem[14][61]_i_12/O
                         net (fo=2, unplaced)         0.593     8.905    u_ifu/mem[14][61]_i_12_n_0
                                                                      f  u_ifu/mem[14][61]_i_5/I1
                         LUT6 (Prop_lut6_I1_O)        0.105     9.010 f  u_ifu/mem[14][61]_i_5/O
                         net (fo=3, unplaced)         0.956     9.966    u_ifu/mem[14][61]_i_5_n_0
                                                                      f  u_ifu/i_excp_adef_o_i_43/I0
                         LUT6 (Prop_lut6_I0_O)        0.105    10.071 r  u_ifu/i_excp_adef_o_i_43/O
                         net (fo=3, unplaced)         0.346    10.417    u_ifu/i_excp_adef_o_i_43_n_0
                                                                      r  u_ifu/i_excp_adef_o_i_20/I0
                         LUT4 (Prop_lut4_I0_O)        0.126    10.543 r  u_ifu/i_excp_adef_o_i_20/O
                         net (fo=3, unplaced)         0.600    11.143    u_ifu/i_excp_adef_o_i_20_n_0
                                                                      r  u_ifu/i_excp_adef_o_i_8/I0
                         LUT6 (Prop_lut6_I0_O)        0.105    11.248 r  u_ifu/i_excp_adef_o_i_8/O
                         net (fo=5, unplaced)         0.556    11.804    u_ifu/i_excp_adef_o_i_8_n_0
                                                                      r  u_ifu/i_excp_adef_o_i_2/I3
                         LUT6 (Prop_lut6_I3_O)        0.105    11.909 r  u_ifu/i_excp_adef_o_i_2/O
                         net (fo=44, unplaced)        0.426    12.335    u_ifu/ifu_ftq_accept
                                                                      r  u_ifu/e_key[0][4]_i_1/I1
                         LUT3 (Prop_lut3_I1_O)        0.105    12.440 r  u_ifu/e_key[0][4]_i_1/O
                         net (fo=19, unplaced)        0.406    12.846    u_csr_exception_commit_handler/mmu_tlbm_inst_vaddr[3]
                                                                      r  u_csr_exception_commit_handler/e_ppn[0][19]_i_443__0/I2
                         LUT3 (Prop_lut3_I2_O)        0.105    12.951 r  u_csr_exception_commit_handler/e_ppn[0][19]_i_443__0/O
                         net (fo=32, unplaced)        0.653    13.604    u_tlb_manager/u_tlb/csr_tlbidx_reg[1]_i_38_5
                                                                      r  u_tlb_manager/u_tlb/e_ppn[0][19]_i_481/I1
                         LUT6 (Prop_lut6_I1_O)        0.105    13.709 r  u_tlb_manager/u_tlb/e_ppn[0][19]_i_481/O
                         net (fo=1, unplaced)         0.000    13.709    u_tlb_manager/u_tlb/e_ppn[0][19]_i_481_n_0
                                                                      r  u_tlb_manager/u_tlb/e_ppn_reg[0][19]_i_383/S[1]
                         CARRY4 (Prop_carry4_S[1]_CO[3])
                                                      0.457    14.166 r  u_tlb_manager/u_tlb/e_ppn_reg[0][19]_i_383/CO[3]
                         net (fo=1, unplaced)         0.008    14.174    u_tlb_manager/u_tlb/e_ppn_reg[0][19]_i_383_n_0
                                                                      r  u_tlb_manager/u_tlb/e_ppn_reg[0][19]_i_196/CI
                         CARRY4 (Prop_carry4_CI_CO[2])
                                                      0.209    14.383 r  u_tlb_manager/u_tlb/e_ppn_reg[0][19]_i_196/CO[2]
                         net (fo=1, unplaced)         0.349    14.732    u_tlb_manager/u_tlb/e_ppn_reg[0][19]_i_196_n_1
                                                                      r  u_tlb_manager/u_tlb/e_ppn[0][19]_i_86/I0
                         LUT6 (Prop_lut6_I0_O)        0.252    14.984 f  u_tlb_manager/u_tlb/e_ppn[0][19]_i_86/O
                         net (fo=4, unplaced)         0.962    15.946    u_tlb_manager/u_tlb/e_ppn[0][19]_i_86_n_0
                                                                      f  u_tlb_manager/u_tlb/csr_tlbidx[0]_i_50/I1
                         LUT6 (Prop_lut6_I1_O)        0.105    16.051 r  u_tlb_manager/u_tlb/csr_tlbidx[0]_i_50/O
                         net (fo=1, unplaced)         0.347    16.398    u_tlb_manager/u_tlb/csr_tlbidx[0]_i_50_n_0
                                                                      r  u_tlb_manager/u_tlb/csr_tlbidx[0]_i_25/I4
                         LUT6 (Prop_lut6_I4_O)        0.105    16.503 r  u_tlb_manager/u_tlb/csr_tlbidx[0]_i_25/O
                         net (fo=2, unplaced)         0.358    16.861    u_tlb_manager/u_tlb/csr_tlbidx[0]_i_25_n_0
                                                                      r  u_tlb_manager/u_tlb/csr_tlbidx[0]_i_11/I2
                         LUT6 (Prop_lut6_I2_O)        0.105    16.966 r  u_tlb_manager/u_tlb/csr_tlbidx[0]_i_11/O
                         net (fo=1, unplaced)         0.347    17.313    u_tlb_manager/u_tlb/csr_tlbidx[0]_i_11_n_0
                                                                      r  u_tlb_manager/u_tlb/csr_tlbidx[0]_i_3/I3
                         LUT6 (Prop_lut6_I3_O)        0.105    17.418 f  u_tlb_manager/u_tlb/csr_tlbidx[0]_i_3/O
                         net (fo=1, unplaced)         0.582    18.000    u_tlb_manager/u_tlb/csr_tlbidx[0]_i_3_n_0
                                                                      f  u_tlb_manager/u_tlb/csr_tlbidx[0]_i_2/I0
                         LUT6 (Prop_lut6_I0_O)        0.105    18.105 r  u_tlb_manager/u_tlb/csr_tlbidx[0]_i_2/O
                         net (fo=463, unplaced)       0.485    18.590    u_tlb_manager/u_tlb/tlb_g_reg[28]_1
                                                                      r  u_tlb_manager/u_tlb/pre_paddr[21]_i_14/I4
                         LUT6 (Prop_lut6_I4_O)        0.105    18.695 r  u_tlb_manager/u_tlb/pre_paddr[21]_i_14/O
                         net (fo=1, unplaced)         0.938    19.633    u_tlb_manager/u_tlb/pre_paddr[21]_i_14_n_0
                                                                      r  u_tlb_manager/u_tlb/pre_paddr[21]_i_10/I1
                         LUT6 (Prop_lut6_I1_O)        0.105    19.738 r  u_tlb_manager/u_tlb/pre_paddr[21]_i_10/O
                         net (fo=1, unplaced)         0.582    20.320    u_tlb_manager/u_tlb/pre_paddr[21]_i_10_n_0
                                                                      r  u_tlb_manager/u_tlb/pre_paddr[21]_i_7/I1
                         LUT6 (Prop_lut6_I1_O)        0.105    20.425 f  u_tlb_manager/u_tlb/pre_paddr[21]_i_7/O
                         net (fo=2, unplaced)         0.593    21.018    u_tlb_manager/u_tlb/s0_ps[5]
                                                                      f  u_tlb_manager/u_tlb/fifo_ptr[2]_i_3__0/I0
                         LUT6 (Prop_lut6_I0_O)        0.105    21.123 r  u_tlb_manager/u_tlb/fifo_ptr[2]_i_3__0/O
                         net (fo=1, unplaced)         0.347    21.470    u_tlb_manager/u_tlb/fifo_ptr[2]_i_3__0_n_0
                                                                      r  u_tlb_manager/u_tlb/fifo_ptr[2]_i_2__0/I1
                         LUT6 (Prop_lut6_I1_O)        0.105    21.575 r  u_tlb_manager/u_tlb/fifo_ptr[2]_i_2__0/O
                         net (fo=19, unplaced)        0.406    21.981    u_tlb_manager/u_l1_tlb_i/refill_en
                                                                      r  u_tlb_manager/u_l1_tlb_i/e_key[0][19]_i_1/I1
                         LUT5 (Prop_lut5_I1_O)        0.105    22.086 r  u_tlb_manager/u_l1_tlb_i/e_key[0][19]_i_1/O
                         net (fo=45, unplaced)        0.446    22.532    u_tlb_manager/u_l1_tlb_i/e_key
                         FDRE                                         r  u_tlb_manager/u_l1_tlb_i/e_key_reg[0][16]/CE
  -------------------------------------------------------------------    -------------------

                         (clock aclk rise edge)      10.000    10.000 r  
                                                      0.000    10.000 r  aclk (IN)
                         net (fo=53882, unset)        0.748    10.748    u_tlb_manager/u_l1_tlb_i/aclk
                         FDRE                                         r  u_tlb_manager/u_l1_tlb_i/e_key_reg[0][16]/C
                         clock pessimism              0.000    10.748    
                         clock uncertainty           -0.035    10.712    
                         FDRE (Setup_fdre_C_CE)      -0.165    10.547    u_tlb_manager/u_l1_tlb_i/e_key_reg[0][16]
  -------------------------------------------------------------------
                         required time                         10.547    
                         arrival time                         -22.532    
  -------------------------------------------------------------------
                         slack                                -11.985    

Slack (VIOLATED) :        -11.985ns  (required time - arrival time)
  Source:                 u_icache/tag_arr_reg[3][119][3]/C
                            (rising edge-triggered cell FDRE clocked by aclk  {rise@0.000ns fall@5.000ns period=10.000ns})
  Destination:            u_tlb_manager/u_l1_tlb_i/e_key_reg[0][17]/CE
                            (rising edge-triggered cell FDRE clocked by aclk  {rise@0.000ns fall@5.000ns period=10.000ns})
  Path Group:             aclk
  Path Type:              Setup (Max at Slow Process Corner)
  Requirement:            10.000ns  (aclk rise@10.000ns - aclk rise@0.000ns)
  Data Path Delay:        21.745ns  (logic 5.986ns (27.528%)  route 15.759ns (72.472%))
  Logic Levels:           36  (CARRY4=4 LUT2=1 LUT3=3 LUT4=3 LUT5=2 LUT6=20 MUXF7=2 MUXF8=1)
  Clock Path Skew:        -0.039ns (DCD - SCD + CPR)
    Destination Clock Delay (DCD):    0.748ns = ( 10.748 - 10.000 ) 
    Source Clock Delay      (SCD):    0.787ns
    Clock Pessimism Removal (CPR):    0.000ns
  Clock Uncertainty:      0.035ns  ((TSJ^2 + TIJ^2)^1/2 + DJ) / 2 + PE
    Total System Jitter     (TSJ):    0.071ns
    Total Input Jitter      (TIJ):    0.000ns
    Discrete Jitter          (DJ):    0.000ns
    Phase Error              (PE):    0.000ns

    Location             Delay type                Incr(ns)  Path(ns)    Netlist Resource(s)
  -------------------------------------------------------------------    -------------------
                         (clock aclk rise edge)       0.000     0.000 r  
                                                      0.000     0.000 r  aclk (IN)
                         net (fo=53882, unset)        0.787     0.787    u_icache/aclk
                         FDRE                                         r  u_icache/tag_arr_reg[3][119][3]/C
  -------------------------------------------------------------------    -------------------
                         FDRE (Prop_fdre_C_Q)         0.379     1.166 r  u_icache/tag_arr_reg[3][119][3]/Q
                         net (fo=1, unplaced)         0.779     1.945    u_icache/tag_arr_reg_n_0_[3][119][3]
                                                                      r  u_icache/FSM_onehot_state[5]_i_4699/I0
                         LUT6 (Prop_lut6_I0_O)        0.232     2.177 r  u_icache/FSM_onehot_state[5]_i_4699/O
                         net (fo=1, unplaced)         0.000     2.177    u_icache/FSM_onehot_state[5]_i_4699_n_0
                                                                      r  u_icache/FSM_onehot_state_reg[5]_i_3794/I1
                         MUXF7 (Prop_muxf7_I1_O)      0.206     2.383 r  u_icache/FSM_onehot_state_reg[5]_i_3794/O
                         net (fo=1, unplaced)         0.000     2.383    u_icache/FSM_onehot_state_reg[5]_i_3794_n_0
                                                                      r  u_icache/FSM_onehot_state_reg[5]_i_2318/I0
                         MUXF8 (Prop_muxf8_I0_O)      0.085     2.468 r  u_icache/FSM_onehot_state_reg[5]_i_2318/O
                         net (fo=1, unplaced)         0.563     3.031    u_icache/FSM_onehot_state_reg[5]_i_2318_n_0
                                                                      r  u_icache/FSM_onehot_state[5]_i_1111/I0
                         LUT6 (Prop_lut6_I0_O)        0.259     3.290 r  u_icache/FSM_onehot_state[5]_i_1111/O
                         net (fo=1, unplaced)         0.000     3.290    u_icache/FSM_onehot_state[5]_i_1111_n_0
                                                                      r  u_icache/FSM_onehot_state_reg[5]_i_494/I1
                         MUXF7 (Prop_muxf7_I1_O)      0.206     3.496 r  u_icache/FSM_onehot_state_reg[5]_i_494/O
                         net (fo=1, unplaced)         0.584     4.080    u_icache/tag_arr[3]
                                                                      r  u_icache/FSM_onehot_state[5]_i_187/I0
                         LUT6 (Prop_lut6_I0_O)        0.242     4.322 r  u_icache/FSM_onehot_state[5]_i_187/O
                         net (fo=1, unplaced)         0.000     4.322    u_icache/FSM_onehot_state[5]_i_187_n_0
                                                                      r  u_icache/FSM_onehot_state_reg[5]_i_68/S[1]
                         CARRY4 (Prop_carry4_S[1]_CO[3])
                                                      0.457     4.779 r  u_icache/FSM_onehot_state_reg[5]_i_68/CO[3]
                         net (fo=1, unplaced)         0.008     4.787    u_icache/FSM_onehot_state_reg[5]_i_68_n_0
                                                                      r  u_icache/FSM_onehot_state_reg[5]_i_21/CI
                         CARRY4 (Prop_carry4_CI_CO[2])
                                                      0.209     4.996 f  u_icache/FSM_onehot_state_reg[5]_i_21/CO[2]
                         net (fo=24, unplaced)        0.413     5.409    u_icache/way_hit_30
                                                                      f  u_icache/FSM_onehot_state[5]_i_7/I2
                         LUT4 (Prop_lut4_I2_O)        0.252     5.661 f  u_icache/FSM_onehot_state[5]_i_7/O
                         net (fo=5, unplaced)         0.375     6.036    u_icache/FSM_onehot_state[5]_i_7_n_0
                                                                      f  u_icache/valid_arr[3][99]_i_4/I4
                         LUT5 (Prop_lut5_I4_O)        0.105     6.141 f  u_icache/valid_arr[3][99]_i_4/O
                         net (fo=57, unplaced)        0.433     6.574    u_icache/hit_any
                                                                      f  u_icache/if_rline[255]_i_7/I0
                         LUT4 (Prop_lut4_I0_O)        0.105     6.679 f  u_icache/if_rline[255]_i_7/O
                         net (fo=257, unplaced)       0.470     7.149    u_icache/lookup_hit
                                                                      f  u_icache/if_rline[255]_i_4/I0
                         LUT2 (Prop_lut2_I0_O)        0.105     7.254 f  u_icache/if_rline[255]_i_4/O
                         net (fo=12, unplaced)        0.395     7.649    u_ifu/ic_ifu_data_ok
                                                                      f  u_ifu/if_rline[255]_i_5/I2
                         LUT3 (Prop_lut3_I2_O)        0.105     7.754 r  u_ifu/if_rline[255]_i_5/O
                         net (fo=128, unplaced)       0.453     8.207    u_ifu/if_rline[255]_i_5_n_0
                                                                      r  u_ifu/mem[14][61]_i_12/I4
                         LUT6 (Prop_lut6_I4_O)        0.105     8.312 f  u_ifu/mem[14][61]_i_12/O
                         net (fo=2, unplaced)         0.593     8.905    u_ifu/mem[14][61]_i_12_n_0
                                                                      f  u_ifu/mem[14][61]_i_5/I1
                         LUT6 (Prop_lut6_I1_O)        0.105     9.010 f  u_ifu/mem[14][61]_i_5/O
                         net (fo=3, unplaced)         0.956     9.966    u_ifu/mem[14][61]_i_5_n_0
                                                                      f  u_ifu/i_excp_adef_o_i_43/I0
                         LUT6 (Prop_lut6_I0_O)        0.105    10.071 r  u_ifu/i_excp_adef_o_i_43/O
                         net (fo=3, unplaced)         0.346    10.417    u_ifu/i_excp_adef_o_i_43_n_0
                                                                      r  u_ifu/i_excp_adef_o_i_20/I0
                         LUT4 (Prop_lut4_I0_O)        0.126    10.543 r  u_ifu/i_excp_adef_o_i_20/O
                         net (fo=3, unplaced)         0.600    11.143    u_ifu/i_excp_adef_o_i_20_n_0
                                                                      r  u_ifu/i_excp_adef_o_i_8/I0
                         LUT6 (Prop_lut6_I0_O)        0.105    11.248 r  u_ifu/i_excp_adef_o_i_8/O
                         net (fo=5, unplaced)         0.556    11.804    u_ifu/i_excp_adef_o_i_8_n_0
                                                                      r  u_ifu/i_excp_adef_o_i_2/I3
                         LUT6 (Prop_lut6_I3_O)        0.105    11.909 r  u_ifu/i_excp_adef_o_i_2/O
                         net (fo=44, unplaced)        0.426    12.335    u_ifu/ifu_ftq_accept
                                                                      r  u_ifu/e_key[0][4]_i_1/I1
                         LUT3 (Prop_lut3_I1_O)        0.105    12.440 r  u_ifu/e_key[0][4]_i_1/O
                         net (fo=19, unplaced)        0.406    12.846    u_csr_exception_commit_handler/mmu_tlbm_inst_vaddr[3]
                                                                      r  u_csr_exception_commit_handler/e_ppn[0][19]_i_443__0/I2
                         LUT3 (Prop_lut3_I2_O)        0.105    12.951 r  u_csr_exception_commit_handler/e_ppn[0][19]_i_443__0/O
                         net (fo=32, unplaced)        0.653    13.604    u_tlb_manager/u_tlb/csr_tlbidx_reg[1]_i_38_5
                                                                      r  u_tlb_manager/u_tlb/e_ppn[0][19]_i_481/I1
                         LUT6 (Prop_lut6_I1_O)        0.105    13.709 r  u_tlb_manager/u_tlb/e_ppn[0][19]_i_481/O
                         net (fo=1, unplaced)         0.000    13.709    u_tlb_manager/u_tlb/e_ppn[0][19]_i_481_n_0
                                                                      r  u_tlb_manager/u_tlb/e_ppn_reg[0][19]_i_383/S[1]
                         CARRY4 (Prop_carry4_S[1]_CO[3])
                                                      0.457    14.166 r  u_tlb_manager/u_tlb/e_ppn_reg[0][19]_i_383/CO[3]
                         net (fo=1, unplaced)         0.008    14.174    u_tlb_manager/u_tlb/e_ppn_reg[0][19]_i_383_n_0
                                                                      r  u_tlb_manager/u_tlb/e_ppn_reg[0][19]_i_196/CI
                         CARRY4 (Prop_carry4_CI_CO[2])
                                                      0.209    14.383 r  u_tlb_manager/u_tlb/e_ppn_reg[0][19]_i_196/CO[2]
                         net (fo=1, unplaced)         0.349    14.732    u_tlb_manager/u_tlb/e_ppn_reg[0][19]_i_196_n_1
                                                                      r  u_tlb_manager/u_tlb/e_ppn[0][19]_i_86/I0
                         LUT6 (Prop_lut6_I0_O)        0.252    14.984 f  u_tlb_manager/u_tlb/e_ppn[0][19]_i_86/O
                         net (fo=4, unplaced)         0.962    15.946    u_tlb_manager/u_tlb/e_ppn[0][19]_i_86_n_0
                                                                      f  u_tlb_manager/u_tlb/csr_tlbidx[0]_i_50/I1
                         LUT6 (Prop_lut6_I1_O)        0.105    16.051 r  u_tlb_manager/u_tlb/csr_tlbidx[0]_i_50/O
                         net (fo=1, unplaced)         0.347    16.398    u_tlb_manager/u_tlb/csr_tlbidx[0]_i_50_n_0
                                                                      r  u_tlb_manager/u_tlb/csr_tlbidx[0]_i_25/I4
                         LUT6 (Prop_lut6_I4_O)        0.105    16.503 r  u_tlb_manager/u_tlb/csr_tlbidx[0]_i_25/O
                         net (fo=2, unplaced)         0.358    16.861    u_tlb_manager/u_tlb/csr_tlbidx[0]_i_25_n_0
                                                                      r  u_tlb_manager/u_tlb/csr_tlbidx[0]_i_11/I2
                         LUT6 (Prop_lut6_I2_O)        0.105    16.966 r  u_tlb_manager/u_tlb/csr_tlbidx[0]_i_11/O
                         net (fo=1, unplaced)         0.347    17.313    u_tlb_manager/u_tlb/csr_tlbidx[0]_i_11_n_0
                                                                      r  u_tlb_manager/u_tlb/csr_tlbidx[0]_i_3/I3
                         LUT6 (Prop_lut6_I3_O)        0.105    17.418 f  u_tlb_manager/u_tlb/csr_tlbidx[0]_i_3/O
                         net (fo=1, unplaced)         0.582    18.000    u_tlb_manager/u_tlb/csr_tlbidx[0]_i_3_n_0
                                                                      f  u_tlb_manager/u_tlb/csr_tlbidx[0]_i_2/I0
                         LUT6 (Prop_lut6_I0_O)        0.105    18.105 r  u_tlb_manager/u_tlb/csr_tlbidx[0]_i_2/O
                         net (fo=463, unplaced)       0.485    18.590    u_tlb_manager/u_tlb/tlb_g_reg[28]_1
                                                                      r  u_tlb_manager/u_tlb/pre_paddr[21]_i_14/I4
                         LUT6 (Prop_lut6_I4_O)        0.105    18.695 r  u_tlb_manager/u_tlb/pre_paddr[21]_i_14/O
                         net (fo=1, unplaced)         0.938    19.633    u_tlb_manager/u_tlb/pre_paddr[21]_i_14_n_0
                                                                      r  u_tlb_manager/u_tlb/pre_paddr[21]_i_10/I1
                         LUT6 (Prop_lut6_I1_O)        0.105    19.738 r  u_tlb_manager/u_tlb/pre_paddr[21]_i_10/O
                         net (fo=1, unplaced)         0.582    20.320    u_tlb_manager/u_tlb/pre_paddr[21]_i_10_n_0
                                                                      r  u_tlb_manager/u_tlb/pre_paddr[21]_i_7/I1
                         LUT6 (Prop_lut6_I1_O)        0.105    20.425 f  u_tlb_manager/u_tlb/pre_paddr[21]_i_7/O
                         net (fo=2, unplaced)         0.593    21.018    u_tlb_manager/u_tlb/s0_ps[5]
                                                                      f  u_tlb_manager/u_tlb/fifo_ptr[2]_i_3__0/I0
                         LUT6 (Prop_lut6_I0_O)        0.105    21.123 r  u_tlb_manager/u_tlb/fifo_ptr[2]_i_3__0/O
                         net (fo=1, unplaced)         0.347    21.470    u_tlb_manager/u_tlb/fifo_ptr[2]_i_3__0_n_0
                                                                      r  u_tlb_manager/u_tlb/fifo_ptr[2]_i_2__0/I1
                         LUT6 (Prop_lut6_I1_O)        0.105    21.575 r  u_tlb_manager/u_tlb/fifo_ptr[2]_i_2__0/O
                         net (fo=19, unplaced)        0.406    21.981    u_tlb_manager/u_l1_tlb_i/refill_en
                                                                      r  u_tlb_manager/u_l1_tlb_i/e_key[0][19]_i_1/I1
                         LUT5 (Prop_lut5_I1_O)        0.105    22.086 r  u_tlb_manager/u_l1_tlb_i/e_key[0][19]_i_1/O
                         net (fo=45, unplaced)        0.446    22.532    u_tlb_manager/u_l1_tlb_i/e_key
                         FDRE                                         r  u_tlb_manager/u_l1_tlb_i/e_key_reg[0][17]/CE
  -------------------------------------------------------------------    -------------------

                         (clock aclk rise edge)      10.000    10.000 r  
                                                      0.000    10.000 r  aclk (IN)
                         net (fo=53882, unset)        0.748    10.748    u_tlb_manager/u_l1_tlb_i/aclk
                         FDRE                                         r  u_tlb_manager/u_l1_tlb_i/e_key_reg[0][17]/C
                         clock pessimism              0.000    10.748    
                         clock uncertainty           -0.035    10.712    
                         FDRE (Setup_fdre_C_CE)      -0.165    10.547    u_tlb_manager/u_l1_tlb_i/e_key_reg[0][17]
  -------------------------------------------------------------------
                         required time                         10.547    
                         arrival time                         -22.532    
  -------------------------------------------------------------------
                         slack                                -11.985    

Slack (VIOLATED) :        -11.985ns  (required time - arrival time)
  Source:                 u_icache/tag_arr_reg[3][119][3]/C
                            (rising edge-triggered cell FDRE clocked by aclk  {rise@0.000ns fall@5.000ns period=10.000ns})
  Destination:            u_tlb_manager/u_l1_tlb_i/e_key_reg[0][18]/CE
                            (rising edge-triggered cell FDRE clocked by aclk  {rise@0.000ns fall@5.000ns period=10.000ns})
  Path Group:             aclk
  Path Type:              Setup (Max at Slow Process Corner)
  Requirement:            10.000ns  (aclk rise@10.000ns - aclk rise@0.000ns)
  Data Path Delay:        21.745ns  (logic 5.986ns (27.528%)  route 15.759ns (72.472%))
  Logic Levels:           36  (CARRY4=4 LUT2=1 LUT3=3 LUT4=3 LUT5=2 LUT6=20 MUXF7=2 MUXF8=1)
  Clock Path Skew:        -0.039ns (DCD - SCD + CPR)
    Destination Clock Delay (DCD):    0.748ns = ( 10.748 - 10.000 ) 
    Source Clock Delay      (SCD):    0.787ns
    Clock Pessimism Removal (CPR):    0.000ns
  Clock Uncertainty:      0.035ns  ((TSJ^2 + TIJ^2)^1/2 + DJ) / 2 + PE
    Total System Jitter     (TSJ):    0.071ns
    Total Input Jitter      (TIJ):    0.000ns
    Discrete Jitter          (DJ):    0.000ns
    Phase Error              (PE):    0.000ns

    Location             Delay type                Incr(ns)  Path(ns)    Netlist Resource(s)
  -------------------------------------------------------------------    -------------------
                         (clock aclk rise edge)       0.000     0.000 r  
                                                      0.000     0.000 r  aclk (IN)
                         net (fo=53882, unset)        0.787     0.787    u_icache/aclk
                         FDRE                                         r  u_icache/tag_arr_reg[3][119][3]/C
  -------------------------------------------------------------------    -------------------
                         FDRE (Prop_fdre_C_Q)         0.379     1.166 r  u_icache/tag_arr_reg[3][119][3]/Q
                         net (fo=1, unplaced)         0.779     1.945    u_icache/tag_arr_reg_n_0_[3][119][3]
                                                                      r  u_icache/FSM_onehot_state[5]_i_4699/I0
                         LUT6 (Prop_lut6_I0_O)        0.232     2.177 r  u_icache/FSM_onehot_state[5]_i_4699/O
                         net (fo=1, unplaced)         0.000     2.177    u_icache/FSM_onehot_state[5]_i_4699_n_0
                                                                      r  u_icache/FSM_onehot_state_reg[5]_i_3794/I1
                         MUXF7 (Prop_muxf7_I1_O)      0.206     2.383 r  u_icache/FSM_onehot_state_reg[5]_i_3794/O
                         net (fo=1, unplaced)         0.000     2.383    u_icache/FSM_onehot_state_reg[5]_i_3794_n_0
                                                                      r  u_icache/FSM_onehot_state_reg[5]_i_2318/I0
                         MUXF8 (Prop_muxf8_I0_O)      0.085     2.468 r  u_icache/FSM_onehot_state_reg[5]_i_2318/O
                         net (fo=1, unplaced)         0.563     3.031    u_icache/FSM_onehot_state_reg[5]_i_2318_n_0
                                                                      r  u_icache/FSM_onehot_state[5]_i_1111/I0
                         LUT6 (Prop_lut6_I0_O)        0.259     3.290 r  u_icache/FSM_onehot_state[5]_i_1111/O
                         net (fo=1, unplaced)         0.000     3.290    u_icache/FSM_onehot_state[5]_i_1111_n_0
                                                                      r  u_icache/FSM_onehot_state_reg[5]_i_494/I1
                         MUXF7 (Prop_muxf7_I1_O)      0.206     3.496 r  u_icache/FSM_onehot_state_reg[5]_i_494/O
                         net (fo=1, unplaced)         0.584     4.080    u_icache/tag_arr[3]
                                                                      r  u_icache/FSM_onehot_state[5]_i_187/I0
                         LUT6 (Prop_lut6_I0_O)        0.242     4.322 r  u_icache/FSM_onehot_state[5]_i_187/O
                         net (fo=1, unplaced)         0.000     4.322    u_icache/FSM_onehot_state[5]_i_187_n_0
                                                                      r  u_icache/FSM_onehot_state_reg[5]_i_68/S[1]
                         CARRY4 (Prop_carry4_S[1]_CO[3])
                                                      0.457     4.779 r  u_icache/FSM_onehot_state_reg[5]_i_68/CO[3]
                         net (fo=1, unplaced)         0.008     4.787    u_icache/FSM_onehot_state_reg[5]_i_68_n_0
                                                                      r  u_icache/FSM_onehot_state_reg[5]_i_21/CI
                         CARRY4 (Prop_carry4_CI_CO[2])
                                                      0.209     4.996 f  u_icache/FSM_onehot_state_reg[5]_i_21/CO[2]
                         net (fo=24, unplaced)        0.413     5.409    u_icache/way_hit_30
                                                                      f  u_icache/FSM_onehot_state[5]_i_7/I2
                         LUT4 (Prop_lut4_I2_O)        0.252     5.661 f  u_icache/FSM_onehot_state[5]_i_7/O
                         net (fo=5, unplaced)         0.375     6.036    u_icache/FSM_onehot_state[5]_i_7_n_0
                                                                      f  u_icache/valid_arr[3][99]_i_4/I4
                         LUT5 (Prop_lut5_I4_O)        0.105     6.141 f  u_icache/valid_arr[3][99]_i_4/O
                         net (fo=57, unplaced)        0.433     6.574    u_icache/hit_any
                                                                      f  u_icache/if_rline[255]_i_7/I0
                         LUT4 (Prop_lut4_I0_O)        0.105     6.679 f  u_icache/if_rline[255]_i_7/O
                         net (fo=257, unplaced)       0.470     7.149    u_icache/lookup_hit
                                                                      f  u_icache/if_rline[255]_i_4/I0
                         LUT2 (Prop_lut2_I0_O)        0.105     7.254 f  u_icache/if_rline[255]_i_4/O
                         net (fo=12, unplaced)        0.395     7.649    u_ifu/ic_ifu_data_ok
                                                                      f  u_ifu/if_rline[255]_i_5/I2
                         LUT3 (Prop_lut3_I2_O)        0.105     7.754 r  u_ifu/if_rline[255]_i_5/O
                         net (fo=128, unplaced)       0.453     8.207    u_ifu/if_rline[255]_i_5_n_0
                                                                      r  u_ifu/mem[14][61]_i_12/I4
                         LUT6 (Prop_lut6_I4_O)        0.105     8.312 f  u_ifu/mem[14][61]_i_12/O
                         net (fo=2, unplaced)         0.593     8.905    u_ifu/mem[14][61]_i_12_n_0
                                                                      f  u_ifu/mem[14][61]_i_5/I1
                         LUT6 (Prop_lut6_I1_O)        0.105     9.010 f  u_ifu/mem[14][61]_i_5/O
                         net (fo=3, unplaced)         0.956     9.966    u_ifu/mem[14][61]_i_5_n_0
                                                                      f  u_ifu/i_excp_adef_o_i_43/I0
                         LUT6 (Prop_lut6_I0_O)        0.105    10.071 r  u_ifu/i_excp_adef_o_i_43/O
                         net (fo=3, unplaced)         0.346    10.417    u_ifu/i_excp_adef_o_i_43_n_0
                                                                      r  u_ifu/i_excp_adef_o_i_20/I0
                         LUT4 (Prop_lut4_I0_O)        0.126    10.543 r  u_ifu/i_excp_adef_o_i_20/O
                         net (fo=3, unplaced)         0.600    11.143    u_ifu/i_excp_adef_o_i_20_n_0
                                                                      r  u_ifu/i_excp_adef_o_i_8/I0
                         LUT6 (Prop_lut6_I0_O)        0.105    11.248 r  u_ifu/i_excp_adef_o_i_8/O
                         net (fo=5, unplaced)         0.556    11.804    u_ifu/i_excp_adef_o_i_8_n_0
                                                                      r  u_ifu/i_excp_adef_o_i_2/I3
                         LUT6 (Prop_lut6_I3_O)        0.105    11.909 r  u_ifu/i_excp_adef_o_i_2/O
                         net (fo=44, unplaced)        0.426    12.335    u_ifu/ifu_ftq_accept
                                                                      r  u_ifu/e_key[0][4]_i_1/I1
                         LUT3 (Prop_lut3_I1_O)        0.105    12.440 r  u_ifu/e_key[0][4]_i_1/O
                         net (fo=19, unplaced)        0.406    12.846    u_csr_exception_commit_handler/mmu_tlbm_inst_vaddr[3]
                                                                      r  u_csr_exception_commit_handler/e_ppn[0][19]_i_443__0/I2
                         LUT3 (Prop_lut3_I2_O)        0.105    12.951 r  u_csr_exception_commit_handler/e_ppn[0][19]_i_443__0/O
                         net (fo=32, unplaced)        0.653    13.604    u_tlb_manager/u_tlb/csr_tlbidx_reg[1]_i_38_5
                                                                      r  u_tlb_manager/u_tlb/e_ppn[0][19]_i_481/I1
                         LUT6 (Prop_lut6_I1_O)        0.105    13.709 r  u_tlb_manager/u_tlb/e_ppn[0][19]_i_481/O
                         net (fo=1, unplaced)         0.000    13.709    u_tlb_manager/u_tlb/e_ppn[0][19]_i_481_n_0
                                                                      r  u_tlb_manager/u_tlb/e_ppn_reg[0][19]_i_383/S[1]
                         CARRY4 (Prop_carry4_S[1]_CO[3])
                                                      0.457    14.166 r  u_tlb_manager/u_tlb/e_ppn_reg[0][19]_i_383/CO[3]
                         net (fo=1, unplaced)         0.008    14.174    u_tlb_manager/u_tlb/e_ppn_reg[0][19]_i_383_n_0
                                                                      r  u_tlb_manager/u_tlb/e_ppn_reg[0][19]_i_196/CI
                         CARRY4 (Prop_carry4_CI_CO[2])
                                                      0.209    14.383 r  u_tlb_manager/u_tlb/e_ppn_reg[0][19]_i_196/CO[2]
                         net (fo=1, unplaced)         0.349    14.732    u_tlb_manager/u_tlb/e_ppn_reg[0][19]_i_196_n_1
                                                                      r  u_tlb_manager/u_tlb/e_ppn[0][19]_i_86/I0
                         LUT6 (Prop_lut6_I0_O)        0.252    14.984 f  u_tlb_manager/u_tlb/e_ppn[0][19]_i_86/O
                         net (fo=4, unplaced)         0.962    15.946    u_tlb_manager/u_tlb/e_ppn[0][19]_i_86_n_0
                                                                      f  u_tlb_manager/u_tlb/csr_tlbidx[0]_i_50/I1
                         LUT6 (Prop_lut6_I1_O)        0.105    16.051 r  u_tlb_manager/u_tlb/csr_tlbidx[0]_i_50/O
                         net (fo=1, unplaced)         0.347    16.398    u_tlb_manager/u_tlb/csr_tlbidx[0]_i_50_n_0
                                                                      r  u_tlb_manager/u_tlb/csr_tlbidx[0]_i_25/I4
                         LUT6 (Prop_lut6_I4_O)        0.105    16.503 r  u_tlb_manager/u_tlb/csr_tlbidx[0]_i_25/O
                         net (fo=2, unplaced)         0.358    16.861    u_tlb_manager/u_tlb/csr_tlbidx[0]_i_25_n_0
                                                                      r  u_tlb_manager/u_tlb/csr_tlbidx[0]_i_11/I2
                         LUT6 (Prop_lut6_I2_O)        0.105    16.966 r  u_tlb_manager/u_tlb/csr_tlbidx[0]_i_11/O
                         net (fo=1, unplaced)         0.347    17.313    u_tlb_manager/u_tlb/csr_tlbidx[0]_i_11_n_0
                                                                      r  u_tlb_manager/u_tlb/csr_tlbidx[0]_i_3/I3
                         LUT6 (Prop_lut6_I3_O)        0.105    17.418 f  u_tlb_manager/u_tlb/csr_tlbidx[0]_i_3/O
                         net (fo=1, unplaced)         0.582    18.000    u_tlb_manager/u_tlb/csr_tlbidx[0]_i_3_n_0
                                                                      f  u_tlb_manager/u_tlb/csr_tlbidx[0]_i_2/I0
                         LUT6 (Prop_lut6_I0_O)        0.105    18.105 r  u_tlb_manager/u_tlb/csr_tlbidx[0]_i_2/O
                         net (fo=463, unplaced)       0.485    18.590    u_tlb_manager/u_tlb/tlb_g_reg[28]_1
                                                                      r  u_tlb_manager/u_tlb/pre_paddr[21]_i_14/I4
                         LUT6 (Prop_lut6_I4_O)        0.105    18.695 r  u_tlb_manager/u_tlb/pre_paddr[21]_i_14/O
                         net (fo=1, unplaced)         0.938    19.633    u_tlb_manager/u_tlb/pre_paddr[21]_i_14_n_0
                                                                      r  u_tlb_manager/u_tlb/pre_paddr[21]_i_10/I1
                         LUT6 (Prop_lut6_I1_O)        0.105    19.738 r  u_tlb_manager/u_tlb/pre_paddr[21]_i_10/O
                         net (fo=1, unplaced)         0.582    20.320    u_tlb_manager/u_tlb/pre_paddr[21]_i_10_n_0
                                                                      r  u_tlb_manager/u_tlb/pre_paddr[21]_i_7/I1
                         LUT6 (Prop_lut6_I1_O)        0.105    20.425 f  u_tlb_manager/u_tlb/pre_paddr[21]_i_7/O
                         net (fo=2, unplaced)         0.593    21.018    u_tlb_manager/u_tlb/s0_ps[5]
                                                                      f  u_tlb_manager/u_tlb/fifo_ptr[2]_i_3__0/I0
                         LUT6 (Prop_lut6_I0_O)        0.105    21.123 r  u_tlb_manager/u_tlb/fifo_ptr[2]_i_3__0/O
                         net (fo=1, unplaced)         0.347    21.470    u_tlb_manager/u_tlb/fifo_ptr[2]_i_3__0_n_0
                                                                      r  u_tlb_manager/u_tlb/fifo_ptr[2]_i_2__0/I1
                         LUT6 (Prop_lut6_I1_O)        0.105    21.575 r  u_tlb_manager/u_tlb/fifo_ptr[2]_i_2__0/O
                         net (fo=19, unplaced)        0.406    21.981    u_tlb_manager/u_l1_tlb_i/refill_en
                                                                      r  u_tlb_manager/u_l1_tlb_i/e_key[0][19]_i_1/I1
                         LUT5 (Prop_lut5_I1_O)        0.105    22.086 r  u_tlb_manager/u_l1_tlb_i/e_key[0][19]_i_1/O
                         net (fo=45, unplaced)        0.446    22.532    u_tlb_manager/u_l1_tlb_i/e_key
                         FDRE                                         r  u_tlb_manager/u_l1_tlb_i/e_key_reg[0][18]/CE
  -------------------------------------------------------------------    -------------------

                         (clock aclk rise edge)      10.000    10.000 r  
                                                      0.000    10.000 r  aclk (IN)
                         net (fo=53882, unset)        0.748    10.748    u_tlb_manager/u_l1_tlb_i/aclk
                         FDRE                                         r  u_tlb_manager/u_l1_tlb_i/e_key_reg[0][18]/C
                         clock pessimism              0.000    10.748    
                         clock uncertainty           -0.035    10.712    
                         FDRE (Setup_fdre_C_CE)      -0.165    10.547    u_tlb_manager/u_l1_tlb_i/e_key_reg[0][18]
  -------------------------------------------------------------------
                         required time                         10.547    
                         arrival time                         -22.532    
  -------------------------------------------------------------------
                         slack                                -11.985    

Slack (VIOLATED) :        -11.985ns  (required time - arrival time)
  Source:                 u_icache/tag_arr_reg[3][119][3]/C
                            (rising edge-triggered cell FDRE clocked by aclk  {rise@0.000ns fall@5.000ns period=10.000ns})
  Destination:            u_tlb_manager/u_l1_tlb_i/e_key_reg[0][19]/CE
                            (rising edge-triggered cell FDRE clocked by aclk  {rise@0.000ns fall@5.000ns period=10.000ns})
  Path Group:             aclk
  Path Type:              Setup (Max at Slow Process Corner)
  Requirement:            10.000ns  (aclk rise@10.000ns - aclk rise@0.000ns)
  Data Path Delay:        21.745ns  (logic 5.986ns (27.528%)  route 15.759ns (72.472%))
  Logic Levels:           36  (CARRY4=4 LUT2=1 LUT3=3 LUT4=3 LUT5=2 LUT6=20 MUXF7=2 MUXF8=1)
  Clock Path Skew:        -0.039ns (DCD - SCD + CPR)
    Destination Clock Delay (DCD):    0.748ns = ( 10.748 - 10.000 ) 
    Source Clock Delay      (SCD):    0.787ns
    Clock Pessimism Removal (CPR):    0.000ns
  Clock Uncertainty:      0.035ns  ((TSJ^2 + TIJ^2)^1/2 + DJ) / 2 + PE
    Total System Jitter     (TSJ):    0.071ns
    Total Input Jitter      (TIJ):    0.000ns
    Discrete Jitter          (DJ):    0.000ns
    Phase Error              (PE):    0.000ns

    Location             Delay type                Incr(ns)  Path(ns)    Netlist Resource(s)
  -------------------------------------------------------------------    -------------------
                         (clock aclk rise edge)       0.000     0.000 r  
                                                      0.000     0.000 r  aclk (IN)
                         net (fo=53882, unset)        0.787     0.787    u_icache/aclk
                         FDRE                                         r  u_icache/tag_arr_reg[3][119][3]/C
  -------------------------------------------------------------------    -------------------
                         FDRE (Prop_fdre_C_Q)         0.379     1.166 r  u_icache/tag_arr_reg[3][119][3]/Q
                         net (fo=1, unplaced)         0.779     1.945    u_icache/tag_arr_reg_n_0_[3][119][3]
                                                                      r  u_icache/FSM_onehot_state[5]_i_4699/I0
                         LUT6 (Prop_lut6_I0_O)        0.232     2.177 r  u_icache/FSM_onehot_state[5]_i_4699/O
                         net (fo=1, unplaced)         0.000     2.177    u_icache/FSM_onehot_state[5]_i_4699_n_0
                                                                      r  u_icache/FSM_onehot_state_reg[5]_i_3794/I1
                         MUXF7 (Prop_muxf7_I1_O)      0.206     2.383 r  u_icache/FSM_onehot_state_reg[5]_i_3794/O
                         net (fo=1, unplaced)         0.000     2.383    u_icache/FSM_onehot_state_reg[5]_i_3794_n_0
                                                                      r  u_icache/FSM_onehot_state_reg[5]_i_2318/I0
                         MUXF8 (Prop_muxf8_I0_O)      0.085     2.468 r  u_icache/FSM_onehot_state_reg[5]_i_2318/O
                         net (fo=1, unplaced)         0.563     3.031    u_icache/FSM_onehot_state_reg[5]_i_2318_n_0
                                                                      r  u_icache/FSM_onehot_state[5]_i_1111/I0
                         LUT6 (Prop_lut6_I0_O)        0.259     3.290 r  u_icache/FSM_onehot_state[5]_i_1111/O
                         net (fo=1, unplaced)         0.000     3.290    u_icache/FSM_onehot_state[5]_i_1111_n_0
                                                                      r  u_icache/FSM_onehot_state_reg[5]_i_494/I1
                         MUXF7 (Prop_muxf7_I1_O)      0.206     3.496 r  u_icache/FSM_onehot_state_reg[5]_i_494/O
                         net (fo=1, unplaced)         0.584     4.080    u_icache/tag_arr[3]
                                                                      r  u_icache/FSM_onehot_state[5]_i_187/I0
                         LUT6 (Prop_lut6_I0_O)        0.242     4.322 r  u_icache/FSM_onehot_state[5]_i_187/O
                         net (fo=1, unplaced)         0.000     4.322    u_icache/FSM_onehot_state[5]_i_187_n_0
                                                                      r  u_icache/FSM_onehot_state_reg[5]_i_68/S[1]
                         CARRY4 (Prop_carry4_S[1]_CO[3])
                                                      0.457     4.779 r  u_icache/FSM_onehot_state_reg[5]_i_68/CO[3]
                         net (fo=1, unplaced)         0.008     4.787    u_icache/FSM_onehot_state_reg[5]_i_68_n_0
                                                                      r  u_icache/FSM_onehot_state_reg[5]_i_21/CI
                         CARRY4 (Prop_carry4_CI_CO[2])
                                                      0.209     4.996 f  u_icache/FSM_onehot_state_reg[5]_i_21/CO[2]
                         net (fo=24, unplaced)        0.413     5.409    u_icache/way_hit_30
                                                                      f  u_icache/FSM_onehot_state[5]_i_7/I2
                         LUT4 (Prop_lut4_I2_O)        0.252     5.661 f  u_icache/FSM_onehot_state[5]_i_7/O
                         net (fo=5, unplaced)         0.375     6.036    u_icache/FSM_onehot_state[5]_i_7_n_0
                                                                      f  u_icache/valid_arr[3][99]_i_4/I4
                         LUT5 (Prop_lut5_I4_O)        0.105     6.141 f  u_icache/valid_arr[3][99]_i_4/O
                         net (fo=57, unplaced)        0.433     6.574    u_icache/hit_any
                                                                      f  u_icache/if_rline[255]_i_7/I0
                         LUT4 (Prop_lut4_I0_O)        0.105     6.679 f  u_icache/if_rline[255]_i_7/O
                         net (fo=257, unplaced)       0.470     7.149    u_icache/lookup_hit
                                                                      f  u_icache/if_rline[255]_i_4/I0
                         LUT2 (Prop_lut2_I0_O)        0.105     7.254 f  u_icache/if_rline[255]_i_4/O
                         net (fo=12, unplaced)        0.395     7.649    u_ifu/ic_ifu_data_ok
                                                                      f  u_ifu/if_rline[255]_i_5/I2
                         LUT3 (Prop_lut3_I2_O)        0.105     7.754 r  u_ifu/if_rline[255]_i_5/O
                         net (fo=128, unplaced)       0.453     8.207    u_ifu/if_rline[255]_i_5_n_0
                                                                      r  u_ifu/mem[14][61]_i_12/I4
                         LUT6 (Prop_lut6_I4_O)        0.105     8.312 f  u_ifu/mem[14][61]_i_12/O
                         net (fo=2, unplaced)         0.593     8.905    u_ifu/mem[14][61]_i_12_n_0
                                                                      f  u_ifu/mem[14][61]_i_5/I1
                         LUT6 (Prop_lut6_I1_O)        0.105     9.010 f  u_ifu/mem[14][61]_i_5/O
                         net (fo=3, unplaced)         0.956     9.966    u_ifu/mem[14][61]_i_5_n_0
                                                                      f  u_ifu/i_excp_adef_o_i_43/I0
                         LUT6 (Prop_lut6_I0_O)        0.105    10.071 r  u_ifu/i_excp_adef_o_i_43/O
                         net (fo=3, unplaced)         0.346    10.417    u_ifu/i_excp_adef_o_i_43_n_0
                                                                      r  u_ifu/i_excp_adef_o_i_20/I0
                         LUT4 (Prop_lut4_I0_O)        0.126    10.543 r  u_ifu/i_excp_adef_o_i_20/O
                         net (fo=3, unplaced)         0.600    11.143    u_ifu/i_excp_adef_o_i_20_n_0
                                                                      r  u_ifu/i_excp_adef_o_i_8/I0
                         LUT6 (Prop_lut6_I0_O)        0.105    11.248 r  u_ifu/i_excp_adef_o_i_8/O
                         net (fo=5, unplaced)         0.556    11.804    u_ifu/i_excp_adef_o_i_8_n_0
                                                                      r  u_ifu/i_excp_adef_o_i_2/I3
                         LUT6 (Prop_lut6_I3_O)        0.105    11.909 r  u_ifu/i_excp_adef_o_i_2/O
                         net (fo=44, unplaced)        0.426    12.335    u_ifu/ifu_ftq_accept
                                                                      r  u_ifu/e_key[0][4]_i_1/I1
                         LUT3 (Prop_lut3_I1_O)        0.105    12.440 r  u_ifu/e_key[0][4]_i_1/O
                         net (fo=19, unplaced)        0.406    12.846    u_csr_exception_commit_handler/mmu_tlbm_inst_vaddr[3]
                                                                      r  u_csr_exception_commit_handler/e_ppn[0][19]_i_443__0/I2
                         LUT3 (Prop_lut3_I2_O)        0.105    12.951 r  u_csr_exception_commit_handler/e_ppn[0][19]_i_443__0/O
                         net (fo=32, unplaced)        0.653    13.604    u_tlb_manager/u_tlb/csr_tlbidx_reg[1]_i_38_5
                                                                      r  u_tlb_manager/u_tlb/e_ppn[0][19]_i_481/I1
                         LUT6 (Prop_lut6_I1_O)        0.105    13.709 r  u_tlb_manager/u_tlb/e_ppn[0][19]_i_481/O
                         net (fo=1, unplaced)         0.000    13.709    u_tlb_manager/u_tlb/e_ppn[0][19]_i_481_n_0
                                                                      r  u_tlb_manager/u_tlb/e_ppn_reg[0][19]_i_383/S[1]
                         CARRY4 (Prop_carry4_S[1]_CO[3])
                                                      0.457    14.166 r  u_tlb_manager/u_tlb/e_ppn_reg[0][19]_i_383/CO[3]
                         net (fo=1, unplaced)         0.008    14.174    u_tlb_manager/u_tlb/e_ppn_reg[0][19]_i_383_n_0
                                                                      r  u_tlb_manager/u_tlb/e_ppn_reg[0][19]_i_196/CI
                         CARRY4 (Prop_carry4_CI_CO[2])
                                                      0.209    14.383 r  u_tlb_manager/u_tlb/e_ppn_reg[0][19]_i_196/CO[2]
                         net (fo=1, unplaced)         0.349    14.732    u_tlb_manager/u_tlb/e_ppn_reg[0][19]_i_196_n_1
                                                                      r  u_tlb_manager/u_tlb/e_ppn[0][19]_i_86/I0
                         LUT6 (Prop_lut6_I0_O)        0.252    14.984 f  u_tlb_manager/u_tlb/e_ppn[0][19]_i_86/O
                         net (fo=4, unplaced)         0.962    15.946    u_tlb_manager/u_tlb/e_ppn[0][19]_i_86_n_0
                                                                      f  u_tlb_manager/u_tlb/csr_tlbidx[0]_i_50/I1
                         LUT6 (Prop_lut6_I1_O)        0.105    16.051 r  u_tlb_manager/u_tlb/csr_tlbidx[0]_i_50/O
                         net (fo=1, unplaced)         0.347    16.398    u_tlb_manager/u_tlb/csr_tlbidx[0]_i_50_n_0
                                                                      r  u_tlb_manager/u_tlb/csr_tlbidx[0]_i_25/I4
                         LUT6 (Prop_lut6_I4_O)        0.105    16.503 r  u_tlb_manager/u_tlb/csr_tlbidx[0]_i_25/O
                         net (fo=2, unplaced)         0.358    16.861    u_tlb_manager/u_tlb/csr_tlbidx[0]_i_25_n_0
                                                                      r  u_tlb_manager/u_tlb/csr_tlbidx[0]_i_11/I2
                         LUT6 (Prop_lut6_I2_O)        0.105    16.966 r  u_tlb_manager/u_tlb/csr_tlbidx[0]_i_11/O
                         net (fo=1, unplaced)         0.347    17.313    u_tlb_manager/u_tlb/csr_tlbidx[0]_i_11_n_0
                                                                      r  u_tlb_manager/u_tlb/csr_tlbidx[0]_i_3/I3
                         LUT6 (Prop_lut6_I3_O)        0.105    17.418 f  u_tlb_manager/u_tlb/csr_tlbidx[0]_i_3/O
                         net (fo=1, unplaced)         0.582    18.000    u_tlb_manager/u_tlb/csr_tlbidx[0]_i_3_n_0
                                                                      f  u_tlb_manager/u_tlb/csr_tlbidx[0]_i_2/I0
                         LUT6 (Prop_lut6_I0_O)        0.105    18.105 r  u_tlb_manager/u_tlb/csr_tlbidx[0]_i_2/O
                         net (fo=463, unplaced)       0.485    18.590    u_tlb_manager/u_tlb/tlb_g_reg[28]_1
                                                                      r  u_tlb_manager/u_tlb/pre_paddr[21]_i_14/I4
                         LUT6 (Prop_lut6_I4_O)        0.105    18.695 r  u_tlb_manager/u_tlb/pre_paddr[21]_i_14/O
                         net (fo=1, unplaced)         0.938    19.633    u_tlb_manager/u_tlb/pre_paddr[21]_i_14_n_0
                                                                      r  u_tlb_manager/u_tlb/pre_paddr[21]_i_10/I1
                         LUT6 (Prop_lut6_I1_O)        0.105    19.738 r  u_tlb_manager/u_tlb/pre_paddr[21]_i_10/O
                         net (fo=1, unplaced)         0.582    20.320    u_tlb_manager/u_tlb/pre_paddr[21]_i_10_n_0
                                                                      r  u_tlb_manager/u_tlb/pre_paddr[21]_i_7/I1
                         LUT6 (Prop_lut6_I1_O)        0.105    20.425 f  u_tlb_manager/u_tlb/pre_paddr[21]_i_7/O
                         net (fo=2, unplaced)         0.593    21.018    u_tlb_manager/u_tlb/s0_ps[5]
                                                                      f  u_tlb_manager/u_tlb/fifo_ptr[2]_i_3__0/I0
                         LUT6 (Prop_lut6_I0_O)        0.105    21.123 r  u_tlb_manager/u_tlb/fifo_ptr[2]_i_3__0/O
                         net (fo=1, unplaced)         0.347    21.470    u_tlb_manager/u_tlb/fifo_ptr[2]_i_3__0_n_0
                                                                      r  u_tlb_manager/u_tlb/fifo_ptr[2]_i_2__0/I1
                         LUT6 (Prop_lut6_I1_O)        0.105    21.575 r  u_tlb_manager/u_tlb/fifo_ptr[2]_i_2__0/O
                         net (fo=19, unplaced)        0.406    21.981    u_tlb_manager/u_l1_tlb_i/refill_en
                                                                      r  u_tlb_manager/u_l1_tlb_i/e_key[0][19]_i_1/I1
                         LUT5 (Prop_lut5_I1_O)        0.105    22.086 r  u_tlb_manager/u_l1_tlb_i/e_key[0][19]_i_1/O
                         net (fo=45, unplaced)        0.446    22.532    u_tlb_manager/u_l1_tlb_i/e_key
                         FDRE                                         r  u_tlb_manager/u_l1_tlb_i/e_key_reg[0][19]/CE
  -------------------------------------------------------------------    -------------------

                         (clock aclk rise edge)      10.000    10.000 r  
                                                      0.000    10.000 r  aclk (IN)
                         net (fo=53882, unset)        0.748    10.748    u_tlb_manager/u_l1_tlb_i/aclk
                         FDRE                                         r  u_tlb_manager/u_l1_tlb_i/e_key_reg[0][19]/C
                         clock pessimism              0.000    10.748    
                         clock uncertainty           -0.035    10.712    
                         FDRE (Setup_fdre_C_CE)      -0.165    10.547    u_tlb_manager/u_l1_tlb_i/e_key_reg[0][19]
  -------------------------------------------------------------------
                         required time                         10.547    
                         arrival time                         -22.532    
  -------------------------------------------------------------------
                         slack                                -11.985    

Slack (VIOLATED) :        -11.985ns  (required time - arrival time)
  Source:                 u_icache/tag_arr_reg[3][119][3]/C
                            (rising edge-triggered cell FDRE clocked by aclk  {rise@0.000ns fall@5.000ns period=10.000ns})
  Destination:            u_tlb_manager/u_l1_tlb_i/e_key_reg[0][1]/CE
                            (rising edge-triggered cell FDRE clocked by aclk  {rise@0.000ns fall@5.000ns period=10.000ns})
  Path Group:             aclk
  Path Type:              Setup (Max at Slow Process Corner)
  Requirement:            10.000ns  (aclk rise@10.000ns - aclk rise@0.000ns)
  Data Path Delay:        21.745ns  (logic 5.986ns (27.528%)  route 15.759ns (72.472%))
  Logic Levels:           36  (CARRY4=4 LUT2=1 LUT3=3 LUT4=3 LUT5=2 LUT6=20 MUXF7=2 MUXF8=1)
  Clock Path Skew:        -0.039ns (DCD - SCD + CPR)
    Destination Clock Delay (DCD):    0.748ns = ( 10.748 - 10.000 ) 
    Source Clock Delay      (SCD):    0.787ns
    Clock Pessimism Removal (CPR):    0.000ns
  Clock Uncertainty:      0.035ns  ((TSJ^2 + TIJ^2)^1/2 + DJ) / 2 + PE
    Total System Jitter     (TSJ):    0.071ns
    Total Input Jitter      (TIJ):    0.000ns
    Discrete Jitter          (DJ):    0.000ns
    Phase Error              (PE):    0.000ns

    Location             Delay type                Incr(ns)  Path(ns)    Netlist Resource(s)
  -------------------------------------------------------------------    -------------------
                         (clock aclk rise edge)       0.000     0.000 r  
                                                      0.000     0.000 r  aclk (IN)
                         net (fo=53882, unset)        0.787     0.787    u_icache/aclk
                         FDRE                                         r  u_icache/tag_arr_reg[3][119][3]/C
  -------------------------------------------------------------------    -------------------
                         FDRE (Prop_fdre_C_Q)         0.379     1.166 r  u_icache/tag_arr_reg[3][119][3]/Q
                         net (fo=1, unplaced)         0.779     1.945    u_icache/tag_arr_reg_n_0_[3][119][3]
                                                                      r  u_icache/FSM_onehot_state[5]_i_4699/I0
                         LUT6 (Prop_lut6_I0_O)        0.232     2.177 r  u_icache/FSM_onehot_state[5]_i_4699/O
                         net (fo=1, unplaced)         0.000     2.177    u_icache/FSM_onehot_state[5]_i_4699_n_0
                                                                      r  u_icache/FSM_onehot_state_reg[5]_i_3794/I1
                         MUXF7 (Prop_muxf7_I1_O)      0.206     2.383 r  u_icache/FSM_onehot_state_reg[5]_i_3794/O
                         net (fo=1, unplaced)         0.000     2.383    u_icache/FSM_onehot_state_reg[5]_i_3794_n_0
                                                                      r  u_icache/FSM_onehot_state_reg[5]_i_2318/I0
                         MUXF8 (Prop_muxf8_I0_O)      0.085     2.468 r  u_icache/FSM_onehot_state_reg[5]_i_2318/O
                         net (fo=1, unplaced)         0.563     3.031    u_icache/FSM_onehot_state_reg[5]_i_2318_n_0
                                                                      r  u_icache/FSM_onehot_state[5]_i_1111/I0
                         LUT6 (Prop_lut6_I0_O)        0.259     3.290 r  u_icache/FSM_onehot_state[5]_i_1111/O
                         net (fo=1, unplaced)         0.000     3.290    u_icache/FSM_onehot_state[5]_i_1111_n_0
                                                                      r  u_icache/FSM_onehot_state_reg[5]_i_494/I1
                         MUXF7 (Prop_muxf7_I1_O)      0.206     3.496 r  u_icache/FSM_onehot_state_reg[5]_i_494/O
                         net (fo=1, unplaced)         0.584     4.080    u_icache/tag_arr[3]
                                                                      r  u_icache/FSM_onehot_state[5]_i_187/I0
                         LUT6 (Prop_lut6_I0_O)        0.242     4.322 r  u_icache/FSM_onehot_state[5]_i_187/O
                         net (fo=1, unplaced)         0.000     4.322    u_icache/FSM_onehot_state[5]_i_187_n_0
                                                                      r  u_icache/FSM_onehot_state_reg[5]_i_68/S[1]
                         CARRY4 (Prop_carry4_S[1]_CO[3])
                                                      0.457     4.779 r  u_icache/FSM_onehot_state_reg[5]_i_68/CO[3]
                         net (fo=1, unplaced)         0.008     4.787    u_icache/FSM_onehot_state_reg[5]_i_68_n_0
                                                                      r  u_icache/FSM_onehot_state_reg[5]_i_21/CI
                         CARRY4 (Prop_carry4_CI_CO[2])
                                                      0.209     4.996 f  u_icache/FSM_onehot_state_reg[5]_i_21/CO[2]
                         net (fo=24, unplaced)        0.413     5.409    u_icache/way_hit_30
                                                                      f  u_icache/FSM_onehot_state[5]_i_7/I2
                         LUT4 (Prop_lut4_I2_O)        0.252     5.661 f  u_icache/FSM_onehot_state[5]_i_7/O
                         net (fo=5, unplaced)         0.375     6.036    u_icache/FSM_onehot_state[5]_i_7_n_0
                                                                      f  u_icache/valid_arr[3][99]_i_4/I4
                         LUT5 (Prop_lut5_I4_O)        0.105     6.141 f  u_icache/valid_arr[3][99]_i_4/O
                         net (fo=57, unplaced)        0.433     6.574    u_icache/hit_any
                                                                      f  u_icache/if_rline[255]_i_7/I0
                         LUT4 (Prop_lut4_I0_O)        0.105     6.679 f  u_icache/if_rline[255]_i_7/O
                         net (fo=257, unplaced)       0.470     7.149    u_icache/lookup_hit
                                                                      f  u_icache/if_rline[255]_i_4/I0
                         LUT2 (Prop_lut2_I0_O)        0.105     7.254 f  u_icache/if_rline[255]_i_4/O
                         net (fo=12, unplaced)        0.395     7.649    u_ifu/ic_ifu_data_ok
                                                                      f  u_ifu/if_rline[255]_i_5/I2
                         LUT3 (Prop_lut3_I2_O)        0.105     7.754 r  u_ifu/if_rline[255]_i_5/O
                         net (fo=128, unplaced)       0.453     8.207    u_ifu/if_rline[255]_i_5_n_0
                                                                      r  u_ifu/mem[14][61]_i_12/I4
                         LUT6 (Prop_lut6_I4_O)        0.105     8.312 f  u_ifu/mem[14][61]_i_12/O
                         net (fo=2, unplaced)         0.593     8.905    u_ifu/mem[14][61]_i_12_n_0
                                                                      f  u_ifu/mem[14][61]_i_5/I1
                         LUT6 (Prop_lut6_I1_O)        0.105     9.010 f  u_ifu/mem[14][61]_i_5/O
                         net (fo=3, unplaced)         0.956     9.966    u_ifu/mem[14][61]_i_5_n_0
                                                                      f  u_ifu/i_excp_adef_o_i_43/I0
                         LUT6 (Prop_lut6_I0_O)        0.105    10.071 r  u_ifu/i_excp_adef_o_i_43/O
                         net (fo=3, unplaced)         0.346    10.417    u_ifu/i_excp_adef_o_i_43_n_0
                                                                      r  u_ifu/i_excp_adef_o_i_20/I0
                         LUT4 (Prop_lut4_I0_O)        0.126    10.543 r  u_ifu/i_excp_adef_o_i_20/O
                         net (fo=3, unplaced)         0.600    11.143    u_ifu/i_excp_adef_o_i_20_n_0
                                                                      r  u_ifu/i_excp_adef_o_i_8/I0
                         LUT6 (Prop_lut6_I0_O)        0.105    11.248 r  u_ifu/i_excp_adef_o_i_8/O
                         net (fo=5, unplaced)         0.556    11.804    u_ifu/i_excp_adef_o_i_8_n_0
                                                                      r  u_ifu/i_excp_adef_o_i_2/I3
                         LUT6 (Prop_lut6_I3_O)        0.105    11.909 r  u_ifu/i_excp_adef_o_i_2/O
                         net (fo=44, unplaced)        0.426    12.335    u_ifu/ifu_ftq_accept
                                                                      r  u_ifu/e_key[0][4]_i_1/I1
                         LUT3 (Prop_lut3_I1_O)        0.105    12.440 r  u_ifu/e_key[0][4]_i_1/O
                         net (fo=19, unplaced)        0.406    12.846    u_csr_exception_commit_handler/mmu_tlbm_inst_vaddr[3]
                                                                      r  u_csr_exception_commit_handler/e_ppn[0][19]_i_443__0/I2
                         LUT3 (Prop_lut3_I2_O)        0.105    12.951 r  u_csr_exception_commit_handler/e_ppn[0][19]_i_443__0/O
                         net (fo=32, unplaced)        0.653    13.604    u_tlb_manager/u_tlb/csr_tlbidx_reg[1]_i_38_5
                                                                      r  u_tlb_manager/u_tlb/e_ppn[0][19]_i_481/I1
                         LUT6 (Prop_lut6_I1_O)        0.105    13.709 r  u_tlb_manager/u_tlb/e_ppn[0][19]_i_481/O
                         net (fo=1, unplaced)         0.000    13.709    u_tlb_manager/u_tlb/e_ppn[0][19]_i_481_n_0
                                                                      r  u_tlb_manager/u_tlb/e_ppn_reg[0][19]_i_383/S[1]
                         CARRY4 (Prop_carry4_S[1]_CO[3])
                                                      0.457    14.166 r  u_tlb_manager/u_tlb/e_ppn_reg[0][19]_i_383/CO[3]
                         net (fo=1, unplaced)         0.008    14.174    u_tlb_manager/u_tlb/e_ppn_reg[0][19]_i_383_n_0
                                                                      r  u_tlb_manager/u_tlb/e_ppn_reg[0][19]_i_196/CI
                         CARRY4 (Prop_carry4_CI_CO[2])
                                                      0.209    14.383 r  u_tlb_manager/u_tlb/e_ppn_reg[0][19]_i_196/CO[2]
                         net (fo=1, unplaced)         0.349    14.732    u_tlb_manager/u_tlb/e_ppn_reg[0][19]_i_196_n_1
                                                                      r  u_tlb_manager/u_tlb/e_ppn[0][19]_i_86/I0
                         LUT6 (Prop_lut6_I0_O)        0.252    14.984 f  u_tlb_manager/u_tlb/e_ppn[0][19]_i_86/O
                         net (fo=4, unplaced)         0.962    15.946    u_tlb_manager/u_tlb/e_ppn[0][19]_i_86_n_0
                                                                      f  u_tlb_manager/u_tlb/csr_tlbidx[0]_i_50/I1
                         LUT6 (Prop_lut6_I1_O)        0.105    16.051 r  u_tlb_manager/u_tlb/csr_tlbidx[0]_i_50/O
                         net (fo=1, unplaced)         0.347    16.398    u_tlb_manager/u_tlb/csr_tlbidx[0]_i_50_n_0
                                                                      r  u_tlb_manager/u_tlb/csr_tlbidx[0]_i_25/I4
                         LUT6 (Prop_lut6_I4_O)        0.105    16.503 r  u_tlb_manager/u_tlb/csr_tlbidx[0]_i_25/O
                         net (fo=2, unplaced)         0.358    16.861    u_tlb_manager/u_tlb/csr_tlbidx[0]_i_25_n_0
                                                                      r  u_tlb_manager/u_tlb/csr_tlbidx[0]_i_11/I2
                         LUT6 (Prop_lut6_I2_O)        0.105    16.966 r  u_tlb_manager/u_tlb/csr_tlbidx[0]_i_11/O
                         net (fo=1, unplaced)         0.347    17.313    u_tlb_manager/u_tlb/csr_tlbidx[0]_i_11_n_0
                                                                      r  u_tlb_manager/u_tlb/csr_tlbidx[0]_i_3/I3
                         LUT6 (Prop_lut6_I3_O)        0.105    17.418 f  u_tlb_manager/u_tlb/csr_tlbidx[0]_i_3/O
                         net (fo=1, unplaced)         0.582    18.000    u_tlb_manager/u_tlb/csr_tlbidx[0]_i_3_n_0
                                                                      f  u_tlb_manager/u_tlb/csr_tlbidx[0]_i_2/I0
                         LUT6 (Prop_lut6_I0_O)        0.105    18.105 r  u_tlb_manager/u_tlb/csr_tlbidx[0]_i_2/O
                         net (fo=463, unplaced)       0.485    18.590    u_tlb_manager/u_tlb/tlb_g_reg[28]_1
                                                                      r  u_tlb_manager/u_tlb/pre_paddr[21]_i_14/I4
                         LUT6 (Prop_lut6_I4_O)        0.105    18.695 r  u_tlb_manager/u_tlb/pre_paddr[21]_i_14/O
                         net (fo=1, unplaced)         0.938    19.633    u_tlb_manager/u_tlb/pre_paddr[21]_i_14_n_0
                                                                      r  u_tlb_manager/u_tlb/pre_paddr[21]_i_10/I1
                         LUT6 (Prop_lut6_I1_O)        0.105    19.738 r  u_tlb_manager/u_tlb/pre_paddr[21]_i_10/O
                         net (fo=1, unplaced)         0.582    20.320    u_tlb_manager/u_tlb/pre_paddr[21]_i_10_n_0
                                                                      r  u_tlb_manager/u_tlb/pre_paddr[21]_i_7/I1
                         LUT6 (Prop_lut6_I1_O)        0.105    20.425 f  u_tlb_manager/u_tlb/pre_paddr[21]_i_7/O
                         net (fo=2, unplaced)         0.593    21.018    u_tlb_manager/u_tlb/s0_ps[5]
                                                                      f  u_tlb_manager/u_tlb/fifo_ptr[2]_i_3__0/I0
                         LUT6 (Prop_lut6_I0_O)        0.105    21.123 r  u_tlb_manager/u_tlb/fifo_ptr[2]_i_3__0/O
                         net (fo=1, unplaced)         0.347    21.470    u_tlb_manager/u_tlb/fifo_ptr[2]_i_3__0_n_0
                                                                      r  u_tlb_manager/u_tlb/fifo_ptr[2]_i_2__0/I1
                         LUT6 (Prop_lut6_I1_O)        0.105    21.575 r  u_tlb_manager/u_tlb/fifo_ptr[2]_i_2__0/O
                         net (fo=19, unplaced)        0.406    21.981    u_tlb_manager/u_l1_tlb_i/refill_en
                                                                      r  u_tlb_manager/u_l1_tlb_i/e_key[0][19]_i_1/I1
                         LUT5 (Prop_lut5_I1_O)        0.105    22.086 r  u_tlb_manager/u_l1_tlb_i/e_key[0][19]_i_1/O
                         net (fo=45, unplaced)        0.446    22.532    u_tlb_manager/u_l1_tlb_i/e_key
                         FDRE                                         r  u_tlb_manager/u_l1_tlb_i/e_key_reg[0][1]/CE
  -------------------------------------------------------------------    -------------------

                         (clock aclk rise edge)      10.000    10.000 r  
                                                      0.000    10.000 r  aclk (IN)
                         net (fo=53882, unset)        0.748    10.748    u_tlb_manager/u_l1_tlb_i/aclk
                         FDRE                                         r  u_tlb_manager/u_l1_tlb_i/e_key_reg[0][1]/C
                         clock pessimism              0.000    10.748    
                         clock uncertainty           -0.035    10.712    
                         FDRE (Setup_fdre_C_CE)      -0.165    10.547    u_tlb_manager/u_l1_tlb_i/e_key_reg[0][1]
  -------------------------------------------------------------------
                         required time                         10.547    
                         arrival time                         -22.532    
  -------------------------------------------------------------------
                         slack                                -11.985    

Slack (VIOLATED) :        -11.985ns  (required time - arrival time)
  Source:                 u_icache/tag_arr_reg[3][119][3]/C
                            (rising edge-triggered cell FDRE clocked by aclk  {rise@0.000ns fall@5.000ns period=10.000ns})
  Destination:            u_tlb_manager/u_l1_tlb_i/e_key_reg[0][2]/CE
                            (rising edge-triggered cell FDRE clocked by aclk  {rise@0.000ns fall@5.000ns period=10.000ns})
  Path Group:             aclk
  Path Type:              Setup (Max at Slow Process Corner)
  Requirement:            10.000ns  (aclk rise@10.000ns - aclk rise@0.000ns)
  Data Path Delay:        21.745ns  (logic 5.986ns (27.528%)  route 15.759ns (72.472%))
  Logic Levels:           36  (CARRY4=4 LUT2=1 LUT3=3 LUT4=3 LUT5=2 LUT6=20 MUXF7=2 MUXF8=1)
  Clock Path Skew:        -0.039ns (DCD - SCD + CPR)
    Destination Clock Delay (DCD):    0.748ns = ( 10.748 - 10.000 ) 
    Source Clock Delay      (SCD):    0.787ns
    Clock Pessimism Removal (CPR):    0.000ns
  Clock Uncertainty:      0.035ns  ((TSJ^2 + TIJ^2)^1/2 + DJ) / 2 + PE
    Total System Jitter     (TSJ):    0.071ns
    Total Input Jitter      (TIJ):    0.000ns
    Discrete Jitter          (DJ):    0.000ns
    Phase Error              (PE):    0.000ns

    Location             Delay type                Incr(ns)  Path(ns)    Netlist Resource(s)
  -------------------------------------------------------------------    -------------------
                         (clock aclk rise edge)       0.000     0.000 r  
                                                      0.000     0.000 r  aclk (IN)
                         net (fo=53882, unset)        0.787     0.787    u_icache/aclk
                         FDRE                                         r  u_icache/tag_arr_reg[3][119][3]/C
  -------------------------------------------------------------------    -------------------
                         FDRE (Prop_fdre_C_Q)         0.379     1.166 r  u_icache/tag_arr_reg[3][119][3]/Q
                         net (fo=1, unplaced)         0.779     1.945    u_icache/tag_arr_reg_n_0_[3][119][3]
                                                                      r  u_icache/FSM_onehot_state[5]_i_4699/I0
                         LUT6 (Prop_lut6_I0_O)        0.232     2.177 r  u_icache/FSM_onehot_state[5]_i_4699/O
                         net (fo=1, unplaced)         0.000     2.177    u_icache/FSM_onehot_state[5]_i_4699_n_0
                                                                      r  u_icache/FSM_onehot_state_reg[5]_i_3794/I1
                         MUXF7 (Prop_muxf7_I1_O)      0.206     2.383 r  u_icache/FSM_onehot_state_reg[5]_i_3794/O
                         net (fo=1, unplaced)         0.000     2.383    u_icache/FSM_onehot_state_reg[5]_i_3794_n_0
                                                                      r  u_icache/FSM_onehot_state_reg[5]_i_2318/I0
                         MUXF8 (Prop_muxf8_I0_O)      0.085     2.468 r  u_icache/FSM_onehot_state_reg[5]_i_2318/O
                         net (fo=1, unplaced)         0.563     3.031    u_icache/FSM_onehot_state_reg[5]_i_2318_n_0
                                                                      r  u_icache/FSM_onehot_state[5]_i_1111/I0
                         LUT6 (Prop_lut6_I0_O)        0.259     3.290 r  u_icache/FSM_onehot_state[5]_i_1111/O
                         net (fo=1, unplaced)         0.000     3.290    u_icache/FSM_onehot_state[5]_i_1111_n_0
                                                                      r  u_icache/FSM_onehot_state_reg[5]_i_494/I1
                         MUXF7 (Prop_muxf7_I1_O)      0.206     3.496 r  u_icache/FSM_onehot_state_reg[5]_i_494/O
                         net (fo=1, unplaced)         0.584     4.080    u_icache/tag_arr[3]
                                                                      r  u_icache/FSM_onehot_state[5]_i_187/I0
                         LUT6 (Prop_lut6_I0_O)        0.242     4.322 r  u_icache/FSM_onehot_state[5]_i_187/O
                         net (fo=1, unplaced)         0.000     4.322    u_icache/FSM_onehot_state[5]_i_187_n_0
                                                                      r  u_icache/FSM_onehot_state_reg[5]_i_68/S[1]
                         CARRY4 (Prop_carry4_S[1]_CO[3])
                                                      0.457     4.779 r  u_icache/FSM_onehot_state_reg[5]_i_68/CO[3]
                         net (fo=1, unplaced)         0.008     4.787    u_icache/FSM_onehot_state_reg[5]_i_68_n_0
                                                                      r  u_icache/FSM_onehot_state_reg[5]_i_21/CI
                         CARRY4 (Prop_carry4_CI_CO[2])
                                                      0.209     4.996 f  u_icache/FSM_onehot_state_reg[5]_i_21/CO[2]
                         net (fo=24, unplaced)        0.413     5.409    u_icache/way_hit_30
                                                                      f  u_icache/FSM_onehot_state[5]_i_7/I2
                         LUT4 (Prop_lut4_I2_O)        0.252     5.661 f  u_icache/FSM_onehot_state[5]_i_7/O
                         net (fo=5, unplaced)         0.375     6.036    u_icache/FSM_onehot_state[5]_i_7_n_0
                                                                      f  u_icache/valid_arr[3][99]_i_4/I4
                         LUT5 (Prop_lut5_I4_O)        0.105     6.141 f  u_icache/valid_arr[3][99]_i_4/O
                         net (fo=57, unplaced)        0.433     6.574    u_icache/hit_any
                                                                      f  u_icache/if_rline[255]_i_7/I0
                         LUT4 (Prop_lut4_I0_O)        0.105     6.679 f  u_icache/if_rline[255]_i_7/O
                         net (fo=257, unplaced)       0.470     7.149    u_icache/lookup_hit
                                                                      f  u_icache/if_rline[255]_i_4/I0
                         LUT2 (Prop_lut2_I0_O)        0.105     7.254 f  u_icache/if_rline[255]_i_4/O
                         net (fo=12, unplaced)        0.395     7.649    u_ifu/ic_ifu_data_ok
                                                                      f  u_ifu/if_rline[255]_i_5/I2
                         LUT3 (Prop_lut3_I2_O)        0.105     7.754 r  u_ifu/if_rline[255]_i_5/O
                         net (fo=128, unplaced)       0.453     8.207    u_ifu/if_rline[255]_i_5_n_0
                                                                      r  u_ifu/mem[14][61]_i_12/I4
                         LUT6 (Prop_lut6_I4_O)        0.105     8.312 f  u_ifu/mem[14][61]_i_12/O
                         net (fo=2, unplaced)         0.593     8.905    u_ifu/mem[14][61]_i_12_n_0
                                                                      f  u_ifu/mem[14][61]_i_5/I1
                         LUT6 (Prop_lut6_I1_O)        0.105     9.010 f  u_ifu/mem[14][61]_i_5/O
                         net (fo=3, unplaced)         0.956     9.966    u_ifu/mem[14][61]_i_5_n_0
                                                                      f  u_ifu/i_excp_adef_o_i_43/I0
                         LUT6 (Prop_lut6_I0_O)        0.105    10.071 r  u_ifu/i_excp_adef_o_i_43/O
                         net (fo=3, unplaced)         0.346    10.417    u_ifu/i_excp_adef_o_i_43_n_0
                                                                      r  u_ifu/i_excp_adef_o_i_20/I0
                         LUT4 (Prop_lut4_I0_O)        0.126    10.543 r  u_ifu/i_excp_adef_o_i_20/O
                         net (fo=3, unplaced)         0.600    11.143    u_ifu/i_excp_adef_o_i_20_n_0
                                                                      r  u_ifu/i_excp_adef_o_i_8/I0
                         LUT6 (Prop_lut6_I0_O)        0.105    11.248 r  u_ifu/i_excp_adef_o_i_8/O
                         net (fo=5, unplaced)         0.556    11.804    u_ifu/i_excp_adef_o_i_8_n_0
                                                                      r  u_ifu/i_excp_adef_o_i_2/I3
                         LUT6 (Prop_lut6_I3_O)        0.105    11.909 r  u_ifu/i_excp_adef_o_i_2/O
                         net (fo=44, unplaced)        0.426    12.335    u_ifu/ifu_ftq_accept
                                                                      r  u_ifu/e_key[0][4]_i_1/I1
                         LUT3 (Prop_lut3_I1_O)        0.105    12.440 r  u_ifu/e_key[0][4]_i_1/O
                         net (fo=19, unplaced)        0.406    12.846    u_csr_exception_commit_handler/mmu_tlbm_inst_vaddr[3]
                                                                      r  u_csr_exception_commit_handler/e_ppn[0][19]_i_443__0/I2
                         LUT3 (Prop_lut3_I2_O)        0.105    12.951 r  u_csr_exception_commit_handler/e_ppn[0][19]_i_443__0/O
                         net (fo=32, unplaced)        0.653    13.604    u_tlb_manager/u_tlb/csr_tlbidx_reg[1]_i_38_5
                                                                      r  u_tlb_manager/u_tlb/e_ppn[0][19]_i_481/I1
                         LUT6 (Prop_lut6_I1_O)        0.105    13.709 r  u_tlb_manager/u_tlb/e_ppn[0][19]_i_481/O
                         net (fo=1, unplaced)         0.000    13.709    u_tlb_manager/u_tlb/e_ppn[0][19]_i_481_n_0
                                                                      r  u_tlb_manager/u_tlb/e_ppn_reg[0][19]_i_383/S[1]
                         CARRY4 (Prop_carry4_S[1]_CO[3])
                                                      0.457    14.166 r  u_tlb_manager/u_tlb/e_ppn_reg[0][19]_i_383/CO[3]
                         net (fo=1, unplaced)         0.008    14.174    u_tlb_manager/u_tlb/e_ppn_reg[0][19]_i_383_n_0
                                                                      r  u_tlb_manager/u_tlb/e_ppn_reg[0][19]_i_196/CI
                         CARRY4 (Prop_carry4_CI_CO[2])
                                                      0.209    14.383 r  u_tlb_manager/u_tlb/e_ppn_reg[0][19]_i_196/CO[2]
                         net (fo=1, unplaced)         0.349    14.732    u_tlb_manager/u_tlb/e_ppn_reg[0][19]_i_196_n_1
                                                                      r  u_tlb_manager/u_tlb/e_ppn[0][19]_i_86/I0
                         LUT6 (Prop_lut6_I0_O)        0.252    14.984 f  u_tlb_manager/u_tlb/e_ppn[0][19]_i_86/O
                         net (fo=4, unplaced)         0.962    15.946    u_tlb_manager/u_tlb/e_ppn[0][19]_i_86_n_0
                                                                      f  u_tlb_manager/u_tlb/csr_tlbidx[0]_i_50/I1
                         LUT6 (Prop_lut6_I1_O)        0.105    16.051 r  u_tlb_manager/u_tlb/csr_tlbidx[0]_i_50/O
                         net (fo=1, unplaced)         0.347    16.398    u_tlb_manager/u_tlb/csr_tlbidx[0]_i_50_n_0
                                                                      r  u_tlb_manager/u_tlb/csr_tlbidx[0]_i_25/I4
                         LUT6 (Prop_lut6_I4_O)        0.105    16.503 r  u_tlb_manager/u_tlb/csr_tlbidx[0]_i_25/O
                         net (fo=2, unplaced)         0.358    16.861    u_tlb_manager/u_tlb/csr_tlbidx[0]_i_25_n_0
                                                                      r  u_tlb_manager/u_tlb/csr_tlbidx[0]_i_11/I2
                         LUT6 (Prop_lut6_I2_O)        0.105    16.966 r  u_tlb_manager/u_tlb/csr_tlbidx[0]_i_11/O
                         net (fo=1, unplaced)         0.347    17.313    u_tlb_manager/u_tlb/csr_tlbidx[0]_i_11_n_0
                                                                      r  u_tlb_manager/u_tlb/csr_tlbidx[0]_i_3/I3
                         LUT6 (Prop_lut6_I3_O)        0.105    17.418 f  u_tlb_manager/u_tlb/csr_tlbidx[0]_i_3/O
                         net (fo=1, unplaced)         0.582    18.000    u_tlb_manager/u_tlb/csr_tlbidx[0]_i_3_n_0
                                                                      f  u_tlb_manager/u_tlb/csr_tlbidx[0]_i_2/I0
                         LUT6 (Prop_lut6_I0_O)        0.105    18.105 r  u_tlb_manager/u_tlb/csr_tlbidx[0]_i_2/O
                         net (fo=463, unplaced)       0.485    18.590    u_tlb_manager/u_tlb/tlb_g_reg[28]_1
                                                                      r  u_tlb_manager/u_tlb/pre_paddr[21]_i_14/I4
                         LUT6 (Prop_lut6_I4_O)        0.105    18.695 r  u_tlb_manager/u_tlb/pre_paddr[21]_i_14/O
                         net (fo=1, unplaced)         0.938    19.633    u_tlb_manager/u_tlb/pre_paddr[21]_i_14_n_0
                                                                      r  u_tlb_manager/u_tlb/pre_paddr[21]_i_10/I1
                         LUT6 (Prop_lut6_I1_O)        0.105    19.738 r  u_tlb_manager/u_tlb/pre_paddr[21]_i_10/O
                         net (fo=1, unplaced)         0.582    20.320    u_tlb_manager/u_tlb/pre_paddr[21]_i_10_n_0
                                                                      r  u_tlb_manager/u_tlb/pre_paddr[21]_i_7/I1
                         LUT6 (Prop_lut6_I1_O)        0.105    20.425 f  u_tlb_manager/u_tlb/pre_paddr[21]_i_7/O
                         net (fo=2, unplaced)         0.593    21.018    u_tlb_manager/u_tlb/s0_ps[5]
                                                                      f  u_tlb_manager/u_tlb/fifo_ptr[2]_i_3__0/I0
                         LUT6 (Prop_lut6_I0_O)        0.105    21.123 r  u_tlb_manager/u_tlb/fifo_ptr[2]_i_3__0/O
                         net (fo=1, unplaced)         0.347    21.470    u_tlb_manager/u_tlb/fifo_ptr[2]_i_3__0_n_0
                                                                      r  u_tlb_manager/u_tlb/fifo_ptr[2]_i_2__0/I1
                         LUT6 (Prop_lut6_I1_O)        0.105    21.575 r  u_tlb_manager/u_tlb/fifo_ptr[2]_i_2__0/O
                         net (fo=19, unplaced)        0.406    21.981    u_tlb_manager/u_l1_tlb_i/refill_en
                                                                      r  u_tlb_manager/u_l1_tlb_i/e_key[0][19]_i_1/I1
                         LUT5 (Prop_lut5_I1_O)        0.105    22.086 r  u_tlb_manager/u_l1_tlb_i/e_key[0][19]_i_1/O
                         net (fo=45, unplaced)        0.446    22.532    u_tlb_manager/u_l1_tlb_i/e_key
                         FDRE                                         r  u_tlb_manager/u_l1_tlb_i/e_key_reg[0][2]/CE
  -------------------------------------------------------------------    -------------------

                         (clock aclk rise edge)      10.000    10.000 r  
                                                      0.000    10.000 r  aclk (IN)
                         net (fo=53882, unset)        0.748    10.748    u_tlb_manager/u_l1_tlb_i/aclk
                         FDRE                                         r  u_tlb_manager/u_l1_tlb_i/e_key_reg[0][2]/C
                         clock pessimism              0.000    10.748    
                         clock uncertainty           -0.035    10.712    
                         FDRE (Setup_fdre_C_CE)      -0.165    10.547    u_tlb_manager/u_l1_tlb_i/e_key_reg[0][2]
  -------------------------------------------------------------------
                         required time                         10.547    
                         arrival time                         -22.532    
  -------------------------------------------------------------------
                         slack                                -11.985    

Slack (VIOLATED) :        -11.985ns  (required time - arrival time)
  Source:                 u_icache/tag_arr_reg[3][119][3]/C
                            (rising edge-triggered cell FDRE clocked by aclk  {rise@0.000ns fall@5.000ns period=10.000ns})
  Destination:            u_tlb_manager/u_l1_tlb_i/e_key_reg[0][3]/CE
                            (rising edge-triggered cell FDRE clocked by aclk  {rise@0.000ns fall@5.000ns period=10.000ns})
  Path Group:             aclk
  Path Type:              Setup (Max at Slow Process Corner)
  Requirement:            10.000ns  (aclk rise@10.000ns - aclk rise@0.000ns)
  Data Path Delay:        21.745ns  (logic 5.986ns (27.528%)  route 15.759ns (72.472%))
  Logic Levels:           36  (CARRY4=4 LUT2=1 LUT3=3 LUT4=3 LUT5=2 LUT6=20 MUXF7=2 MUXF8=1)
  Clock Path Skew:        -0.039ns (DCD - SCD + CPR)
    Destination Clock Delay (DCD):    0.748ns = ( 10.748 - 10.000 ) 
    Source Clock Delay      (SCD):    0.787ns
    Clock Pessimism Removal (CPR):    0.000ns
  Clock Uncertainty:      0.035ns  ((TSJ^2 + TIJ^2)^1/2 + DJ) / 2 + PE
    Total System Jitter     (TSJ):    0.071ns
    Total Input Jitter      (TIJ):    0.000ns
    Discrete Jitter          (DJ):    0.000ns
    Phase Error              (PE):    0.000ns

    Location             Delay type                Incr(ns)  Path(ns)    Netlist Resource(s)
  -------------------------------------------------------------------    -------------------
                         (clock aclk rise edge)       0.000     0.000 r  
                                                      0.000     0.000 r  aclk (IN)
                         net (fo=53882, unset)        0.787     0.787    u_icache/aclk
                         FDRE                                         r  u_icache/tag_arr_reg[3][119][3]/C
  -------------------------------------------------------------------    -------------------
                         FDRE (Prop_fdre_C_Q)         0.379     1.166 r  u_icache/tag_arr_reg[3][119][3]/Q
                         net (fo=1, unplaced)         0.779     1.945    u_icache/tag_arr_reg_n_0_[3][119][3]
                                                                      r  u_icache/FSM_onehot_state[5]_i_4699/I0
                         LUT6 (Prop_lut6_I0_O)        0.232     2.177 r  u_icache/FSM_onehot_state[5]_i_4699/O
                         net (fo=1, unplaced)         0.000     2.177    u_icache/FSM_onehot_state[5]_i_4699_n_0
                                                                      r  u_icache/FSM_onehot_state_reg[5]_i_3794/I1
                         MUXF7 (Prop_muxf7_I1_O)      0.206     2.383 r  u_icache/FSM_onehot_state_reg[5]_i_3794/O
                         net (fo=1, unplaced)         0.000     2.383    u_icache/FSM_onehot_state_reg[5]_i_3794_n_0
                                                                      r  u_icache/FSM_onehot_state_reg[5]_i_2318/I0
                         MUXF8 (Prop_muxf8_I0_O)      0.085     2.468 r  u_icache/FSM_onehot_state_reg[5]_i_2318/O
                         net (fo=1, unplaced)         0.563     3.031    u_icache/FSM_onehot_state_reg[5]_i_2318_n_0
                                                                      r  u_icache/FSM_onehot_state[5]_i_1111/I0
                         LUT6 (Prop_lut6_I0_O)        0.259     3.290 r  u_icache/FSM_onehot_state[5]_i_1111/O
                         net (fo=1, unplaced)         0.000     3.290    u_icache/FSM_onehot_state[5]_i_1111_n_0
                                                                      r  u_icache/FSM_onehot_state_reg[5]_i_494/I1
                         MUXF7 (Prop_muxf7_I1_O)      0.206     3.496 r  u_icache/FSM_onehot_state_reg[5]_i_494/O
                         net (fo=1, unplaced)         0.584     4.080    u_icache/tag_arr[3]
                                                                      r  u_icache/FSM_onehot_state[5]_i_187/I0
                         LUT6 (Prop_lut6_I0_O)        0.242     4.322 r  u_icache/FSM_onehot_state[5]_i_187/O
                         net (fo=1, unplaced)         0.000     4.322    u_icache/FSM_onehot_state[5]_i_187_n_0
                                                                      r  u_icache/FSM_onehot_state_reg[5]_i_68/S[1]
                         CARRY4 (Prop_carry4_S[1]_CO[3])
                                                      0.457     4.779 r  u_icache/FSM_onehot_state_reg[5]_i_68/CO[3]
                         net (fo=1, unplaced)         0.008     4.787    u_icache/FSM_onehot_state_reg[5]_i_68_n_0
                                                                      r  u_icache/FSM_onehot_state_reg[5]_i_21/CI
                         CARRY4 (Prop_carry4_CI_CO[2])
                                                      0.209     4.996 f  u_icache/FSM_onehot_state_reg[5]_i_21/CO[2]
                         net (fo=24, unplaced)        0.413     5.409    u_icache/way_hit_30
                                                                      f  u_icache/FSM_onehot_state[5]_i_7/I2
                         LUT4 (Prop_lut4_I2_O)        0.252     5.661 f  u_icache/FSM_onehot_state[5]_i_7/O
                         net (fo=5, unplaced)         0.375     6.036    u_icache/FSM_onehot_state[5]_i_7_n_0
                                                                      f  u_icache/valid_arr[3][99]_i_4/I4
                         LUT5 (Prop_lut5_I4_O)        0.105     6.141 f  u_icache/valid_arr[3][99]_i_4/O
                         net (fo=57, unplaced)        0.433     6.574    u_icache/hit_any
                                                                      f  u_icache/if_rline[255]_i_7/I0
                         LUT4 (Prop_lut4_I0_O)        0.105     6.679 f  u_icache/if_rline[255]_i_7/O
                         net (fo=257, unplaced)       0.470     7.149    u_icache/lookup_hit
                                                                      f  u_icache/if_rline[255]_i_4/I0
                         LUT2 (Prop_lut2_I0_O)        0.105     7.254 f  u_icache/if_rline[255]_i_4/O
                         net (fo=12, unplaced)        0.395     7.649    u_ifu/ic_ifu_data_ok
                                                                      f  u_ifu/if_rline[255]_i_5/I2
                         LUT3 (Prop_lut3_I2_O)        0.105     7.754 r  u_ifu/if_rline[255]_i_5/O
                         net (fo=128, unplaced)       0.453     8.207    u_ifu/if_rline[255]_i_5_n_0
                                                                      r  u_ifu/mem[14][61]_i_12/I4
                         LUT6 (Prop_lut6_I4_O)        0.105     8.312 f  u_ifu/mem[14][61]_i_12/O
                         net (fo=2, unplaced)         0.593     8.905    u_ifu/mem[14][61]_i_12_n_0
                                                                      f  u_ifu/mem[14][61]_i_5/I1
                         LUT6 (Prop_lut6_I1_O)        0.105     9.010 f  u_ifu/mem[14][61]_i_5/O
                         net (fo=3, unplaced)         0.956     9.966    u_ifu/mem[14][61]_i_5_n_0
                                                                      f  u_ifu/i_excp_adef_o_i_43/I0
                         LUT6 (Prop_lut6_I0_O)        0.105    10.071 r  u_ifu/i_excp_adef_o_i_43/O
                         net (fo=3, unplaced)         0.346    10.417    u_ifu/i_excp_adef_o_i_43_n_0
                                                                      r  u_ifu/i_excp_adef_o_i_20/I0
                         LUT4 (Prop_lut4_I0_O)        0.126    10.543 r  u_ifu/i_excp_adef_o_i_20/O
                         net (fo=3, unplaced)         0.600    11.143    u_ifu/i_excp_adef_o_i_20_n_0
                                                                      r  u_ifu/i_excp_adef_o_i_8/I0
                         LUT6 (Prop_lut6_I0_O)        0.105    11.248 r  u_ifu/i_excp_adef_o_i_8/O
                         net (fo=5, unplaced)         0.556    11.804    u_ifu/i_excp_adef_o_i_8_n_0
                                                                      r  u_ifu/i_excp_adef_o_i_2/I3
                         LUT6 (Prop_lut6_I3_O)        0.105    11.909 r  u_ifu/i_excp_adef_o_i_2/O
                         net (fo=44, unplaced)        0.426    12.335    u_ifu/ifu_ftq_accept
                                                                      r  u_ifu/e_key[0][4]_i_1/I1
                         LUT3 (Prop_lut3_I1_O)        0.105    12.440 r  u_ifu/e_key[0][4]_i_1/O
                         net (fo=19, unplaced)        0.406    12.846    u_csr_exception_commit_handler/mmu_tlbm_inst_vaddr[3]
                                                                      r  u_csr_exception_commit_handler/e_ppn[0][19]_i_443__0/I2
                         LUT3 (Prop_lut3_I2_O)        0.105    12.951 r  u_csr_exception_commit_handler/e_ppn[0][19]_i_443__0/O
                         net (fo=32, unplaced)        0.653    13.604    u_tlb_manager/u_tlb/csr_tlbidx_reg[1]_i_38_5
                                                                      r  u_tlb_manager/u_tlb/e_ppn[0][19]_i_481/I1
                         LUT6 (Prop_lut6_I1_O)        0.105    13.709 r  u_tlb_manager/u_tlb/e_ppn[0][19]_i_481/O
                         net (fo=1, unplaced)         0.000    13.709    u_tlb_manager/u_tlb/e_ppn[0][19]_i_481_n_0
                                                                      r  u_tlb_manager/u_tlb/e_ppn_reg[0][19]_i_383/S[1]
                         CARRY4 (Prop_carry4_S[1]_CO[3])
                                                      0.457    14.166 r  u_tlb_manager/u_tlb/e_ppn_reg[0][19]_i_383/CO[3]
                         net (fo=1, unplaced)         0.008    14.174    u_tlb_manager/u_tlb/e_ppn_reg[0][19]_i_383_n_0
                                                                      r  u_tlb_manager/u_tlb/e_ppn_reg[0][19]_i_196/CI
                         CARRY4 (Prop_carry4_CI_CO[2])
                                                      0.209    14.383 r  u_tlb_manager/u_tlb/e_ppn_reg[0][19]_i_196/CO[2]
                         net (fo=1, unplaced)         0.349    14.732    u_tlb_manager/u_tlb/e_ppn_reg[0][19]_i_196_n_1
                                                                      r  u_tlb_manager/u_tlb/e_ppn[0][19]_i_86/I0
                         LUT6 (Prop_lut6_I0_O)        0.252    14.984 f  u_tlb_manager/u_tlb/e_ppn[0][19]_i_86/O
                         net (fo=4, unplaced)         0.962    15.946    u_tlb_manager/u_tlb/e_ppn[0][19]_i_86_n_0
                                                                      f  u_tlb_manager/u_tlb/csr_tlbidx[0]_i_50/I1
                         LUT6 (Prop_lut6_I1_O)        0.105    16.051 r  u_tlb_manager/u_tlb/csr_tlbidx[0]_i_50/O
                         net (fo=1, unplaced)         0.347    16.398    u_tlb_manager/u_tlb/csr_tlbidx[0]_i_50_n_0
                                                                      r  u_tlb_manager/u_tlb/csr_tlbidx[0]_i_25/I4
                         LUT6 (Prop_lut6_I4_O)        0.105    16.503 r  u_tlb_manager/u_tlb/csr_tlbidx[0]_i_25/O
                         net (fo=2, unplaced)         0.358    16.861    u_tlb_manager/u_tlb/csr_tlbidx[0]_i_25_n_0
                                                                      r  u_tlb_manager/u_tlb/csr_tlbidx[0]_i_11/I2
                         LUT6 (Prop_lut6_I2_O)        0.105    16.966 r  u_tlb_manager/u_tlb/csr_tlbidx[0]_i_11/O
                         net (fo=1, unplaced)         0.347    17.313    u_tlb_manager/u_tlb/csr_tlbidx[0]_i_11_n_0
                                                                      r  u_tlb_manager/u_tlb/csr_tlbidx[0]_i_3/I3
                         LUT6 (Prop_lut6_I3_O)        0.105    17.418 f  u_tlb_manager/u_tlb/csr_tlbidx[0]_i_3/O
                         net (fo=1, unplaced)         0.582    18.000    u_tlb_manager/u_tlb/csr_tlbidx[0]_i_3_n_0
                                                                      f  u_tlb_manager/u_tlb/csr_tlbidx[0]_i_2/I0
                         LUT6 (Prop_lut6_I0_O)        0.105    18.105 r  u_tlb_manager/u_tlb/csr_tlbidx[0]_i_2/O
                         net (fo=463, unplaced)       0.485    18.590    u_tlb_manager/u_tlb/tlb_g_reg[28]_1
                                                                      r  u_tlb_manager/u_tlb/pre_paddr[21]_i_14/I4
                         LUT6 (Prop_lut6_I4_O)        0.105    18.695 r  u_tlb_manager/u_tlb/pre_paddr[21]_i_14/O
                         net (fo=1, unplaced)         0.938    19.633    u_tlb_manager/u_tlb/pre_paddr[21]_i_14_n_0
                                                                      r  u_tlb_manager/u_tlb/pre_paddr[21]_i_10/I1
                         LUT6 (Prop_lut6_I1_O)        0.105    19.738 r  u_tlb_manager/u_tlb/pre_paddr[21]_i_10/O
                         net (fo=1, unplaced)         0.582    20.320    u_tlb_manager/u_tlb/pre_paddr[21]_i_10_n_0
                                                                      r  u_tlb_manager/u_tlb/pre_paddr[21]_i_7/I1
                         LUT6 (Prop_lut6_I1_O)        0.105    20.425 f  u_tlb_manager/u_tlb/pre_paddr[21]_i_7/O
                         net (fo=2, unplaced)         0.593    21.018    u_tlb_manager/u_tlb/s0_ps[5]
                                                                      f  u_tlb_manager/u_tlb/fifo_ptr[2]_i_3__0/I0
                         LUT6 (Prop_lut6_I0_O)        0.105    21.123 r  u_tlb_manager/u_tlb/fifo_ptr[2]_i_3__0/O
                         net (fo=1, unplaced)         0.347    21.470    u_tlb_manager/u_tlb/fifo_ptr[2]_i_3__0_n_0
                                                                      r  u_tlb_manager/u_tlb/fifo_ptr[2]_i_2__0/I1
                         LUT6 (Prop_lut6_I1_O)        0.105    21.575 r  u_tlb_manager/u_tlb/fifo_ptr[2]_i_2__0/O
                         net (fo=19, unplaced)        0.406    21.981    u_tlb_manager/u_l1_tlb_i/refill_en
                                                                      r  u_tlb_manager/u_l1_tlb_i/e_key[0][19]_i_1/I1
                         LUT5 (Prop_lut5_I1_O)        0.105    22.086 r  u_tlb_manager/u_l1_tlb_i/e_key[0][19]_i_1/O
                         net (fo=45, unplaced)        0.446    22.532    u_tlb_manager/u_l1_tlb_i/e_key
                         FDRE                                         r  u_tlb_manager/u_l1_tlb_i/e_key_reg[0][3]/CE
  -------------------------------------------------------------------    -------------------

                         (clock aclk rise edge)      10.000    10.000 r  
                                                      0.000    10.000 r  aclk (IN)
                         net (fo=53882, unset)        0.748    10.748    u_tlb_manager/u_l1_tlb_i/aclk
                         FDRE                                         r  u_tlb_manager/u_l1_tlb_i/e_key_reg[0][3]/C
                         clock pessimism              0.000    10.748    
                         clock uncertainty           -0.035    10.712    
                         FDRE (Setup_fdre_C_CE)      -0.165    10.547    u_tlb_manager/u_l1_tlb_i/e_key_reg[0][3]
  -------------------------------------------------------------------
                         required time                         10.547    
                         arrival time                         -22.532    
  -------------------------------------------------------------------
                         slack                                -11.985    

Slack (VIOLATED) :        -11.985ns  (required time - arrival time)
  Source:                 u_icache/tag_arr_reg[3][119][3]/C
                            (rising edge-triggered cell FDRE clocked by aclk  {rise@0.000ns fall@5.000ns period=10.000ns})
  Destination:            u_tlb_manager/u_l1_tlb_i/e_key_reg[0][4]/CE
                            (rising edge-triggered cell FDRE clocked by aclk  {rise@0.000ns fall@5.000ns period=10.000ns})
  Path Group:             aclk
  Path Type:              Setup (Max at Slow Process Corner)
  Requirement:            10.000ns  (aclk rise@10.000ns - aclk rise@0.000ns)
  Data Path Delay:        21.745ns  (logic 5.986ns (27.528%)  route 15.759ns (72.472%))
  Logic Levels:           36  (CARRY4=4 LUT2=1 LUT3=3 LUT4=3 LUT5=2 LUT6=20 MUXF7=2 MUXF8=1)
  Clock Path Skew:        -0.039ns (DCD - SCD + CPR)
    Destination Clock Delay (DCD):    0.748ns = ( 10.748 - 10.000 ) 
    Source Clock Delay      (SCD):    0.787ns
    Clock Pessimism Removal (CPR):    0.000ns
  Clock Uncertainty:      0.035ns  ((TSJ^2 + TIJ^2)^1/2 + DJ) / 2 + PE
    Total System Jitter     (TSJ):    0.071ns
    Total Input Jitter      (TIJ):    0.000ns
    Discrete Jitter          (DJ):    0.000ns
    Phase Error              (PE):    0.000ns

    Location             Delay type                Incr(ns)  Path(ns)    Netlist Resource(s)
  -------------------------------------------------------------------    -------------------
                         (clock aclk rise edge)       0.000     0.000 r  
                                                      0.000     0.000 r  aclk (IN)
                         net (fo=53882, unset)        0.787     0.787    u_icache/aclk
                         FDRE                                         r  u_icache/tag_arr_reg[3][119][3]/C
  -------------------------------------------------------------------    -------------------
                         FDRE (Prop_fdre_C_Q)         0.379     1.166 r  u_icache/tag_arr_reg[3][119][3]/Q
                         net (fo=1, unplaced)         0.779     1.945    u_icache/tag_arr_reg_n_0_[3][119][3]
                                                                      r  u_icache/FSM_onehot_state[5]_i_4699/I0
                         LUT6 (Prop_lut6_I0_O)        0.232     2.177 r  u_icache/FSM_onehot_state[5]_i_4699/O
                         net (fo=1, unplaced)         0.000     2.177    u_icache/FSM_onehot_state[5]_i_4699_n_0
                                                                      r  u_icache/FSM_onehot_state_reg[5]_i_3794/I1
                         MUXF7 (Prop_muxf7_I1_O)      0.206     2.383 r  u_icache/FSM_onehot_state_reg[5]_i_3794/O
                         net (fo=1, unplaced)         0.000     2.383    u_icache/FSM_onehot_state_reg[5]_i_3794_n_0
                                                                      r  u_icache/FSM_onehot_state_reg[5]_i_2318/I0
                         MUXF8 (Prop_muxf8_I0_O)      0.085     2.468 r  u_icache/FSM_onehot_state_reg[5]_i_2318/O
                         net (fo=1, unplaced)         0.563     3.031    u_icache/FSM_onehot_state_reg[5]_i_2318_n_0
                                                                      r  u_icache/FSM_onehot_state[5]_i_1111/I0
                         LUT6 (Prop_lut6_I0_O)        0.259     3.290 r  u_icache/FSM_onehot_state[5]_i_1111/O
                         net (fo=1, unplaced)         0.000     3.290    u_icache/FSM_onehot_state[5]_i_1111_n_0
                                                                      r  u_icache/FSM_onehot_state_reg[5]_i_494/I1
                         MUXF7 (Prop_muxf7_I1_O)      0.206     3.496 r  u_icache/FSM_onehot_state_reg[5]_i_494/O
                         net (fo=1, unplaced)         0.584     4.080    u_icache/tag_arr[3]
                                                                      r  u_icache/FSM_onehot_state[5]_i_187/I0
                         LUT6 (Prop_lut6_I0_O)        0.242     4.322 r  u_icache/FSM_onehot_state[5]_i_187/O
                         net (fo=1, unplaced)         0.000     4.322    u_icache/FSM_onehot_state[5]_i_187_n_0
                                                                      r  u_icache/FSM_onehot_state_reg[5]_i_68/S[1]
                         CARRY4 (Prop_carry4_S[1]_CO[3])
                                                      0.457     4.779 r  u_icache/FSM_onehot_state_reg[5]_i_68/CO[3]
                         net (fo=1, unplaced)         0.008     4.787    u_icache/FSM_onehot_state_reg[5]_i_68_n_0
                                                                      r  u_icache/FSM_onehot_state_reg[5]_i_21/CI
                         CARRY4 (Prop_carry4_CI_CO[2])
                                                      0.209     4.996 f  u_icache/FSM_onehot_state_reg[5]_i_21/CO[2]
                         net (fo=24, unplaced)        0.413     5.409    u_icache/way_hit_30
                                                                      f  u_icache/FSM_onehot_state[5]_i_7/I2
                         LUT4 (Prop_lut4_I2_O)        0.252     5.661 f  u_icache/FSM_onehot_state[5]_i_7/O
                         net (fo=5, unplaced)         0.375     6.036    u_icache/FSM_onehot_state[5]_i_7_n_0
                                                                      f  u_icache/valid_arr[3][99]_i_4/I4
                         LUT5 (Prop_lut5_I4_O)        0.105     6.141 f  u_icache/valid_arr[3][99]_i_4/O
                         net (fo=57, unplaced)        0.433     6.574    u_icache/hit_any
                                                                      f  u_icache/if_rline[255]_i_7/I0
                         LUT4 (Prop_lut4_I0_O)        0.105     6.679 f  u_icache/if_rline[255]_i_7/O
                         net (fo=257, unplaced)       0.470     7.149    u_icache/lookup_hit
                                                                      f  u_icache/if_rline[255]_i_4/I0
                         LUT2 (Prop_lut2_I0_O)        0.105     7.254 f  u_icache/if_rline[255]_i_4/O
                         net (fo=12, unplaced)        0.395     7.649    u_ifu/ic_ifu_data_ok
                                                                      f  u_ifu/if_rline[255]_i_5/I2
                         LUT3 (Prop_lut3_I2_O)        0.105     7.754 r  u_ifu/if_rline[255]_i_5/O
                         net (fo=128, unplaced)       0.453     8.207    u_ifu/if_rline[255]_i_5_n_0
                                                                      r  u_ifu/mem[14][61]_i_12/I4
                         LUT6 (Prop_lut6_I4_O)        0.105     8.312 f  u_ifu/mem[14][61]_i_12/O
                         net (fo=2, unplaced)         0.593     8.905    u_ifu/mem[14][61]_i_12_n_0
                                                                      f  u_ifu/mem[14][61]_i_5/I1
                         LUT6 (Prop_lut6_I1_O)        0.105     9.010 f  u_ifu/mem[14][61]_i_5/O
                         net (fo=3, unplaced)         0.956     9.966    u_ifu/mem[14][61]_i_5_n_0
                                                                      f  u_ifu/i_excp_adef_o_i_43/I0
                         LUT6 (Prop_lut6_I0_O)        0.105    10.071 r  u_ifu/i_excp_adef_o_i_43/O
                         net (fo=3, unplaced)         0.346    10.417    u_ifu/i_excp_adef_o_i_43_n_0
                                                                      r  u_ifu/i_excp_adef_o_i_20/I0
                         LUT4 (Prop_lut4_I0_O)        0.126    10.543 r  u_ifu/i_excp_adef_o_i_20/O
                         net (fo=3, unplaced)         0.600    11.143    u_ifu/i_excp_adef_o_i_20_n_0
                                                                      r  u_ifu/i_excp_adef_o_i_8/I0
                         LUT6 (Prop_lut6_I0_O)        0.105    11.248 r  u_ifu/i_excp_adef_o_i_8/O
                         net (fo=5, unplaced)         0.556    11.804    u_ifu/i_excp_adef_o_i_8_n_0
                                                                      r  u_ifu/i_excp_adef_o_i_2/I3
                         LUT6 (Prop_lut6_I3_O)        0.105    11.909 r  u_ifu/i_excp_adef_o_i_2/O
                         net (fo=44, unplaced)        0.426    12.335    u_ifu/ifu_ftq_accept
                                                                      r  u_ifu/e_key[0][4]_i_1/I1
                         LUT3 (Prop_lut3_I1_O)        0.105    12.440 r  u_ifu/e_key[0][4]_i_1/O
                         net (fo=19, unplaced)        0.406    12.846    u_csr_exception_commit_handler/mmu_tlbm_inst_vaddr[3]
                                                                      r  u_csr_exception_commit_handler/e_ppn[0][19]_i_443__0/I2
                         LUT3 (Prop_lut3_I2_O)        0.105    12.951 r  u_csr_exception_commit_handler/e_ppn[0][19]_i_443__0/O
                         net (fo=32, unplaced)        0.653    13.604    u_tlb_manager/u_tlb/csr_tlbidx_reg[1]_i_38_5
                                                                      r  u_tlb_manager/u_tlb/e_ppn[0][19]_i_481/I1
                         LUT6 (Prop_lut6_I1_O)        0.105    13.709 r  u_tlb_manager/u_tlb/e_ppn[0][19]_i_481/O
                         net (fo=1, unplaced)         0.000    13.709    u_tlb_manager/u_tlb/e_ppn[0][19]_i_481_n_0
                                                                      r  u_tlb_manager/u_tlb/e_ppn_reg[0][19]_i_383/S[1]
                         CARRY4 (Prop_carry4_S[1]_CO[3])
                                                      0.457    14.166 r  u_tlb_manager/u_tlb/e_ppn_reg[0][19]_i_383/CO[3]
                         net (fo=1, unplaced)         0.008    14.174    u_tlb_manager/u_tlb/e_ppn_reg[0][19]_i_383_n_0
                                                                      r  u_tlb_manager/u_tlb/e_ppn_reg[0][19]_i_196/CI
                         CARRY4 (Prop_carry4_CI_CO[2])
                                                      0.209    14.383 r  u_tlb_manager/u_tlb/e_ppn_reg[0][19]_i_196/CO[2]
                         net (fo=1, unplaced)         0.349    14.732    u_tlb_manager/u_tlb/e_ppn_reg[0][19]_i_196_n_1
                                                                      r  u_tlb_manager/u_tlb/e_ppn[0][19]_i_86/I0
                         LUT6 (Prop_lut6_I0_O)        0.252    14.984 f  u_tlb_manager/u_tlb/e_ppn[0][19]_i_86/O
                         net (fo=4, unplaced)         0.962    15.946    u_tlb_manager/u_tlb/e_ppn[0][19]_i_86_n_0
                                                                      f  u_tlb_manager/u_tlb/csr_tlbidx[0]_i_50/I1
                         LUT6 (Prop_lut6_I1_O)        0.105    16.051 r  u_tlb_manager/u_tlb/csr_tlbidx[0]_i_50/O
                         net (fo=1, unplaced)         0.347    16.398    u_tlb_manager/u_tlb/csr_tlbidx[0]_i_50_n_0
                                                                      r  u_tlb_manager/u_tlb/csr_tlbidx[0]_i_25/I4
                         LUT6 (Prop_lut6_I4_O)        0.105    16.503 r  u_tlb_manager/u_tlb/csr_tlbidx[0]_i_25/O
                         net (fo=2, unplaced)         0.358    16.861    u_tlb_manager/u_tlb/csr_tlbidx[0]_i_25_n_0
                                                                      r  u_tlb_manager/u_tlb/csr_tlbidx[0]_i_11/I2
                         LUT6 (Prop_lut6_I2_O)        0.105    16.966 r  u_tlb_manager/u_tlb/csr_tlbidx[0]_i_11/O
                         net (fo=1, unplaced)         0.347    17.313    u_tlb_manager/u_tlb/csr_tlbidx[0]_i_11_n_0
                                                                      r  u_tlb_manager/u_tlb/csr_tlbidx[0]_i_3/I3
                         LUT6 (Prop_lut6_I3_O)        0.105    17.418 f  u_tlb_manager/u_tlb/csr_tlbidx[0]_i_3/O
                         net (fo=1, unplaced)         0.582    18.000    u_tlb_manager/u_tlb/csr_tlbidx[0]_i_3_n_0
                                                                      f  u_tlb_manager/u_tlb/csr_tlbidx[0]_i_2/I0
                         LUT6 (Prop_lut6_I0_O)        0.105    18.105 r  u_tlb_manager/u_tlb/csr_tlbidx[0]_i_2/O
                         net (fo=463, unplaced)       0.485    18.590    u_tlb_manager/u_tlb/tlb_g_reg[28]_1
                                                                      r  u_tlb_manager/u_tlb/pre_paddr[21]_i_14/I4
                         LUT6 (Prop_lut6_I4_O)        0.105    18.695 r  u_tlb_manager/u_tlb/pre_paddr[21]_i_14/O
                         net (fo=1, unplaced)         0.938    19.633    u_tlb_manager/u_tlb/pre_paddr[21]_i_14_n_0
                                                                      r  u_tlb_manager/u_tlb/pre_paddr[21]_i_10/I1
                         LUT6 (Prop_lut6_I1_O)        0.105    19.738 r  u_tlb_manager/u_tlb/pre_paddr[21]_i_10/O
                         net (fo=1, unplaced)         0.582    20.320    u_tlb_manager/u_tlb/pre_paddr[21]_i_10_n_0
                                                                      r  u_tlb_manager/u_tlb/pre_paddr[21]_i_7/I1
                         LUT6 (Prop_lut6_I1_O)        0.105    20.425 f  u_tlb_manager/u_tlb/pre_paddr[21]_i_7/O
                         net (fo=2, unplaced)         0.593    21.018    u_tlb_manager/u_tlb/s0_ps[5]
                                                                      f  u_tlb_manager/u_tlb/fifo_ptr[2]_i_3__0/I0
                         LUT6 (Prop_lut6_I0_O)        0.105    21.123 r  u_tlb_manager/u_tlb/fifo_ptr[2]_i_3__0/O
                         net (fo=1, unplaced)         0.347    21.470    u_tlb_manager/u_tlb/fifo_ptr[2]_i_3__0_n_0
                                                                      r  u_tlb_manager/u_tlb/fifo_ptr[2]_i_2__0/I1
                         LUT6 (Prop_lut6_I1_O)        0.105    21.575 r  u_tlb_manager/u_tlb/fifo_ptr[2]_i_2__0/O
                         net (fo=19, unplaced)        0.406    21.981    u_tlb_manager/u_l1_tlb_i/refill_en
                                                                      r  u_tlb_manager/u_l1_tlb_i/e_key[0][19]_i_1/I1
                         LUT5 (Prop_lut5_I1_O)        0.105    22.086 r  u_tlb_manager/u_l1_tlb_i/e_key[0][19]_i_1/O
                         net (fo=45, unplaced)        0.446    22.532    u_tlb_manager/u_l1_tlb_i/e_key
                         FDRE                                         r  u_tlb_manager/u_l1_tlb_i/e_key_reg[0][4]/CE
  -------------------------------------------------------------------    -------------------

                         (clock aclk rise edge)      10.000    10.000 r  
                                                      0.000    10.000 r  aclk (IN)
                         net (fo=53882, unset)        0.748    10.748    u_tlb_manager/u_l1_tlb_i/aclk
                         FDRE                                         r  u_tlb_manager/u_l1_tlb_i/e_key_reg[0][4]/C
                         clock pessimism              0.000    10.748    
                         clock uncertainty           -0.035    10.712    
                         FDRE (Setup_fdre_C_CE)      -0.165    10.547    u_tlb_manager/u_l1_tlb_i/e_key_reg[0][4]
  -------------------------------------------------------------------
                         required time                         10.547    
                         arrival time                         -22.532    
  -------------------------------------------------------------------
                         slack                                -11.985    

Slack (VIOLATED) :        -11.985ns  (required time - arrival time)
  Source:                 u_icache/tag_arr_reg[3][119][3]/C
                            (rising edge-triggered cell FDRE clocked by aclk  {rise@0.000ns fall@5.000ns period=10.000ns})
  Destination:            u_tlb_manager/u_l1_tlb_i/e_key_reg[0][5]/CE
                            (rising edge-triggered cell FDRE clocked by aclk  {rise@0.000ns fall@5.000ns period=10.000ns})
  Path Group:             aclk
  Path Type:              Setup (Max at Slow Process Corner)
  Requirement:            10.000ns  (aclk rise@10.000ns - aclk rise@0.000ns)
  Data Path Delay:        21.745ns  (logic 5.986ns (27.528%)  route 15.759ns (72.472%))
  Logic Levels:           36  (CARRY4=4 LUT2=1 LUT3=3 LUT4=3 LUT5=2 LUT6=20 MUXF7=2 MUXF8=1)
  Clock Path Skew:        -0.039ns (DCD - SCD + CPR)
    Destination Clock Delay (DCD):    0.748ns = ( 10.748 - 10.000 ) 
    Source Clock Delay      (SCD):    0.787ns
    Clock Pessimism Removal (CPR):    0.000ns
  Clock Uncertainty:      0.035ns  ((TSJ^2 + TIJ^2)^1/2 + DJ) / 2 + PE
    Total System Jitter     (TSJ):    0.071ns
    Total Input Jitter      (TIJ):    0.000ns
    Discrete Jitter          (DJ):    0.000ns
    Phase Error              (PE):    0.000ns

    Location             Delay type                Incr(ns)  Path(ns)    Netlist Resource(s)
  -------------------------------------------------------------------    -------------------
                         (clock aclk rise edge)       0.000     0.000 r  
                                                      0.000     0.000 r  aclk (IN)
                         net (fo=53882, unset)        0.787     0.787    u_icache/aclk
                         FDRE                                         r  u_icache/tag_arr_reg[3][119][3]/C
  -------------------------------------------------------------------    -------------------
                         FDRE (Prop_fdre_C_Q)         0.379     1.166 r  u_icache/tag_arr_reg[3][119][3]/Q
                         net (fo=1, unplaced)         0.779     1.945    u_icache/tag_arr_reg_n_0_[3][119][3]
                                                                      r  u_icache/FSM_onehot_state[5]_i_4699/I0
                         LUT6 (Prop_lut6_I0_O)        0.232     2.177 r  u_icache/FSM_onehot_state[5]_i_4699/O
                         net (fo=1, unplaced)         0.000     2.177    u_icache/FSM_onehot_state[5]_i_4699_n_0
                                                                      r  u_icache/FSM_onehot_state_reg[5]_i_3794/I1
                         MUXF7 (Prop_muxf7_I1_O)      0.206     2.383 r  u_icache/FSM_onehot_state_reg[5]_i_3794/O
                         net (fo=1, unplaced)         0.000     2.383    u_icache/FSM_onehot_state_reg[5]_i_3794_n_0
                                                                      r  u_icache/FSM_onehot_state_reg[5]_i_2318/I0
                         MUXF8 (Prop_muxf8_I0_O)      0.085     2.468 r  u_icache/FSM_onehot_state_reg[5]_i_2318/O
                         net (fo=1, unplaced)         0.563     3.031    u_icache/FSM_onehot_state_reg[5]_i_2318_n_0
                                                                      r  u_icache/FSM_onehot_state[5]_i_1111/I0
                         LUT6 (Prop_lut6_I0_O)        0.259     3.290 r  u_icache/FSM_onehot_state[5]_i_1111/O
                         net (fo=1, unplaced)         0.000     3.290    u_icache/FSM_onehot_state[5]_i_1111_n_0
                                                                      r  u_icache/FSM_onehot_state_reg[5]_i_494/I1
                         MUXF7 (Prop_muxf7_I1_O)      0.206     3.496 r  u_icache/FSM_onehot_state_reg[5]_i_494/O
                         net (fo=1, unplaced)         0.584     4.080    u_icache/tag_arr[3]
                                                                      r  u_icache/FSM_onehot_state[5]_i_187/I0
                         LUT6 (Prop_lut6_I0_O)        0.242     4.322 r  u_icache/FSM_onehot_state[5]_i_187/O
                         net (fo=1, unplaced)         0.000     4.322    u_icache/FSM_onehot_state[5]_i_187_n_0
                                                                      r  u_icache/FSM_onehot_state_reg[5]_i_68/S[1]
                         CARRY4 (Prop_carry4_S[1]_CO[3])
                                                      0.457     4.779 r  u_icache/FSM_onehot_state_reg[5]_i_68/CO[3]
                         net (fo=1, unplaced)         0.008     4.787    u_icache/FSM_onehot_state_reg[5]_i_68_n_0
                                                                      r  u_icache/FSM_onehot_state_reg[5]_i_21/CI
                         CARRY4 (Prop_carry4_CI_CO[2])
                                                      0.209     4.996 f  u_icache/FSM_onehot_state_reg[5]_i_21/CO[2]
                         net (fo=24, unplaced)        0.413     5.409    u_icache/way_hit_30
                                                                      f  u_icache/FSM_onehot_state[5]_i_7/I2
                         LUT4 (Prop_lut4_I2_O)        0.252     5.661 f  u_icache/FSM_onehot_state[5]_i_7/O
                         net (fo=5, unplaced)         0.375     6.036    u_icache/FSM_onehot_state[5]_i_7_n_0
                                                                      f  u_icache/valid_arr[3][99]_i_4/I4
                         LUT5 (Prop_lut5_I4_O)        0.105     6.141 f  u_icache/valid_arr[3][99]_i_4/O
                         net (fo=57, unplaced)        0.433     6.574    u_icache/hit_any
                                                                      f  u_icache/if_rline[255]_i_7/I0
                         LUT4 (Prop_lut4_I0_O)        0.105     6.679 f  u_icache/if_rline[255]_i_7/O
                         net (fo=257, unplaced)       0.470     7.149    u_icache/lookup_hit
                                                                      f  u_icache/if_rline[255]_i_4/I0
                         LUT2 (Prop_lut2_I0_O)        0.105     7.254 f  u_icache/if_rline[255]_i_4/O
                         net (fo=12, unplaced)        0.395     7.649    u_ifu/ic_ifu_data_ok
                                                                      f  u_ifu/if_rline[255]_i_5/I2
                         LUT3 (Prop_lut3_I2_O)        0.105     7.754 r  u_ifu/if_rline[255]_i_5/O
                         net (fo=128, unplaced)       0.453     8.207    u_ifu/if_rline[255]_i_5_n_0
                                                                      r  u_ifu/mem[14][61]_i_12/I4
                         LUT6 (Prop_lut6_I4_O)        0.105     8.312 f  u_ifu/mem[14][61]_i_12/O
                         net (fo=2, unplaced)         0.593     8.905    u_ifu/mem[14][61]_i_12_n_0
                                                                      f  u_ifu/mem[14][61]_i_5/I1
                         LUT6 (Prop_lut6_I1_O)        0.105     9.010 f  u_ifu/mem[14][61]_i_5/O
                         net (fo=3, unplaced)         0.956     9.966    u_ifu/mem[14][61]_i_5_n_0
                                                                      f  u_ifu/i_excp_adef_o_i_43/I0
                         LUT6 (Prop_lut6_I0_O)        0.105    10.071 r  u_ifu/i_excp_adef_o_i_43/O
                         net (fo=3, unplaced)         0.346    10.417    u_ifu/i_excp_adef_o_i_43_n_0
                                                                      r  u_ifu/i_excp_adef_o_i_20/I0
                         LUT4 (Prop_lut4_I0_O)        0.126    10.543 r  u_ifu/i_excp_adef_o_i_20/O
                         net (fo=3, unplaced)         0.600    11.143    u_ifu/i_excp_adef_o_i_20_n_0
                                                                      r  u_ifu/i_excp_adef_o_i_8/I0
                         LUT6 (Prop_lut6_I0_O)        0.105    11.248 r  u_ifu/i_excp_adef_o_i_8/O
                         net (fo=5, unplaced)         0.556    11.804    u_ifu/i_excp_adef_o_i_8_n_0
                                                                      r  u_ifu/i_excp_adef_o_i_2/I3
                         LUT6 (Prop_lut6_I3_O)        0.105    11.909 r  u_ifu/i_excp_adef_o_i_2/O
                         net (fo=44, unplaced)        0.426    12.335    u_ifu/ifu_ftq_accept
                                                                      r  u_ifu/e_key[0][4]_i_1/I1
                         LUT3 (Prop_lut3_I1_O)        0.105    12.440 r  u_ifu/e_key[0][4]_i_1/O
                         net (fo=19, unplaced)        0.406    12.846    u_csr_exception_commit_handler/mmu_tlbm_inst_vaddr[3]
                                                                      r  u_csr_exception_commit_handler/e_ppn[0][19]_i_443__0/I2
                         LUT3 (Prop_lut3_I2_O)        0.105    12.951 r  u_csr_exception_commit_handler/e_ppn[0][19]_i_443__0/O
                         net (fo=32, unplaced)        0.653    13.604    u_tlb_manager/u_tlb/csr_tlbidx_reg[1]_i_38_5
                                                                      r  u_tlb_manager/u_tlb/e_ppn[0][19]_i_481/I1
                         LUT6 (Prop_lut6_I1_O)        0.105    13.709 r  u_tlb_manager/u_tlb/e_ppn[0][19]_i_481/O
                         net (fo=1, unplaced)         0.000    13.709    u_tlb_manager/u_tlb/e_ppn[0][19]_i_481_n_0
                                                                      r  u_tlb_manager/u_tlb/e_ppn_reg[0][19]_i_383/S[1]
                         CARRY4 (Prop_carry4_S[1]_CO[3])
                                                      0.457    14.166 r  u_tlb_manager/u_tlb/e_ppn_reg[0][19]_i_383/CO[3]
                         net (fo=1, unplaced)         0.008    14.174    u_tlb_manager/u_tlb/e_ppn_reg[0][19]_i_383_n_0
                                                                      r  u_tlb_manager/u_tlb/e_ppn_reg[0][19]_i_196/CI
                         CARRY4 (Prop_carry4_CI_CO[2])
                                                      0.209    14.383 r  u_tlb_manager/u_tlb/e_ppn_reg[0][19]_i_196/CO[2]
                         net (fo=1, unplaced)         0.349    14.732    u_tlb_manager/u_tlb/e_ppn_reg[0][19]_i_196_n_1
                                                                      r  u_tlb_manager/u_tlb/e_ppn[0][19]_i_86/I0
                         LUT6 (Prop_lut6_I0_O)        0.252    14.984 f  u_tlb_manager/u_tlb/e_ppn[0][19]_i_86/O
                         net (fo=4, unplaced)         0.962    15.946    u_tlb_manager/u_tlb/e_ppn[0][19]_i_86_n_0
                                                                      f  u_tlb_manager/u_tlb/csr_tlbidx[0]_i_50/I1
                         LUT6 (Prop_lut6_I1_O)        0.105    16.051 r  u_tlb_manager/u_tlb/csr_tlbidx[0]_i_50/O
                         net (fo=1, unplaced)         0.347    16.398    u_tlb_manager/u_tlb/csr_tlbidx[0]_i_50_n_0
                                                                      r  u_tlb_manager/u_tlb/csr_tlbidx[0]_i_25/I4
                         LUT6 (Prop_lut6_I4_O)        0.105    16.503 r  u_tlb_manager/u_tlb/csr_tlbidx[0]_i_25/O
                         net (fo=2, unplaced)         0.358    16.861    u_tlb_manager/u_tlb/csr_tlbidx[0]_i_25_n_0
                                                                      r  u_tlb_manager/u_tlb/csr_tlbidx[0]_i_11/I2
                         LUT6 (Prop_lut6_I2_O)        0.105    16.966 r  u_tlb_manager/u_tlb/csr_tlbidx[0]_i_11/O
                         net (fo=1, unplaced)         0.347    17.313    u_tlb_manager/u_tlb/csr_tlbidx[0]_i_11_n_0
                                                                      r  u_tlb_manager/u_tlb/csr_tlbidx[0]_i_3/I3
                         LUT6 (Prop_lut6_I3_O)        0.105    17.418 f  u_tlb_manager/u_tlb/csr_tlbidx[0]_i_3/O
                         net (fo=1, unplaced)         0.582    18.000    u_tlb_manager/u_tlb/csr_tlbidx[0]_i_3_n_0
                                                                      f  u_tlb_manager/u_tlb/csr_tlbidx[0]_i_2/I0
                         LUT6 (Prop_lut6_I0_O)        0.105    18.105 r  u_tlb_manager/u_tlb/csr_tlbidx[0]_i_2/O
                         net (fo=463, unplaced)       0.485    18.590    u_tlb_manager/u_tlb/tlb_g_reg[28]_1
                                                                      r  u_tlb_manager/u_tlb/pre_paddr[21]_i_14/I4
                         LUT6 (Prop_lut6_I4_O)        0.105    18.695 r  u_tlb_manager/u_tlb/pre_paddr[21]_i_14/O
                         net (fo=1, unplaced)         0.938    19.633    u_tlb_manager/u_tlb/pre_paddr[21]_i_14_n_0
                                                                      r  u_tlb_manager/u_tlb/pre_paddr[21]_i_10/I1
                         LUT6 (Prop_lut6_I1_O)        0.105    19.738 r  u_tlb_manager/u_tlb/pre_paddr[21]_i_10/O
                         net (fo=1, unplaced)         0.582    20.320    u_tlb_manager/u_tlb/pre_paddr[21]_i_10_n_0
                                                                      r  u_tlb_manager/u_tlb/pre_paddr[21]_i_7/I1
                         LUT6 (Prop_lut6_I1_O)        0.105    20.425 f  u_tlb_manager/u_tlb/pre_paddr[21]_i_7/O
                         net (fo=2, unplaced)         0.593    21.018    u_tlb_manager/u_tlb/s0_ps[5]
                                                                      f  u_tlb_manager/u_tlb/fifo_ptr[2]_i_3__0/I0
                         LUT6 (Prop_lut6_I0_O)        0.105    21.123 r  u_tlb_manager/u_tlb/fifo_ptr[2]_i_3__0/O
                         net (fo=1, unplaced)         0.347    21.470    u_tlb_manager/u_tlb/fifo_ptr[2]_i_3__0_n_0
                                                                      r  u_tlb_manager/u_tlb/fifo_ptr[2]_i_2__0/I1
                         LUT6 (Prop_lut6_I1_O)        0.105    21.575 r  u_tlb_manager/u_tlb/fifo_ptr[2]_i_2__0/O
                         net (fo=19, unplaced)        0.406    21.981    u_tlb_manager/u_l1_tlb_i/refill_en
                                                                      r  u_tlb_manager/u_l1_tlb_i/e_key[0][19]_i_1/I1
                         LUT5 (Prop_lut5_I1_O)        0.105    22.086 r  u_tlb_manager/u_l1_tlb_i/e_key[0][19]_i_1/O
                         net (fo=45, unplaced)        0.446    22.532    u_tlb_manager/u_l1_tlb_i/e_key
                         FDRE                                         r  u_tlb_manager/u_l1_tlb_i/e_key_reg[0][5]/CE
  -------------------------------------------------------------------    -------------------

                         (clock aclk rise edge)      10.000    10.000 r  
                                                      0.000    10.000 r  aclk (IN)
                         net (fo=53882, unset)        0.748    10.748    u_tlb_manager/u_l1_tlb_i/aclk
                         FDRE                                         r  u_tlb_manager/u_l1_tlb_i/e_key_reg[0][5]/C
                         clock pessimism              0.000    10.748    
                         clock uncertainty           -0.035    10.712    
                         FDRE (Setup_fdre_C_CE)      -0.165    10.547    u_tlb_manager/u_l1_tlb_i/e_key_reg[0][5]
  -------------------------------------------------------------------
                         required time                         10.547    
                         arrival time                         -22.532    
  -------------------------------------------------------------------
                         slack                                -11.985    

Slack (VIOLATED) :        -11.985ns  (required time - arrival time)
  Source:                 u_icache/tag_arr_reg[3][119][3]/C
                            (rising edge-triggered cell FDRE clocked by aclk  {rise@0.000ns fall@5.000ns period=10.000ns})
  Destination:            u_tlb_manager/u_l1_tlb_i/e_key_reg[0][6]/CE
                            (rising edge-triggered cell FDRE clocked by aclk  {rise@0.000ns fall@5.000ns period=10.000ns})
  Path Group:             aclk
  Path Type:              Setup (Max at Slow Process Corner)
  Requirement:            10.000ns  (aclk rise@10.000ns - aclk rise@0.000ns)
  Data Path Delay:        21.745ns  (logic 5.986ns (27.528%)  route 15.759ns (72.472%))
  Logic Levels:           36  (CARRY4=4 LUT2=1 LUT3=3 LUT4=3 LUT5=2 LUT6=20 MUXF7=2 MUXF8=1)
  Clock Path Skew:        -0.039ns (DCD - SCD + CPR)
    Destination Clock Delay (DCD):    0.748ns = ( 10.748 - 10.000 ) 
    Source Clock Delay      (SCD):    0.787ns
    Clock Pessimism Removal (CPR):    0.000ns
  Clock Uncertainty:      0.035ns  ((TSJ^2 + TIJ^2)^1/2 + DJ) / 2 + PE
    Total System Jitter     (TSJ):    0.071ns
    Total Input Jitter      (TIJ):    0.000ns
    Discrete Jitter          (DJ):    0.000ns
    Phase Error              (PE):    0.000ns

    Location             Delay type                Incr(ns)  Path(ns)    Netlist Resource(s)
  -------------------------------------------------------------------    -------------------
                         (clock aclk rise edge)       0.000     0.000 r  
                                                      0.000     0.000 r  aclk (IN)
                         net (fo=53882, unset)        0.787     0.787    u_icache/aclk
                         FDRE                                         r  u_icache/tag_arr_reg[3][119][3]/C
  -------------------------------------------------------------------    -------------------
                         FDRE (Prop_fdre_C_Q)         0.379     1.166 r  u_icache/tag_arr_reg[3][119][3]/Q
                         net (fo=1, unplaced)         0.779     1.945    u_icache/tag_arr_reg_n_0_[3][119][3]
                                                                      r  u_icache/FSM_onehot_state[5]_i_4699/I0
                         LUT6 (Prop_lut6_I0_O)        0.232     2.177 r  u_icache/FSM_onehot_state[5]_i_4699/O
                         net (fo=1, unplaced)         0.000     2.177    u_icache/FSM_onehot_state[5]_i_4699_n_0
                                                                      r  u_icache/FSM_onehot_state_reg[5]_i_3794/I1
                         MUXF7 (Prop_muxf7_I1_O)      0.206     2.383 r  u_icache/FSM_onehot_state_reg[5]_i_3794/O
                         net (fo=1, unplaced)         0.000     2.383    u_icache/FSM_onehot_state_reg[5]_i_3794_n_0
                                                                      r  u_icache/FSM_onehot_state_reg[5]_i_2318/I0
                         MUXF8 (Prop_muxf8_I0_O)      0.085     2.468 r  u_icache/FSM_onehot_state_reg[5]_i_2318/O
                         net (fo=1, unplaced)         0.563     3.031    u_icache/FSM_onehot_state_reg[5]_i_2318_n_0
                                                                      r  u_icache/FSM_onehot_state[5]_i_1111/I0
                         LUT6 (Prop_lut6_I0_O)        0.259     3.290 r  u_icache/FSM_onehot_state[5]_i_1111/O
                         net (fo=1, unplaced)         0.000     3.290    u_icache/FSM_onehot_state[5]_i_1111_n_0
                                                                      r  u_icache/FSM_onehot_state_reg[5]_i_494/I1
                         MUXF7 (Prop_muxf7_I1_O)      0.206     3.496 r  u_icache/FSM_onehot_state_reg[5]_i_494/O
                         net (fo=1, unplaced)         0.584     4.080    u_icache/tag_arr[3]
                                                                      r  u_icache/FSM_onehot_state[5]_i_187/I0
                         LUT6 (Prop_lut6_I0_O)        0.242     4.322 r  u_icache/FSM_onehot_state[5]_i_187/O
                         net (fo=1, unplaced)         0.000     4.322    u_icache/FSM_onehot_state[5]_i_187_n_0
                                                                      r  u_icache/FSM_onehot_state_reg[5]_i_68/S[1]
                         CARRY4 (Prop_carry4_S[1]_CO[3])
                                                      0.457     4.779 r  u_icache/FSM_onehot_state_reg[5]_i_68/CO[3]
                         net (fo=1, unplaced)         0.008     4.787    u_icache/FSM_onehot_state_reg[5]_i_68_n_0
                                                                      r  u_icache/FSM_onehot_state_reg[5]_i_21/CI
                         CARRY4 (Prop_carry4_CI_CO[2])
                                                      0.209     4.996 f  u_icache/FSM_onehot_state_reg[5]_i_21/CO[2]
                         net (fo=24, unplaced)        0.413     5.409    u_icache/way_hit_30
                                                                      f  u_icache/FSM_onehot_state[5]_i_7/I2
                         LUT4 (Prop_lut4_I2_O)        0.252     5.661 f  u_icache/FSM_onehot_state[5]_i_7/O
                         net (fo=5, unplaced)         0.375     6.036    u_icache/FSM_onehot_state[5]_i_7_n_0
                                                                      f  u_icache/valid_arr[3][99]_i_4/I4
                         LUT5 (Prop_lut5_I4_O)        0.105     6.141 f  u_icache/valid_arr[3][99]_i_4/O
                         net (fo=57, unplaced)        0.433     6.574    u_icache/hit_any
                                                                      f  u_icache/if_rline[255]_i_7/I0
                         LUT4 (Prop_lut4_I0_O)        0.105     6.679 f  u_icache/if_rline[255]_i_7/O
                         net (fo=257, unplaced)       0.470     7.149    u_icache/lookup_hit
                                                                      f  u_icache/if_rline[255]_i_4/I0
                         LUT2 (Prop_lut2_I0_O)        0.105     7.254 f  u_icache/if_rline[255]_i_4/O
                         net (fo=12, unplaced)        0.395     7.649    u_ifu/ic_ifu_data_ok
                                                                      f  u_ifu/if_rline[255]_i_5/I2
                         LUT3 (Prop_lut3_I2_O)        0.105     7.754 r  u_ifu/if_rline[255]_i_5/O
                         net (fo=128, unplaced)       0.453     8.207    u_ifu/if_rline[255]_i_5_n_0
                                                                      r  u_ifu/mem[14][61]_i_12/I4
                         LUT6 (Prop_lut6_I4_O)        0.105     8.312 f  u_ifu/mem[14][61]_i_12/O
                         net (fo=2, unplaced)         0.593     8.905    u_ifu/mem[14][61]_i_12_n_0
                                                                      f  u_ifu/mem[14][61]_i_5/I1
                         LUT6 (Prop_lut6_I1_O)        0.105     9.010 f  u_ifu/mem[14][61]_i_5/O
                         net (fo=3, unplaced)         0.956     9.966    u_ifu/mem[14][61]_i_5_n_0
                                                                      f  u_ifu/i_excp_adef_o_i_43/I0
                         LUT6 (Prop_lut6_I0_O)        0.105    10.071 r  u_ifu/i_excp_adef_o_i_43/O
                         net (fo=3, unplaced)         0.346    10.417    u_ifu/i_excp_adef_o_i_43_n_0
                                                                      r  u_ifu/i_excp_adef_o_i_20/I0
                         LUT4 (Prop_lut4_I0_O)        0.126    10.543 r  u_ifu/i_excp_adef_o_i_20/O
                         net (fo=3, unplaced)         0.600    11.143    u_ifu/i_excp_adef_o_i_20_n_0
                                                                      r  u_ifu/i_excp_adef_o_i_8/I0
                         LUT6 (Prop_lut6_I0_O)        0.105    11.248 r  u_ifu/i_excp_adef_o_i_8/O
                         net (fo=5, unplaced)         0.556    11.804    u_ifu/i_excp_adef_o_i_8_n_0
                                                                      r  u_ifu/i_excp_adef_o_i_2/I3
                         LUT6 (Prop_lut6_I3_O)        0.105    11.909 r  u_ifu/i_excp_adef_o_i_2/O
                         net (fo=44, unplaced)        0.426    12.335    u_ifu/ifu_ftq_accept
                                                                      r  u_ifu/e_key[0][4]_i_1/I1
                         LUT3 (Prop_lut3_I1_O)        0.105    12.440 r  u_ifu/e_key[0][4]_i_1/O
                         net (fo=19, unplaced)        0.406    12.846    u_csr_exception_commit_handler/mmu_tlbm_inst_vaddr[3]
                                                                      r  u_csr_exception_commit_handler/e_ppn[0][19]_i_443__0/I2
                         LUT3 (Prop_lut3_I2_O)        0.105    12.951 r  u_csr_exception_commit_handler/e_ppn[0][19]_i_443__0/O
                         net (fo=32, unplaced)        0.653    13.604    u_tlb_manager/u_tlb/csr_tlbidx_reg[1]_i_38_5
                                                                      r  u_tlb_manager/u_tlb/e_ppn[0][19]_i_481/I1
                         LUT6 (Prop_lut6_I1_O)        0.105    13.709 r  u_tlb_manager/u_tlb/e_ppn[0][19]_i_481/O
                         net (fo=1, unplaced)         0.000    13.709    u_tlb_manager/u_tlb/e_ppn[0][19]_i_481_n_0
                                                                      r  u_tlb_manager/u_tlb/e_ppn_reg[0][19]_i_383/S[1]
                         CARRY4 (Prop_carry4_S[1]_CO[3])
                                                      0.457    14.166 r  u_tlb_manager/u_tlb/e_ppn_reg[0][19]_i_383/CO[3]
                         net (fo=1, unplaced)         0.008    14.174    u_tlb_manager/u_tlb/e_ppn_reg[0][19]_i_383_n_0
                                                                      r  u_tlb_manager/u_tlb/e_ppn_reg[0][19]_i_196/CI
                         CARRY4 (Prop_carry4_CI_CO[2])
                                                      0.209    14.383 r  u_tlb_manager/u_tlb/e_ppn_reg[0][19]_i_196/CO[2]
                         net (fo=1, unplaced)         0.349    14.732    u_tlb_manager/u_tlb/e_ppn_reg[0][19]_i_196_n_1
                                                                      r  u_tlb_manager/u_tlb/e_ppn[0][19]_i_86/I0
                         LUT6 (Prop_lut6_I0_O)        0.252    14.984 f  u_tlb_manager/u_tlb/e_ppn[0][19]_i_86/O
                         net (fo=4, unplaced)         0.962    15.946    u_tlb_manager/u_tlb/e_ppn[0][19]_i_86_n_0
                                                                      f  u_tlb_manager/u_tlb/csr_tlbidx[0]_i_50/I1
                         LUT6 (Prop_lut6_I1_O)        0.105    16.051 r  u_tlb_manager/u_tlb/csr_tlbidx[0]_i_50/O
                         net (fo=1, unplaced)         0.347    16.398    u_tlb_manager/u_tlb/csr_tlbidx[0]_i_50_n_0
                                                                      r  u_tlb_manager/u_tlb/csr_tlbidx[0]_i_25/I4
                         LUT6 (Prop_lut6_I4_O)        0.105    16.503 r  u_tlb_manager/u_tlb/csr_tlbidx[0]_i_25/O
                         net (fo=2, unplaced)         0.358    16.861    u_tlb_manager/u_tlb/csr_tlbidx[0]_i_25_n_0
                                                                      r  u_tlb_manager/u_tlb/csr_tlbidx[0]_i_11/I2
                         LUT6 (Prop_lut6_I2_O)        0.105    16.966 r  u_tlb_manager/u_tlb/csr_tlbidx[0]_i_11/O
                         net (fo=1, unplaced)         0.347    17.313    u_tlb_manager/u_tlb/csr_tlbidx[0]_i_11_n_0
                                                                      r  u_tlb_manager/u_tlb/csr_tlbidx[0]_i_3/I3
                         LUT6 (Prop_lut6_I3_O)        0.105    17.418 f  u_tlb_manager/u_tlb/csr_tlbidx[0]_i_3/O
                         net (fo=1, unplaced)         0.582    18.000    u_tlb_manager/u_tlb/csr_tlbidx[0]_i_3_n_0
                                                                      f  u_tlb_manager/u_tlb/csr_tlbidx[0]_i_2/I0
                         LUT6 (Prop_lut6_I0_O)        0.105    18.105 r  u_tlb_manager/u_tlb/csr_tlbidx[0]_i_2/O
                         net (fo=463, unplaced)       0.485    18.590    u_tlb_manager/u_tlb/tlb_g_reg[28]_1
                                                                      r  u_tlb_manager/u_tlb/pre_paddr[21]_i_14/I4
                         LUT6 (Prop_lut6_I4_O)        0.105    18.695 r  u_tlb_manager/u_tlb/pre_paddr[21]_i_14/O
                         net (fo=1, unplaced)         0.938    19.633    u_tlb_manager/u_tlb/pre_paddr[21]_i_14_n_0
                                                                      r  u_tlb_manager/u_tlb/pre_paddr[21]_i_10/I1
                         LUT6 (Prop_lut6_I1_O)        0.105    19.738 r  u_tlb_manager/u_tlb/pre_paddr[21]_i_10/O
                         net (fo=1, unplaced)         0.582    20.320    u_tlb_manager/u_tlb/pre_paddr[21]_i_10_n_0
                                                                      r  u_tlb_manager/u_tlb/pre_paddr[21]_i_7/I1
                         LUT6 (Prop_lut6_I1_O)        0.105    20.425 f  u_tlb_manager/u_tlb/pre_paddr[21]_i_7/O
                         net (fo=2, unplaced)         0.593    21.018    u_tlb_manager/u_tlb/s0_ps[5]
                                                                      f  u_tlb_manager/u_tlb/fifo_ptr[2]_i_3__0/I0
                         LUT6 (Prop_lut6_I0_O)        0.105    21.123 r  u_tlb_manager/u_tlb/fifo_ptr[2]_i_3__0/O
                         net (fo=1, unplaced)         0.347    21.470    u_tlb_manager/u_tlb/fifo_ptr[2]_i_3__0_n_0
                                                                      r  u_tlb_manager/u_tlb/fifo_ptr[2]_i_2__0/I1
                         LUT6 (Prop_lut6_I1_O)        0.105    21.575 r  u_tlb_manager/u_tlb/fifo_ptr[2]_i_2__0/O
                         net (fo=19, unplaced)        0.406    21.981    u_tlb_manager/u_l1_tlb_i/refill_en
                                                                      r  u_tlb_manager/u_l1_tlb_i/e_key[0][19]_i_1/I1
                         LUT5 (Prop_lut5_I1_O)        0.105    22.086 r  u_tlb_manager/u_l1_tlb_i/e_key[0][19]_i_1/O
                         net (fo=45, unplaced)        0.446    22.532    u_tlb_manager/u_l1_tlb_i/e_key
                         FDRE                                         r  u_tlb_manager/u_l1_tlb_i/e_key_reg[0][6]/CE
  -------------------------------------------------------------------    -------------------

                         (clock aclk rise edge)      10.000    10.000 r  
                                                      0.000    10.000 r  aclk (IN)
                         net (fo=53882, unset)        0.748    10.748    u_tlb_manager/u_l1_tlb_i/aclk
                         FDRE                                         r  u_tlb_manager/u_l1_tlb_i/e_key_reg[0][6]/C
                         clock pessimism              0.000    10.748    
                         clock uncertainty           -0.035    10.712    
                         FDRE (Setup_fdre_C_CE)      -0.165    10.547    u_tlb_manager/u_l1_tlb_i/e_key_reg[0][6]
  -------------------------------------------------------------------
                         required time                         10.547    
                         arrival time                         -22.532    
  -------------------------------------------------------------------
                         slack                                -11.985    

Slack (VIOLATED) :        -11.985ns  (required time - arrival time)
  Source:                 u_icache/tag_arr_reg[3][119][3]/C
                            (rising edge-triggered cell FDRE clocked by aclk  {rise@0.000ns fall@5.000ns period=10.000ns})
  Destination:            u_tlb_manager/u_l1_tlb_i/e_key_reg[0][7]/CE
                            (rising edge-triggered cell FDRE clocked by aclk  {rise@0.000ns fall@5.000ns period=10.000ns})
  Path Group:             aclk
  Path Type:              Setup (Max at Slow Process Corner)
  Requirement:            10.000ns  (aclk rise@10.000ns - aclk rise@0.000ns)
  Data Path Delay:        21.745ns  (logic 5.986ns (27.528%)  route 15.759ns (72.472%))
  Logic Levels:           36  (CARRY4=4 LUT2=1 LUT3=3 LUT4=3 LUT5=2 LUT6=20 MUXF7=2 MUXF8=1)
  Clock Path Skew:        -0.039ns (DCD - SCD + CPR)
    Destination Clock Delay (DCD):    0.748ns = ( 10.748 - 10.000 ) 
    Source Clock Delay      (SCD):    0.787ns
    Clock Pessimism Removal (CPR):    0.000ns
  Clock Uncertainty:      0.035ns  ((TSJ^2 + TIJ^2)^1/2 + DJ) / 2 + PE
    Total System Jitter     (TSJ):    0.071ns
    Total Input Jitter      (TIJ):    0.000ns
    Discrete Jitter          (DJ):    0.000ns
    Phase Error              (PE):    0.000ns

    Location             Delay type                Incr(ns)  Path(ns)    Netlist Resource(s)
  -------------------------------------------------------------------    -------------------
                         (clock aclk rise edge)       0.000     0.000 r  
                                                      0.000     0.000 r  aclk (IN)
                         net (fo=53882, unset)        0.787     0.787    u_icache/aclk
                         FDRE                                         r  u_icache/tag_arr_reg[3][119][3]/C
  -------------------------------------------------------------------    -------------------
                         FDRE (Prop_fdre_C_Q)         0.379     1.166 r  u_icache/tag_arr_reg[3][119][3]/Q
                         net (fo=1, unplaced)         0.779     1.945    u_icache/tag_arr_reg_n_0_[3][119][3]
                                                                      r  u_icache/FSM_onehot_state[5]_i_4699/I0
                         LUT6 (Prop_lut6_I0_O)        0.232     2.177 r  u_icache/FSM_onehot_state[5]_i_4699/O
                         net (fo=1, unplaced)         0.000     2.177    u_icache/FSM_onehot_state[5]_i_4699_n_0
                                                                      r  u_icache/FSM_onehot_state_reg[5]_i_3794/I1
                         MUXF7 (Prop_muxf7_I1_O)      0.206     2.383 r  u_icache/FSM_onehot_state_reg[5]_i_3794/O
                         net (fo=1, unplaced)         0.000     2.383    u_icache/FSM_onehot_state_reg[5]_i_3794_n_0
                                                                      r  u_icache/FSM_onehot_state_reg[5]_i_2318/I0
                         MUXF8 (Prop_muxf8_I0_O)      0.085     2.468 r  u_icache/FSM_onehot_state_reg[5]_i_2318/O
                         net (fo=1, unplaced)         0.563     3.031    u_icache/FSM_onehot_state_reg[5]_i_2318_n_0
                                                                      r  u_icache/FSM_onehot_state[5]_i_1111/I0
                         LUT6 (Prop_lut6_I0_O)        0.259     3.290 r  u_icache/FSM_onehot_state[5]_i_1111/O
                         net (fo=1, unplaced)         0.000     3.290    u_icache/FSM_onehot_state[5]_i_1111_n_0
                                                                      r  u_icache/FSM_onehot_state_reg[5]_i_494/I1
                         MUXF7 (Prop_muxf7_I1_O)      0.206     3.496 r  u_icache/FSM_onehot_state_reg[5]_i_494/O
                         net (fo=1, unplaced)         0.584     4.080    u_icache/tag_arr[3]
                                                                      r  u_icache/FSM_onehot_state[5]_i_187/I0
                         LUT6 (Prop_lut6_I0_O)        0.242     4.322 r  u_icache/FSM_onehot_state[5]_i_187/O
                         net (fo=1, unplaced)         0.000     4.322    u_icache/FSM_onehot_state[5]_i_187_n_0
                                                                      r  u_icache/FSM_onehot_state_reg[5]_i_68/S[1]
                         CARRY4 (Prop_carry4_S[1]_CO[3])
                                                      0.457     4.779 r  u_icache/FSM_onehot_state_reg[5]_i_68/CO[3]
                         net (fo=1, unplaced)         0.008     4.787    u_icache/FSM_onehot_state_reg[5]_i_68_n_0
                                                                      r  u_icache/FSM_onehot_state_reg[5]_i_21/CI
                         CARRY4 (Prop_carry4_CI_CO[2])
                                                      0.209     4.996 f  u_icache/FSM_onehot_state_reg[5]_i_21/CO[2]
                         net (fo=24, unplaced)        0.413     5.409    u_icache/way_hit_30
                                                                      f  u_icache/FSM_onehot_state[5]_i_7/I2
                         LUT4 (Prop_lut4_I2_O)        0.252     5.661 f  u_icache/FSM_onehot_state[5]_i_7/O
                         net (fo=5, unplaced)         0.375     6.036    u_icache/FSM_onehot_state[5]_i_7_n_0
                                                                      f  u_icache/valid_arr[3][99]_i_4/I4
                         LUT5 (Prop_lut5_I4_O)        0.105     6.141 f  u_icache/valid_arr[3][99]_i_4/O
                         net (fo=57, unplaced)        0.433     6.574    u_icache/hit_any
                                                                      f  u_icache/if_rline[255]_i_7/I0
                         LUT4 (Prop_lut4_I0_O)        0.105     6.679 f  u_icache/if_rline[255]_i_7/O
                         net (fo=257, unplaced)       0.470     7.149    u_icache/lookup_hit
                                                                      f  u_icache/if_rline[255]_i_4/I0
                         LUT2 (Prop_lut2_I0_O)        0.105     7.254 f  u_icache/if_rline[255]_i_4/O
                         net (fo=12, unplaced)        0.395     7.649    u_ifu/ic_ifu_data_ok
                                                                      f  u_ifu/if_rline[255]_i_5/I2
                         LUT3 (Prop_lut3_I2_O)        0.105     7.754 r  u_ifu/if_rline[255]_i_5/O
                         net (fo=128, unplaced)       0.453     8.207    u_ifu/if_rline[255]_i_5_n_0
                                                                      r  u_ifu/mem[14][61]_i_12/I4
                         LUT6 (Prop_lut6_I4_O)        0.105     8.312 f  u_ifu/mem[14][61]_i_12/O
                         net (fo=2, unplaced)         0.593     8.905    u_ifu/mem[14][61]_i_12_n_0
                                                                      f  u_ifu/mem[14][61]_i_5/I1
                         LUT6 (Prop_lut6_I1_O)        0.105     9.010 f  u_ifu/mem[14][61]_i_5/O
                         net (fo=3, unplaced)         0.956     9.966    u_ifu/mem[14][61]_i_5_n_0
                                                                      f  u_ifu/i_excp_adef_o_i_43/I0
                         LUT6 (Prop_lut6_I0_O)        0.105    10.071 r  u_ifu/i_excp_adef_o_i_43/O
                         net (fo=3, unplaced)         0.346    10.417    u_ifu/i_excp_adef_o_i_43_n_0
                                                                      r  u_ifu/i_excp_adef_o_i_20/I0
                         LUT4 (Prop_lut4_I0_O)        0.126    10.543 r  u_ifu/i_excp_adef_o_i_20/O
                         net (fo=3, unplaced)         0.600    11.143    u_ifu/i_excp_adef_o_i_20_n_0
                                                                      r  u_ifu/i_excp_adef_o_i_8/I0
                         LUT6 (Prop_lut6_I0_O)        0.105    11.248 r  u_ifu/i_excp_adef_o_i_8/O
                         net (fo=5, unplaced)         0.556    11.804    u_ifu/i_excp_adef_o_i_8_n_0
                                                                      r  u_ifu/i_excp_adef_o_i_2/I3
                         LUT6 (Prop_lut6_I3_O)        0.105    11.909 r  u_ifu/i_excp_adef_o_i_2/O
                         net (fo=44, unplaced)        0.426    12.335    u_ifu/ifu_ftq_accept
                                                                      r  u_ifu/e_key[0][4]_i_1/I1
                         LUT3 (Prop_lut3_I1_O)        0.105    12.440 r  u_ifu/e_key[0][4]_i_1/O
                         net (fo=19, unplaced)        0.406    12.846    u_csr_exception_commit_handler/mmu_tlbm_inst_vaddr[3]
                                                                      r  u_csr_exception_commit_handler/e_ppn[0][19]_i_443__0/I2
                         LUT3 (Prop_lut3_I2_O)        0.105    12.951 r  u_csr_exception_commit_handler/e_ppn[0][19]_i_443__0/O
                         net (fo=32, unplaced)        0.653    13.604    u_tlb_manager/u_tlb/csr_tlbidx_reg[1]_i_38_5
                                                                      r  u_tlb_manager/u_tlb/e_ppn[0][19]_i_481/I1
                         LUT6 (Prop_lut6_I1_O)        0.105    13.709 r  u_tlb_manager/u_tlb/e_ppn[0][19]_i_481/O
                         net (fo=1, unplaced)         0.000    13.709    u_tlb_manager/u_tlb/e_ppn[0][19]_i_481_n_0
                                                                      r  u_tlb_manager/u_tlb/e_ppn_reg[0][19]_i_383/S[1]
                         CARRY4 (Prop_carry4_S[1]_CO[3])
                                                      0.457    14.166 r  u_tlb_manager/u_tlb/e_ppn_reg[0][19]_i_383/CO[3]
                         net (fo=1, unplaced)         0.008    14.174    u_tlb_manager/u_tlb/e_ppn_reg[0][19]_i_383_n_0
                                                                      r  u_tlb_manager/u_tlb/e_ppn_reg[0][19]_i_196/CI
                         CARRY4 (Prop_carry4_CI_CO[2])
                                                      0.209    14.383 r  u_tlb_manager/u_tlb/e_ppn_reg[0][19]_i_196/CO[2]
                         net (fo=1, unplaced)         0.349    14.732    u_tlb_manager/u_tlb/e_ppn_reg[0][19]_i_196_n_1
                                                                      r  u_tlb_manager/u_tlb/e_ppn[0][19]_i_86/I0
                         LUT6 (Prop_lut6_I0_O)        0.252    14.984 f  u_tlb_manager/u_tlb/e_ppn[0][19]_i_86/O
                         net (fo=4, unplaced)         0.962    15.946    u_tlb_manager/u_tlb/e_ppn[0][19]_i_86_n_0
                                                                      f  u_tlb_manager/u_tlb/csr_tlbidx[0]_i_50/I1
                         LUT6 (Prop_lut6_I1_O)        0.105    16.051 r  u_tlb_manager/u_tlb/csr_tlbidx[0]_i_50/O
                         net (fo=1, unplaced)         0.347    16.398    u_tlb_manager/u_tlb/csr_tlbidx[0]_i_50_n_0
                                                                      r  u_tlb_manager/u_tlb/csr_tlbidx[0]_i_25/I4
                         LUT6 (Prop_lut6_I4_O)        0.105    16.503 r  u_tlb_manager/u_tlb/csr_tlbidx[0]_i_25/O
                         net (fo=2, unplaced)         0.358    16.861    u_tlb_manager/u_tlb/csr_tlbidx[0]_i_25_n_0
                                                                      r  u_tlb_manager/u_tlb/csr_tlbidx[0]_i_11/I2
                         LUT6 (Prop_lut6_I2_O)        0.105    16.966 r  u_tlb_manager/u_tlb/csr_tlbidx[0]_i_11/O
                         net (fo=1, unplaced)         0.347    17.313    u_tlb_manager/u_tlb/csr_tlbidx[0]_i_11_n_0
                                                                      r  u_tlb_manager/u_tlb/csr_tlbidx[0]_i_3/I3
                         LUT6 (Prop_lut6_I3_O)        0.105    17.418 f  u_tlb_manager/u_tlb/csr_tlbidx[0]_i_3/O
                         net (fo=1, unplaced)         0.582    18.000    u_tlb_manager/u_tlb/csr_tlbidx[0]_i_3_n_0
                                                                      f  u_tlb_manager/u_tlb/csr_tlbidx[0]_i_2/I0
                         LUT6 (Prop_lut6_I0_O)        0.105    18.105 r  u_tlb_manager/u_tlb/csr_tlbidx[0]_i_2/O
                         net (fo=463, unplaced)       0.485    18.590    u_tlb_manager/u_tlb/tlb_g_reg[28]_1
                                                                      r  u_tlb_manager/u_tlb/pre_paddr[21]_i_14/I4
                         LUT6 (Prop_lut6_I4_O)        0.105    18.695 r  u_tlb_manager/u_tlb/pre_paddr[21]_i_14/O
                         net (fo=1, unplaced)         0.938    19.633    u_tlb_manager/u_tlb/pre_paddr[21]_i_14_n_0
                                                                      r  u_tlb_manager/u_tlb/pre_paddr[21]_i_10/I1
                         LUT6 (Prop_lut6_I1_O)        0.105    19.738 r  u_tlb_manager/u_tlb/pre_paddr[21]_i_10/O
                         net (fo=1, unplaced)         0.582    20.320    u_tlb_manager/u_tlb/pre_paddr[21]_i_10_n_0
                                                                      r  u_tlb_manager/u_tlb/pre_paddr[21]_i_7/I1
                         LUT6 (Prop_lut6_I1_O)        0.105    20.425 f  u_tlb_manager/u_tlb/pre_paddr[21]_i_7/O
                         net (fo=2, unplaced)         0.593    21.018    u_tlb_manager/u_tlb/s0_ps[5]
                                                                      f  u_tlb_manager/u_tlb/fifo_ptr[2]_i_3__0/I0
                         LUT6 (Prop_lut6_I0_O)        0.105    21.123 r  u_tlb_manager/u_tlb/fifo_ptr[2]_i_3__0/O
                         net (fo=1, unplaced)         0.347    21.470    u_tlb_manager/u_tlb/fifo_ptr[2]_i_3__0_n_0
                                                                      r  u_tlb_manager/u_tlb/fifo_ptr[2]_i_2__0/I1
                         LUT6 (Prop_lut6_I1_O)        0.105    21.575 r  u_tlb_manager/u_tlb/fifo_ptr[2]_i_2__0/O
                         net (fo=19, unplaced)        0.406    21.981    u_tlb_manager/u_l1_tlb_i/refill_en
                                                                      r  u_tlb_manager/u_l1_tlb_i/e_key[0][19]_i_1/I1
                         LUT5 (Prop_lut5_I1_O)        0.105    22.086 r  u_tlb_manager/u_l1_tlb_i/e_key[0][19]_i_1/O
                         net (fo=45, unplaced)        0.446    22.532    u_tlb_manager/u_l1_tlb_i/e_key
                         FDRE                                         r  u_tlb_manager/u_l1_tlb_i/e_key_reg[0][7]/CE
  -------------------------------------------------------------------    -------------------

                         (clock aclk rise edge)      10.000    10.000 r  
                                                      0.000    10.000 r  aclk (IN)
                         net (fo=53882, unset)        0.748    10.748    u_tlb_manager/u_l1_tlb_i/aclk
                         FDRE                                         r  u_tlb_manager/u_l1_tlb_i/e_key_reg[0][7]/C
                         clock pessimism              0.000    10.748    
                         clock uncertainty           -0.035    10.712    
                         FDRE (Setup_fdre_C_CE)      -0.165    10.547    u_tlb_manager/u_l1_tlb_i/e_key_reg[0][7]
  -------------------------------------------------------------------
                         required time                         10.547    
                         arrival time                         -22.532    
  -------------------------------------------------------------------
                         slack                                -11.985    

Slack (VIOLATED) :        -11.985ns  (required time - arrival time)
  Source:                 u_icache/tag_arr_reg[3][119][3]/C
                            (rising edge-triggered cell FDRE clocked by aclk  {rise@0.000ns fall@5.000ns period=10.000ns})
  Destination:            u_tlb_manager/u_l1_tlb_i/e_key_reg[0][8]/CE
                            (rising edge-triggered cell FDRE clocked by aclk  {rise@0.000ns fall@5.000ns period=10.000ns})
  Path Group:             aclk
  Path Type:              Setup (Max at Slow Process Corner)
  Requirement:            10.000ns  (aclk rise@10.000ns - aclk rise@0.000ns)
  Data Path Delay:        21.745ns  (logic 5.986ns (27.528%)  route 15.759ns (72.472%))
  Logic Levels:           36  (CARRY4=4 LUT2=1 LUT3=3 LUT4=3 LUT5=2 LUT6=20 MUXF7=2 MUXF8=1)
  Clock Path Skew:        -0.039ns (DCD - SCD + CPR)
    Destination Clock Delay (DCD):    0.748ns = ( 10.748 - 10.000 ) 
    Source Clock Delay      (SCD):    0.787ns
    Clock Pessimism Removal (CPR):    0.000ns
  Clock Uncertainty:      0.035ns  ((TSJ^2 + TIJ^2)^1/2 + DJ) / 2 + PE
    Total System Jitter     (TSJ):    0.071ns
    Total Input Jitter      (TIJ):    0.000ns
    Discrete Jitter          (DJ):    0.000ns
    Phase Error              (PE):    0.000ns

    Location             Delay type                Incr(ns)  Path(ns)    Netlist Resource(s)
  -------------------------------------------------------------------    -------------------
                         (clock aclk rise edge)       0.000     0.000 r  
                                                      0.000     0.000 r  aclk (IN)
                         net (fo=53882, unset)        0.787     0.787    u_icache/aclk
                         FDRE                                         r  u_icache/tag_arr_reg[3][119][3]/C
  -------------------------------------------------------------------    -------------------
                         FDRE (Prop_fdre_C_Q)         0.379     1.166 r  u_icache/tag_arr_reg[3][119][3]/Q
                         net (fo=1, unplaced)         0.779     1.945    u_icache/tag_arr_reg_n_0_[3][119][3]
                                                                      r  u_icache/FSM_onehot_state[5]_i_4699/I0
                         LUT6 (Prop_lut6_I0_O)        0.232     2.177 r  u_icache/FSM_onehot_state[5]_i_4699/O
                         net (fo=1, unplaced)         0.000     2.177    u_icache/FSM_onehot_state[5]_i_4699_n_0
                                                                      r  u_icache/FSM_onehot_state_reg[5]_i_3794/I1
                         MUXF7 (Prop_muxf7_I1_O)      0.206     2.383 r  u_icache/FSM_onehot_state_reg[5]_i_3794/O
                         net (fo=1, unplaced)         0.000     2.383    u_icache/FSM_onehot_state_reg[5]_i_3794_n_0
                                                                      r  u_icache/FSM_onehot_state_reg[5]_i_2318/I0
                         MUXF8 (Prop_muxf8_I0_O)      0.085     2.468 r  u_icache/FSM_onehot_state_reg[5]_i_2318/O
                         net (fo=1, unplaced)         0.563     3.031    u_icache/FSM_onehot_state_reg[5]_i_2318_n_0
                                                                      r  u_icache/FSM_onehot_state[5]_i_1111/I0
                         LUT6 (Prop_lut6_I0_O)        0.259     3.290 r  u_icache/FSM_onehot_state[5]_i_1111/O
                         net (fo=1, unplaced)         0.000     3.290    u_icache/FSM_onehot_state[5]_i_1111_n_0
                                                                      r  u_icache/FSM_onehot_state_reg[5]_i_494/I1
                         MUXF7 (Prop_muxf7_I1_O)      0.206     3.496 r  u_icache/FSM_onehot_state_reg[5]_i_494/O
                         net (fo=1, unplaced)         0.584     4.080    u_icache/tag_arr[3]
                                                                      r  u_icache/FSM_onehot_state[5]_i_187/I0
                         LUT6 (Prop_lut6_I0_O)        0.242     4.322 r  u_icache/FSM_onehot_state[5]_i_187/O
                         net (fo=1, unplaced)         0.000     4.322    u_icache/FSM_onehot_state[5]_i_187_n_0
                                                                      r  u_icache/FSM_onehot_state_reg[5]_i_68/S[1]
                         CARRY4 (Prop_carry4_S[1]_CO[3])
                                                      0.457     4.779 r  u_icache/FSM_onehot_state_reg[5]_i_68/CO[3]
                         net (fo=1, unplaced)         0.008     4.787    u_icache/FSM_onehot_state_reg[5]_i_68_n_0
                                                                      r  u_icache/FSM_onehot_state_reg[5]_i_21/CI
                         CARRY4 (Prop_carry4_CI_CO[2])
                                                      0.209     4.996 f  u_icache/FSM_onehot_state_reg[5]_i_21/CO[2]
                         net (fo=24, unplaced)        0.413     5.409    u_icache/way_hit_30
                                                                      f  u_icache/FSM_onehot_state[5]_i_7/I2
                         LUT4 (Prop_lut4_I2_O)        0.252     5.661 f  u_icache/FSM_onehot_state[5]_i_7/O
                         net (fo=5, unplaced)         0.375     6.036    u_icache/FSM_onehot_state[5]_i_7_n_0
                                                                      f  u_icache/valid_arr[3][99]_i_4/I4
                         LUT5 (Prop_lut5_I4_O)        0.105     6.141 f  u_icache/valid_arr[3][99]_i_4/O
                         net (fo=57, unplaced)        0.433     6.574    u_icache/hit_any
                                                                      f  u_icache/if_rline[255]_i_7/I0
                         LUT4 (Prop_lut4_I0_O)        0.105     6.679 f  u_icache/if_rline[255]_i_7/O
                         net (fo=257, unplaced)       0.470     7.149    u_icache/lookup_hit
                                                                      f  u_icache/if_rline[255]_i_4/I0
                         LUT2 (Prop_lut2_I0_O)        0.105     7.254 f  u_icache/if_rline[255]_i_4/O
                         net (fo=12, unplaced)        0.395     7.649    u_ifu/ic_ifu_data_ok
                                                                      f  u_ifu/if_rline[255]_i_5/I2
                         LUT3 (Prop_lut3_I2_O)        0.105     7.754 r  u_ifu/if_rline[255]_i_5/O
                         net (fo=128, unplaced)       0.453     8.207    u_ifu/if_rline[255]_i_5_n_0
                                                                      r  u_ifu/mem[14][61]_i_12/I4
                         LUT6 (Prop_lut6_I4_O)        0.105     8.312 f  u_ifu/mem[14][61]_i_12/O
                         net (fo=2, unplaced)         0.593     8.905    u_ifu/mem[14][61]_i_12_n_0
                                                                      f  u_ifu/mem[14][61]_i_5/I1
                         LUT6 (Prop_lut6_I1_O)        0.105     9.010 f  u_ifu/mem[14][61]_i_5/O
                         net (fo=3, unplaced)         0.956     9.966    u_ifu/mem[14][61]_i_5_n_0
                                                                      f  u_ifu/i_excp_adef_o_i_43/I0
                         LUT6 (Prop_lut6_I0_O)        0.105    10.071 r  u_ifu/i_excp_adef_o_i_43/O
                         net (fo=3, unplaced)         0.346    10.417    u_ifu/i_excp_adef_o_i_43_n_0
                                                                      r  u_ifu/i_excp_adef_o_i_20/I0
                         LUT4 (Prop_lut4_I0_O)        0.126    10.543 r  u_ifu/i_excp_adef_o_i_20/O
                         net (fo=3, unplaced)         0.600    11.143    u_ifu/i_excp_adef_o_i_20_n_0
                                                                      r  u_ifu/i_excp_adef_o_i_8/I0
                         LUT6 (Prop_lut6_I0_O)        0.105    11.248 r  u_ifu/i_excp_adef_o_i_8/O
                         net (fo=5, unplaced)         0.556    11.804    u_ifu/i_excp_adef_o_i_8_n_0
                                                                      r  u_ifu/i_excp_adef_o_i_2/I3
                         LUT6 (Prop_lut6_I3_O)        0.105    11.909 r  u_ifu/i_excp_adef_o_i_2/O
                         net (fo=44, unplaced)        0.426    12.335    u_ifu/ifu_ftq_accept
                                                                      r  u_ifu/e_key[0][4]_i_1/I1
                         LUT3 (Prop_lut3_I1_O)        0.105    12.440 r  u_ifu/e_key[0][4]_i_1/O
                         net (fo=19, unplaced)        0.406    12.846    u_csr_exception_commit_handler/mmu_tlbm_inst_vaddr[3]
                                                                      r  u_csr_exception_commit_handler/e_ppn[0][19]_i_443__0/I2
                         LUT3 (Prop_lut3_I2_O)        0.105    12.951 r  u_csr_exception_commit_handler/e_ppn[0][19]_i_443__0/O
                         net (fo=32, unplaced)        0.653    13.604    u_tlb_manager/u_tlb/csr_tlbidx_reg[1]_i_38_5
                                                                      r  u_tlb_manager/u_tlb/e_ppn[0][19]_i_481/I1
                         LUT6 (Prop_lut6_I1_O)        0.105    13.709 r  u_tlb_manager/u_tlb/e_ppn[0][19]_i_481/O
                         net (fo=1, unplaced)         0.000    13.709    u_tlb_manager/u_tlb/e_ppn[0][19]_i_481_n_0
                                                                      r  u_tlb_manager/u_tlb/e_ppn_reg[0][19]_i_383/S[1]
                         CARRY4 (Prop_carry4_S[1]_CO[3])
                                                      0.457    14.166 r  u_tlb_manager/u_tlb/e_ppn_reg[0][19]_i_383/CO[3]
                         net (fo=1, unplaced)         0.008    14.174    u_tlb_manager/u_tlb/e_ppn_reg[0][19]_i_383_n_0
                                                                      r  u_tlb_manager/u_tlb/e_ppn_reg[0][19]_i_196/CI
                         CARRY4 (Prop_carry4_CI_CO[2])
                                                      0.209    14.383 r  u_tlb_manager/u_tlb/e_ppn_reg[0][19]_i_196/CO[2]
                         net (fo=1, unplaced)         0.349    14.732    u_tlb_manager/u_tlb/e_ppn_reg[0][19]_i_196_n_1
                                                                      r  u_tlb_manager/u_tlb/e_ppn[0][19]_i_86/I0
                         LUT6 (Prop_lut6_I0_O)        0.252    14.984 f  u_tlb_manager/u_tlb/e_ppn[0][19]_i_86/O
                         net (fo=4, unplaced)         0.962    15.946    u_tlb_manager/u_tlb/e_ppn[0][19]_i_86_n_0
                                                                      f  u_tlb_manager/u_tlb/csr_tlbidx[0]_i_50/I1
                         LUT6 (Prop_lut6_I1_O)        0.105    16.051 r  u_tlb_manager/u_tlb/csr_tlbidx[0]_i_50/O
                         net (fo=1, unplaced)         0.347    16.398    u_tlb_manager/u_tlb/csr_tlbidx[0]_i_50_n_0
                                                                      r  u_tlb_manager/u_tlb/csr_tlbidx[0]_i_25/I4
                         LUT6 (Prop_lut6_I4_O)        0.105    16.503 r  u_tlb_manager/u_tlb/csr_tlbidx[0]_i_25/O
                         net (fo=2, unplaced)         0.358    16.861    u_tlb_manager/u_tlb/csr_tlbidx[0]_i_25_n_0
                                                                      r  u_tlb_manager/u_tlb/csr_tlbidx[0]_i_11/I2
                         LUT6 (Prop_lut6_I2_O)        0.105    16.966 r  u_tlb_manager/u_tlb/csr_tlbidx[0]_i_11/O
                         net (fo=1, unplaced)         0.347    17.313    u_tlb_manager/u_tlb/csr_tlbidx[0]_i_11_n_0
                                                                      r  u_tlb_manager/u_tlb/csr_tlbidx[0]_i_3/I3
                         LUT6 (Prop_lut6_I3_O)        0.105    17.418 f  u_tlb_manager/u_tlb/csr_tlbidx[0]_i_3/O
                         net (fo=1, unplaced)         0.582    18.000    u_tlb_manager/u_tlb/csr_tlbidx[0]_i_3_n_0
                                                                      f  u_tlb_manager/u_tlb/csr_tlbidx[0]_i_2/I0
                         LUT6 (Prop_lut6_I0_O)        0.105    18.105 r  u_tlb_manager/u_tlb/csr_tlbidx[0]_i_2/O
                         net (fo=463, unplaced)       0.485    18.590    u_tlb_manager/u_tlb/tlb_g_reg[28]_1
                                                                      r  u_tlb_manager/u_tlb/pre_paddr[21]_i_14/I4
                         LUT6 (Prop_lut6_I4_O)        0.105    18.695 r  u_tlb_manager/u_tlb/pre_paddr[21]_i_14/O
                         net (fo=1, unplaced)         0.938    19.633    u_tlb_manager/u_tlb/pre_paddr[21]_i_14_n_0
                                                                      r  u_tlb_manager/u_tlb/pre_paddr[21]_i_10/I1
                         LUT6 (Prop_lut6_I1_O)        0.105    19.738 r  u_tlb_manager/u_tlb/pre_paddr[21]_i_10/O
                         net (fo=1, unplaced)         0.582    20.320    u_tlb_manager/u_tlb/pre_paddr[21]_i_10_n_0
                                                                      r  u_tlb_manager/u_tlb/pre_paddr[21]_i_7/I1
                         LUT6 (Prop_lut6_I1_O)        0.105    20.425 f  u_tlb_manager/u_tlb/pre_paddr[21]_i_7/O
                         net (fo=2, unplaced)         0.593    21.018    u_tlb_manager/u_tlb/s0_ps[5]
                                                                      f  u_tlb_manager/u_tlb/fifo_ptr[2]_i_3__0/I0
                         LUT6 (Prop_lut6_I0_O)        0.105    21.123 r  u_tlb_manager/u_tlb/fifo_ptr[2]_i_3__0/O
                         net (fo=1, unplaced)         0.347    21.470    u_tlb_manager/u_tlb/fifo_ptr[2]_i_3__0_n_0
                                                                      r  u_tlb_manager/u_tlb/fifo_ptr[2]_i_2__0/I1
                         LUT6 (Prop_lut6_I1_O)        0.105    21.575 r  u_tlb_manager/u_tlb/fifo_ptr[2]_i_2__0/O
                         net (fo=19, unplaced)        0.406    21.981    u_tlb_manager/u_l1_tlb_i/refill_en
                                                                      r  u_tlb_manager/u_l1_tlb_i/e_key[0][19]_i_1/I1
                         LUT5 (Prop_lut5_I1_O)        0.105    22.086 r  u_tlb_manager/u_l1_tlb_i/e_key[0][19]_i_1/O
                         net (fo=45, unplaced)        0.446    22.532    u_tlb_manager/u_l1_tlb_i/e_key
                         FDRE                                         r  u_tlb_manager/u_l1_tlb_i/e_key_reg[0][8]/CE
  -------------------------------------------------------------------    -------------------

                         (clock aclk rise edge)      10.000    10.000 r  
                                                      0.000    10.000 r  aclk (IN)
                         net (fo=53882, unset)        0.748    10.748    u_tlb_manager/u_l1_tlb_i/aclk
                         FDRE                                         r  u_tlb_manager/u_l1_tlb_i/e_key_reg[0][8]/C
                         clock pessimism              0.000    10.748    
                         clock uncertainty           -0.035    10.712    
                         FDRE (Setup_fdre_C_CE)      -0.165    10.547    u_tlb_manager/u_l1_tlb_i/e_key_reg[0][8]
  -------------------------------------------------------------------
                         required time                         10.547    
                         arrival time                         -22.532    
  -------------------------------------------------------------------
                         slack                                -11.985    

Slack (VIOLATED) :        -11.985ns  (required time - arrival time)
  Source:                 u_icache/tag_arr_reg[3][119][3]/C
                            (rising edge-triggered cell FDRE clocked by aclk  {rise@0.000ns fall@5.000ns period=10.000ns})
  Destination:            u_tlb_manager/u_l1_tlb_i/e_key_reg[0][9]/CE
                            (rising edge-triggered cell FDRE clocked by aclk  {rise@0.000ns fall@5.000ns period=10.000ns})
  Path Group:             aclk
  Path Type:              Setup (Max at Slow Process Corner)
  Requirement:            10.000ns  (aclk rise@10.000ns - aclk rise@0.000ns)
  Data Path Delay:        21.745ns  (logic 5.986ns (27.528%)  route 15.759ns (72.472%))
  Logic Levels:           36  (CARRY4=4 LUT2=1 LUT3=3 LUT4=3 LUT5=2 LUT6=20 MUXF7=2 MUXF8=1)
  Clock Path Skew:        -0.039ns (DCD - SCD + CPR)
    Destination Clock Delay (DCD):    0.748ns = ( 10.748 - 10.000 ) 
    Source Clock Delay      (SCD):    0.787ns
    Clock Pessimism Removal (CPR):    0.000ns
  Clock Uncertainty:      0.035ns  ((TSJ^2 + TIJ^2)^1/2 + DJ) / 2 + PE
    Total System Jitter     (TSJ):    0.071ns
    Total Input Jitter      (TIJ):    0.000ns
    Discrete Jitter          (DJ):    0.000ns
    Phase Error              (PE):    0.000ns

    Location             Delay type                Incr(ns)  Path(ns)    Netlist Resource(s)
  -------------------------------------------------------------------    -------------------
                         (clock aclk rise edge)       0.000     0.000 r  
                                                      0.000     0.000 r  aclk (IN)
                         net (fo=53882, unset)        0.787     0.787    u_icache/aclk
                         FDRE                                         r  u_icache/tag_arr_reg[3][119][3]/C
  -------------------------------------------------------------------    -------------------
                         FDRE (Prop_fdre_C_Q)         0.379     1.166 r  u_icache/tag_arr_reg[3][119][3]/Q
                         net (fo=1, unplaced)         0.779     1.945    u_icache/tag_arr_reg_n_0_[3][119][3]
                                                                      r  u_icache/FSM_onehot_state[5]_i_4699/I0
                         LUT6 (Prop_lut6_I0_O)        0.232     2.177 r  u_icache/FSM_onehot_state[5]_i_4699/O
                         net (fo=1, unplaced)         0.000     2.177    u_icache/FSM_onehot_state[5]_i_4699_n_0
                                                                      r  u_icache/FSM_onehot_state_reg[5]_i_3794/I1
                         MUXF7 (Prop_muxf7_I1_O)      0.206     2.383 r  u_icache/FSM_onehot_state_reg[5]_i_3794/O
                         net (fo=1, unplaced)         0.000     2.383    u_icache/FSM_onehot_state_reg[5]_i_3794_n_0
                                                                      r  u_icache/FSM_onehot_state_reg[5]_i_2318/I0
                         MUXF8 (Prop_muxf8_I0_O)      0.085     2.468 r  u_icache/FSM_onehot_state_reg[5]_i_2318/O
                         net (fo=1, unplaced)         0.563     3.031    u_icache/FSM_onehot_state_reg[5]_i_2318_n_0
                                                                      r  u_icache/FSM_onehot_state[5]_i_1111/I0
                         LUT6 (Prop_lut6_I0_O)        0.259     3.290 r  u_icache/FSM_onehot_state[5]_i_1111/O
                         net (fo=1, unplaced)         0.000     3.290    u_icache/FSM_onehot_state[5]_i_1111_n_0
                                                                      r  u_icache/FSM_onehot_state_reg[5]_i_494/I1
                         MUXF7 (Prop_muxf7_I1_O)      0.206     3.496 r  u_icache/FSM_onehot_state_reg[5]_i_494/O
                         net (fo=1, unplaced)         0.584     4.080    u_icache/tag_arr[3]
                                                                      r  u_icache/FSM_onehot_state[5]_i_187/I0
                         LUT6 (Prop_lut6_I0_O)        0.242     4.322 r  u_icache/FSM_onehot_state[5]_i_187/O
                         net (fo=1, unplaced)         0.000     4.322    u_icache/FSM_onehot_state[5]_i_187_n_0
                                                                      r  u_icache/FSM_onehot_state_reg[5]_i_68/S[1]
                         CARRY4 (Prop_carry4_S[1]_CO[3])
                                                      0.457     4.779 r  u_icache/FSM_onehot_state_reg[5]_i_68/CO[3]
                         net (fo=1, unplaced)         0.008     4.787    u_icache/FSM_onehot_state_reg[5]_i_68_n_0
                                                                      r  u_icache/FSM_onehot_state_reg[5]_i_21/CI
                         CARRY4 (Prop_carry4_CI_CO[2])
                                                      0.209     4.996 f  u_icache/FSM_onehot_state_reg[5]_i_21/CO[2]
                         net (fo=24, unplaced)        0.413     5.409    u_icache/way_hit_30
                                                                      f  u_icache/FSM_onehot_state[5]_i_7/I2
                         LUT4 (Prop_lut4_I2_O)        0.252     5.661 f  u_icache/FSM_onehot_state[5]_i_7/O
                         net (fo=5, unplaced)         0.375     6.036    u_icache/FSM_onehot_state[5]_i_7_n_0
                                                                      f  u_icache/valid_arr[3][99]_i_4/I4
                         LUT5 (Prop_lut5_I4_O)        0.105     6.141 f  u_icache/valid_arr[3][99]_i_4/O
                         net (fo=57, unplaced)        0.433     6.574    u_icache/hit_any
                                                                      f  u_icache/if_rline[255]_i_7/I0
                         LUT4 (Prop_lut4_I0_O)        0.105     6.679 f  u_icache/if_rline[255]_i_7/O
                         net (fo=257, unplaced)       0.470     7.149    u_icache/lookup_hit
                                                                      f  u_icache/if_rline[255]_i_4/I0
                         LUT2 (Prop_lut2_I0_O)        0.105     7.254 f  u_icache/if_rline[255]_i_4/O
                         net (fo=12, unplaced)        0.395     7.649    u_ifu/ic_ifu_data_ok
                                                                      f  u_ifu/if_rline[255]_i_5/I2
                         LUT3 (Prop_lut3_I2_O)        0.105     7.754 r  u_ifu/if_rline[255]_i_5/O
                         net (fo=128, unplaced)       0.453     8.207    u_ifu/if_rline[255]_i_5_n_0
                                                                      r  u_ifu/mem[14][61]_i_12/I4
                         LUT6 (Prop_lut6_I4_O)        0.105     8.312 f  u_ifu/mem[14][61]_i_12/O
                         net (fo=2, unplaced)         0.593     8.905    u_ifu/mem[14][61]_i_12_n_0
                                                                      f  u_ifu/mem[14][61]_i_5/I1
                         LUT6 (Prop_lut6_I1_O)        0.105     9.010 f  u_ifu/mem[14][61]_i_5/O
                         net (fo=3, unplaced)         0.956     9.966    u_ifu/mem[14][61]_i_5_n_0
                                                                      f  u_ifu/i_excp_adef_o_i_43/I0
                         LUT6 (Prop_lut6_I0_O)        0.105    10.071 r  u_ifu/i_excp_adef_o_i_43/O
                         net (fo=3, unplaced)         0.346    10.417    u_ifu/i_excp_adef_o_i_43_n_0
                                                                      r  u_ifu/i_excp_adef_o_i_20/I0
                         LUT4 (Prop_lut4_I0_O)        0.126    10.543 r  u_ifu/i_excp_adef_o_i_20/O
                         net (fo=3, unplaced)         0.600    11.143    u_ifu/i_excp_adef_o_i_20_n_0
                                                                      r  u_ifu/i_excp_adef_o_i_8/I0
                         LUT6 (Prop_lut6_I0_O)        0.105    11.248 r  u_ifu/i_excp_adef_o_i_8/O
                         net (fo=5, unplaced)         0.556    11.804    u_ifu/i_excp_adef_o_i_8_n_0
                                                                      r  u_ifu/i_excp_adef_o_i_2/I3
                         LUT6 (Prop_lut6_I3_O)        0.105    11.909 r  u_ifu/i_excp_adef_o_i_2/O
                         net (fo=44, unplaced)        0.426    12.335    u_ifu/ifu_ftq_accept
                                                                      r  u_ifu/e_key[0][4]_i_1/I1
                         LUT3 (Prop_lut3_I1_O)        0.105    12.440 r  u_ifu/e_key[0][4]_i_1/O
                         net (fo=19, unplaced)        0.406    12.846    u_csr_exception_commit_handler/mmu_tlbm_inst_vaddr[3]
                                                                      r  u_csr_exception_commit_handler/e_ppn[0][19]_i_443__0/I2
                         LUT3 (Prop_lut3_I2_O)        0.105    12.951 r  u_csr_exception_commit_handler/e_ppn[0][19]_i_443__0/O
                         net (fo=32, unplaced)        0.653    13.604    u_tlb_manager/u_tlb/csr_tlbidx_reg[1]_i_38_5
                                                                      r  u_tlb_manager/u_tlb/e_ppn[0][19]_i_481/I1
                         LUT6 (Prop_lut6_I1_O)        0.105    13.709 r  u_tlb_manager/u_tlb/e_ppn[0][19]_i_481/O
                         net (fo=1, unplaced)         0.000    13.709    u_tlb_manager/u_tlb/e_ppn[0][19]_i_481_n_0
                                                                      r  u_tlb_manager/u_tlb/e_ppn_reg[0][19]_i_383/S[1]
                         CARRY4 (Prop_carry4_S[1]_CO[3])
                                                      0.457    14.166 r  u_tlb_manager/u_tlb/e_ppn_reg[0][19]_i_383/CO[3]
                         net (fo=1, unplaced)         0.008    14.174    u_tlb_manager/u_tlb/e_ppn_reg[0][19]_i_383_n_0
                                                                      r  u_tlb_manager/u_tlb/e_ppn_reg[0][19]_i_196/CI
                         CARRY4 (Prop_carry4_CI_CO[2])
                                                      0.209    14.383 r  u_tlb_manager/u_tlb/e_ppn_reg[0][19]_i_196/CO[2]
                         net (fo=1, unplaced)         0.349    14.732    u_tlb_manager/u_tlb/e_ppn_reg[0][19]_i_196_n_1
                                                                      r  u_tlb_manager/u_tlb/e_ppn[0][19]_i_86/I0
                         LUT6 (Prop_lut6_I0_O)        0.252    14.984 f  u_tlb_manager/u_tlb/e_ppn[0][19]_i_86/O
                         net (fo=4, unplaced)         0.962    15.946    u_tlb_manager/u_tlb/e_ppn[0][19]_i_86_n_0
                                                                      f  u_tlb_manager/u_tlb/csr_tlbidx[0]_i_50/I1
                         LUT6 (Prop_lut6_I1_O)        0.105    16.051 r  u_tlb_manager/u_tlb/csr_tlbidx[0]_i_50/O
                         net (fo=1, unplaced)         0.347    16.398    u_tlb_manager/u_tlb/csr_tlbidx[0]_i_50_n_0
                                                                      r  u_tlb_manager/u_tlb/csr_tlbidx[0]_i_25/I4
                         LUT6 (Prop_lut6_I4_O)        0.105    16.503 r  u_tlb_manager/u_tlb/csr_tlbidx[0]_i_25/O
                         net (fo=2, unplaced)         0.358    16.861    u_tlb_manager/u_tlb/csr_tlbidx[0]_i_25_n_0
                                                                      r  u_tlb_manager/u_tlb/csr_tlbidx[0]_i_11/I2
                         LUT6 (Prop_lut6_I2_O)        0.105    16.966 r  u_tlb_manager/u_tlb/csr_tlbidx[0]_i_11/O
                         net (fo=1, unplaced)         0.347    17.313    u_tlb_manager/u_tlb/csr_tlbidx[0]_i_11_n_0
                                                                      r  u_tlb_manager/u_tlb/csr_tlbidx[0]_i_3/I3
                         LUT6 (Prop_lut6_I3_O)        0.105    17.418 f  u_tlb_manager/u_tlb/csr_tlbidx[0]_i_3/O
                         net (fo=1, unplaced)         0.582    18.000    u_tlb_manager/u_tlb/csr_tlbidx[0]_i_3_n_0
                                                                      f  u_tlb_manager/u_tlb/csr_tlbidx[0]_i_2/I0
                         LUT6 (Prop_lut6_I0_O)        0.105    18.105 r  u_tlb_manager/u_tlb/csr_tlbidx[0]_i_2/O
                         net (fo=463, unplaced)       0.485    18.590    u_tlb_manager/u_tlb/tlb_g_reg[28]_1
                                                                      r  u_tlb_manager/u_tlb/pre_paddr[21]_i_14/I4
                         LUT6 (Prop_lut6_I4_O)        0.105    18.695 r  u_tlb_manager/u_tlb/pre_paddr[21]_i_14/O
                         net (fo=1, unplaced)         0.938    19.633    u_tlb_manager/u_tlb/pre_paddr[21]_i_14_n_0
                                                                      r  u_tlb_manager/u_tlb/pre_paddr[21]_i_10/I1
                         LUT6 (Prop_lut6_I1_O)        0.105    19.738 r  u_tlb_manager/u_tlb/pre_paddr[21]_i_10/O
                         net (fo=1, unplaced)         0.582    20.320    u_tlb_manager/u_tlb/pre_paddr[21]_i_10_n_0
                                                                      r  u_tlb_manager/u_tlb/pre_paddr[21]_i_7/I1
                         LUT6 (Prop_lut6_I1_O)        0.105    20.425 f  u_tlb_manager/u_tlb/pre_paddr[21]_i_7/O
                         net (fo=2, unplaced)         0.593    21.018    u_tlb_manager/u_tlb/s0_ps[5]
                                                                      f  u_tlb_manager/u_tlb/fifo_ptr[2]_i_3__0/I0
                         LUT6 (Prop_lut6_I0_O)        0.105    21.123 r  u_tlb_manager/u_tlb/fifo_ptr[2]_i_3__0/O
                         net (fo=1, unplaced)         0.347    21.470    u_tlb_manager/u_tlb/fifo_ptr[2]_i_3__0_n_0
                                                                      r  u_tlb_manager/u_tlb/fifo_ptr[2]_i_2__0/I1
                         LUT6 (Prop_lut6_I1_O)        0.105    21.575 r  u_tlb_manager/u_tlb/fifo_ptr[2]_i_2__0/O
                         net (fo=19, unplaced)        0.406    21.981    u_tlb_manager/u_l1_tlb_i/refill_en
                                                                      r  u_tlb_manager/u_l1_tlb_i/e_key[0][19]_i_1/I1
                         LUT5 (Prop_lut5_I1_O)        0.105    22.086 r  u_tlb_manager/u_l1_tlb_i/e_key[0][19]_i_1/O
                         net (fo=45, unplaced)        0.446    22.532    u_tlb_manager/u_l1_tlb_i/e_key
                         FDRE                                         r  u_tlb_manager/u_l1_tlb_i/e_key_reg[0][9]/CE
  -------------------------------------------------------------------    -------------------

                         (clock aclk rise edge)      10.000    10.000 r  
                                                      0.000    10.000 r  aclk (IN)
                         net (fo=53882, unset)        0.748    10.748    u_tlb_manager/u_l1_tlb_i/aclk
                         FDRE                                         r  u_tlb_manager/u_l1_tlb_i/e_key_reg[0][9]/C
                         clock pessimism              0.000    10.748    
                         clock uncertainty           -0.035    10.712    
                         FDRE (Setup_fdre_C_CE)      -0.165    10.547    u_tlb_manager/u_l1_tlb_i/e_key_reg[0][9]
  -------------------------------------------------------------------
                         required time                         10.547    
                         arrival time                         -22.532    
  -------------------------------------------------------------------
                         slack                                -11.985    

Slack (VIOLATED) :        -11.985ns  (required time - arrival time)
  Source:                 u_icache/tag_arr_reg[3][119][3]/C
                            (rising edge-triggered cell FDRE clocked by aclk  {rise@0.000ns fall@5.000ns period=10.000ns})
  Destination:            u_tlb_manager/u_l1_tlb_i/e_key_reg[1][0]/CE
                            (rising edge-triggered cell FDRE clocked by aclk  {rise@0.000ns fall@5.000ns period=10.000ns})
  Path Group:             aclk
  Path Type:              Setup (Max at Slow Process Corner)
  Requirement:            10.000ns  (aclk rise@10.000ns - aclk rise@0.000ns)
  Data Path Delay:        21.745ns  (logic 5.986ns (27.528%)  route 15.759ns (72.472%))
  Logic Levels:           36  (CARRY4=4 LUT2=1 LUT3=3 LUT4=3 LUT5=2 LUT6=20 MUXF7=2 MUXF8=1)
  Clock Path Skew:        -0.039ns (DCD - SCD + CPR)
    Destination Clock Delay (DCD):    0.748ns = ( 10.748 - 10.000 ) 
    Source Clock Delay      (SCD):    0.787ns
    Clock Pessimism Removal (CPR):    0.000ns
  Clock Uncertainty:      0.035ns  ((TSJ^2 + TIJ^2)^1/2 + DJ) / 2 + PE
    Total System Jitter     (TSJ):    0.071ns
    Total Input Jitter      (TIJ):    0.000ns
    Discrete Jitter          (DJ):    0.000ns
    Phase Error              (PE):    0.000ns

    Location             Delay type                Incr(ns)  Path(ns)    Netlist Resource(s)
  -------------------------------------------------------------------    -------------------
                         (clock aclk rise edge)       0.000     0.000 r  
                                                      0.000     0.000 r  aclk (IN)
                         net (fo=53882, unset)        0.787     0.787    u_icache/aclk
                         FDRE                                         r  u_icache/tag_arr_reg[3][119][3]/C
  -------------------------------------------------------------------    -------------------
                         FDRE (Prop_fdre_C_Q)         0.379     1.166 r  u_icache/tag_arr_reg[3][119][3]/Q
                         net (fo=1, unplaced)         0.779     1.945    u_icache/tag_arr_reg_n_0_[3][119][3]
                                                                      r  u_icache/FSM_onehot_state[5]_i_4699/I0
                         LUT6 (Prop_lut6_I0_O)        0.232     2.177 r  u_icache/FSM_onehot_state[5]_i_4699/O
                         net (fo=1, unplaced)         0.000     2.177    u_icache/FSM_onehot_state[5]_i_4699_n_0
                                                                      r  u_icache/FSM_onehot_state_reg[5]_i_3794/I1
                         MUXF7 (Prop_muxf7_I1_O)      0.206     2.383 r  u_icache/FSM_onehot_state_reg[5]_i_3794/O
                         net (fo=1, unplaced)         0.000     2.383    u_icache/FSM_onehot_state_reg[5]_i_3794_n_0
                                                                      r  u_icache/FSM_onehot_state_reg[5]_i_2318/I0
                         MUXF8 (Prop_muxf8_I0_O)      0.085     2.468 r  u_icache/FSM_onehot_state_reg[5]_i_2318/O
                         net (fo=1, unplaced)         0.563     3.031    u_icache/FSM_onehot_state_reg[5]_i_2318_n_0
                                                                      r  u_icache/FSM_onehot_state[5]_i_1111/I0
                         LUT6 (Prop_lut6_I0_O)        0.259     3.290 r  u_icache/FSM_onehot_state[5]_i_1111/O
                         net (fo=1, unplaced)         0.000     3.290    u_icache/FSM_onehot_state[5]_i_1111_n_0
                                                                      r  u_icache/FSM_onehot_state_reg[5]_i_494/I1
                         MUXF7 (Prop_muxf7_I1_O)      0.206     3.496 r  u_icache/FSM_onehot_state_reg[5]_i_494/O
                         net (fo=1, unplaced)         0.584     4.080    u_icache/tag_arr[3]
                                                                      r  u_icache/FSM_onehot_state[5]_i_187/I0
                         LUT6 (Prop_lut6_I0_O)        0.242     4.322 r  u_icache/FSM_onehot_state[5]_i_187/O
                         net (fo=1, unplaced)         0.000     4.322    u_icache/FSM_onehot_state[5]_i_187_n_0
                                                                      r  u_icache/FSM_onehot_state_reg[5]_i_68/S[1]
                         CARRY4 (Prop_carry4_S[1]_CO[3])
                                                      0.457     4.779 r  u_icache/FSM_onehot_state_reg[5]_i_68/CO[3]
                         net (fo=1, unplaced)         0.008     4.787    u_icache/FSM_onehot_state_reg[5]_i_68_n_0
                                                                      r  u_icache/FSM_onehot_state_reg[5]_i_21/CI
                         CARRY4 (Prop_carry4_CI_CO[2])
                                                      0.209     4.996 f  u_icache/FSM_onehot_state_reg[5]_i_21/CO[2]
                         net (fo=24, unplaced)        0.413     5.409    u_icache/way_hit_30
                                                                      f  u_icache/FSM_onehot_state[5]_i_7/I2
                         LUT4 (Prop_lut4_I2_O)        0.252     5.661 f  u_icache/FSM_onehot_state[5]_i_7/O
                         net (fo=5, unplaced)         0.375     6.036    u_icache/FSM_onehot_state[5]_i_7_n_0
                                                                      f  u_icache/valid_arr[3][99]_i_4/I4
                         LUT5 (Prop_lut5_I4_O)        0.105     6.141 f  u_icache/valid_arr[3][99]_i_4/O
                         net (fo=57, unplaced)        0.433     6.574    u_icache/hit_any
                                                                      f  u_icache/if_rline[255]_i_7/I0
                         LUT4 (Prop_lut4_I0_O)        0.105     6.679 f  u_icache/if_rline[255]_i_7/O
                         net (fo=257, unplaced)       0.470     7.149    u_icache/lookup_hit
                                                                      f  u_icache/if_rline[255]_i_4/I0
                         LUT2 (Prop_lut2_I0_O)        0.105     7.254 f  u_icache/if_rline[255]_i_4/O
                         net (fo=12, unplaced)        0.395     7.649    u_ifu/ic_ifu_data_ok
                                                                      f  u_ifu/if_rline[255]_i_5/I2
                         LUT3 (Prop_lut3_I2_O)        0.105     7.754 r  u_ifu/if_rline[255]_i_5/O
                         net (fo=128, unplaced)       0.453     8.207    u_ifu/if_rline[255]_i_5_n_0
                                                                      r  u_ifu/mem[14][61]_i_12/I4
                         LUT6 (Prop_lut6_I4_O)        0.105     8.312 f  u_ifu/mem[14][61]_i_12/O
                         net (fo=2, unplaced)         0.593     8.905    u_ifu/mem[14][61]_i_12_n_0
                                                                      f  u_ifu/mem[14][61]_i_5/I1
                         LUT6 (Prop_lut6_I1_O)        0.105     9.010 f  u_ifu/mem[14][61]_i_5/O
                         net (fo=3, unplaced)         0.956     9.966    u_ifu/mem[14][61]_i_5_n_0
                                                                      f  u_ifu/i_excp_adef_o_i_43/I0
                         LUT6 (Prop_lut6_I0_O)        0.105    10.071 r  u_ifu/i_excp_adef_o_i_43/O
                         net (fo=3, unplaced)         0.346    10.417    u_ifu/i_excp_adef_o_i_43_n_0
                                                                      r  u_ifu/i_excp_adef_o_i_20/I0
                         LUT4 (Prop_lut4_I0_O)        0.126    10.543 r  u_ifu/i_excp_adef_o_i_20/O
                         net (fo=3, unplaced)         0.600    11.143    u_ifu/i_excp_adef_o_i_20_n_0
                                                                      r  u_ifu/i_excp_adef_o_i_8/I0
                         LUT6 (Prop_lut6_I0_O)        0.105    11.248 r  u_ifu/i_excp_adef_o_i_8/O
                         net (fo=5, unplaced)         0.556    11.804    u_ifu/i_excp_adef_o_i_8_n_0
                                                                      r  u_ifu/i_excp_adef_o_i_2/I3
                         LUT6 (Prop_lut6_I3_O)        0.105    11.909 r  u_ifu/i_excp_adef_o_i_2/O
                         net (fo=44, unplaced)        0.426    12.335    u_ifu/ifu_ftq_accept
                                                                      r  u_ifu/e_key[0][4]_i_1/I1
                         LUT3 (Prop_lut3_I1_O)        0.105    12.440 r  u_ifu/e_key[0][4]_i_1/O
                         net (fo=19, unplaced)        0.406    12.846    u_csr_exception_commit_handler/mmu_tlbm_inst_vaddr[3]
                                                                      r  u_csr_exception_commit_handler/e_ppn[0][19]_i_443__0/I2
                         LUT3 (Prop_lut3_I2_O)        0.105    12.951 r  u_csr_exception_commit_handler/e_ppn[0][19]_i_443__0/O
                         net (fo=32, unplaced)        0.653    13.604    u_tlb_manager/u_tlb/csr_tlbidx_reg[1]_i_38_5
                                                                      r  u_tlb_manager/u_tlb/e_ppn[0][19]_i_481/I1
                         LUT6 (Prop_lut6_I1_O)        0.105    13.709 r  u_tlb_manager/u_tlb/e_ppn[0][19]_i_481/O
                         net (fo=1, unplaced)         0.000    13.709    u_tlb_manager/u_tlb/e_ppn[0][19]_i_481_n_0
                                                                      r  u_tlb_manager/u_tlb/e_ppn_reg[0][19]_i_383/S[1]
                         CARRY4 (Prop_carry4_S[1]_CO[3])
                                                      0.457    14.166 r  u_tlb_manager/u_tlb/e_ppn_reg[0][19]_i_383/CO[3]
                         net (fo=1, unplaced)         0.008    14.174    u_tlb_manager/u_tlb/e_ppn_reg[0][19]_i_383_n_0
                                                                      r  u_tlb_manager/u_tlb/e_ppn_reg[0][19]_i_196/CI
                         CARRY4 (Prop_carry4_CI_CO[2])
                                                      0.209    14.383 r  u_tlb_manager/u_tlb/e_ppn_reg[0][19]_i_196/CO[2]
                         net (fo=1, unplaced)         0.349    14.732    u_tlb_manager/u_tlb/e_ppn_reg[0][19]_i_196_n_1
                                                                      r  u_tlb_manager/u_tlb/e_ppn[0][19]_i_86/I0
                         LUT6 (Prop_lut6_I0_O)        0.252    14.984 f  u_tlb_manager/u_tlb/e_ppn[0][19]_i_86/O
                         net (fo=4, unplaced)         0.962    15.946    u_tlb_manager/u_tlb/e_ppn[0][19]_i_86_n_0
                                                                      f  u_tlb_manager/u_tlb/csr_tlbidx[0]_i_50/I1
                         LUT6 (Prop_lut6_I1_O)        0.105    16.051 r  u_tlb_manager/u_tlb/csr_tlbidx[0]_i_50/O
                         net (fo=1, unplaced)         0.347    16.398    u_tlb_manager/u_tlb/csr_tlbidx[0]_i_50_n_0
                                                                      r  u_tlb_manager/u_tlb/csr_tlbidx[0]_i_25/I4
                         LUT6 (Prop_lut6_I4_O)        0.105    16.503 r  u_tlb_manager/u_tlb/csr_tlbidx[0]_i_25/O
                         net (fo=2, unplaced)         0.358    16.861    u_tlb_manager/u_tlb/csr_tlbidx[0]_i_25_n_0
                                                                      r  u_tlb_manager/u_tlb/csr_tlbidx[0]_i_11/I2
                         LUT6 (Prop_lut6_I2_O)        0.105    16.966 r  u_tlb_manager/u_tlb/csr_tlbidx[0]_i_11/O
                         net (fo=1, unplaced)         0.347    17.313    u_tlb_manager/u_tlb/csr_tlbidx[0]_i_11_n_0
                                                                      r  u_tlb_manager/u_tlb/csr_tlbidx[0]_i_3/I3
                         LUT6 (Prop_lut6_I3_O)        0.105    17.418 f  u_tlb_manager/u_tlb/csr_tlbidx[0]_i_3/O
                         net (fo=1, unplaced)         0.582    18.000    u_tlb_manager/u_tlb/csr_tlbidx[0]_i_3_n_0
                                                                      f  u_tlb_manager/u_tlb/csr_tlbidx[0]_i_2/I0
                         LUT6 (Prop_lut6_I0_O)        0.105    18.105 r  u_tlb_manager/u_tlb/csr_tlbidx[0]_i_2/O
                         net (fo=463, unplaced)       0.485    18.590    u_tlb_manager/u_tlb/tlb_g_reg[28]_1
                                                                      r  u_tlb_manager/u_tlb/pre_paddr[21]_i_14/I4
                         LUT6 (Prop_lut6_I4_O)        0.105    18.695 r  u_tlb_manager/u_tlb/pre_paddr[21]_i_14/O
                         net (fo=1, unplaced)         0.938    19.633    u_tlb_manager/u_tlb/pre_paddr[21]_i_14_n_0
                                                                      r  u_tlb_manager/u_tlb/pre_paddr[21]_i_10/I1
                         LUT6 (Prop_lut6_I1_O)        0.105    19.738 r  u_tlb_manager/u_tlb/pre_paddr[21]_i_10/O
                         net (fo=1, unplaced)         0.582    20.320    u_tlb_manager/u_tlb/pre_paddr[21]_i_10_n_0
                                                                      r  u_tlb_manager/u_tlb/pre_paddr[21]_i_7/I1
                         LUT6 (Prop_lut6_I1_O)        0.105    20.425 f  u_tlb_manager/u_tlb/pre_paddr[21]_i_7/O
                         net (fo=2, unplaced)         0.593    21.018    u_tlb_manager/u_tlb/s0_ps[5]
                                                                      f  u_tlb_manager/u_tlb/fifo_ptr[2]_i_3__0/I0
                         LUT6 (Prop_lut6_I0_O)        0.105    21.123 r  u_tlb_manager/u_tlb/fifo_ptr[2]_i_3__0/O
                         net (fo=1, unplaced)         0.347    21.470    u_tlb_manager/u_tlb/fifo_ptr[2]_i_3__0_n_0
                                                                      r  u_tlb_manager/u_tlb/fifo_ptr[2]_i_2__0/I1
                         LUT6 (Prop_lut6_I1_O)        0.105    21.575 r  u_tlb_manager/u_tlb/fifo_ptr[2]_i_2__0/O
                         net (fo=19, unplaced)        0.406    21.981    u_tlb_manager/u_l1_tlb_i/refill_en
                                                                      r  u_tlb_manager/u_l1_tlb_i/e_key[1][19]_i_1/I1
                         LUT5 (Prop_lut5_I1_O)        0.105    22.086 r  u_tlb_manager/u_l1_tlb_i/e_key[1][19]_i_1/O
                         net (fo=45, unplaced)        0.446    22.532    u_tlb_manager/u_l1_tlb_i/e_key[1][19]_i_1_n_0
                         FDRE                                         r  u_tlb_manager/u_l1_tlb_i/e_key_reg[1][0]/CE
  -------------------------------------------------------------------    -------------------

                         (clock aclk rise edge)      10.000    10.000 r  
                                                      0.000    10.000 r  aclk (IN)
                         net (fo=53882, unset)        0.748    10.748    u_tlb_manager/u_l1_tlb_i/aclk
                         FDRE                                         r  u_tlb_manager/u_l1_tlb_i/e_key_reg[1][0]/C
                         clock pessimism              0.000    10.748    
                         clock uncertainty           -0.035    10.712    
                         FDRE (Setup_fdre_C_CE)      -0.165    10.547    u_tlb_manager/u_l1_tlb_i/e_key_reg[1][0]
  -------------------------------------------------------------------
                         required time                         10.547    
                         arrival time                         -22.532    
  -------------------------------------------------------------------
                         slack                                -11.985    

Slack (VIOLATED) :        -11.985ns  (required time - arrival time)
  Source:                 u_icache/tag_arr_reg[3][119][3]/C
                            (rising edge-triggered cell FDRE clocked by aclk  {rise@0.000ns fall@5.000ns period=10.000ns})
  Destination:            u_tlb_manager/u_l1_tlb_i/e_key_reg[1][10]/CE
                            (rising edge-triggered cell FDRE clocked by aclk  {rise@0.000ns fall@5.000ns period=10.000ns})
  Path Group:             aclk
  Path Type:              Setup (Max at Slow Process Corner)
  Requirement:            10.000ns  (aclk rise@10.000ns - aclk rise@0.000ns)
  Data Path Delay:        21.745ns  (logic 5.986ns (27.528%)  route 15.759ns (72.472%))
  Logic Levels:           36  (CARRY4=4 LUT2=1 LUT3=3 LUT4=3 LUT5=2 LUT6=20 MUXF7=2 MUXF8=1)
  Clock Path Skew:        -0.039ns (DCD - SCD + CPR)
    Destination Clock Delay (DCD):    0.748ns = ( 10.748 - 10.000 ) 
    Source Clock Delay      (SCD):    0.787ns
    Clock Pessimism Removal (CPR):    0.000ns
  Clock Uncertainty:      0.035ns  ((TSJ^2 + TIJ^2)^1/2 + DJ) / 2 + PE
    Total System Jitter     (TSJ):    0.071ns
    Total Input Jitter      (TIJ):    0.000ns
    Discrete Jitter          (DJ):    0.000ns
    Phase Error              (PE):    0.000ns

    Location             Delay type                Incr(ns)  Path(ns)    Netlist Resource(s)
  -------------------------------------------------------------------    -------------------
                         (clock aclk rise edge)       0.000     0.000 r  
                                                      0.000     0.000 r  aclk (IN)
                         net (fo=53882, unset)        0.787     0.787    u_icache/aclk
                         FDRE                                         r  u_icache/tag_arr_reg[3][119][3]/C
  -------------------------------------------------------------------    -------------------
                         FDRE (Prop_fdre_C_Q)         0.379     1.166 r  u_icache/tag_arr_reg[3][119][3]/Q
                         net (fo=1, unplaced)         0.779     1.945    u_icache/tag_arr_reg_n_0_[3][119][3]
                                                                      r  u_icache/FSM_onehot_state[5]_i_4699/I0
                         LUT6 (Prop_lut6_I0_O)        0.232     2.177 r  u_icache/FSM_onehot_state[5]_i_4699/O
                         net (fo=1, unplaced)         0.000     2.177    u_icache/FSM_onehot_state[5]_i_4699_n_0
                                                                      r  u_icache/FSM_onehot_state_reg[5]_i_3794/I1
                         MUXF7 (Prop_muxf7_I1_O)      0.206     2.383 r  u_icache/FSM_onehot_state_reg[5]_i_3794/O
                         net (fo=1, unplaced)         0.000     2.383    u_icache/FSM_onehot_state_reg[5]_i_3794_n_0
                                                                      r  u_icache/FSM_onehot_state_reg[5]_i_2318/I0
                         MUXF8 (Prop_muxf8_I0_O)      0.085     2.468 r  u_icache/FSM_onehot_state_reg[5]_i_2318/O
                         net (fo=1, unplaced)         0.563     3.031    u_icache/FSM_onehot_state_reg[5]_i_2318_n_0
                                                                      r  u_icache/FSM_onehot_state[5]_i_1111/I0
                         LUT6 (Prop_lut6_I0_O)        0.259     3.290 r  u_icache/FSM_onehot_state[5]_i_1111/O
                         net (fo=1, unplaced)         0.000     3.290    u_icache/FSM_onehot_state[5]_i_1111_n_0
                                                                      r  u_icache/FSM_onehot_state_reg[5]_i_494/I1
                         MUXF7 (Prop_muxf7_I1_O)      0.206     3.496 r  u_icache/FSM_onehot_state_reg[5]_i_494/O
                         net (fo=1, unplaced)         0.584     4.080    u_icache/tag_arr[3]
                                                                      r  u_icache/FSM_onehot_state[5]_i_187/I0
                         LUT6 (Prop_lut6_I0_O)        0.242     4.322 r  u_icache/FSM_onehot_state[5]_i_187/O
                         net (fo=1, unplaced)         0.000     4.322    u_icache/FSM_onehot_state[5]_i_187_n_0
                                                                      r  u_icache/FSM_onehot_state_reg[5]_i_68/S[1]
                         CARRY4 (Prop_carry4_S[1]_CO[3])
                                                      0.457     4.779 r  u_icache/FSM_onehot_state_reg[5]_i_68/CO[3]
                         net (fo=1, unplaced)         0.008     4.787    u_icache/FSM_onehot_state_reg[5]_i_68_n_0
                                                                      r  u_icache/FSM_onehot_state_reg[5]_i_21/CI
                         CARRY4 (Prop_carry4_CI_CO[2])
                                                      0.209     4.996 f  u_icache/FSM_onehot_state_reg[5]_i_21/CO[2]
                         net (fo=24, unplaced)        0.413     5.409    u_icache/way_hit_30
                                                                      f  u_icache/FSM_onehot_state[5]_i_7/I2
                         LUT4 (Prop_lut4_I2_O)        0.252     5.661 f  u_icache/FSM_onehot_state[5]_i_7/O
                         net (fo=5, unplaced)         0.375     6.036    u_icache/FSM_onehot_state[5]_i_7_n_0
                                                                      f  u_icache/valid_arr[3][99]_i_4/I4
                         LUT5 (Prop_lut5_I4_O)        0.105     6.141 f  u_icache/valid_arr[3][99]_i_4/O
                         net (fo=57, unplaced)        0.433     6.574    u_icache/hit_any
                                                                      f  u_icache/if_rline[255]_i_7/I0
                         LUT4 (Prop_lut4_I0_O)        0.105     6.679 f  u_icache/if_rline[255]_i_7/O
                         net (fo=257, unplaced)       0.470     7.149    u_icache/lookup_hit
                                                                      f  u_icache/if_rline[255]_i_4/I0
                         LUT2 (Prop_lut2_I0_O)        0.105     7.254 f  u_icache/if_rline[255]_i_4/O
                         net (fo=12, unplaced)        0.395     7.649    u_ifu/ic_ifu_data_ok
                                                                      f  u_ifu/if_rline[255]_i_5/I2
                         LUT3 (Prop_lut3_I2_O)        0.105     7.754 r  u_ifu/if_rline[255]_i_5/O
                         net (fo=128, unplaced)       0.453     8.207    u_ifu/if_rline[255]_i_5_n_0
                                                                      r  u_ifu/mem[14][61]_i_12/I4
                         LUT6 (Prop_lut6_I4_O)        0.105     8.312 f  u_ifu/mem[14][61]_i_12/O
                         net (fo=2, unplaced)         0.593     8.905    u_ifu/mem[14][61]_i_12_n_0
                                                                      f  u_ifu/mem[14][61]_i_5/I1
                         LUT6 (Prop_lut6_I1_O)        0.105     9.010 f  u_ifu/mem[14][61]_i_5/O
                         net (fo=3, unplaced)         0.956     9.966    u_ifu/mem[14][61]_i_5_n_0
                                                                      f  u_ifu/i_excp_adef_o_i_43/I0
                         LUT6 (Prop_lut6_I0_O)        0.105    10.071 r  u_ifu/i_excp_adef_o_i_43/O
                         net (fo=3, unplaced)         0.346    10.417    u_ifu/i_excp_adef_o_i_43_n_0
                                                                      r  u_ifu/i_excp_adef_o_i_20/I0
                         LUT4 (Prop_lut4_I0_O)        0.126    10.543 r  u_ifu/i_excp_adef_o_i_20/O
                         net (fo=3, unplaced)         0.600    11.143    u_ifu/i_excp_adef_o_i_20_n_0
                                                                      r  u_ifu/i_excp_adef_o_i_8/I0
                         LUT6 (Prop_lut6_I0_O)        0.105    11.248 r  u_ifu/i_excp_adef_o_i_8/O
                         net (fo=5, unplaced)         0.556    11.804    u_ifu/i_excp_adef_o_i_8_n_0
                                                                      r  u_ifu/i_excp_adef_o_i_2/I3
                         LUT6 (Prop_lut6_I3_O)        0.105    11.909 r  u_ifu/i_excp_adef_o_i_2/O
                         net (fo=44, unplaced)        0.426    12.335    u_ifu/ifu_ftq_accept
                                                                      r  u_ifu/e_key[0][4]_i_1/I1
                         LUT3 (Prop_lut3_I1_O)        0.105    12.440 r  u_ifu/e_key[0][4]_i_1/O
                         net (fo=19, unplaced)        0.406    12.846    u_csr_exception_commit_handler/mmu_tlbm_inst_vaddr[3]
                                                                      r  u_csr_exception_commit_handler/e_ppn[0][19]_i_443__0/I2
                         LUT3 (Prop_lut3_I2_O)        0.105    12.951 r  u_csr_exception_commit_handler/e_ppn[0][19]_i_443__0/O
                         net (fo=32, unplaced)        0.653    13.604    u_tlb_manager/u_tlb/csr_tlbidx_reg[1]_i_38_5
                                                                      r  u_tlb_manager/u_tlb/e_ppn[0][19]_i_481/I1
                         LUT6 (Prop_lut6_I1_O)        0.105    13.709 r  u_tlb_manager/u_tlb/e_ppn[0][19]_i_481/O
                         net (fo=1, unplaced)         0.000    13.709    u_tlb_manager/u_tlb/e_ppn[0][19]_i_481_n_0
                                                                      r  u_tlb_manager/u_tlb/e_ppn_reg[0][19]_i_383/S[1]
                         CARRY4 (Prop_carry4_S[1]_CO[3])
                                                      0.457    14.166 r  u_tlb_manager/u_tlb/e_ppn_reg[0][19]_i_383/CO[3]
                         net (fo=1, unplaced)         0.008    14.174    u_tlb_manager/u_tlb/e_ppn_reg[0][19]_i_383_n_0
                                                                      r  u_tlb_manager/u_tlb/e_ppn_reg[0][19]_i_196/CI
                         CARRY4 (Prop_carry4_CI_CO[2])
                                                      0.209    14.383 r  u_tlb_manager/u_tlb/e_ppn_reg[0][19]_i_196/CO[2]
                         net (fo=1, unplaced)         0.349    14.732    u_tlb_manager/u_tlb/e_ppn_reg[0][19]_i_196_n_1
                                                                      r  u_tlb_manager/u_tlb/e_ppn[0][19]_i_86/I0
                         LUT6 (Prop_lut6_I0_O)        0.252    14.984 f  u_tlb_manager/u_tlb/e_ppn[0][19]_i_86/O
                         net (fo=4, unplaced)         0.962    15.946    u_tlb_manager/u_tlb/e_ppn[0][19]_i_86_n_0
                                                                      f  u_tlb_manager/u_tlb/csr_tlbidx[0]_i_50/I1
                         LUT6 (Prop_lut6_I1_O)        0.105    16.051 r  u_tlb_manager/u_tlb/csr_tlbidx[0]_i_50/O
                         net (fo=1, unplaced)         0.347    16.398    u_tlb_manager/u_tlb/csr_tlbidx[0]_i_50_n_0
                                                                      r  u_tlb_manager/u_tlb/csr_tlbidx[0]_i_25/I4
                         LUT6 (Prop_lut6_I4_O)        0.105    16.503 r  u_tlb_manager/u_tlb/csr_tlbidx[0]_i_25/O
                         net (fo=2, unplaced)         0.358    16.861    u_tlb_manager/u_tlb/csr_tlbidx[0]_i_25_n_0
                                                                      r  u_tlb_manager/u_tlb/csr_tlbidx[0]_i_11/I2
                         LUT6 (Prop_lut6_I2_O)        0.105    16.966 r  u_tlb_manager/u_tlb/csr_tlbidx[0]_i_11/O
                         net (fo=1, unplaced)         0.347    17.313    u_tlb_manager/u_tlb/csr_tlbidx[0]_i_11_n_0
                                                                      r  u_tlb_manager/u_tlb/csr_tlbidx[0]_i_3/I3
                         LUT6 (Prop_lut6_I3_O)        0.105    17.418 f  u_tlb_manager/u_tlb/csr_tlbidx[0]_i_3/O
                         net (fo=1, unplaced)         0.582    18.000    u_tlb_manager/u_tlb/csr_tlbidx[0]_i_3_n_0
                                                                      f  u_tlb_manager/u_tlb/csr_tlbidx[0]_i_2/I0
                         LUT6 (Prop_lut6_I0_O)        0.105    18.105 r  u_tlb_manager/u_tlb/csr_tlbidx[0]_i_2/O
                         net (fo=463, unplaced)       0.485    18.590    u_tlb_manager/u_tlb/tlb_g_reg[28]_1
                                                                      r  u_tlb_manager/u_tlb/pre_paddr[21]_i_14/I4
                         LUT6 (Prop_lut6_I4_O)        0.105    18.695 r  u_tlb_manager/u_tlb/pre_paddr[21]_i_14/O
                         net (fo=1, unplaced)         0.938    19.633    u_tlb_manager/u_tlb/pre_paddr[21]_i_14_n_0
                                                                      r  u_tlb_manager/u_tlb/pre_paddr[21]_i_10/I1
                         LUT6 (Prop_lut6_I1_O)        0.105    19.738 r  u_tlb_manager/u_tlb/pre_paddr[21]_i_10/O
                         net (fo=1, unplaced)         0.582    20.320    u_tlb_manager/u_tlb/pre_paddr[21]_i_10_n_0
                                                                      r  u_tlb_manager/u_tlb/pre_paddr[21]_i_7/I1
                         LUT6 (Prop_lut6_I1_O)        0.105    20.425 f  u_tlb_manager/u_tlb/pre_paddr[21]_i_7/O
                         net (fo=2, unplaced)         0.593    21.018    u_tlb_manager/u_tlb/s0_ps[5]
                                                                      f  u_tlb_manager/u_tlb/fifo_ptr[2]_i_3__0/I0
                         LUT6 (Prop_lut6_I0_O)        0.105    21.123 r  u_tlb_manager/u_tlb/fifo_ptr[2]_i_3__0/O
                         net (fo=1, unplaced)         0.347    21.470    u_tlb_manager/u_tlb/fifo_ptr[2]_i_3__0_n_0
                                                                      r  u_tlb_manager/u_tlb/fifo_ptr[2]_i_2__0/I1
                         LUT6 (Prop_lut6_I1_O)        0.105    21.575 r  u_tlb_manager/u_tlb/fifo_ptr[2]_i_2__0/O
                         net (fo=19, unplaced)        0.406    21.981    u_tlb_manager/u_l1_tlb_i/refill_en
                                                                      r  u_tlb_manager/u_l1_tlb_i/e_key[1][19]_i_1/I1
                         LUT5 (Prop_lut5_I1_O)        0.105    22.086 r  u_tlb_manager/u_l1_tlb_i/e_key[1][19]_i_1/O
                         net (fo=45, unplaced)        0.446    22.532    u_tlb_manager/u_l1_tlb_i/e_key[1][19]_i_1_n_0
                         FDRE                                         r  u_tlb_manager/u_l1_tlb_i/e_key_reg[1][10]/CE
  -------------------------------------------------------------------    -------------------

                         (clock aclk rise edge)      10.000    10.000 r  
                                                      0.000    10.000 r  aclk (IN)
                         net (fo=53882, unset)        0.748    10.748    u_tlb_manager/u_l1_tlb_i/aclk
                         FDRE                                         r  u_tlb_manager/u_l1_tlb_i/e_key_reg[1][10]/C
                         clock pessimism              0.000    10.748    
                         clock uncertainty           -0.035    10.712    
                         FDRE (Setup_fdre_C_CE)      -0.165    10.547    u_tlb_manager/u_l1_tlb_i/e_key_reg[1][10]
  -------------------------------------------------------------------
                         required time                         10.547    
                         arrival time                         -22.532    
  -------------------------------------------------------------------
                         slack                                -11.985    

Slack (VIOLATED) :        -11.985ns  (required time - arrival time)
  Source:                 u_icache/tag_arr_reg[3][119][3]/C
                            (rising edge-triggered cell FDRE clocked by aclk  {rise@0.000ns fall@5.000ns period=10.000ns})
  Destination:            u_tlb_manager/u_l1_tlb_i/e_key_reg[1][11]/CE
                            (rising edge-triggered cell FDRE clocked by aclk  {rise@0.000ns fall@5.000ns period=10.000ns})
  Path Group:             aclk
  Path Type:              Setup (Max at Slow Process Corner)
  Requirement:            10.000ns  (aclk rise@10.000ns - aclk rise@0.000ns)
  Data Path Delay:        21.745ns  (logic 5.986ns (27.528%)  route 15.759ns (72.472%))
  Logic Levels:           36  (CARRY4=4 LUT2=1 LUT3=3 LUT4=3 LUT5=2 LUT6=20 MUXF7=2 MUXF8=1)
  Clock Path Skew:        -0.039ns (DCD - SCD + CPR)
    Destination Clock Delay (DCD):    0.748ns = ( 10.748 - 10.000 ) 
    Source Clock Delay      (SCD):    0.787ns
    Clock Pessimism Removal (CPR):    0.000ns
  Clock Uncertainty:      0.035ns  ((TSJ^2 + TIJ^2)^1/2 + DJ) / 2 + PE
    Total System Jitter     (TSJ):    0.071ns
    Total Input Jitter      (TIJ):    0.000ns
    Discrete Jitter          (DJ):    0.000ns
    Phase Error              (PE):    0.000ns

    Location             Delay type                Incr(ns)  Path(ns)    Netlist Resource(s)
  -------------------------------------------------------------------    -------------------
                         (clock aclk rise edge)       0.000     0.000 r  
                                                      0.000     0.000 r  aclk (IN)
                         net (fo=53882, unset)        0.787     0.787    u_icache/aclk
                         FDRE                                         r  u_icache/tag_arr_reg[3][119][3]/C
  -------------------------------------------------------------------    -------------------
                         FDRE (Prop_fdre_C_Q)         0.379     1.166 r  u_icache/tag_arr_reg[3][119][3]/Q
                         net (fo=1, unplaced)         0.779     1.945    u_icache/tag_arr_reg_n_0_[3][119][3]
                                                                      r  u_icache/FSM_onehot_state[5]_i_4699/I0
                         LUT6 (Prop_lut6_I0_O)        0.232     2.177 r  u_icache/FSM_onehot_state[5]_i_4699/O
                         net (fo=1, unplaced)         0.000     2.177    u_icache/FSM_onehot_state[5]_i_4699_n_0
                                                                      r  u_icache/FSM_onehot_state_reg[5]_i_3794/I1
                         MUXF7 (Prop_muxf7_I1_O)      0.206     2.383 r  u_icache/FSM_onehot_state_reg[5]_i_3794/O
                         net (fo=1, unplaced)         0.000     2.383    u_icache/FSM_onehot_state_reg[5]_i_3794_n_0
                                                                      r  u_icache/FSM_onehot_state_reg[5]_i_2318/I0
                         MUXF8 (Prop_muxf8_I0_O)      0.085     2.468 r  u_icache/FSM_onehot_state_reg[5]_i_2318/O
                         net (fo=1, unplaced)         0.563     3.031    u_icache/FSM_onehot_state_reg[5]_i_2318_n_0
                                                                      r  u_icache/FSM_onehot_state[5]_i_1111/I0
                         LUT6 (Prop_lut6_I0_O)        0.259     3.290 r  u_icache/FSM_onehot_state[5]_i_1111/O
                         net (fo=1, unplaced)         0.000     3.290    u_icache/FSM_onehot_state[5]_i_1111_n_0
                                                                      r  u_icache/FSM_onehot_state_reg[5]_i_494/I1
                         MUXF7 (Prop_muxf7_I1_O)      0.206     3.496 r  u_icache/FSM_onehot_state_reg[5]_i_494/O
                         net (fo=1, unplaced)         0.584     4.080    u_icache/tag_arr[3]
                                                                      r  u_icache/FSM_onehot_state[5]_i_187/I0
                         LUT6 (Prop_lut6_I0_O)        0.242     4.322 r  u_icache/FSM_onehot_state[5]_i_187/O
                         net (fo=1, unplaced)         0.000     4.322    u_icache/FSM_onehot_state[5]_i_187_n_0
                                                                      r  u_icache/FSM_onehot_state_reg[5]_i_68/S[1]
                         CARRY4 (Prop_carry4_S[1]_CO[3])
                                                      0.457     4.779 r  u_icache/FSM_onehot_state_reg[5]_i_68/CO[3]
                         net (fo=1, unplaced)         0.008     4.787    u_icache/FSM_onehot_state_reg[5]_i_68_n_0
                                                                      r  u_icache/FSM_onehot_state_reg[5]_i_21/CI
                         CARRY4 (Prop_carry4_CI_CO[2])
                                                      0.209     4.996 f  u_icache/FSM_onehot_state_reg[5]_i_21/CO[2]
                         net (fo=24, unplaced)        0.413     5.409    u_icache/way_hit_30
                                                                      f  u_icache/FSM_onehot_state[5]_i_7/I2
                         LUT4 (Prop_lut4_I2_O)        0.252     5.661 f  u_icache/FSM_onehot_state[5]_i_7/O
                         net (fo=5, unplaced)         0.375     6.036    u_icache/FSM_onehot_state[5]_i_7_n_0
                                                                      f  u_icache/valid_arr[3][99]_i_4/I4
                         LUT5 (Prop_lut5_I4_O)        0.105     6.141 f  u_icache/valid_arr[3][99]_i_4/O
                         net (fo=57, unplaced)        0.433     6.574    u_icache/hit_any
                                                                      f  u_icache/if_rline[255]_i_7/I0
                         LUT4 (Prop_lut4_I0_O)        0.105     6.679 f  u_icache/if_rline[255]_i_7/O
                         net (fo=257, unplaced)       0.470     7.149    u_icache/lookup_hit
                                                                      f  u_icache/if_rline[255]_i_4/I0
                         LUT2 (Prop_lut2_I0_O)        0.105     7.254 f  u_icache/if_rline[255]_i_4/O
                         net (fo=12, unplaced)        0.395     7.649    u_ifu/ic_ifu_data_ok
                                                                      f  u_ifu/if_rline[255]_i_5/I2
                         LUT3 (Prop_lut3_I2_O)        0.105     7.754 r  u_ifu/if_rline[255]_i_5/O
                         net (fo=128, unplaced)       0.453     8.207    u_ifu/if_rline[255]_i_5_n_0
                                                                      r  u_ifu/mem[14][61]_i_12/I4
                         LUT6 (Prop_lut6_I4_O)        0.105     8.312 f  u_ifu/mem[14][61]_i_12/O
                         net (fo=2, unplaced)         0.593     8.905    u_ifu/mem[14][61]_i_12_n_0
                                                                      f  u_ifu/mem[14][61]_i_5/I1
                         LUT6 (Prop_lut6_I1_O)        0.105     9.010 f  u_ifu/mem[14][61]_i_5/O
                         net (fo=3, unplaced)         0.956     9.966    u_ifu/mem[14][61]_i_5_n_0
                                                                      f  u_ifu/i_excp_adef_o_i_43/I0
                         LUT6 (Prop_lut6_I0_O)        0.105    10.071 r  u_ifu/i_excp_adef_o_i_43/O
                         net (fo=3, unplaced)         0.346    10.417    u_ifu/i_excp_adef_o_i_43_n_0
                                                                      r  u_ifu/i_excp_adef_o_i_20/I0
                         LUT4 (Prop_lut4_I0_O)        0.126    10.543 r  u_ifu/i_excp_adef_o_i_20/O
                         net (fo=3, unplaced)         0.600    11.143    u_ifu/i_excp_adef_o_i_20_n_0
                                                                      r  u_ifu/i_excp_adef_o_i_8/I0
                         LUT6 (Prop_lut6_I0_O)        0.105    11.248 r  u_ifu/i_excp_adef_o_i_8/O
                         net (fo=5, unplaced)         0.556    11.804    u_ifu/i_excp_adef_o_i_8_n_0
                                                                      r  u_ifu/i_excp_adef_o_i_2/I3
                         LUT6 (Prop_lut6_I3_O)        0.105    11.909 r  u_ifu/i_excp_adef_o_i_2/O
                         net (fo=44, unplaced)        0.426    12.335    u_ifu/ifu_ftq_accept
                                                                      r  u_ifu/e_key[0][4]_i_1/I1
                         LUT3 (Prop_lut3_I1_O)        0.105    12.440 r  u_ifu/e_key[0][4]_i_1/O
                         net (fo=19, unplaced)        0.406    12.846    u_csr_exception_commit_handler/mmu_tlbm_inst_vaddr[3]
                                                                      r  u_csr_exception_commit_handler/e_ppn[0][19]_i_443__0/I2
                         LUT3 (Prop_lut3_I2_O)        0.105    12.951 r  u_csr_exception_commit_handler/e_ppn[0][19]_i_443__0/O
                         net (fo=32, unplaced)        0.653    13.604    u_tlb_manager/u_tlb/csr_tlbidx_reg[1]_i_38_5
                                                                      r  u_tlb_manager/u_tlb/e_ppn[0][19]_i_481/I1
                         LUT6 (Prop_lut6_I1_O)        0.105    13.709 r  u_tlb_manager/u_tlb/e_ppn[0][19]_i_481/O
                         net (fo=1, unplaced)         0.000    13.709    u_tlb_manager/u_tlb/e_ppn[0][19]_i_481_n_0
                                                                      r  u_tlb_manager/u_tlb/e_ppn_reg[0][19]_i_383/S[1]
                         CARRY4 (Prop_carry4_S[1]_CO[3])
                                                      0.457    14.166 r  u_tlb_manager/u_tlb/e_ppn_reg[0][19]_i_383/CO[3]
                         net (fo=1, unplaced)         0.008    14.174    u_tlb_manager/u_tlb/e_ppn_reg[0][19]_i_383_n_0
                                                                      r  u_tlb_manager/u_tlb/e_ppn_reg[0][19]_i_196/CI
                         CARRY4 (Prop_carry4_CI_CO[2])
                                                      0.209    14.383 r  u_tlb_manager/u_tlb/e_ppn_reg[0][19]_i_196/CO[2]
                         net (fo=1, unplaced)         0.349    14.732    u_tlb_manager/u_tlb/e_ppn_reg[0][19]_i_196_n_1
                                                                      r  u_tlb_manager/u_tlb/e_ppn[0][19]_i_86/I0
                         LUT6 (Prop_lut6_I0_O)        0.252    14.984 f  u_tlb_manager/u_tlb/e_ppn[0][19]_i_86/O
                         net (fo=4, unplaced)         0.962    15.946    u_tlb_manager/u_tlb/e_ppn[0][19]_i_86_n_0
                                                                      f  u_tlb_manager/u_tlb/csr_tlbidx[0]_i_50/I1
                         LUT6 (Prop_lut6_I1_O)        0.105    16.051 r  u_tlb_manager/u_tlb/csr_tlbidx[0]_i_50/O
                         net (fo=1, unplaced)         0.347    16.398    u_tlb_manager/u_tlb/csr_tlbidx[0]_i_50_n_0
                                                                      r  u_tlb_manager/u_tlb/csr_tlbidx[0]_i_25/I4
                         LUT6 (Prop_lut6_I4_O)        0.105    16.503 r  u_tlb_manager/u_tlb/csr_tlbidx[0]_i_25/O
                         net (fo=2, unplaced)         0.358    16.861    u_tlb_manager/u_tlb/csr_tlbidx[0]_i_25_n_0
                                                                      r  u_tlb_manager/u_tlb/csr_tlbidx[0]_i_11/I2
                         LUT6 (Prop_lut6_I2_O)        0.105    16.966 r  u_tlb_manager/u_tlb/csr_tlbidx[0]_i_11/O
                         net (fo=1, unplaced)         0.347    17.313    u_tlb_manager/u_tlb/csr_tlbidx[0]_i_11_n_0
                                                                      r  u_tlb_manager/u_tlb/csr_tlbidx[0]_i_3/I3
                         LUT6 (Prop_lut6_I3_O)        0.105    17.418 f  u_tlb_manager/u_tlb/csr_tlbidx[0]_i_3/O
                         net (fo=1, unplaced)         0.582    18.000    u_tlb_manager/u_tlb/csr_tlbidx[0]_i_3_n_0
                                                                      f  u_tlb_manager/u_tlb/csr_tlbidx[0]_i_2/I0
                         LUT6 (Prop_lut6_I0_O)        0.105    18.105 r  u_tlb_manager/u_tlb/csr_tlbidx[0]_i_2/O
                         net (fo=463, unplaced)       0.485    18.590    u_tlb_manager/u_tlb/tlb_g_reg[28]_1
                                                                      r  u_tlb_manager/u_tlb/pre_paddr[21]_i_14/I4
                         LUT6 (Prop_lut6_I4_O)        0.105    18.695 r  u_tlb_manager/u_tlb/pre_paddr[21]_i_14/O
                         net (fo=1, unplaced)         0.938    19.633    u_tlb_manager/u_tlb/pre_paddr[21]_i_14_n_0
                                                                      r  u_tlb_manager/u_tlb/pre_paddr[21]_i_10/I1
                         LUT6 (Prop_lut6_I1_O)        0.105    19.738 r  u_tlb_manager/u_tlb/pre_paddr[21]_i_10/O
                         net (fo=1, unplaced)         0.582    20.320    u_tlb_manager/u_tlb/pre_paddr[21]_i_10_n_0
                                                                      r  u_tlb_manager/u_tlb/pre_paddr[21]_i_7/I1
                         LUT6 (Prop_lut6_I1_O)        0.105    20.425 f  u_tlb_manager/u_tlb/pre_paddr[21]_i_7/O
                         net (fo=2, unplaced)         0.593    21.018    u_tlb_manager/u_tlb/s0_ps[5]
                                                                      f  u_tlb_manager/u_tlb/fifo_ptr[2]_i_3__0/I0
                         LUT6 (Prop_lut6_I0_O)        0.105    21.123 r  u_tlb_manager/u_tlb/fifo_ptr[2]_i_3__0/O
                         net (fo=1, unplaced)         0.347    21.470    u_tlb_manager/u_tlb/fifo_ptr[2]_i_3__0_n_0
                                                                      r  u_tlb_manager/u_tlb/fifo_ptr[2]_i_2__0/I1
                         LUT6 (Prop_lut6_I1_O)        0.105    21.575 r  u_tlb_manager/u_tlb/fifo_ptr[2]_i_2__0/O
                         net (fo=19, unplaced)        0.406    21.981    u_tlb_manager/u_l1_tlb_i/refill_en
                                                                      r  u_tlb_manager/u_l1_tlb_i/e_key[1][19]_i_1/I1
                         LUT5 (Prop_lut5_I1_O)        0.105    22.086 r  u_tlb_manager/u_l1_tlb_i/e_key[1][19]_i_1/O
                         net (fo=45, unplaced)        0.446    22.532    u_tlb_manager/u_l1_tlb_i/e_key[1][19]_i_1_n_0
                         FDRE                                         r  u_tlb_manager/u_l1_tlb_i/e_key_reg[1][11]/CE
  -------------------------------------------------------------------    -------------------

                         (clock aclk rise edge)      10.000    10.000 r  
                                                      0.000    10.000 r  aclk (IN)
                         net (fo=53882, unset)        0.748    10.748    u_tlb_manager/u_l1_tlb_i/aclk
                         FDRE                                         r  u_tlb_manager/u_l1_tlb_i/e_key_reg[1][11]/C
                         clock pessimism              0.000    10.748    
                         clock uncertainty           -0.035    10.712    
                         FDRE (Setup_fdre_C_CE)      -0.165    10.547    u_tlb_manager/u_l1_tlb_i/e_key_reg[1][11]
  -------------------------------------------------------------------
                         required time                         10.547    
                         arrival time                         -22.532    
  -------------------------------------------------------------------
                         slack                                -11.985    

Slack (VIOLATED) :        -11.985ns  (required time - arrival time)
  Source:                 u_icache/tag_arr_reg[3][119][3]/C
                            (rising edge-triggered cell FDRE clocked by aclk  {rise@0.000ns fall@5.000ns period=10.000ns})
  Destination:            u_tlb_manager/u_l1_tlb_i/e_key_reg[1][12]/CE
                            (rising edge-triggered cell FDRE clocked by aclk  {rise@0.000ns fall@5.000ns period=10.000ns})
  Path Group:             aclk
  Path Type:              Setup (Max at Slow Process Corner)
  Requirement:            10.000ns  (aclk rise@10.000ns - aclk rise@0.000ns)
  Data Path Delay:        21.745ns  (logic 5.986ns (27.528%)  route 15.759ns (72.472%))
  Logic Levels:           36  (CARRY4=4 LUT2=1 LUT3=3 LUT4=3 LUT5=2 LUT6=20 MUXF7=2 MUXF8=1)
  Clock Path Skew:        -0.039ns (DCD - SCD + CPR)
    Destination Clock Delay (DCD):    0.748ns = ( 10.748 - 10.000 ) 
    Source Clock Delay      (SCD):    0.787ns
    Clock Pessimism Removal (CPR):    0.000ns
  Clock Uncertainty:      0.035ns  ((TSJ^2 + TIJ^2)^1/2 + DJ) / 2 + PE
    Total System Jitter     (TSJ):    0.071ns
    Total Input Jitter      (TIJ):    0.000ns
    Discrete Jitter          (DJ):    0.000ns
    Phase Error              (PE):    0.000ns

    Location             Delay type                Incr(ns)  Path(ns)    Netlist Resource(s)
  -------------------------------------------------------------------    -------------------
                         (clock aclk rise edge)       0.000     0.000 r  
                                                      0.000     0.000 r  aclk (IN)
                         net (fo=53882, unset)        0.787     0.787    u_icache/aclk
                         FDRE                                         r  u_icache/tag_arr_reg[3][119][3]/C
  -------------------------------------------------------------------    -------------------
                         FDRE (Prop_fdre_C_Q)         0.379     1.166 r  u_icache/tag_arr_reg[3][119][3]/Q
                         net (fo=1, unplaced)         0.779     1.945    u_icache/tag_arr_reg_n_0_[3][119][3]
                                                                      r  u_icache/FSM_onehot_state[5]_i_4699/I0
                         LUT6 (Prop_lut6_I0_O)        0.232     2.177 r  u_icache/FSM_onehot_state[5]_i_4699/O
                         net (fo=1, unplaced)         0.000     2.177    u_icache/FSM_onehot_state[5]_i_4699_n_0
                                                                      r  u_icache/FSM_onehot_state_reg[5]_i_3794/I1
                         MUXF7 (Prop_muxf7_I1_O)      0.206     2.383 r  u_icache/FSM_onehot_state_reg[5]_i_3794/O
                         net (fo=1, unplaced)         0.000     2.383    u_icache/FSM_onehot_state_reg[5]_i_3794_n_0
                                                                      r  u_icache/FSM_onehot_state_reg[5]_i_2318/I0
                         MUXF8 (Prop_muxf8_I0_O)      0.085     2.468 r  u_icache/FSM_onehot_state_reg[5]_i_2318/O
                         net (fo=1, unplaced)         0.563     3.031    u_icache/FSM_onehot_state_reg[5]_i_2318_n_0
                                                                      r  u_icache/FSM_onehot_state[5]_i_1111/I0
                         LUT6 (Prop_lut6_I0_O)        0.259     3.290 r  u_icache/FSM_onehot_state[5]_i_1111/O
                         net (fo=1, unplaced)         0.000     3.290    u_icache/FSM_onehot_state[5]_i_1111_n_0
                                                                      r  u_icache/FSM_onehot_state_reg[5]_i_494/I1
                         MUXF7 (Prop_muxf7_I1_O)      0.206     3.496 r  u_icache/FSM_onehot_state_reg[5]_i_494/O
                         net (fo=1, unplaced)         0.584     4.080    u_icache/tag_arr[3]
                                                                      r  u_icache/FSM_onehot_state[5]_i_187/I0
                         LUT6 (Prop_lut6_I0_O)        0.242     4.322 r  u_icache/FSM_onehot_state[5]_i_187/O
                         net (fo=1, unplaced)         0.000     4.322    u_icache/FSM_onehot_state[5]_i_187_n_0
                                                                      r  u_icache/FSM_onehot_state_reg[5]_i_68/S[1]
                         CARRY4 (Prop_carry4_S[1]_CO[3])
                                                      0.457     4.779 r  u_icache/FSM_onehot_state_reg[5]_i_68/CO[3]
                         net (fo=1, unplaced)         0.008     4.787    u_icache/FSM_onehot_state_reg[5]_i_68_n_0
                                                                      r  u_icache/FSM_onehot_state_reg[5]_i_21/CI
                         CARRY4 (Prop_carry4_CI_CO[2])
                                                      0.209     4.996 f  u_icache/FSM_onehot_state_reg[5]_i_21/CO[2]
                         net (fo=24, unplaced)        0.413     5.409    u_icache/way_hit_30
                                                                      f  u_icache/FSM_onehot_state[5]_i_7/I2
                         LUT4 (Prop_lut4_I2_O)        0.252     5.661 f  u_icache/FSM_onehot_state[5]_i_7/O
                         net (fo=5, unplaced)         0.375     6.036    u_icache/FSM_onehot_state[5]_i_7_n_0
                                                                      f  u_icache/valid_arr[3][99]_i_4/I4
                         LUT5 (Prop_lut5_I4_O)        0.105     6.141 f  u_icache/valid_arr[3][99]_i_4/O
                         net (fo=57, unplaced)        0.433     6.574    u_icache/hit_any
                                                                      f  u_icache/if_rline[255]_i_7/I0
                         LUT4 (Prop_lut4_I0_O)        0.105     6.679 f  u_icache/if_rline[255]_i_7/O
                         net (fo=257, unplaced)       0.470     7.149    u_icache/lookup_hit
                                                                      f  u_icache/if_rline[255]_i_4/I0
                         LUT2 (Prop_lut2_I0_O)        0.105     7.254 f  u_icache/if_rline[255]_i_4/O
                         net (fo=12, unplaced)        0.395     7.649    u_ifu/ic_ifu_data_ok
                                                                      f  u_ifu/if_rline[255]_i_5/I2
                         LUT3 (Prop_lut3_I2_O)        0.105     7.754 r  u_ifu/if_rline[255]_i_5/O
                         net (fo=128, unplaced)       0.453     8.207    u_ifu/if_rline[255]_i_5_n_0
                                                                      r  u_ifu/mem[14][61]_i_12/I4
                         LUT6 (Prop_lut6_I4_O)        0.105     8.312 f  u_ifu/mem[14][61]_i_12/O
                         net (fo=2, unplaced)         0.593     8.905    u_ifu/mem[14][61]_i_12_n_0
                                                                      f  u_ifu/mem[14][61]_i_5/I1
                         LUT6 (Prop_lut6_I1_O)        0.105     9.010 f  u_ifu/mem[14][61]_i_5/O
                         net (fo=3, unplaced)         0.956     9.966    u_ifu/mem[14][61]_i_5_n_0
                                                                      f  u_ifu/i_excp_adef_o_i_43/I0
                         LUT6 (Prop_lut6_I0_O)        0.105    10.071 r  u_ifu/i_excp_adef_o_i_43/O
                         net (fo=3, unplaced)         0.346    10.417    u_ifu/i_excp_adef_o_i_43_n_0
                                                                      r  u_ifu/i_excp_adef_o_i_20/I0
                         LUT4 (Prop_lut4_I0_O)        0.126    10.543 r  u_ifu/i_excp_adef_o_i_20/O
                         net (fo=3, unplaced)         0.600    11.143    u_ifu/i_excp_adef_o_i_20_n_0
                                                                      r  u_ifu/i_excp_adef_o_i_8/I0
                         LUT6 (Prop_lut6_I0_O)        0.105    11.248 r  u_ifu/i_excp_adef_o_i_8/O
                         net (fo=5, unplaced)         0.556    11.804    u_ifu/i_excp_adef_o_i_8_n_0
                                                                      r  u_ifu/i_excp_adef_o_i_2/I3
                         LUT6 (Prop_lut6_I3_O)        0.105    11.909 r  u_ifu/i_excp_adef_o_i_2/O
                         net (fo=44, unplaced)        0.426    12.335    u_ifu/ifu_ftq_accept
                                                                      r  u_ifu/e_key[0][4]_i_1/I1
                         LUT3 (Prop_lut3_I1_O)        0.105    12.440 r  u_ifu/e_key[0][4]_i_1/O
                         net (fo=19, unplaced)        0.406    12.846    u_csr_exception_commit_handler/mmu_tlbm_inst_vaddr[3]
                                                                      r  u_csr_exception_commit_handler/e_ppn[0][19]_i_443__0/I2
                         LUT3 (Prop_lut3_I2_O)        0.105    12.951 r  u_csr_exception_commit_handler/e_ppn[0][19]_i_443__0/O
                         net (fo=32, unplaced)        0.653    13.604    u_tlb_manager/u_tlb/csr_tlbidx_reg[1]_i_38_5
                                                                      r  u_tlb_manager/u_tlb/e_ppn[0][19]_i_481/I1
                         LUT6 (Prop_lut6_I1_O)        0.105    13.709 r  u_tlb_manager/u_tlb/e_ppn[0][19]_i_481/O
                         net (fo=1, unplaced)         0.000    13.709    u_tlb_manager/u_tlb/e_ppn[0][19]_i_481_n_0
                                                                      r  u_tlb_manager/u_tlb/e_ppn_reg[0][19]_i_383/S[1]
                         CARRY4 (Prop_carry4_S[1]_CO[3])
                                                      0.457    14.166 r  u_tlb_manager/u_tlb/e_ppn_reg[0][19]_i_383/CO[3]
                         net (fo=1, unplaced)         0.008    14.174    u_tlb_manager/u_tlb/e_ppn_reg[0][19]_i_383_n_0
                                                                      r  u_tlb_manager/u_tlb/e_ppn_reg[0][19]_i_196/CI
                         CARRY4 (Prop_carry4_CI_CO[2])
                                                      0.209    14.383 r  u_tlb_manager/u_tlb/e_ppn_reg[0][19]_i_196/CO[2]
                         net (fo=1, unplaced)         0.349    14.732    u_tlb_manager/u_tlb/e_ppn_reg[0][19]_i_196_n_1
                                                                      r  u_tlb_manager/u_tlb/e_ppn[0][19]_i_86/I0
                         LUT6 (Prop_lut6_I0_O)        0.252    14.984 f  u_tlb_manager/u_tlb/e_ppn[0][19]_i_86/O
                         net (fo=4, unplaced)         0.962    15.946    u_tlb_manager/u_tlb/e_ppn[0][19]_i_86_n_0
                                                                      f  u_tlb_manager/u_tlb/csr_tlbidx[0]_i_50/I1
                         LUT6 (Prop_lut6_I1_O)        0.105    16.051 r  u_tlb_manager/u_tlb/csr_tlbidx[0]_i_50/O
                         net (fo=1, unplaced)         0.347    16.398    u_tlb_manager/u_tlb/csr_tlbidx[0]_i_50_n_0
                                                                      r  u_tlb_manager/u_tlb/csr_tlbidx[0]_i_25/I4
                         LUT6 (Prop_lut6_I4_O)        0.105    16.503 r  u_tlb_manager/u_tlb/csr_tlbidx[0]_i_25/O
                         net (fo=2, unplaced)         0.358    16.861    u_tlb_manager/u_tlb/csr_tlbidx[0]_i_25_n_0
                                                                      r  u_tlb_manager/u_tlb/csr_tlbidx[0]_i_11/I2
                         LUT6 (Prop_lut6_I2_O)        0.105    16.966 r  u_tlb_manager/u_tlb/csr_tlbidx[0]_i_11/O
                         net (fo=1, unplaced)         0.347    17.313    u_tlb_manager/u_tlb/csr_tlbidx[0]_i_11_n_0
                                                                      r  u_tlb_manager/u_tlb/csr_tlbidx[0]_i_3/I3
                         LUT6 (Prop_lut6_I3_O)        0.105    17.418 f  u_tlb_manager/u_tlb/csr_tlbidx[0]_i_3/O
                         net (fo=1, unplaced)         0.582    18.000    u_tlb_manager/u_tlb/csr_tlbidx[0]_i_3_n_0
                                                                      f  u_tlb_manager/u_tlb/csr_tlbidx[0]_i_2/I0
                         LUT6 (Prop_lut6_I0_O)        0.105    18.105 r  u_tlb_manager/u_tlb/csr_tlbidx[0]_i_2/O
                         net (fo=463, unplaced)       0.485    18.590    u_tlb_manager/u_tlb/tlb_g_reg[28]_1
                                                                      r  u_tlb_manager/u_tlb/pre_paddr[21]_i_14/I4
                         LUT6 (Prop_lut6_I4_O)        0.105    18.695 r  u_tlb_manager/u_tlb/pre_paddr[21]_i_14/O
                         net (fo=1, unplaced)         0.938    19.633    u_tlb_manager/u_tlb/pre_paddr[21]_i_14_n_0
                                                                      r  u_tlb_manager/u_tlb/pre_paddr[21]_i_10/I1
                         LUT6 (Prop_lut6_I1_O)        0.105    19.738 r  u_tlb_manager/u_tlb/pre_paddr[21]_i_10/O
                         net (fo=1, unplaced)         0.582    20.320    u_tlb_manager/u_tlb/pre_paddr[21]_i_10_n_0
                                                                      r  u_tlb_manager/u_tlb/pre_paddr[21]_i_7/I1
                         LUT6 (Prop_lut6_I1_O)        0.105    20.425 f  u_tlb_manager/u_tlb/pre_paddr[21]_i_7/O
                         net (fo=2, unplaced)         0.593    21.018    u_tlb_manager/u_tlb/s0_ps[5]
                                                                      f  u_tlb_manager/u_tlb/fifo_ptr[2]_i_3__0/I0
                         LUT6 (Prop_lut6_I0_O)        0.105    21.123 r  u_tlb_manager/u_tlb/fifo_ptr[2]_i_3__0/O
                         net (fo=1, unplaced)         0.347    21.470    u_tlb_manager/u_tlb/fifo_ptr[2]_i_3__0_n_0
                                                                      r  u_tlb_manager/u_tlb/fifo_ptr[2]_i_2__0/I1
                         LUT6 (Prop_lut6_I1_O)        0.105    21.575 r  u_tlb_manager/u_tlb/fifo_ptr[2]_i_2__0/O
                         net (fo=19, unplaced)        0.406    21.981    u_tlb_manager/u_l1_tlb_i/refill_en
                                                                      r  u_tlb_manager/u_l1_tlb_i/e_key[1][19]_i_1/I1
                         LUT5 (Prop_lut5_I1_O)        0.105    22.086 r  u_tlb_manager/u_l1_tlb_i/e_key[1][19]_i_1/O
                         net (fo=45, unplaced)        0.446    22.532    u_tlb_manager/u_l1_tlb_i/e_key[1][19]_i_1_n_0
                         FDRE                                         r  u_tlb_manager/u_l1_tlb_i/e_key_reg[1][12]/CE
  -------------------------------------------------------------------    -------------------

                         (clock aclk rise edge)      10.000    10.000 r  
                                                      0.000    10.000 r  aclk (IN)
                         net (fo=53882, unset)        0.748    10.748    u_tlb_manager/u_l1_tlb_i/aclk
                         FDRE                                         r  u_tlb_manager/u_l1_tlb_i/e_key_reg[1][12]/C
                         clock pessimism              0.000    10.748    
                         clock uncertainty           -0.035    10.712    
                         FDRE (Setup_fdre_C_CE)      -0.165    10.547    u_tlb_manager/u_l1_tlb_i/e_key_reg[1][12]
  -------------------------------------------------------------------
                         required time                         10.547    
                         arrival time                         -22.532    
  -------------------------------------------------------------------
                         slack                                -11.985    

Slack (VIOLATED) :        -11.985ns  (required time - arrival time)
  Source:                 u_icache/tag_arr_reg[3][119][3]/C
                            (rising edge-triggered cell FDRE clocked by aclk  {rise@0.000ns fall@5.000ns period=10.000ns})
  Destination:            u_tlb_manager/u_l1_tlb_i/e_key_reg[1][13]/CE
                            (rising edge-triggered cell FDRE clocked by aclk  {rise@0.000ns fall@5.000ns period=10.000ns})
  Path Group:             aclk
  Path Type:              Setup (Max at Slow Process Corner)
  Requirement:            10.000ns  (aclk rise@10.000ns - aclk rise@0.000ns)
  Data Path Delay:        21.745ns  (logic 5.986ns (27.528%)  route 15.759ns (72.472%))
  Logic Levels:           36  (CARRY4=4 LUT2=1 LUT3=3 LUT4=3 LUT5=2 LUT6=20 MUXF7=2 MUXF8=1)
  Clock Path Skew:        -0.039ns (DCD - SCD + CPR)
    Destination Clock Delay (DCD):    0.748ns = ( 10.748 - 10.000 ) 
    Source Clock Delay      (SCD):    0.787ns
    Clock Pessimism Removal (CPR):    0.000ns
  Clock Uncertainty:      0.035ns  ((TSJ^2 + TIJ^2)^1/2 + DJ) / 2 + PE
    Total System Jitter     (TSJ):    0.071ns
    Total Input Jitter      (TIJ):    0.000ns
    Discrete Jitter          (DJ):    0.000ns
    Phase Error              (PE):    0.000ns

    Location             Delay type                Incr(ns)  Path(ns)    Netlist Resource(s)
  -------------------------------------------------------------------    -------------------
                         (clock aclk rise edge)       0.000     0.000 r  
                                                      0.000     0.000 r  aclk (IN)
                         net (fo=53882, unset)        0.787     0.787    u_icache/aclk
                         FDRE                                         r  u_icache/tag_arr_reg[3][119][3]/C
  -------------------------------------------------------------------    -------------------
                         FDRE (Prop_fdre_C_Q)         0.379     1.166 r  u_icache/tag_arr_reg[3][119][3]/Q
                         net (fo=1, unplaced)         0.779     1.945    u_icache/tag_arr_reg_n_0_[3][119][3]
                                                                      r  u_icache/FSM_onehot_state[5]_i_4699/I0
                         LUT6 (Prop_lut6_I0_O)        0.232     2.177 r  u_icache/FSM_onehot_state[5]_i_4699/O
                         net (fo=1, unplaced)         0.000     2.177    u_icache/FSM_onehot_state[5]_i_4699_n_0
                                                                      r  u_icache/FSM_onehot_state_reg[5]_i_3794/I1
                         MUXF7 (Prop_muxf7_I1_O)      0.206     2.383 r  u_icache/FSM_onehot_state_reg[5]_i_3794/O
                         net (fo=1, unplaced)         0.000     2.383    u_icache/FSM_onehot_state_reg[5]_i_3794_n_0
                                                                      r  u_icache/FSM_onehot_state_reg[5]_i_2318/I0
                         MUXF8 (Prop_muxf8_I0_O)      0.085     2.468 r  u_icache/FSM_onehot_state_reg[5]_i_2318/O
                         net (fo=1, unplaced)         0.563     3.031    u_icache/FSM_onehot_state_reg[5]_i_2318_n_0
                                                                      r  u_icache/FSM_onehot_state[5]_i_1111/I0
                         LUT6 (Prop_lut6_I0_O)        0.259     3.290 r  u_icache/FSM_onehot_state[5]_i_1111/O
                         net (fo=1, unplaced)         0.000     3.290    u_icache/FSM_onehot_state[5]_i_1111_n_0
                                                                      r  u_icache/FSM_onehot_state_reg[5]_i_494/I1
                         MUXF7 (Prop_muxf7_I1_O)      0.206     3.496 r  u_icache/FSM_onehot_state_reg[5]_i_494/O
                         net (fo=1, unplaced)         0.584     4.080    u_icache/tag_arr[3]
                                                                      r  u_icache/FSM_onehot_state[5]_i_187/I0
                         LUT6 (Prop_lut6_I0_O)        0.242     4.322 r  u_icache/FSM_onehot_state[5]_i_187/O
                         net (fo=1, unplaced)         0.000     4.322    u_icache/FSM_onehot_state[5]_i_187_n_0
                                                                      r  u_icache/FSM_onehot_state_reg[5]_i_68/S[1]
                         CARRY4 (Prop_carry4_S[1]_CO[3])
                                                      0.457     4.779 r  u_icache/FSM_onehot_state_reg[5]_i_68/CO[3]
                         net (fo=1, unplaced)         0.008     4.787    u_icache/FSM_onehot_state_reg[5]_i_68_n_0
                                                                      r  u_icache/FSM_onehot_state_reg[5]_i_21/CI
                         CARRY4 (Prop_carry4_CI_CO[2])
                                                      0.209     4.996 f  u_icache/FSM_onehot_state_reg[5]_i_21/CO[2]
                         net (fo=24, unplaced)        0.413     5.409    u_icache/way_hit_30
                                                                      f  u_icache/FSM_onehot_state[5]_i_7/I2
                         LUT4 (Prop_lut4_I2_O)        0.252     5.661 f  u_icache/FSM_onehot_state[5]_i_7/O
                         net (fo=5, unplaced)         0.375     6.036    u_icache/FSM_onehot_state[5]_i_7_n_0
                                                                      f  u_icache/valid_arr[3][99]_i_4/I4
                         LUT5 (Prop_lut5_I4_O)        0.105     6.141 f  u_icache/valid_arr[3][99]_i_4/O
                         net (fo=57, unplaced)        0.433     6.574    u_icache/hit_any
                                                                      f  u_icache/if_rline[255]_i_7/I0
                         LUT4 (Prop_lut4_I0_O)        0.105     6.679 f  u_icache/if_rline[255]_i_7/O
                         net (fo=257, unplaced)       0.470     7.149    u_icache/lookup_hit
                                                                      f  u_icache/if_rline[255]_i_4/I0
                         LUT2 (Prop_lut2_I0_O)        0.105     7.254 f  u_icache/if_rline[255]_i_4/O
                         net (fo=12, unplaced)        0.395     7.649    u_ifu/ic_ifu_data_ok
                                                                      f  u_ifu/if_rline[255]_i_5/I2
                         LUT3 (Prop_lut3_I2_O)        0.105     7.754 r  u_ifu/if_rline[255]_i_5/O
                         net (fo=128, unplaced)       0.453     8.207    u_ifu/if_rline[255]_i_5_n_0
                                                                      r  u_ifu/mem[14][61]_i_12/I4
                         LUT6 (Prop_lut6_I4_O)        0.105     8.312 f  u_ifu/mem[14][61]_i_12/O
                         net (fo=2, unplaced)         0.593     8.905    u_ifu/mem[14][61]_i_12_n_0
                                                                      f  u_ifu/mem[14][61]_i_5/I1
                         LUT6 (Prop_lut6_I1_O)        0.105     9.010 f  u_ifu/mem[14][61]_i_5/O
                         net (fo=3, unplaced)         0.956     9.966    u_ifu/mem[14][61]_i_5_n_0
                                                                      f  u_ifu/i_excp_adef_o_i_43/I0
                         LUT6 (Prop_lut6_I0_O)        0.105    10.071 r  u_ifu/i_excp_adef_o_i_43/O
                         net (fo=3, unplaced)         0.346    10.417    u_ifu/i_excp_adef_o_i_43_n_0
                                                                      r  u_ifu/i_excp_adef_o_i_20/I0
                         LUT4 (Prop_lut4_I0_O)        0.126    10.543 r  u_ifu/i_excp_adef_o_i_20/O
                         net (fo=3, unplaced)         0.600    11.143    u_ifu/i_excp_adef_o_i_20_n_0
                                                                      r  u_ifu/i_excp_adef_o_i_8/I0
                         LUT6 (Prop_lut6_I0_O)        0.105    11.248 r  u_ifu/i_excp_adef_o_i_8/O
                         net (fo=5, unplaced)         0.556    11.804    u_ifu/i_excp_adef_o_i_8_n_0
                                                                      r  u_ifu/i_excp_adef_o_i_2/I3
                         LUT6 (Prop_lut6_I3_O)        0.105    11.909 r  u_ifu/i_excp_adef_o_i_2/O
                         net (fo=44, unplaced)        0.426    12.335    u_ifu/ifu_ftq_accept
                                                                      r  u_ifu/e_key[0][4]_i_1/I1
                         LUT3 (Prop_lut3_I1_O)        0.105    12.440 r  u_ifu/e_key[0][4]_i_1/O
                         net (fo=19, unplaced)        0.406    12.846    u_csr_exception_commit_handler/mmu_tlbm_inst_vaddr[3]
                                                                      r  u_csr_exception_commit_handler/e_ppn[0][19]_i_443__0/I2
                         LUT3 (Prop_lut3_I2_O)        0.105    12.951 r  u_csr_exception_commit_handler/e_ppn[0][19]_i_443__0/O
                         net (fo=32, unplaced)        0.653    13.604    u_tlb_manager/u_tlb/csr_tlbidx_reg[1]_i_38_5
                                                                      r  u_tlb_manager/u_tlb/e_ppn[0][19]_i_481/I1
                         LUT6 (Prop_lut6_I1_O)        0.105    13.709 r  u_tlb_manager/u_tlb/e_ppn[0][19]_i_481/O
                         net (fo=1, unplaced)         0.000    13.709    u_tlb_manager/u_tlb/e_ppn[0][19]_i_481_n_0
                                                                      r  u_tlb_manager/u_tlb/e_ppn_reg[0][19]_i_383/S[1]
                         CARRY4 (Prop_carry4_S[1]_CO[3])
                                                      0.457    14.166 r  u_tlb_manager/u_tlb/e_ppn_reg[0][19]_i_383/CO[3]
                         net (fo=1, unplaced)         0.008    14.174    u_tlb_manager/u_tlb/e_ppn_reg[0][19]_i_383_n_0
                                                                      r  u_tlb_manager/u_tlb/e_ppn_reg[0][19]_i_196/CI
                         CARRY4 (Prop_carry4_CI_CO[2])
                                                      0.209    14.383 r  u_tlb_manager/u_tlb/e_ppn_reg[0][19]_i_196/CO[2]
                         net (fo=1, unplaced)         0.349    14.732    u_tlb_manager/u_tlb/e_ppn_reg[0][19]_i_196_n_1
                                                                      r  u_tlb_manager/u_tlb/e_ppn[0][19]_i_86/I0
                         LUT6 (Prop_lut6_I0_O)        0.252    14.984 f  u_tlb_manager/u_tlb/e_ppn[0][19]_i_86/O
                         net (fo=4, unplaced)         0.962    15.946    u_tlb_manager/u_tlb/e_ppn[0][19]_i_86_n_0
                                                                      f  u_tlb_manager/u_tlb/csr_tlbidx[0]_i_50/I1
                         LUT6 (Prop_lut6_I1_O)        0.105    16.051 r  u_tlb_manager/u_tlb/csr_tlbidx[0]_i_50/O
                         net (fo=1, unplaced)         0.347    16.398    u_tlb_manager/u_tlb/csr_tlbidx[0]_i_50_n_0
                                                                      r  u_tlb_manager/u_tlb/csr_tlbidx[0]_i_25/I4
                         LUT6 (Prop_lut6_I4_O)        0.105    16.503 r  u_tlb_manager/u_tlb/csr_tlbidx[0]_i_25/O
                         net (fo=2, unplaced)         0.358    16.861    u_tlb_manager/u_tlb/csr_tlbidx[0]_i_25_n_0
                                                                      r  u_tlb_manager/u_tlb/csr_tlbidx[0]_i_11/I2
                         LUT6 (Prop_lut6_I2_O)        0.105    16.966 r  u_tlb_manager/u_tlb/csr_tlbidx[0]_i_11/O
                         net (fo=1, unplaced)         0.347    17.313    u_tlb_manager/u_tlb/csr_tlbidx[0]_i_11_n_0
                                                                      r  u_tlb_manager/u_tlb/csr_tlbidx[0]_i_3/I3
                         LUT6 (Prop_lut6_I3_O)        0.105    17.418 f  u_tlb_manager/u_tlb/csr_tlbidx[0]_i_3/O
                         net (fo=1, unplaced)         0.582    18.000    u_tlb_manager/u_tlb/csr_tlbidx[0]_i_3_n_0
                                                                      f  u_tlb_manager/u_tlb/csr_tlbidx[0]_i_2/I0
                         LUT6 (Prop_lut6_I0_O)        0.105    18.105 r  u_tlb_manager/u_tlb/csr_tlbidx[0]_i_2/O
                         net (fo=463, unplaced)       0.485    18.590    u_tlb_manager/u_tlb/tlb_g_reg[28]_1
                                                                      r  u_tlb_manager/u_tlb/pre_paddr[21]_i_14/I4
                         LUT6 (Prop_lut6_I4_O)        0.105    18.695 r  u_tlb_manager/u_tlb/pre_paddr[21]_i_14/O
                         net (fo=1, unplaced)         0.938    19.633    u_tlb_manager/u_tlb/pre_paddr[21]_i_14_n_0
                                                                      r  u_tlb_manager/u_tlb/pre_paddr[21]_i_10/I1
                         LUT6 (Prop_lut6_I1_O)        0.105    19.738 r  u_tlb_manager/u_tlb/pre_paddr[21]_i_10/O
                         net (fo=1, unplaced)         0.582    20.320    u_tlb_manager/u_tlb/pre_paddr[21]_i_10_n_0
                                                                      r  u_tlb_manager/u_tlb/pre_paddr[21]_i_7/I1
                         LUT6 (Prop_lut6_I1_O)        0.105    20.425 f  u_tlb_manager/u_tlb/pre_paddr[21]_i_7/O
                         net (fo=2, unplaced)         0.593    21.018    u_tlb_manager/u_tlb/s0_ps[5]
                                                                      f  u_tlb_manager/u_tlb/fifo_ptr[2]_i_3__0/I0
                         LUT6 (Prop_lut6_I0_O)        0.105    21.123 r  u_tlb_manager/u_tlb/fifo_ptr[2]_i_3__0/O
                         net (fo=1, unplaced)         0.347    21.470    u_tlb_manager/u_tlb/fifo_ptr[2]_i_3__0_n_0
                                                                      r  u_tlb_manager/u_tlb/fifo_ptr[2]_i_2__0/I1
                         LUT6 (Prop_lut6_I1_O)        0.105    21.575 r  u_tlb_manager/u_tlb/fifo_ptr[2]_i_2__0/O
                         net (fo=19, unplaced)        0.406    21.981    u_tlb_manager/u_l1_tlb_i/refill_en
                                                                      r  u_tlb_manager/u_l1_tlb_i/e_key[1][19]_i_1/I1
                         LUT5 (Prop_lut5_I1_O)        0.105    22.086 r  u_tlb_manager/u_l1_tlb_i/e_key[1][19]_i_1/O
                         net (fo=45, unplaced)        0.446    22.532    u_tlb_manager/u_l1_tlb_i/e_key[1][19]_i_1_n_0
                         FDRE                                         r  u_tlb_manager/u_l1_tlb_i/e_key_reg[1][13]/CE
  -------------------------------------------------------------------    -------------------

                         (clock aclk rise edge)      10.000    10.000 r  
                                                      0.000    10.000 r  aclk (IN)
                         net (fo=53882, unset)        0.748    10.748    u_tlb_manager/u_l1_tlb_i/aclk
                         FDRE                                         r  u_tlb_manager/u_l1_tlb_i/e_key_reg[1][13]/C
                         clock pessimism              0.000    10.748    
                         clock uncertainty           -0.035    10.712    
                         FDRE (Setup_fdre_C_CE)      -0.165    10.547    u_tlb_manager/u_l1_tlb_i/e_key_reg[1][13]
  -------------------------------------------------------------------
                         required time                         10.547    
                         arrival time                         -22.532    
  -------------------------------------------------------------------
                         slack                                -11.985    

Slack (VIOLATED) :        -11.985ns  (required time - arrival time)
  Source:                 u_icache/tag_arr_reg[3][119][3]/C
                            (rising edge-triggered cell FDRE clocked by aclk  {rise@0.000ns fall@5.000ns period=10.000ns})
  Destination:            u_tlb_manager/u_l1_tlb_i/e_key_reg[1][14]/CE
                            (rising edge-triggered cell FDRE clocked by aclk  {rise@0.000ns fall@5.000ns period=10.000ns})
  Path Group:             aclk
  Path Type:              Setup (Max at Slow Process Corner)
  Requirement:            10.000ns  (aclk rise@10.000ns - aclk rise@0.000ns)
  Data Path Delay:        21.745ns  (logic 5.986ns (27.528%)  route 15.759ns (72.472%))
  Logic Levels:           36  (CARRY4=4 LUT2=1 LUT3=3 LUT4=3 LUT5=2 LUT6=20 MUXF7=2 MUXF8=1)
  Clock Path Skew:        -0.039ns (DCD - SCD + CPR)
    Destination Clock Delay (DCD):    0.748ns = ( 10.748 - 10.000 ) 
    Source Clock Delay      (SCD):    0.787ns
    Clock Pessimism Removal (CPR):    0.000ns
  Clock Uncertainty:      0.035ns  ((TSJ^2 + TIJ^2)^1/2 + DJ) / 2 + PE
    Total System Jitter     (TSJ):    0.071ns
    Total Input Jitter      (TIJ):    0.000ns
    Discrete Jitter          (DJ):    0.000ns
    Phase Error              (PE):    0.000ns

    Location             Delay type                Incr(ns)  Path(ns)    Netlist Resource(s)
  -------------------------------------------------------------------    -------------------
                         (clock aclk rise edge)       0.000     0.000 r  
                                                      0.000     0.000 r  aclk (IN)
                         net (fo=53882, unset)        0.787     0.787    u_icache/aclk
                         FDRE                                         r  u_icache/tag_arr_reg[3][119][3]/C
  -------------------------------------------------------------------    -------------------
                         FDRE (Prop_fdre_C_Q)         0.379     1.166 r  u_icache/tag_arr_reg[3][119][3]/Q
                         net (fo=1, unplaced)         0.779     1.945    u_icache/tag_arr_reg_n_0_[3][119][3]
                                                                      r  u_icache/FSM_onehot_state[5]_i_4699/I0
                         LUT6 (Prop_lut6_I0_O)        0.232     2.177 r  u_icache/FSM_onehot_state[5]_i_4699/O
                         net (fo=1, unplaced)         0.000     2.177    u_icache/FSM_onehot_state[5]_i_4699_n_0
                                                                      r  u_icache/FSM_onehot_state_reg[5]_i_3794/I1
                         MUXF7 (Prop_muxf7_I1_O)      0.206     2.383 r  u_icache/FSM_onehot_state_reg[5]_i_3794/O
                         net (fo=1, unplaced)         0.000     2.383    u_icache/FSM_onehot_state_reg[5]_i_3794_n_0
                                                                      r  u_icache/FSM_onehot_state_reg[5]_i_2318/I0
                         MUXF8 (Prop_muxf8_I0_O)      0.085     2.468 r  u_icache/FSM_onehot_state_reg[5]_i_2318/O
                         net (fo=1, unplaced)         0.563     3.031    u_icache/FSM_onehot_state_reg[5]_i_2318_n_0
                                                                      r  u_icache/FSM_onehot_state[5]_i_1111/I0
                         LUT6 (Prop_lut6_I0_O)        0.259     3.290 r  u_icache/FSM_onehot_state[5]_i_1111/O
                         net (fo=1, unplaced)         0.000     3.290    u_icache/FSM_onehot_state[5]_i_1111_n_0
                                                                      r  u_icache/FSM_onehot_state_reg[5]_i_494/I1
                         MUXF7 (Prop_muxf7_I1_O)      0.206     3.496 r  u_icache/FSM_onehot_state_reg[5]_i_494/O
                         net (fo=1, unplaced)         0.584     4.080    u_icache/tag_arr[3]
                                                                      r  u_icache/FSM_onehot_state[5]_i_187/I0
                         LUT6 (Prop_lut6_I0_O)        0.242     4.322 r  u_icache/FSM_onehot_state[5]_i_187/O
                         net (fo=1, unplaced)         0.000     4.322    u_icache/FSM_onehot_state[5]_i_187_n_0
                                                                      r  u_icache/FSM_onehot_state_reg[5]_i_68/S[1]
                         CARRY4 (Prop_carry4_S[1]_CO[3])
                                                      0.457     4.779 r  u_icache/FSM_onehot_state_reg[5]_i_68/CO[3]
                         net (fo=1, unplaced)         0.008     4.787    u_icache/FSM_onehot_state_reg[5]_i_68_n_0
                                                                      r  u_icache/FSM_onehot_state_reg[5]_i_21/CI
                         CARRY4 (Prop_carry4_CI_CO[2])
                                                      0.209     4.996 f  u_icache/FSM_onehot_state_reg[5]_i_21/CO[2]
                         net (fo=24, unplaced)        0.413     5.409    u_icache/way_hit_30
                                                                      f  u_icache/FSM_onehot_state[5]_i_7/I2
                         LUT4 (Prop_lut4_I2_O)        0.252     5.661 f  u_icache/FSM_onehot_state[5]_i_7/O
                         net (fo=5, unplaced)         0.375     6.036    u_icache/FSM_onehot_state[5]_i_7_n_0
                                                                      f  u_icache/valid_arr[3][99]_i_4/I4
                         LUT5 (Prop_lut5_I4_O)        0.105     6.141 f  u_icache/valid_arr[3][99]_i_4/O
                         net (fo=57, unplaced)        0.433     6.574    u_icache/hit_any
                                                                      f  u_icache/if_rline[255]_i_7/I0
                         LUT4 (Prop_lut4_I0_O)        0.105     6.679 f  u_icache/if_rline[255]_i_7/O
                         net (fo=257, unplaced)       0.470     7.149    u_icache/lookup_hit
                                                                      f  u_icache/if_rline[255]_i_4/I0
                         LUT2 (Prop_lut2_I0_O)        0.105     7.254 f  u_icache/if_rline[255]_i_4/O
                         net (fo=12, unplaced)        0.395     7.649    u_ifu/ic_ifu_data_ok
                                                                      f  u_ifu/if_rline[255]_i_5/I2
                         LUT3 (Prop_lut3_I2_O)        0.105     7.754 r  u_ifu/if_rline[255]_i_5/O
                         net (fo=128, unplaced)       0.453     8.207    u_ifu/if_rline[255]_i_5_n_0
                                                                      r  u_ifu/mem[14][61]_i_12/I4
                         LUT6 (Prop_lut6_I4_O)        0.105     8.312 f  u_ifu/mem[14][61]_i_12/O
                         net (fo=2, unplaced)         0.593     8.905    u_ifu/mem[14][61]_i_12_n_0
                                                                      f  u_ifu/mem[14][61]_i_5/I1
                         LUT6 (Prop_lut6_I1_O)        0.105     9.010 f  u_ifu/mem[14][61]_i_5/O
                         net (fo=3, unplaced)         0.956     9.966    u_ifu/mem[14][61]_i_5_n_0
                                                                      f  u_ifu/i_excp_adef_o_i_43/I0
                         LUT6 (Prop_lut6_I0_O)        0.105    10.071 r  u_ifu/i_excp_adef_o_i_43/O
                         net (fo=3, unplaced)         0.346    10.417    u_ifu/i_excp_adef_o_i_43_n_0
                                                                      r  u_ifu/i_excp_adef_o_i_20/I0
                         LUT4 (Prop_lut4_I0_O)        0.126    10.543 r  u_ifu/i_excp_adef_o_i_20/O
                         net (fo=3, unplaced)         0.600    11.143    u_ifu/i_excp_adef_o_i_20_n_0
                                                                      r  u_ifu/i_excp_adef_o_i_8/I0
                         LUT6 (Prop_lut6_I0_O)        0.105    11.248 r  u_ifu/i_excp_adef_o_i_8/O
                         net (fo=5, unplaced)         0.556    11.804    u_ifu/i_excp_adef_o_i_8_n_0
                                                                      r  u_ifu/i_excp_adef_o_i_2/I3
                         LUT6 (Prop_lut6_I3_O)        0.105    11.909 r  u_ifu/i_excp_adef_o_i_2/O
                         net (fo=44, unplaced)        0.426    12.335    u_ifu/ifu_ftq_accept
                                                                      r  u_ifu/e_key[0][4]_i_1/I1
                         LUT3 (Prop_lut3_I1_O)        0.105    12.440 r  u_ifu/e_key[0][4]_i_1/O
                         net (fo=19, unplaced)        0.406    12.846    u_csr_exception_commit_handler/mmu_tlbm_inst_vaddr[3]
                                                                      r  u_csr_exception_commit_handler/e_ppn[0][19]_i_443__0/I2
                         LUT3 (Prop_lut3_I2_O)        0.105    12.951 r  u_csr_exception_commit_handler/e_ppn[0][19]_i_443__0/O
                         net (fo=32, unplaced)        0.653    13.604    u_tlb_manager/u_tlb/csr_tlbidx_reg[1]_i_38_5
                                                                      r  u_tlb_manager/u_tlb/e_ppn[0][19]_i_481/I1
                         LUT6 (Prop_lut6_I1_O)        0.105    13.709 r  u_tlb_manager/u_tlb/e_ppn[0][19]_i_481/O
                         net (fo=1, unplaced)         0.000    13.709    u_tlb_manager/u_tlb/e_ppn[0][19]_i_481_n_0
                                                                      r  u_tlb_manager/u_tlb/e_ppn_reg[0][19]_i_383/S[1]
                         CARRY4 (Prop_carry4_S[1]_CO[3])
                                                      0.457    14.166 r  u_tlb_manager/u_tlb/e_ppn_reg[0][19]_i_383/CO[3]
                         net (fo=1, unplaced)         0.008    14.174    u_tlb_manager/u_tlb/e_ppn_reg[0][19]_i_383_n_0
                                                                      r  u_tlb_manager/u_tlb/e_ppn_reg[0][19]_i_196/CI
                         CARRY4 (Prop_carry4_CI_CO[2])
                                                      0.209    14.383 r  u_tlb_manager/u_tlb/e_ppn_reg[0][19]_i_196/CO[2]
                         net (fo=1, unplaced)         0.349    14.732    u_tlb_manager/u_tlb/e_ppn_reg[0][19]_i_196_n_1
                                                                      r  u_tlb_manager/u_tlb/e_ppn[0][19]_i_86/I0
                         LUT6 (Prop_lut6_I0_O)        0.252    14.984 f  u_tlb_manager/u_tlb/e_ppn[0][19]_i_86/O
                         net (fo=4, unplaced)         0.962    15.946    u_tlb_manager/u_tlb/e_ppn[0][19]_i_86_n_0
                                                                      f  u_tlb_manager/u_tlb/csr_tlbidx[0]_i_50/I1
                         LUT6 (Prop_lut6_I1_O)        0.105    16.051 r  u_tlb_manager/u_tlb/csr_tlbidx[0]_i_50/O
                         net (fo=1, unplaced)         0.347    16.398    u_tlb_manager/u_tlb/csr_tlbidx[0]_i_50_n_0
                                                                      r  u_tlb_manager/u_tlb/csr_tlbidx[0]_i_25/I4
                         LUT6 (Prop_lut6_I4_O)        0.105    16.503 r  u_tlb_manager/u_tlb/csr_tlbidx[0]_i_25/O
                         net (fo=2, unplaced)         0.358    16.861    u_tlb_manager/u_tlb/csr_tlbidx[0]_i_25_n_0
                                                                      r  u_tlb_manager/u_tlb/csr_tlbidx[0]_i_11/I2
                         LUT6 (Prop_lut6_I2_O)        0.105    16.966 r  u_tlb_manager/u_tlb/csr_tlbidx[0]_i_11/O
                         net (fo=1, unplaced)         0.347    17.313    u_tlb_manager/u_tlb/csr_tlbidx[0]_i_11_n_0
                                                                      r  u_tlb_manager/u_tlb/csr_tlbidx[0]_i_3/I3
                         LUT6 (Prop_lut6_I3_O)        0.105    17.418 f  u_tlb_manager/u_tlb/csr_tlbidx[0]_i_3/O
                         net (fo=1, unplaced)         0.582    18.000    u_tlb_manager/u_tlb/csr_tlbidx[0]_i_3_n_0
                                                                      f  u_tlb_manager/u_tlb/csr_tlbidx[0]_i_2/I0
                         LUT6 (Prop_lut6_I0_O)        0.105    18.105 r  u_tlb_manager/u_tlb/csr_tlbidx[0]_i_2/O
                         net (fo=463, unplaced)       0.485    18.590    u_tlb_manager/u_tlb/tlb_g_reg[28]_1
                                                                      r  u_tlb_manager/u_tlb/pre_paddr[21]_i_14/I4
                         LUT6 (Prop_lut6_I4_O)        0.105    18.695 r  u_tlb_manager/u_tlb/pre_paddr[21]_i_14/O
                         net (fo=1, unplaced)         0.938    19.633    u_tlb_manager/u_tlb/pre_paddr[21]_i_14_n_0
                                                                      r  u_tlb_manager/u_tlb/pre_paddr[21]_i_10/I1
                         LUT6 (Prop_lut6_I1_O)        0.105    19.738 r  u_tlb_manager/u_tlb/pre_paddr[21]_i_10/O
                         net (fo=1, unplaced)         0.582    20.320    u_tlb_manager/u_tlb/pre_paddr[21]_i_10_n_0
                                                                      r  u_tlb_manager/u_tlb/pre_paddr[21]_i_7/I1
                         LUT6 (Prop_lut6_I1_O)        0.105    20.425 f  u_tlb_manager/u_tlb/pre_paddr[21]_i_7/O
                         net (fo=2, unplaced)         0.593    21.018    u_tlb_manager/u_tlb/s0_ps[5]
                                                                      f  u_tlb_manager/u_tlb/fifo_ptr[2]_i_3__0/I0
                         LUT6 (Prop_lut6_I0_O)        0.105    21.123 r  u_tlb_manager/u_tlb/fifo_ptr[2]_i_3__0/O
                         net (fo=1, unplaced)         0.347    21.470    u_tlb_manager/u_tlb/fifo_ptr[2]_i_3__0_n_0
                                                                      r  u_tlb_manager/u_tlb/fifo_ptr[2]_i_2__0/I1
                         LUT6 (Prop_lut6_I1_O)        0.105    21.575 r  u_tlb_manager/u_tlb/fifo_ptr[2]_i_2__0/O
                         net (fo=19, unplaced)        0.406    21.981    u_tlb_manager/u_l1_tlb_i/refill_en
                                                                      r  u_tlb_manager/u_l1_tlb_i/e_key[1][19]_i_1/I1
                         LUT5 (Prop_lut5_I1_O)        0.105    22.086 r  u_tlb_manager/u_l1_tlb_i/e_key[1][19]_i_1/O
                         net (fo=45, unplaced)        0.446    22.532    u_tlb_manager/u_l1_tlb_i/e_key[1][19]_i_1_n_0
                         FDRE                                         r  u_tlb_manager/u_l1_tlb_i/e_key_reg[1][14]/CE
  -------------------------------------------------------------------    -------------------

                         (clock aclk rise edge)      10.000    10.000 r  
                                                      0.000    10.000 r  aclk (IN)
                         net (fo=53882, unset)        0.748    10.748    u_tlb_manager/u_l1_tlb_i/aclk
                         FDRE                                         r  u_tlb_manager/u_l1_tlb_i/e_key_reg[1][14]/C
                         clock pessimism              0.000    10.748    
                         clock uncertainty           -0.035    10.712    
                         FDRE (Setup_fdre_C_CE)      -0.165    10.547    u_tlb_manager/u_l1_tlb_i/e_key_reg[1][14]
  -------------------------------------------------------------------
                         required time                         10.547    
                         arrival time                         -22.532    
  -------------------------------------------------------------------
                         slack                                -11.985    

Slack (VIOLATED) :        -11.985ns  (required time - arrival time)
  Source:                 u_icache/tag_arr_reg[3][119][3]/C
                            (rising edge-triggered cell FDRE clocked by aclk  {rise@0.000ns fall@5.000ns period=10.000ns})
  Destination:            u_tlb_manager/u_l1_tlb_i/e_key_reg[1][15]/CE
                            (rising edge-triggered cell FDRE clocked by aclk  {rise@0.000ns fall@5.000ns period=10.000ns})
  Path Group:             aclk
  Path Type:              Setup (Max at Slow Process Corner)
  Requirement:            10.000ns  (aclk rise@10.000ns - aclk rise@0.000ns)
  Data Path Delay:        21.745ns  (logic 5.986ns (27.528%)  route 15.759ns (72.472%))
  Logic Levels:           36  (CARRY4=4 LUT2=1 LUT3=3 LUT4=3 LUT5=2 LUT6=20 MUXF7=2 MUXF8=1)
  Clock Path Skew:        -0.039ns (DCD - SCD + CPR)
    Destination Clock Delay (DCD):    0.748ns = ( 10.748 - 10.000 ) 
    Source Clock Delay      (SCD):    0.787ns
    Clock Pessimism Removal (CPR):    0.000ns
  Clock Uncertainty:      0.035ns  ((TSJ^2 + TIJ^2)^1/2 + DJ) / 2 + PE
    Total System Jitter     (TSJ):    0.071ns
    Total Input Jitter      (TIJ):    0.000ns
    Discrete Jitter          (DJ):    0.000ns
    Phase Error              (PE):    0.000ns

    Location             Delay type                Incr(ns)  Path(ns)    Netlist Resource(s)
  -------------------------------------------------------------------    -------------------
                         (clock aclk rise edge)       0.000     0.000 r  
                                                      0.000     0.000 r  aclk (IN)
                         net (fo=53882, unset)        0.787     0.787    u_icache/aclk
                         FDRE                                         r  u_icache/tag_arr_reg[3][119][3]/C
  -------------------------------------------------------------------    -------------------
                         FDRE (Prop_fdre_C_Q)         0.379     1.166 r  u_icache/tag_arr_reg[3][119][3]/Q
                         net (fo=1, unplaced)         0.779     1.945    u_icache/tag_arr_reg_n_0_[3][119][3]
                                                                      r  u_icache/FSM_onehot_state[5]_i_4699/I0
                         LUT6 (Prop_lut6_I0_O)        0.232     2.177 r  u_icache/FSM_onehot_state[5]_i_4699/O
                         net (fo=1, unplaced)         0.000     2.177    u_icache/FSM_onehot_state[5]_i_4699_n_0
                                                                      r  u_icache/FSM_onehot_state_reg[5]_i_3794/I1
                         MUXF7 (Prop_muxf7_I1_O)      0.206     2.383 r  u_icache/FSM_onehot_state_reg[5]_i_3794/O
                         net (fo=1, unplaced)         0.000     2.383    u_icache/FSM_onehot_state_reg[5]_i_3794_n_0
                                                                      r  u_icache/FSM_onehot_state_reg[5]_i_2318/I0
                         MUXF8 (Prop_muxf8_I0_O)      0.085     2.468 r  u_icache/FSM_onehot_state_reg[5]_i_2318/O
                         net (fo=1, unplaced)         0.563     3.031    u_icache/FSM_onehot_state_reg[5]_i_2318_n_0
                                                                      r  u_icache/FSM_onehot_state[5]_i_1111/I0
                         LUT6 (Prop_lut6_I0_O)        0.259     3.290 r  u_icache/FSM_onehot_state[5]_i_1111/O
                         net (fo=1, unplaced)         0.000     3.290    u_icache/FSM_onehot_state[5]_i_1111_n_0
                                                                      r  u_icache/FSM_onehot_state_reg[5]_i_494/I1
                         MUXF7 (Prop_muxf7_I1_O)      0.206     3.496 r  u_icache/FSM_onehot_state_reg[5]_i_494/O
                         net (fo=1, unplaced)         0.584     4.080    u_icache/tag_arr[3]
                                                                      r  u_icache/FSM_onehot_state[5]_i_187/I0
                         LUT6 (Prop_lut6_I0_O)        0.242     4.322 r  u_icache/FSM_onehot_state[5]_i_187/O
                         net (fo=1, unplaced)         0.000     4.322    u_icache/FSM_onehot_state[5]_i_187_n_0
                                                                      r  u_icache/FSM_onehot_state_reg[5]_i_68/S[1]
                         CARRY4 (Prop_carry4_S[1]_CO[3])
                                                      0.457     4.779 r  u_icache/FSM_onehot_state_reg[5]_i_68/CO[3]
                         net (fo=1, unplaced)         0.008     4.787    u_icache/FSM_onehot_state_reg[5]_i_68_n_0
                                                                      r  u_icache/FSM_onehot_state_reg[5]_i_21/CI
                         CARRY4 (Prop_carry4_CI_CO[2])
                                                      0.209     4.996 f  u_icache/FSM_onehot_state_reg[5]_i_21/CO[2]
                         net (fo=24, unplaced)        0.413     5.409    u_icache/way_hit_30
                                                                      f  u_icache/FSM_onehot_state[5]_i_7/I2
                         LUT4 (Prop_lut4_I2_O)        0.252     5.661 f  u_icache/FSM_onehot_state[5]_i_7/O
                         net (fo=5, unplaced)         0.375     6.036    u_icache/FSM_onehot_state[5]_i_7_n_0
                                                                      f  u_icache/valid_arr[3][99]_i_4/I4
                         LUT5 (Prop_lut5_I4_O)        0.105     6.141 f  u_icache/valid_arr[3][99]_i_4/O
                         net (fo=57, unplaced)        0.433     6.574    u_icache/hit_any
                                                                      f  u_icache/if_rline[255]_i_7/I0
                         LUT4 (Prop_lut4_I0_O)        0.105     6.679 f  u_icache/if_rline[255]_i_7/O
                         net (fo=257, unplaced)       0.470     7.149    u_icache/lookup_hit
                                                                      f  u_icache/if_rline[255]_i_4/I0
                         LUT2 (Prop_lut2_I0_O)        0.105     7.254 f  u_icache/if_rline[255]_i_4/O
                         net (fo=12, unplaced)        0.395     7.649    u_ifu/ic_ifu_data_ok
                                                                      f  u_ifu/if_rline[255]_i_5/I2
                         LUT3 (Prop_lut3_I2_O)        0.105     7.754 r  u_ifu/if_rline[255]_i_5/O
                         net (fo=128, unplaced)       0.453     8.207    u_ifu/if_rline[255]_i_5_n_0
                                                                      r  u_ifu/mem[14][61]_i_12/I4
                         LUT6 (Prop_lut6_I4_O)        0.105     8.312 f  u_ifu/mem[14][61]_i_12/O
                         net (fo=2, unplaced)         0.593     8.905    u_ifu/mem[14][61]_i_12_n_0
                                                                      f  u_ifu/mem[14][61]_i_5/I1
                         LUT6 (Prop_lut6_I1_O)        0.105     9.010 f  u_ifu/mem[14][61]_i_5/O
                         net (fo=3, unplaced)         0.956     9.966    u_ifu/mem[14][61]_i_5_n_0
                                                                      f  u_ifu/i_excp_adef_o_i_43/I0
                         LUT6 (Prop_lut6_I0_O)        0.105    10.071 r  u_ifu/i_excp_adef_o_i_43/O
                         net (fo=3, unplaced)         0.346    10.417    u_ifu/i_excp_adef_o_i_43_n_0
                                                                      r  u_ifu/i_excp_adef_o_i_20/I0
                         LUT4 (Prop_lut4_I0_O)        0.126    10.543 r  u_ifu/i_excp_adef_o_i_20/O
                         net (fo=3, unplaced)         0.600    11.143    u_ifu/i_excp_adef_o_i_20_n_0
                                                                      r  u_ifu/i_excp_adef_o_i_8/I0
                         LUT6 (Prop_lut6_I0_O)        0.105    11.248 r  u_ifu/i_excp_adef_o_i_8/O
                         net (fo=5, unplaced)         0.556    11.804    u_ifu/i_excp_adef_o_i_8_n_0
                                                                      r  u_ifu/i_excp_adef_o_i_2/I3
                         LUT6 (Prop_lut6_I3_O)        0.105    11.909 r  u_ifu/i_excp_adef_o_i_2/O
                         net (fo=44, unplaced)        0.426    12.335    u_ifu/ifu_ftq_accept
                                                                      r  u_ifu/e_key[0][4]_i_1/I1
                         LUT3 (Prop_lut3_I1_O)        0.105    12.440 r  u_ifu/e_key[0][4]_i_1/O
                         net (fo=19, unplaced)        0.406    12.846    u_csr_exception_commit_handler/mmu_tlbm_inst_vaddr[3]
                                                                      r  u_csr_exception_commit_handler/e_ppn[0][19]_i_443__0/I2
                         LUT3 (Prop_lut3_I2_O)        0.105    12.951 r  u_csr_exception_commit_handler/e_ppn[0][19]_i_443__0/O
                         net (fo=32, unplaced)        0.653    13.604    u_tlb_manager/u_tlb/csr_tlbidx_reg[1]_i_38_5
                                                                      r  u_tlb_manager/u_tlb/e_ppn[0][19]_i_481/I1
                         LUT6 (Prop_lut6_I1_O)        0.105    13.709 r  u_tlb_manager/u_tlb/e_ppn[0][19]_i_481/O
                         net (fo=1, unplaced)         0.000    13.709    u_tlb_manager/u_tlb/e_ppn[0][19]_i_481_n_0
                                                                      r  u_tlb_manager/u_tlb/e_ppn_reg[0][19]_i_383/S[1]
                         CARRY4 (Prop_carry4_S[1]_CO[3])
                                                      0.457    14.166 r  u_tlb_manager/u_tlb/e_ppn_reg[0][19]_i_383/CO[3]
                         net (fo=1, unplaced)         0.008    14.174    u_tlb_manager/u_tlb/e_ppn_reg[0][19]_i_383_n_0
                                                                      r  u_tlb_manager/u_tlb/e_ppn_reg[0][19]_i_196/CI
                         CARRY4 (Prop_carry4_CI_CO[2])
                                                      0.209    14.383 r  u_tlb_manager/u_tlb/e_ppn_reg[0][19]_i_196/CO[2]
                         net (fo=1, unplaced)         0.349    14.732    u_tlb_manager/u_tlb/e_ppn_reg[0][19]_i_196_n_1
                                                                      r  u_tlb_manager/u_tlb/e_ppn[0][19]_i_86/I0
                         LUT6 (Prop_lut6_I0_O)        0.252    14.984 f  u_tlb_manager/u_tlb/e_ppn[0][19]_i_86/O
                         net (fo=4, unplaced)         0.962    15.946    u_tlb_manager/u_tlb/e_ppn[0][19]_i_86_n_0
                                                                      f  u_tlb_manager/u_tlb/csr_tlbidx[0]_i_50/I1
                         LUT6 (Prop_lut6_I1_O)        0.105    16.051 r  u_tlb_manager/u_tlb/csr_tlbidx[0]_i_50/O
                         net (fo=1, unplaced)         0.347    16.398    u_tlb_manager/u_tlb/csr_tlbidx[0]_i_50_n_0
                                                                      r  u_tlb_manager/u_tlb/csr_tlbidx[0]_i_25/I4
                         LUT6 (Prop_lut6_I4_O)        0.105    16.503 r  u_tlb_manager/u_tlb/csr_tlbidx[0]_i_25/O
                         net (fo=2, unplaced)         0.358    16.861    u_tlb_manager/u_tlb/csr_tlbidx[0]_i_25_n_0
                                                                      r  u_tlb_manager/u_tlb/csr_tlbidx[0]_i_11/I2
                         LUT6 (Prop_lut6_I2_O)        0.105    16.966 r  u_tlb_manager/u_tlb/csr_tlbidx[0]_i_11/O
                         net (fo=1, unplaced)         0.347    17.313    u_tlb_manager/u_tlb/csr_tlbidx[0]_i_11_n_0
                                                                      r  u_tlb_manager/u_tlb/csr_tlbidx[0]_i_3/I3
                         LUT6 (Prop_lut6_I3_O)        0.105    17.418 f  u_tlb_manager/u_tlb/csr_tlbidx[0]_i_3/O
                         net (fo=1, unplaced)         0.582    18.000    u_tlb_manager/u_tlb/csr_tlbidx[0]_i_3_n_0
                                                                      f  u_tlb_manager/u_tlb/csr_tlbidx[0]_i_2/I0
                         LUT6 (Prop_lut6_I0_O)        0.105    18.105 r  u_tlb_manager/u_tlb/csr_tlbidx[0]_i_2/O
                         net (fo=463, unplaced)       0.485    18.590    u_tlb_manager/u_tlb/tlb_g_reg[28]_1
                                                                      r  u_tlb_manager/u_tlb/pre_paddr[21]_i_14/I4
                         LUT6 (Prop_lut6_I4_O)        0.105    18.695 r  u_tlb_manager/u_tlb/pre_paddr[21]_i_14/O
                         net (fo=1, unplaced)         0.938    19.633    u_tlb_manager/u_tlb/pre_paddr[21]_i_14_n_0
                                                                      r  u_tlb_manager/u_tlb/pre_paddr[21]_i_10/I1
                         LUT6 (Prop_lut6_I1_O)        0.105    19.738 r  u_tlb_manager/u_tlb/pre_paddr[21]_i_10/O
                         net (fo=1, unplaced)         0.582    20.320    u_tlb_manager/u_tlb/pre_paddr[21]_i_10_n_0
                                                                      r  u_tlb_manager/u_tlb/pre_paddr[21]_i_7/I1
                         LUT6 (Prop_lut6_I1_O)        0.105    20.425 f  u_tlb_manager/u_tlb/pre_paddr[21]_i_7/O
                         net (fo=2, unplaced)         0.593    21.018    u_tlb_manager/u_tlb/s0_ps[5]
                                                                      f  u_tlb_manager/u_tlb/fifo_ptr[2]_i_3__0/I0
                         LUT6 (Prop_lut6_I0_O)        0.105    21.123 r  u_tlb_manager/u_tlb/fifo_ptr[2]_i_3__0/O
                         net (fo=1, unplaced)         0.347    21.470    u_tlb_manager/u_tlb/fifo_ptr[2]_i_3__0_n_0
                                                                      r  u_tlb_manager/u_tlb/fifo_ptr[2]_i_2__0/I1
                         LUT6 (Prop_lut6_I1_O)        0.105    21.575 r  u_tlb_manager/u_tlb/fifo_ptr[2]_i_2__0/O
                         net (fo=19, unplaced)        0.406    21.981    u_tlb_manager/u_l1_tlb_i/refill_en
                                                                      r  u_tlb_manager/u_l1_tlb_i/e_key[1][19]_i_1/I1
                         LUT5 (Prop_lut5_I1_O)        0.105    22.086 r  u_tlb_manager/u_l1_tlb_i/e_key[1][19]_i_1/O
                         net (fo=45, unplaced)        0.446    22.532    u_tlb_manager/u_l1_tlb_i/e_key[1][19]_i_1_n_0
                         FDRE                                         r  u_tlb_manager/u_l1_tlb_i/e_key_reg[1][15]/CE
  -------------------------------------------------------------------    -------------------

                         (clock aclk rise edge)      10.000    10.000 r  
                                                      0.000    10.000 r  aclk (IN)
                         net (fo=53882, unset)        0.748    10.748    u_tlb_manager/u_l1_tlb_i/aclk
                         FDRE                                         r  u_tlb_manager/u_l1_tlb_i/e_key_reg[1][15]/C
                         clock pessimism              0.000    10.748    
                         clock uncertainty           -0.035    10.712    
                         FDRE (Setup_fdre_C_CE)      -0.165    10.547    u_tlb_manager/u_l1_tlb_i/e_key_reg[1][15]
  -------------------------------------------------------------------
                         required time                         10.547    
                         arrival time                         -22.532    
  -------------------------------------------------------------------
                         slack                                -11.985    

Slack (VIOLATED) :        -11.985ns  (required time - arrival time)
  Source:                 u_icache/tag_arr_reg[3][119][3]/C
                            (rising edge-triggered cell FDRE clocked by aclk  {rise@0.000ns fall@5.000ns period=10.000ns})
  Destination:            u_tlb_manager/u_l1_tlb_i/e_key_reg[1][16]/CE
                            (rising edge-triggered cell FDRE clocked by aclk  {rise@0.000ns fall@5.000ns period=10.000ns})
  Path Group:             aclk
  Path Type:              Setup (Max at Slow Process Corner)
  Requirement:            10.000ns  (aclk rise@10.000ns - aclk rise@0.000ns)
  Data Path Delay:        21.745ns  (logic 5.986ns (27.528%)  route 15.759ns (72.472%))
  Logic Levels:           36  (CARRY4=4 LUT2=1 LUT3=3 LUT4=3 LUT5=2 LUT6=20 MUXF7=2 MUXF8=1)
  Clock Path Skew:        -0.039ns (DCD - SCD + CPR)
    Destination Clock Delay (DCD):    0.748ns = ( 10.748 - 10.000 ) 
    Source Clock Delay      (SCD):    0.787ns
    Clock Pessimism Removal (CPR):    0.000ns
  Clock Uncertainty:      0.035ns  ((TSJ^2 + TIJ^2)^1/2 + DJ) / 2 + PE
    Total System Jitter     (TSJ):    0.071ns
    Total Input Jitter      (TIJ):    0.000ns
    Discrete Jitter          (DJ):    0.000ns
    Phase Error              (PE):    0.000ns

    Location             Delay type                Incr(ns)  Path(ns)    Netlist Resource(s)
  -------------------------------------------------------------------    -------------------
                         (clock aclk rise edge)       0.000     0.000 r  
                                                      0.000     0.000 r  aclk (IN)
                         net (fo=53882, unset)        0.787     0.787    u_icache/aclk
                         FDRE                                         r  u_icache/tag_arr_reg[3][119][3]/C
  -------------------------------------------------------------------    -------------------
                         FDRE (Prop_fdre_C_Q)         0.379     1.166 r  u_icache/tag_arr_reg[3][119][3]/Q
                         net (fo=1, unplaced)         0.779     1.945    u_icache/tag_arr_reg_n_0_[3][119][3]
                                                                      r  u_icache/FSM_onehot_state[5]_i_4699/I0
                         LUT6 (Prop_lut6_I0_O)        0.232     2.177 r  u_icache/FSM_onehot_state[5]_i_4699/O
                         net (fo=1, unplaced)         0.000     2.177    u_icache/FSM_onehot_state[5]_i_4699_n_0
                                                                      r  u_icache/FSM_onehot_state_reg[5]_i_3794/I1
                         MUXF7 (Prop_muxf7_I1_O)      0.206     2.383 r  u_icache/FSM_onehot_state_reg[5]_i_3794/O
                         net (fo=1, unplaced)         0.000     2.383    u_icache/FSM_onehot_state_reg[5]_i_3794_n_0
                                                                      r  u_icache/FSM_onehot_state_reg[5]_i_2318/I0
                         MUXF8 (Prop_muxf8_I0_O)      0.085     2.468 r  u_icache/FSM_onehot_state_reg[5]_i_2318/O
                         net (fo=1, unplaced)         0.563     3.031    u_icache/FSM_onehot_state_reg[5]_i_2318_n_0
                                                                      r  u_icache/FSM_onehot_state[5]_i_1111/I0
                         LUT6 (Prop_lut6_I0_O)        0.259     3.290 r  u_icache/FSM_onehot_state[5]_i_1111/O
                         net (fo=1, unplaced)         0.000     3.290    u_icache/FSM_onehot_state[5]_i_1111_n_0
                                                                      r  u_icache/FSM_onehot_state_reg[5]_i_494/I1
                         MUXF7 (Prop_muxf7_I1_O)      0.206     3.496 r  u_icache/FSM_onehot_state_reg[5]_i_494/O
                         net (fo=1, unplaced)         0.584     4.080    u_icache/tag_arr[3]
                                                                      r  u_icache/FSM_onehot_state[5]_i_187/I0
                         LUT6 (Prop_lut6_I0_O)        0.242     4.322 r  u_icache/FSM_onehot_state[5]_i_187/O
                         net (fo=1, unplaced)         0.000     4.322    u_icache/FSM_onehot_state[5]_i_187_n_0
                                                                      r  u_icache/FSM_onehot_state_reg[5]_i_68/S[1]
                         CARRY4 (Prop_carry4_S[1]_CO[3])
                                                      0.457     4.779 r  u_icache/FSM_onehot_state_reg[5]_i_68/CO[3]
                         net (fo=1, unplaced)         0.008     4.787    u_icache/FSM_onehot_state_reg[5]_i_68_n_0
                                                                      r  u_icache/FSM_onehot_state_reg[5]_i_21/CI
                         CARRY4 (Prop_carry4_CI_CO[2])
                                                      0.209     4.996 f  u_icache/FSM_onehot_state_reg[5]_i_21/CO[2]
                         net (fo=24, unplaced)        0.413     5.409    u_icache/way_hit_30
                                                                      f  u_icache/FSM_onehot_state[5]_i_7/I2
                         LUT4 (Prop_lut4_I2_O)        0.252     5.661 f  u_icache/FSM_onehot_state[5]_i_7/O
                         net (fo=5, unplaced)         0.375     6.036    u_icache/FSM_onehot_state[5]_i_7_n_0
                                                                      f  u_icache/valid_arr[3][99]_i_4/I4
                         LUT5 (Prop_lut5_I4_O)        0.105     6.141 f  u_icache/valid_arr[3][99]_i_4/O
                         net (fo=57, unplaced)        0.433     6.574    u_icache/hit_any
                                                                      f  u_icache/if_rline[255]_i_7/I0
                         LUT4 (Prop_lut4_I0_O)        0.105     6.679 f  u_icache/if_rline[255]_i_7/O
                         net (fo=257, unplaced)       0.470     7.149    u_icache/lookup_hit
                                                                      f  u_icache/if_rline[255]_i_4/I0
                         LUT2 (Prop_lut2_I0_O)        0.105     7.254 f  u_icache/if_rline[255]_i_4/O
                         net (fo=12, unplaced)        0.395     7.649    u_ifu/ic_ifu_data_ok
                                                                      f  u_ifu/if_rline[255]_i_5/I2
                         LUT3 (Prop_lut3_I2_O)        0.105     7.754 r  u_ifu/if_rline[255]_i_5/O
                         net (fo=128, unplaced)       0.453     8.207    u_ifu/if_rline[255]_i_5_n_0
                                                                      r  u_ifu/mem[14][61]_i_12/I4
                         LUT6 (Prop_lut6_I4_O)        0.105     8.312 f  u_ifu/mem[14][61]_i_12/O
                         net (fo=2, unplaced)         0.593     8.905    u_ifu/mem[14][61]_i_12_n_0
                                                                      f  u_ifu/mem[14][61]_i_5/I1
                         LUT6 (Prop_lut6_I1_O)        0.105     9.010 f  u_ifu/mem[14][61]_i_5/O
                         net (fo=3, unplaced)         0.956     9.966    u_ifu/mem[14][61]_i_5_n_0
                                                                      f  u_ifu/i_excp_adef_o_i_43/I0
                         LUT6 (Prop_lut6_I0_O)        0.105    10.071 r  u_ifu/i_excp_adef_o_i_43/O
                         net (fo=3, unplaced)         0.346    10.417    u_ifu/i_excp_adef_o_i_43_n_0
                                                                      r  u_ifu/i_excp_adef_o_i_20/I0
                         LUT4 (Prop_lut4_I0_O)        0.126    10.543 r  u_ifu/i_excp_adef_o_i_20/O
                         net (fo=3, unplaced)         0.600    11.143    u_ifu/i_excp_adef_o_i_20_n_0
                                                                      r  u_ifu/i_excp_adef_o_i_8/I0
                         LUT6 (Prop_lut6_I0_O)        0.105    11.248 r  u_ifu/i_excp_adef_o_i_8/O
                         net (fo=5, unplaced)         0.556    11.804    u_ifu/i_excp_adef_o_i_8_n_0
                                                                      r  u_ifu/i_excp_adef_o_i_2/I3
                         LUT6 (Prop_lut6_I3_O)        0.105    11.909 r  u_ifu/i_excp_adef_o_i_2/O
                         net (fo=44, unplaced)        0.426    12.335    u_ifu/ifu_ftq_accept
                                                                      r  u_ifu/e_key[0][4]_i_1/I1
                         LUT3 (Prop_lut3_I1_O)        0.105    12.440 r  u_ifu/e_key[0][4]_i_1/O
                         net (fo=19, unplaced)        0.406    12.846    u_csr_exception_commit_handler/mmu_tlbm_inst_vaddr[3]
                                                                      r  u_csr_exception_commit_handler/e_ppn[0][19]_i_443__0/I2
                         LUT3 (Prop_lut3_I2_O)        0.105    12.951 r  u_csr_exception_commit_handler/e_ppn[0][19]_i_443__0/O
                         net (fo=32, unplaced)        0.653    13.604    u_tlb_manager/u_tlb/csr_tlbidx_reg[1]_i_38_5
                                                                      r  u_tlb_manager/u_tlb/e_ppn[0][19]_i_481/I1
                         LUT6 (Prop_lut6_I1_O)        0.105    13.709 r  u_tlb_manager/u_tlb/e_ppn[0][19]_i_481/O
                         net (fo=1, unplaced)         0.000    13.709    u_tlb_manager/u_tlb/e_ppn[0][19]_i_481_n_0
                                                                      r  u_tlb_manager/u_tlb/e_ppn_reg[0][19]_i_383/S[1]
                         CARRY4 (Prop_carry4_S[1]_CO[3])
                                                      0.457    14.166 r  u_tlb_manager/u_tlb/e_ppn_reg[0][19]_i_383/CO[3]
                         net (fo=1, unplaced)         0.008    14.174    u_tlb_manager/u_tlb/e_ppn_reg[0][19]_i_383_n_0
                                                                      r  u_tlb_manager/u_tlb/e_ppn_reg[0][19]_i_196/CI
                         CARRY4 (Prop_carry4_CI_CO[2])
                                                      0.209    14.383 r  u_tlb_manager/u_tlb/e_ppn_reg[0][19]_i_196/CO[2]
                         net (fo=1, unplaced)         0.349    14.732    u_tlb_manager/u_tlb/e_ppn_reg[0][19]_i_196_n_1
                                                                      r  u_tlb_manager/u_tlb/e_ppn[0][19]_i_86/I0
                         LUT6 (Prop_lut6_I0_O)        0.252    14.984 f  u_tlb_manager/u_tlb/e_ppn[0][19]_i_86/O
                         net (fo=4, unplaced)         0.962    15.946    u_tlb_manager/u_tlb/e_ppn[0][19]_i_86_n_0
                                                                      f  u_tlb_manager/u_tlb/csr_tlbidx[0]_i_50/I1
                         LUT6 (Prop_lut6_I1_O)        0.105    16.051 r  u_tlb_manager/u_tlb/csr_tlbidx[0]_i_50/O
                         net (fo=1, unplaced)         0.347    16.398    u_tlb_manager/u_tlb/csr_tlbidx[0]_i_50_n_0
                                                                      r  u_tlb_manager/u_tlb/csr_tlbidx[0]_i_25/I4
                         LUT6 (Prop_lut6_I4_O)        0.105    16.503 r  u_tlb_manager/u_tlb/csr_tlbidx[0]_i_25/O
                         net (fo=2, unplaced)         0.358    16.861    u_tlb_manager/u_tlb/csr_tlbidx[0]_i_25_n_0
                                                                      r  u_tlb_manager/u_tlb/csr_tlbidx[0]_i_11/I2
                         LUT6 (Prop_lut6_I2_O)        0.105    16.966 r  u_tlb_manager/u_tlb/csr_tlbidx[0]_i_11/O
                         net (fo=1, unplaced)         0.347    17.313    u_tlb_manager/u_tlb/csr_tlbidx[0]_i_11_n_0
                                                                      r  u_tlb_manager/u_tlb/csr_tlbidx[0]_i_3/I3
                         LUT6 (Prop_lut6_I3_O)        0.105    17.418 f  u_tlb_manager/u_tlb/csr_tlbidx[0]_i_3/O
                         net (fo=1, unplaced)         0.582    18.000    u_tlb_manager/u_tlb/csr_tlbidx[0]_i_3_n_0
                                                                      f  u_tlb_manager/u_tlb/csr_tlbidx[0]_i_2/I0
                         LUT6 (Prop_lut6_I0_O)        0.105    18.105 r  u_tlb_manager/u_tlb/csr_tlbidx[0]_i_2/O
                         net (fo=463, unplaced)       0.485    18.590    u_tlb_manager/u_tlb/tlb_g_reg[28]_1
                                                                      r  u_tlb_manager/u_tlb/pre_paddr[21]_i_14/I4
                         LUT6 (Prop_lut6_I4_O)        0.105    18.695 r  u_tlb_manager/u_tlb/pre_paddr[21]_i_14/O
                         net (fo=1, unplaced)         0.938    19.633    u_tlb_manager/u_tlb/pre_paddr[21]_i_14_n_0
                                                                      r  u_tlb_manager/u_tlb/pre_paddr[21]_i_10/I1
                         LUT6 (Prop_lut6_I1_O)        0.105    19.738 r  u_tlb_manager/u_tlb/pre_paddr[21]_i_10/O
                         net (fo=1, unplaced)         0.582    20.320    u_tlb_manager/u_tlb/pre_paddr[21]_i_10_n_0
                                                                      r  u_tlb_manager/u_tlb/pre_paddr[21]_i_7/I1
                         LUT6 (Prop_lut6_I1_O)        0.105    20.425 f  u_tlb_manager/u_tlb/pre_paddr[21]_i_7/O
                         net (fo=2, unplaced)         0.593    21.018    u_tlb_manager/u_tlb/s0_ps[5]
                                                                      f  u_tlb_manager/u_tlb/fifo_ptr[2]_i_3__0/I0
                         LUT6 (Prop_lut6_I0_O)        0.105    21.123 r  u_tlb_manager/u_tlb/fifo_ptr[2]_i_3__0/O
                         net (fo=1, unplaced)         0.347    21.470    u_tlb_manager/u_tlb/fifo_ptr[2]_i_3__0_n_0
                                                                      r  u_tlb_manager/u_tlb/fifo_ptr[2]_i_2__0/I1
                         LUT6 (Prop_lut6_I1_O)        0.105    21.575 r  u_tlb_manager/u_tlb/fifo_ptr[2]_i_2__0/O
                         net (fo=19, unplaced)        0.406    21.981    u_tlb_manager/u_l1_tlb_i/refill_en
                                                                      r  u_tlb_manager/u_l1_tlb_i/e_key[1][19]_i_1/I1
                         LUT5 (Prop_lut5_I1_O)        0.105    22.086 r  u_tlb_manager/u_l1_tlb_i/e_key[1][19]_i_1/O
                         net (fo=45, unplaced)        0.446    22.532    u_tlb_manager/u_l1_tlb_i/e_key[1][19]_i_1_n_0
                         FDRE                                         r  u_tlb_manager/u_l1_tlb_i/e_key_reg[1][16]/CE
  -------------------------------------------------------------------    -------------------

                         (clock aclk rise edge)      10.000    10.000 r  
                                                      0.000    10.000 r  aclk (IN)
                         net (fo=53882, unset)        0.748    10.748    u_tlb_manager/u_l1_tlb_i/aclk
                         FDRE                                         r  u_tlb_manager/u_l1_tlb_i/e_key_reg[1][16]/C
                         clock pessimism              0.000    10.748    
                         clock uncertainty           -0.035    10.712    
                         FDRE (Setup_fdre_C_CE)      -0.165    10.547    u_tlb_manager/u_l1_tlb_i/e_key_reg[1][16]
  -------------------------------------------------------------------
                         required time                         10.547    
                         arrival time                         -22.532    
  -------------------------------------------------------------------
                         slack                                -11.985    

Slack (VIOLATED) :        -11.985ns  (required time - arrival time)
  Source:                 u_icache/tag_arr_reg[3][119][3]/C
                            (rising edge-triggered cell FDRE clocked by aclk  {rise@0.000ns fall@5.000ns period=10.000ns})
  Destination:            u_tlb_manager/u_l1_tlb_i/e_key_reg[1][17]/CE
                            (rising edge-triggered cell FDRE clocked by aclk  {rise@0.000ns fall@5.000ns period=10.000ns})
  Path Group:             aclk
  Path Type:              Setup (Max at Slow Process Corner)
  Requirement:            10.000ns  (aclk rise@10.000ns - aclk rise@0.000ns)
  Data Path Delay:        21.745ns  (logic 5.986ns (27.528%)  route 15.759ns (72.472%))
  Logic Levels:           36  (CARRY4=4 LUT2=1 LUT3=3 LUT4=3 LUT5=2 LUT6=20 MUXF7=2 MUXF8=1)
  Clock Path Skew:        -0.039ns (DCD - SCD + CPR)
    Destination Clock Delay (DCD):    0.748ns = ( 10.748 - 10.000 ) 
    Source Clock Delay      (SCD):    0.787ns
    Clock Pessimism Removal (CPR):    0.000ns
  Clock Uncertainty:      0.035ns  ((TSJ^2 + TIJ^2)^1/2 + DJ) / 2 + PE
    Total System Jitter     (TSJ):    0.071ns
    Total Input Jitter      (TIJ):    0.000ns
    Discrete Jitter          (DJ):    0.000ns
    Phase Error              (PE):    0.000ns

    Location             Delay type                Incr(ns)  Path(ns)    Netlist Resource(s)
  -------------------------------------------------------------------    -------------------
                         (clock aclk rise edge)       0.000     0.000 r  
                                                      0.000     0.000 r  aclk (IN)
                         net (fo=53882, unset)        0.787     0.787    u_icache/aclk
                         FDRE                                         r  u_icache/tag_arr_reg[3][119][3]/C
  -------------------------------------------------------------------    -------------------
                         FDRE (Prop_fdre_C_Q)         0.379     1.166 r  u_icache/tag_arr_reg[3][119][3]/Q
                         net (fo=1, unplaced)         0.779     1.945    u_icache/tag_arr_reg_n_0_[3][119][3]
                                                                      r  u_icache/FSM_onehot_state[5]_i_4699/I0
                         LUT6 (Prop_lut6_I0_O)        0.232     2.177 r  u_icache/FSM_onehot_state[5]_i_4699/O
                         net (fo=1, unplaced)         0.000     2.177    u_icache/FSM_onehot_state[5]_i_4699_n_0
                                                                      r  u_icache/FSM_onehot_state_reg[5]_i_3794/I1
                         MUXF7 (Prop_muxf7_I1_O)      0.206     2.383 r  u_icache/FSM_onehot_state_reg[5]_i_3794/O
                         net (fo=1, unplaced)         0.000     2.383    u_icache/FSM_onehot_state_reg[5]_i_3794_n_0
                                                                      r  u_icache/FSM_onehot_state_reg[5]_i_2318/I0
                         MUXF8 (Prop_muxf8_I0_O)      0.085     2.468 r  u_icache/FSM_onehot_state_reg[5]_i_2318/O
                         net (fo=1, unplaced)         0.563     3.031    u_icache/FSM_onehot_state_reg[5]_i_2318_n_0
                                                                      r  u_icache/FSM_onehot_state[5]_i_1111/I0
                         LUT6 (Prop_lut6_I0_O)        0.259     3.290 r  u_icache/FSM_onehot_state[5]_i_1111/O
                         net (fo=1, unplaced)         0.000     3.290    u_icache/FSM_onehot_state[5]_i_1111_n_0
                                                                      r  u_icache/FSM_onehot_state_reg[5]_i_494/I1
                         MUXF7 (Prop_muxf7_I1_O)      0.206     3.496 r  u_icache/FSM_onehot_state_reg[5]_i_494/O
                         net (fo=1, unplaced)         0.584     4.080    u_icache/tag_arr[3]
                                                                      r  u_icache/FSM_onehot_state[5]_i_187/I0
                         LUT6 (Prop_lut6_I0_O)        0.242     4.322 r  u_icache/FSM_onehot_state[5]_i_187/O
                         net (fo=1, unplaced)         0.000     4.322    u_icache/FSM_onehot_state[5]_i_187_n_0
                                                                      r  u_icache/FSM_onehot_state_reg[5]_i_68/S[1]
                         CARRY4 (Prop_carry4_S[1]_CO[3])
                                                      0.457     4.779 r  u_icache/FSM_onehot_state_reg[5]_i_68/CO[3]
                         net (fo=1, unplaced)         0.008     4.787    u_icache/FSM_onehot_state_reg[5]_i_68_n_0
                                                                      r  u_icache/FSM_onehot_state_reg[5]_i_21/CI
                         CARRY4 (Prop_carry4_CI_CO[2])
                                                      0.209     4.996 f  u_icache/FSM_onehot_state_reg[5]_i_21/CO[2]
                         net (fo=24, unplaced)        0.413     5.409    u_icache/way_hit_30
                                                                      f  u_icache/FSM_onehot_state[5]_i_7/I2
                         LUT4 (Prop_lut4_I2_O)        0.252     5.661 f  u_icache/FSM_onehot_state[5]_i_7/O
                         net (fo=5, unplaced)         0.375     6.036    u_icache/FSM_onehot_state[5]_i_7_n_0
                                                                      f  u_icache/valid_arr[3][99]_i_4/I4
                         LUT5 (Prop_lut5_I4_O)        0.105     6.141 f  u_icache/valid_arr[3][99]_i_4/O
                         net (fo=57, unplaced)        0.433     6.574    u_icache/hit_any
                                                                      f  u_icache/if_rline[255]_i_7/I0
                         LUT4 (Prop_lut4_I0_O)        0.105     6.679 f  u_icache/if_rline[255]_i_7/O
                         net (fo=257, unplaced)       0.470     7.149    u_icache/lookup_hit
                                                                      f  u_icache/if_rline[255]_i_4/I0
                         LUT2 (Prop_lut2_I0_O)        0.105     7.254 f  u_icache/if_rline[255]_i_4/O
                         net (fo=12, unplaced)        0.395     7.649    u_ifu/ic_ifu_data_ok
                                                                      f  u_ifu/if_rline[255]_i_5/I2
                         LUT3 (Prop_lut3_I2_O)        0.105     7.754 r  u_ifu/if_rline[255]_i_5/O
                         net (fo=128, unplaced)       0.453     8.207    u_ifu/if_rline[255]_i_5_n_0
                                                                      r  u_ifu/mem[14][61]_i_12/I4
                         LUT6 (Prop_lut6_I4_O)        0.105     8.312 f  u_ifu/mem[14][61]_i_12/O
                         net (fo=2, unplaced)         0.593     8.905    u_ifu/mem[14][61]_i_12_n_0
                                                                      f  u_ifu/mem[14][61]_i_5/I1
                         LUT6 (Prop_lut6_I1_O)        0.105     9.010 f  u_ifu/mem[14][61]_i_5/O
                         net (fo=3, unplaced)         0.956     9.966    u_ifu/mem[14][61]_i_5_n_0
                                                                      f  u_ifu/i_excp_adef_o_i_43/I0
                         LUT6 (Prop_lut6_I0_O)        0.105    10.071 r  u_ifu/i_excp_adef_o_i_43/O
                         net (fo=3, unplaced)         0.346    10.417    u_ifu/i_excp_adef_o_i_43_n_0
                                                                      r  u_ifu/i_excp_adef_o_i_20/I0
                         LUT4 (Prop_lut4_I0_O)        0.126    10.543 r  u_ifu/i_excp_adef_o_i_20/O
                         net (fo=3, unplaced)         0.600    11.143    u_ifu/i_excp_adef_o_i_20_n_0
                                                                      r  u_ifu/i_excp_adef_o_i_8/I0
                         LUT6 (Prop_lut6_I0_O)        0.105    11.248 r  u_ifu/i_excp_adef_o_i_8/O
                         net (fo=5, unplaced)         0.556    11.804    u_ifu/i_excp_adef_o_i_8_n_0
                                                                      r  u_ifu/i_excp_adef_o_i_2/I3
                         LUT6 (Prop_lut6_I3_O)        0.105    11.909 r  u_ifu/i_excp_adef_o_i_2/O
                         net (fo=44, unplaced)        0.426    12.335    u_ifu/ifu_ftq_accept
                                                                      r  u_ifu/e_key[0][4]_i_1/I1
                         LUT3 (Prop_lut3_I1_O)        0.105    12.440 r  u_ifu/e_key[0][4]_i_1/O
                         net (fo=19, unplaced)        0.406    12.846    u_csr_exception_commit_handler/mmu_tlbm_inst_vaddr[3]
                                                                      r  u_csr_exception_commit_handler/e_ppn[0][19]_i_443__0/I2
                         LUT3 (Prop_lut3_I2_O)        0.105    12.951 r  u_csr_exception_commit_handler/e_ppn[0][19]_i_443__0/O
                         net (fo=32, unplaced)        0.653    13.604    u_tlb_manager/u_tlb/csr_tlbidx_reg[1]_i_38_5
                                                                      r  u_tlb_manager/u_tlb/e_ppn[0][19]_i_481/I1
                         LUT6 (Prop_lut6_I1_O)        0.105    13.709 r  u_tlb_manager/u_tlb/e_ppn[0][19]_i_481/O
                         net (fo=1, unplaced)         0.000    13.709    u_tlb_manager/u_tlb/e_ppn[0][19]_i_481_n_0
                                                                      r  u_tlb_manager/u_tlb/e_ppn_reg[0][19]_i_383/S[1]
                         CARRY4 (Prop_carry4_S[1]_CO[3])
                                                      0.457    14.166 r  u_tlb_manager/u_tlb/e_ppn_reg[0][19]_i_383/CO[3]
                         net (fo=1, unplaced)         0.008    14.174    u_tlb_manager/u_tlb/e_ppn_reg[0][19]_i_383_n_0
                                                                      r  u_tlb_manager/u_tlb/e_ppn_reg[0][19]_i_196/CI
                         CARRY4 (Prop_carry4_CI_CO[2])
                                                      0.209    14.383 r  u_tlb_manager/u_tlb/e_ppn_reg[0][19]_i_196/CO[2]
                         net (fo=1, unplaced)         0.349    14.732    u_tlb_manager/u_tlb/e_ppn_reg[0][19]_i_196_n_1
                                                                      r  u_tlb_manager/u_tlb/e_ppn[0][19]_i_86/I0
                         LUT6 (Prop_lut6_I0_O)        0.252    14.984 f  u_tlb_manager/u_tlb/e_ppn[0][19]_i_86/O
                         net (fo=4, unplaced)         0.962    15.946    u_tlb_manager/u_tlb/e_ppn[0][19]_i_86_n_0
                                                                      f  u_tlb_manager/u_tlb/csr_tlbidx[0]_i_50/I1
                         LUT6 (Prop_lut6_I1_O)        0.105    16.051 r  u_tlb_manager/u_tlb/csr_tlbidx[0]_i_50/O
                         net (fo=1, unplaced)         0.347    16.398    u_tlb_manager/u_tlb/csr_tlbidx[0]_i_50_n_0
                                                                      r  u_tlb_manager/u_tlb/csr_tlbidx[0]_i_25/I4
                         LUT6 (Prop_lut6_I4_O)        0.105    16.503 r  u_tlb_manager/u_tlb/csr_tlbidx[0]_i_25/O
                         net (fo=2, unplaced)         0.358    16.861    u_tlb_manager/u_tlb/csr_tlbidx[0]_i_25_n_0
                                                                      r  u_tlb_manager/u_tlb/csr_tlbidx[0]_i_11/I2
                         LUT6 (Prop_lut6_I2_O)        0.105    16.966 r  u_tlb_manager/u_tlb/csr_tlbidx[0]_i_11/O
                         net (fo=1, unplaced)         0.347    17.313    u_tlb_manager/u_tlb/csr_tlbidx[0]_i_11_n_0
                                                                      r  u_tlb_manager/u_tlb/csr_tlbidx[0]_i_3/I3
                         LUT6 (Prop_lut6_I3_O)        0.105    17.418 f  u_tlb_manager/u_tlb/csr_tlbidx[0]_i_3/O
                         net (fo=1, unplaced)         0.582    18.000    u_tlb_manager/u_tlb/csr_tlbidx[0]_i_3_n_0
                                                                      f  u_tlb_manager/u_tlb/csr_tlbidx[0]_i_2/I0
                         LUT6 (Prop_lut6_I0_O)        0.105    18.105 r  u_tlb_manager/u_tlb/csr_tlbidx[0]_i_2/O
                         net (fo=463, unplaced)       0.485    18.590    u_tlb_manager/u_tlb/tlb_g_reg[28]_1
                                                                      r  u_tlb_manager/u_tlb/pre_paddr[21]_i_14/I4
                         LUT6 (Prop_lut6_I4_O)        0.105    18.695 r  u_tlb_manager/u_tlb/pre_paddr[21]_i_14/O
                         net (fo=1, unplaced)         0.938    19.633    u_tlb_manager/u_tlb/pre_paddr[21]_i_14_n_0
                                                                      r  u_tlb_manager/u_tlb/pre_paddr[21]_i_10/I1
                         LUT6 (Prop_lut6_I1_O)        0.105    19.738 r  u_tlb_manager/u_tlb/pre_paddr[21]_i_10/O
                         net (fo=1, unplaced)         0.582    20.320    u_tlb_manager/u_tlb/pre_paddr[21]_i_10_n_0
                                                                      r  u_tlb_manager/u_tlb/pre_paddr[21]_i_7/I1
                         LUT6 (Prop_lut6_I1_O)        0.105    20.425 f  u_tlb_manager/u_tlb/pre_paddr[21]_i_7/O
                         net (fo=2, unplaced)         0.593    21.018    u_tlb_manager/u_tlb/s0_ps[5]
                                                                      f  u_tlb_manager/u_tlb/fifo_ptr[2]_i_3__0/I0
                         LUT6 (Prop_lut6_I0_O)        0.105    21.123 r  u_tlb_manager/u_tlb/fifo_ptr[2]_i_3__0/O
                         net (fo=1, unplaced)         0.347    21.470    u_tlb_manager/u_tlb/fifo_ptr[2]_i_3__0_n_0
                                                                      r  u_tlb_manager/u_tlb/fifo_ptr[2]_i_2__0/I1
                         LUT6 (Prop_lut6_I1_O)        0.105    21.575 r  u_tlb_manager/u_tlb/fifo_ptr[2]_i_2__0/O
                         net (fo=19, unplaced)        0.406    21.981    u_tlb_manager/u_l1_tlb_i/refill_en
                                                                      r  u_tlb_manager/u_l1_tlb_i/e_key[1][19]_i_1/I1
                         LUT5 (Prop_lut5_I1_O)        0.105    22.086 r  u_tlb_manager/u_l1_tlb_i/e_key[1][19]_i_1/O
                         net (fo=45, unplaced)        0.446    22.532    u_tlb_manager/u_l1_tlb_i/e_key[1][19]_i_1_n_0
                         FDRE                                         r  u_tlb_manager/u_l1_tlb_i/e_key_reg[1][17]/CE
  -------------------------------------------------------------------    -------------------

                         (clock aclk rise edge)      10.000    10.000 r  
                                                      0.000    10.000 r  aclk (IN)
                         net (fo=53882, unset)        0.748    10.748    u_tlb_manager/u_l1_tlb_i/aclk
                         FDRE                                         r  u_tlb_manager/u_l1_tlb_i/e_key_reg[1][17]/C
                         clock pessimism              0.000    10.748    
                         clock uncertainty           -0.035    10.712    
                         FDRE (Setup_fdre_C_CE)      -0.165    10.547    u_tlb_manager/u_l1_tlb_i/e_key_reg[1][17]
  -------------------------------------------------------------------
                         required time                         10.547    
                         arrival time                         -22.532    
  -------------------------------------------------------------------
                         slack                                -11.985    

Slack (VIOLATED) :        -11.985ns  (required time - arrival time)
  Source:                 u_icache/tag_arr_reg[3][119][3]/C
                            (rising edge-triggered cell FDRE clocked by aclk  {rise@0.000ns fall@5.000ns period=10.000ns})
  Destination:            u_tlb_manager/u_l1_tlb_i/e_key_reg[1][18]/CE
                            (rising edge-triggered cell FDRE clocked by aclk  {rise@0.000ns fall@5.000ns period=10.000ns})
  Path Group:             aclk
  Path Type:              Setup (Max at Slow Process Corner)
  Requirement:            10.000ns  (aclk rise@10.000ns - aclk rise@0.000ns)
  Data Path Delay:        21.745ns  (logic 5.986ns (27.528%)  route 15.759ns (72.472%))
  Logic Levels:           36  (CARRY4=4 LUT2=1 LUT3=3 LUT4=3 LUT5=2 LUT6=20 MUXF7=2 MUXF8=1)
  Clock Path Skew:        -0.039ns (DCD - SCD + CPR)
    Destination Clock Delay (DCD):    0.748ns = ( 10.748 - 10.000 ) 
    Source Clock Delay      (SCD):    0.787ns
    Clock Pessimism Removal (CPR):    0.000ns
  Clock Uncertainty:      0.035ns  ((TSJ^2 + TIJ^2)^1/2 + DJ) / 2 + PE
    Total System Jitter     (TSJ):    0.071ns
    Total Input Jitter      (TIJ):    0.000ns
    Discrete Jitter          (DJ):    0.000ns
    Phase Error              (PE):    0.000ns

    Location             Delay type                Incr(ns)  Path(ns)    Netlist Resource(s)
  -------------------------------------------------------------------    -------------------
                         (clock aclk rise edge)       0.000     0.000 r  
                                                      0.000     0.000 r  aclk (IN)
                         net (fo=53882, unset)        0.787     0.787    u_icache/aclk
                         FDRE                                         r  u_icache/tag_arr_reg[3][119][3]/C
  -------------------------------------------------------------------    -------------------
                         FDRE (Prop_fdre_C_Q)         0.379     1.166 r  u_icache/tag_arr_reg[3][119][3]/Q
                         net (fo=1, unplaced)         0.779     1.945    u_icache/tag_arr_reg_n_0_[3][119][3]
                                                                      r  u_icache/FSM_onehot_state[5]_i_4699/I0
                         LUT6 (Prop_lut6_I0_O)        0.232     2.177 r  u_icache/FSM_onehot_state[5]_i_4699/O
                         net (fo=1, unplaced)         0.000     2.177    u_icache/FSM_onehot_state[5]_i_4699_n_0
                                                                      r  u_icache/FSM_onehot_state_reg[5]_i_3794/I1
                         MUXF7 (Prop_muxf7_I1_O)      0.206     2.383 r  u_icache/FSM_onehot_state_reg[5]_i_3794/O
                         net (fo=1, unplaced)         0.000     2.383    u_icache/FSM_onehot_state_reg[5]_i_3794_n_0
                                                                      r  u_icache/FSM_onehot_state_reg[5]_i_2318/I0
                         MUXF8 (Prop_muxf8_I0_O)      0.085     2.468 r  u_icache/FSM_onehot_state_reg[5]_i_2318/O
                         net (fo=1, unplaced)         0.563     3.031    u_icache/FSM_onehot_state_reg[5]_i_2318_n_0
                                                                      r  u_icache/FSM_onehot_state[5]_i_1111/I0
                         LUT6 (Prop_lut6_I0_O)        0.259     3.290 r  u_icache/FSM_onehot_state[5]_i_1111/O
                         net (fo=1, unplaced)         0.000     3.290    u_icache/FSM_onehot_state[5]_i_1111_n_0
                                                                      r  u_icache/FSM_onehot_state_reg[5]_i_494/I1
                         MUXF7 (Prop_muxf7_I1_O)      0.206     3.496 r  u_icache/FSM_onehot_state_reg[5]_i_494/O
                         net (fo=1, unplaced)         0.584     4.080    u_icache/tag_arr[3]
                                                                      r  u_icache/FSM_onehot_state[5]_i_187/I0
                         LUT6 (Prop_lut6_I0_O)        0.242     4.322 r  u_icache/FSM_onehot_state[5]_i_187/O
                         net (fo=1, unplaced)         0.000     4.322    u_icache/FSM_onehot_state[5]_i_187_n_0
                                                                      r  u_icache/FSM_onehot_state_reg[5]_i_68/S[1]
                         CARRY4 (Prop_carry4_S[1]_CO[3])
                                                      0.457     4.779 r  u_icache/FSM_onehot_state_reg[5]_i_68/CO[3]
                         net (fo=1, unplaced)         0.008     4.787    u_icache/FSM_onehot_state_reg[5]_i_68_n_0
                                                                      r  u_icache/FSM_onehot_state_reg[5]_i_21/CI
                         CARRY4 (Prop_carry4_CI_CO[2])
                                                      0.209     4.996 f  u_icache/FSM_onehot_state_reg[5]_i_21/CO[2]
                         net (fo=24, unplaced)        0.413     5.409    u_icache/way_hit_30
                                                                      f  u_icache/FSM_onehot_state[5]_i_7/I2
                         LUT4 (Prop_lut4_I2_O)        0.252     5.661 f  u_icache/FSM_onehot_state[5]_i_7/O
                         net (fo=5, unplaced)         0.375     6.036    u_icache/FSM_onehot_state[5]_i_7_n_0
                                                                      f  u_icache/valid_arr[3][99]_i_4/I4
                         LUT5 (Prop_lut5_I4_O)        0.105     6.141 f  u_icache/valid_arr[3][99]_i_4/O
                         net (fo=57, unplaced)        0.433     6.574    u_icache/hit_any
                                                                      f  u_icache/if_rline[255]_i_7/I0
                         LUT4 (Prop_lut4_I0_O)        0.105     6.679 f  u_icache/if_rline[255]_i_7/O
                         net (fo=257, unplaced)       0.470     7.149    u_icache/lookup_hit
                                                                      f  u_icache/if_rline[255]_i_4/I0
                         LUT2 (Prop_lut2_I0_O)        0.105     7.254 f  u_icache/if_rline[255]_i_4/O
                         net (fo=12, unplaced)        0.395     7.649    u_ifu/ic_ifu_data_ok
                                                                      f  u_ifu/if_rline[255]_i_5/I2
                         LUT3 (Prop_lut3_I2_O)        0.105     7.754 r  u_ifu/if_rline[255]_i_5/O
                         net (fo=128, unplaced)       0.453     8.207    u_ifu/if_rline[255]_i_5_n_0
                                                                      r  u_ifu/mem[14][61]_i_12/I4
                         LUT6 (Prop_lut6_I4_O)        0.105     8.312 f  u_ifu/mem[14][61]_i_12/O
                         net (fo=2, unplaced)         0.593     8.905    u_ifu/mem[14][61]_i_12_n_0
                                                                      f  u_ifu/mem[14][61]_i_5/I1
                         LUT6 (Prop_lut6_I1_O)        0.105     9.010 f  u_ifu/mem[14][61]_i_5/O
                         net (fo=3, unplaced)         0.956     9.966    u_ifu/mem[14][61]_i_5_n_0
                                                                      f  u_ifu/i_excp_adef_o_i_43/I0
                         LUT6 (Prop_lut6_I0_O)        0.105    10.071 r  u_ifu/i_excp_adef_o_i_43/O
                         net (fo=3, unplaced)         0.346    10.417    u_ifu/i_excp_adef_o_i_43_n_0
                                                                      r  u_ifu/i_excp_adef_o_i_20/I0
                         LUT4 (Prop_lut4_I0_O)        0.126    10.543 r  u_ifu/i_excp_adef_o_i_20/O
                         net (fo=3, unplaced)         0.600    11.143    u_ifu/i_excp_adef_o_i_20_n_0
                                                                      r  u_ifu/i_excp_adef_o_i_8/I0
                         LUT6 (Prop_lut6_I0_O)        0.105    11.248 r  u_ifu/i_excp_adef_o_i_8/O
                         net (fo=5, unplaced)         0.556    11.804    u_ifu/i_excp_adef_o_i_8_n_0
                                                                      r  u_ifu/i_excp_adef_o_i_2/I3
                         LUT6 (Prop_lut6_I3_O)        0.105    11.909 r  u_ifu/i_excp_adef_o_i_2/O
                         net (fo=44, unplaced)        0.426    12.335    u_ifu/ifu_ftq_accept
                                                                      r  u_ifu/e_key[0][4]_i_1/I1
                         LUT3 (Prop_lut3_I1_O)        0.105    12.440 r  u_ifu/e_key[0][4]_i_1/O
                         net (fo=19, unplaced)        0.406    12.846    u_csr_exception_commit_handler/mmu_tlbm_inst_vaddr[3]
                                                                      r  u_csr_exception_commit_handler/e_ppn[0][19]_i_443__0/I2
                         LUT3 (Prop_lut3_I2_O)        0.105    12.951 r  u_csr_exception_commit_handler/e_ppn[0][19]_i_443__0/O
                         net (fo=32, unplaced)        0.653    13.604    u_tlb_manager/u_tlb/csr_tlbidx_reg[1]_i_38_5
                                                                      r  u_tlb_manager/u_tlb/e_ppn[0][19]_i_481/I1
                         LUT6 (Prop_lut6_I1_O)        0.105    13.709 r  u_tlb_manager/u_tlb/e_ppn[0][19]_i_481/O
                         net (fo=1, unplaced)         0.000    13.709    u_tlb_manager/u_tlb/e_ppn[0][19]_i_481_n_0
                                                                      r  u_tlb_manager/u_tlb/e_ppn_reg[0][19]_i_383/S[1]
                         CARRY4 (Prop_carry4_S[1]_CO[3])
                                                      0.457    14.166 r  u_tlb_manager/u_tlb/e_ppn_reg[0][19]_i_383/CO[3]
                         net (fo=1, unplaced)         0.008    14.174    u_tlb_manager/u_tlb/e_ppn_reg[0][19]_i_383_n_0
                                                                      r  u_tlb_manager/u_tlb/e_ppn_reg[0][19]_i_196/CI
                         CARRY4 (Prop_carry4_CI_CO[2])
                                                      0.209    14.383 r  u_tlb_manager/u_tlb/e_ppn_reg[0][19]_i_196/CO[2]
                         net (fo=1, unplaced)         0.349    14.732    u_tlb_manager/u_tlb/e_ppn_reg[0][19]_i_196_n_1
                                                                      r  u_tlb_manager/u_tlb/e_ppn[0][19]_i_86/I0
                         LUT6 (Prop_lut6_I0_O)        0.252    14.984 f  u_tlb_manager/u_tlb/e_ppn[0][19]_i_86/O
                         net (fo=4, unplaced)         0.962    15.946    u_tlb_manager/u_tlb/e_ppn[0][19]_i_86_n_0
                                                                      f  u_tlb_manager/u_tlb/csr_tlbidx[0]_i_50/I1
                         LUT6 (Prop_lut6_I1_O)        0.105    16.051 r  u_tlb_manager/u_tlb/csr_tlbidx[0]_i_50/O
                         net (fo=1, unplaced)         0.347    16.398    u_tlb_manager/u_tlb/csr_tlbidx[0]_i_50_n_0
                                                                      r  u_tlb_manager/u_tlb/csr_tlbidx[0]_i_25/I4
                         LUT6 (Prop_lut6_I4_O)        0.105    16.503 r  u_tlb_manager/u_tlb/csr_tlbidx[0]_i_25/O
                         net (fo=2, unplaced)         0.358    16.861    u_tlb_manager/u_tlb/csr_tlbidx[0]_i_25_n_0
                                                                      r  u_tlb_manager/u_tlb/csr_tlbidx[0]_i_11/I2
                         LUT6 (Prop_lut6_I2_O)        0.105    16.966 r  u_tlb_manager/u_tlb/csr_tlbidx[0]_i_11/O
                         net (fo=1, unplaced)         0.347    17.313    u_tlb_manager/u_tlb/csr_tlbidx[0]_i_11_n_0
                                                                      r  u_tlb_manager/u_tlb/csr_tlbidx[0]_i_3/I3
                         LUT6 (Prop_lut6_I3_O)        0.105    17.418 f  u_tlb_manager/u_tlb/csr_tlbidx[0]_i_3/O
                         net (fo=1, unplaced)         0.582    18.000    u_tlb_manager/u_tlb/csr_tlbidx[0]_i_3_n_0
                                                                      f  u_tlb_manager/u_tlb/csr_tlbidx[0]_i_2/I0
                         LUT6 (Prop_lut6_I0_O)        0.105    18.105 r  u_tlb_manager/u_tlb/csr_tlbidx[0]_i_2/O
                         net (fo=463, unplaced)       0.485    18.590    u_tlb_manager/u_tlb/tlb_g_reg[28]_1
                                                                      r  u_tlb_manager/u_tlb/pre_paddr[21]_i_14/I4
                         LUT6 (Prop_lut6_I4_O)        0.105    18.695 r  u_tlb_manager/u_tlb/pre_paddr[21]_i_14/O
                         net (fo=1, unplaced)         0.938    19.633    u_tlb_manager/u_tlb/pre_paddr[21]_i_14_n_0
                                                                      r  u_tlb_manager/u_tlb/pre_paddr[21]_i_10/I1
                         LUT6 (Prop_lut6_I1_O)        0.105    19.738 r  u_tlb_manager/u_tlb/pre_paddr[21]_i_10/O
                         net (fo=1, unplaced)         0.582    20.320    u_tlb_manager/u_tlb/pre_paddr[21]_i_10_n_0
                                                                      r  u_tlb_manager/u_tlb/pre_paddr[21]_i_7/I1
                         LUT6 (Prop_lut6_I1_O)        0.105    20.425 f  u_tlb_manager/u_tlb/pre_paddr[21]_i_7/O
                         net (fo=2, unplaced)         0.593    21.018    u_tlb_manager/u_tlb/s0_ps[5]
                                                                      f  u_tlb_manager/u_tlb/fifo_ptr[2]_i_3__0/I0
                         LUT6 (Prop_lut6_I0_O)        0.105    21.123 r  u_tlb_manager/u_tlb/fifo_ptr[2]_i_3__0/O
                         net (fo=1, unplaced)         0.347    21.470    u_tlb_manager/u_tlb/fifo_ptr[2]_i_3__0_n_0
                                                                      r  u_tlb_manager/u_tlb/fifo_ptr[2]_i_2__0/I1
                         LUT6 (Prop_lut6_I1_O)        0.105    21.575 r  u_tlb_manager/u_tlb/fifo_ptr[2]_i_2__0/O
                         net (fo=19, unplaced)        0.406    21.981    u_tlb_manager/u_l1_tlb_i/refill_en
                                                                      r  u_tlb_manager/u_l1_tlb_i/e_key[1][19]_i_1/I1
                         LUT5 (Prop_lut5_I1_O)        0.105    22.086 r  u_tlb_manager/u_l1_tlb_i/e_key[1][19]_i_1/O
                         net (fo=45, unplaced)        0.446    22.532    u_tlb_manager/u_l1_tlb_i/e_key[1][19]_i_1_n_0
                         FDRE                                         r  u_tlb_manager/u_l1_tlb_i/e_key_reg[1][18]/CE
  -------------------------------------------------------------------    -------------------

                         (clock aclk rise edge)      10.000    10.000 r  
                                                      0.000    10.000 r  aclk (IN)
                         net (fo=53882, unset)        0.748    10.748    u_tlb_manager/u_l1_tlb_i/aclk
                         FDRE                                         r  u_tlb_manager/u_l1_tlb_i/e_key_reg[1][18]/C
                         clock pessimism              0.000    10.748    
                         clock uncertainty           -0.035    10.712    
                         FDRE (Setup_fdre_C_CE)      -0.165    10.547    u_tlb_manager/u_l1_tlb_i/e_key_reg[1][18]
  -------------------------------------------------------------------
                         required time                         10.547    
                         arrival time                         -22.532    
  -------------------------------------------------------------------
                         slack                                -11.985    




