Copyright 1986-2022 Xilinx, Inc. All Rights Reserved. Copyright 2022-2023 Advanced Micro Devices, Inc. All Rights Reserved.
---------------------------------------------------------------------------------------------------------------------------------------------------------------------------------------------------------------------------------
| Tool Version : Vivado v.2023.2 (win64) Build 4029153 Fri Oct 13 20:14:34 MDT 2023
| Date         : Fri May  8 23:29:51 2026
| Host         : DESKTOP-829P7GE running 64-bit major release  (build 9200)
| Command      : report_timing_summary -max_paths 10 -report_unconstrained -file soc_lite_top_timing_summary_routed.rpt -pb soc_lite_top_timing_summary_routed.pb -rpx soc_lite_top_timing_summary_routed.rpx -warn_on_violation
| Design       : soc_lite_top
| Device       : 7a200t-fbg676
| Speed File   : -1  PRODUCTION 1.23 2018-06-13
| Design State : Routed
---------------------------------------------------------------------------------------------------------------------------------------------------------------------------------------------------------------------------------

Timing Summary Report

------------------------------------------------------------------------------------------------
| Timer Settings
| --------------
------------------------------------------------------------------------------------------------

  Enable Multi Corner Analysis               :  Yes
  Enable Pessimism Removal                   :  Yes
  Pessimism Removal Resolution               :  Nearest Common Node
  Enable Input Delay Default Clock           :  No
  Enable Preset / Clear Arcs                 :  No
  Disable Flight Delays                      :  No
  Ignore I/O Paths                           :  No
  Timing Early Launch at Borrowing Latches   :  No
  Borrow Time for Max Delay Exceptions       :  Yes
  Merge Timing Exceptions                    :  Yes
  Inter-SLR Compensation                     :  Conservative

  Corner  Analyze    Analyze    
  Name    Max Paths  Min Paths  
  ------  ---------  ---------  
  Slow    Yes        Yes        
  Fast    Yes        Yes        


------------------------------------------------------------------------------------------------
| Report Methodology
| ------------------
------------------------------------------------------------------------------------------------

Rule       Severity  Description                                                                                            Violations  
---------  --------  -----------------------------------------------------------------------------------------------------  ----------  
TIMING-9   Warning   Unknown CDC Logic                                                                                      1           
TIMING-10  Warning   Missing property on synchronizer                                                                       1           
TIMING-47  Warning   False path, asynchronous clock group or max delay datapath only constraint between synchronous clocks  2           
XDCC-1     Warning   Scoped Clock constraint overwritten with the same name                                                 1           
XDCC-7     Warning   Scoped Clock constraint overwritten on the same source                                                 1           

Note: This report is based on the most recent report_methodology run and may not be up-to-date. Run report_methodology on the current design for the latest report.



check_timing report

Table of Contents
-----------------
1. checking no_clock (0)
2. checking constant_clock (0)
3. checking pulse_width_clock (0)
4. checking unconstrained_internal_endpoints (0)
5. checking no_input_delay (15)
6. checking no_output_delay (71)
7. checking multiple_clock (0)
8. checking generated_clocks (0)
9. checking loops (0)
10. checking partial_input_delay (0)
11. checking partial_output_delay (0)
12. checking latch_loops (0)

1. checking no_clock (0)
------------------------
 There are 0 register/latch pins with no clock.


2. checking constant_clock (0)
------------------------------
 There are 0 register/latch pins with constant_clock.


3. checking pulse_width_clock (0)
---------------------------------
 There are 0 register/latch pins which need pulse_width check


4. checking unconstrained_internal_endpoints (0)
------------------------------------------------
 There are 0 pins that are not constrained for maximum delay.

 There are 0 pins that are not constrained for maximum delay due to constant clock.


5. checking no_input_delay (15)
-------------------------------
 There are 15 input ports with no input delay specified. (HIGH)

 There are 0 input ports with no input delay but user has a false path constraint.


6. checking no_output_delay (71)
--------------------------------
 There are 71 ports with no output delay specified. (HIGH)

 There are 0 ports with no output delay but user has a false path constraint

 There are 0 ports with no output delay but with a timing clock defined on it or propagating through it


7. checking multiple_clock (0)
------------------------------
 There are 0 register/latch pins with multiple clocks.


8. checking generated_clocks (0)
--------------------------------
 There are 0 generated clocks that are not connected to a clock source.


9. checking loops (0)
---------------------
 There are 0 combinational loops in the design.


10. checking partial_input_delay (0)
------------------------------------
 There are 0 input ports with partial input delay specified.


11. checking partial_output_delay (0)
-------------------------------------
 There are 0 ports with partial output delay specified.


12. checking latch_loops (0)
----------------------------
 There are 0 combinational latch loops in the design through latch input



------------------------------------------------------------------------------------------------
| Design Timing Summary
| ---------------------
------------------------------------------------------------------------------------------------

    WNS(ns)      TNS(ns)  TNS Failing Endpoints  TNS Total Endpoints      WHS(ns)      THS(ns)  THS Failing Endpoints  THS Total Endpoints     WPWS(ns)     TPWS(ns)  TPWS Failing Endpoints  TPWS Total Endpoints  
    -------      -------  ---------------------  -------------------      -------      -------  ---------------------  -------------------     --------     --------  ----------------------  --------------------  
      0.346        0.000                      0                36161        0.036        0.000                      0                36161        3.000        0.000                       0                 12352  


All user specified timing constraints are met.


------------------------------------------------------------------------------------------------
| Clock Summary
| -------------
------------------------------------------------------------------------------------------------

Clock                Waveform(ns)       Period(ns)      Frequency(MHz)
-----                ------------       ----------      --------------
clk                  {0.000 5.000}      10.000          100.000         
  clkfbout_clk_pll   {0.000 5.000}      10.000          100.000         
  cpu_clk_clk_pll    {0.000 16.667}     33.333          30.000          
  timer_clk_clk_pll  {0.000 5.000}      10.000          100.000         


------------------------------------------------------------------------------------------------
| Intra Clock Table
| -----------------
------------------------------------------------------------------------------------------------

Clock                    WNS(ns)      TNS(ns)  TNS Failing Endpoints  TNS Total Endpoints      WHS(ns)      THS(ns)  THS Failing Endpoints  THS Total Endpoints     WPWS(ns)     TPWS(ns)  TPWS Failing Endpoints  TPWS Total Endpoints  
-----                    -------      -------  ---------------------  -------------------      -------      -------  ---------------------  -------------------     --------     --------  ----------------------  --------------------  
clk                                                                                                                                                                    3.000        0.000                       0                     1  
  clkfbout_clk_pll                                                                                                                                                     7.845        0.000                       0                     3  
  cpu_clk_clk_pll          0.346        0.000                      0                36095        0.036        0.000                      0                36095       15.417        0.000                       0                 12247  
  timer_clk_clk_pll        5.968        0.000                      0                   66        0.119        0.000                      0                   66        4.500        0.000                       0                   101  


------------------------------------------------------------------------------------------------
| Inter Clock Table
| -----------------
------------------------------------------------------------------------------------------------

From Clock    To Clock          WNS(ns)      TNS(ns)  TNS Failing Endpoints  TNS Total Endpoints      WHS(ns)      THS(ns)  THS Failing Endpoints  THS Total Endpoints  
----------    --------          -------      -------  ---------------------  -------------------      -------      -------  ---------------------  -------------------  


------------------------------------------------------------------------------------------------
| Other Path Groups Table
| -----------------------
------------------------------------------------------------------------------------------------

Path Group    From Clock    To Clock          WNS(ns)      TNS(ns)  TNS Failing Endpoints  TNS Total Endpoints      WHS(ns)      THS(ns)  THS Failing Endpoints  THS Total Endpoints  
----------    ----------    --------          -------      -------  ---------------------  -------------------      -------      -------  ---------------------  -------------------  


------------------------------------------------------------------------------------------------
| User Ignored Path Table
| -----------------------
------------------------------------------------------------------------------------------------

Path Group         From Clock         To Clock         
----------         ----------         --------         
(none)             timer_clk_clk_pll  cpu_clk_clk_pll    
(none)             cpu_clk_clk_pll    timer_clk_clk_pll  


------------------------------------------------------------------------------------------------
| Unconstrained Path Table
| ------------------------
------------------------------------------------------------------------------------------------

Path Group        From Clock        To Clock        
----------        ----------        --------        
(none)            clkfbout_clk_pll                    
(none)            cpu_clk_clk_pll                     
(none)                              cpu_clk_clk_pll   


------------------------------------------------------------------------------------------------
| Timing Details
| --------------
------------------------------------------------------------------------------------------------


---------------------------------------------------------------------------------------------------
From Clock:  clk
  To Clock:  clk

Setup :           NA  Failing Endpoints,  Worst Slack           NA  ,  Total Violation           NA
Hold  :           NA  Failing Endpoints,  Worst Slack           NA  ,  Total Violation           NA
PW    :            0  Failing Endpoints,  Worst Slack        3.000ns,  Total Violation        0.000ns
---------------------------------------------------------------------------------------------------


Pulse Width Checks
--------------------------------------------------------------------------------------
Clock Name:         clk
Waveform(ns):       { 0.000 5.000 }
Period(ns):         10.000
Sources:            { clk }

Check Type        Corner  Lib Pin           Reference Pin  Required(ns)  Actual(ns)  Slack(ns)  Location        Pin
Min Period        n/a     PLLE2_ADV/CLKIN1  n/a            1.249         10.000      8.751      PLLE2_ADV_X0Y2  pll.clk_pll/inst/plle2_adv_inst/CLKIN1
Max Period        n/a     PLLE2_ADV/CLKIN1  n/a            52.633        10.000      42.633     PLLE2_ADV_X0Y2  pll.clk_pll/inst/plle2_adv_inst/CLKIN1
Low Pulse Width   Slow    PLLE2_ADV/CLKIN1  n/a            2.000         5.000       3.000      PLLE2_ADV_X0Y2  pll.clk_pll/inst/plle2_adv_inst/CLKIN1
Low Pulse Width   Fast    PLLE2_ADV/CLKIN1  n/a            2.000         5.000       3.000      PLLE2_ADV_X0Y2  pll.clk_pll/inst/plle2_adv_inst/CLKIN1
High Pulse Width  Slow    PLLE2_ADV/CLKIN1  n/a            2.000         5.000       3.000      PLLE2_ADV_X0Y2  pll.clk_pll/inst/plle2_adv_inst/CLKIN1
High Pulse Width  Fast    PLLE2_ADV/CLKIN1  n/a            2.000         5.000       3.000      PLLE2_ADV_X0Y2  pll.clk_pll/inst/plle2_adv_inst/CLKIN1



---------------------------------------------------------------------------------------------------
From Clock:  clkfbout_clk_pll
  To Clock:  clkfbout_clk_pll

Setup :           NA  Failing Endpoints,  Worst Slack           NA  ,  Total Violation           NA
Hold  :           NA  Failing Endpoints,  Worst Slack           NA  ,  Total Violation           NA
PW    :            0  Failing Endpoints,  Worst Slack        7.845ns,  Total Violation        0.000ns
---------------------------------------------------------------------------------------------------


Pulse Width Checks
--------------------------------------------------------------------------------------
Clock Name:         clkfbout_clk_pll
Waveform(ns):       { 0.000 5.000 }
Period(ns):         10.000
Sources:            { pll.clk_pll/inst/plle2_adv_inst/CLKFBOUT }

Check Type  Corner  Lib Pin             Reference Pin  Required(ns)  Actual(ns)  Slack(ns)  Location        Pin
Min Period  n/a     BUFG/I              n/a            2.155         10.000      7.845      BUFGCTRL_X0Y2   pll.clk_pll/inst/clkf_buf/I
Min Period  n/a     PLLE2_ADV/CLKFBOUT  n/a            1.249         10.000      8.751      PLLE2_ADV_X0Y2  pll.clk_pll/inst/plle2_adv_inst/CLKFBOUT
Min Period  n/a     PLLE2_ADV/CLKFBIN   n/a            1.249         10.000      8.751      PLLE2_ADV_X0Y2  pll.clk_pll/inst/plle2_adv_inst/CLKFBIN
Max Period  n/a     PLLE2_ADV/CLKFBIN   n/a            52.633        10.000      42.633     PLLE2_ADV_X0Y2  pll.clk_pll/inst/plle2_adv_inst/CLKFBIN
Max Period  n/a     PLLE2_ADV/CLKFBOUT  n/a            160.000       10.000      150.000    PLLE2_ADV_X0Y2  pll.clk_pll/inst/plle2_adv_inst/CLKFBOUT



---------------------------------------------------------------------------------------------------
From Clock:  cpu_clk_clk_pll
  To Clock:  cpu_clk_clk_pll

Setup :            0  Failing Endpoints,  Worst Slack        0.346ns,  Total Violation        0.000ns
Hold  :            0  Failing Endpoints,  Worst Slack        0.036ns,  Total Violation        0.000ns
PW    :            0  Failing Endpoints,  Worst Slack       15.417ns,  Total Violation        0.000ns
---------------------------------------------------------------------------------------------------


Max Delay Paths
--------------------------------------------------------------------------------------
Slack (MET) :             0.346ns  (required time - arrival time)
  Source:                 u_cpu/u_EXE_MEM_reg/cache_cacop_op_out_reg[0]/C
                            (rising edge-triggered cell FDRE clocked by cpu_clk_clk_pll  {rise@0.000ns fall@16.667ns period=33.333ns})
  Destination:            u_cpu/u_IFport/redirect_pc_pending_reg[12]/R
                            (rising edge-triggered cell FDRE clocked by cpu_clk_clk_pll  {rise@0.000ns fall@16.667ns period=33.333ns})
  Path Group:             cpu_clk_clk_pll
  Path Type:              Setup (Max at Slow Process Corner)
  Requirement:            33.333ns  (cpu_clk_clk_pll rise@33.333ns - cpu_clk_clk_pll rise@0.000ns)
  Data Path Delay:        32.352ns  (logic 7.416ns (22.923%)  route 24.936ns (77.077%))
  Logic Levels:           41  (CARRY4=5 LUT2=3 LUT3=4 LUT5=8 LUT6=20 MUXF7=1)
  Clock Path Skew:        -0.016ns (DCD - SCD + CPR)
    Destination Clock Delay (DCD):    -1.910ns = ( 31.424 - 33.333 ) 
    Source Clock Delay      (SCD):    -2.312ns
    Clock Pessimism Removal (CPR):    -0.418ns
  Clock Uncertainty:      0.095ns  ((TSJ^2 + DJ^2)^1/2) / 2 + PE
    Total System Jitter     (TSJ):    0.071ns
    Discrete Jitter          (DJ):    0.177ns
    Phase Error              (PE):    0.000ns

    Location             Delay type                Incr(ns)  Path(ns)    Netlist Resource(s)
  -------------------------------------------------------------------    -------------------
                         (clock cpu_clk_clk_pll rise edge)
                                                      0.000     0.000 r  
    AC19                                              0.000     0.000 r  clk (IN)
                         net (fo=0)                   0.000     0.000    pll.clk_pll/inst/clk_in1
    AC19                 IBUF (Prop_ibuf_I_O)         1.485     1.485 r  pll.clk_pll/inst/clkin1_ibufg/O
                         net (fo=1, routed)           1.619     3.104    pll.clk_pll/inst/clk_in1_clk_pll
    PLLE2_ADV_X0Y2       PLLE2_ADV (Prop_plle2_adv_CLKIN1_CLKOUT0)
                                                     -9.006    -5.902 r  pll.clk_pll/inst/plle2_adv_inst/CLKOUT0
                         net (fo=1, routed)           1.837    -4.064    pll.clk_pll/inst/cpu_clk_clk_pll
    BUFGCTRL_X0Y0        BUFG (Prop_bufg_I_O)         0.096    -3.968 r  pll.clk_pll/inst/clkout1_buf/O
                         net (fo=12248, routed)       1.656    -2.312    u_cpu/u_EXE_MEM_reg/cpu_clk
    SLICE_X88Y114        FDRE                                         r  u_cpu/u_EXE_MEM_reg/cache_cacop_op_out_reg[0]/C
  -------------------------------------------------------------------    -------------------
    SLICE_X88Y114        FDRE (Prop_fdre_C_Q)         0.518    -1.794 r  u_cpu/u_EXE_MEM_reg/cache_cacop_op_out_reg[0]/Q
                         net (fo=44, routed)          1.278    -0.516    u_cpu/u_EXE_MEM_reg/cache_cacop_op_out_reg[1]_0[0]
    SLICE_X87Y112        LUT6 (Prop_lut6_I2_O)        0.124    -0.392 r  u_cpu/u_EXE_MEM_reg/req_addr[13]_i_5/O
                         net (fo=17, routed)          1.251     0.859    u_cpu/u_tlb_manager/u_tlb/data_tlb_ex_vaddr[1]
    SLICE_X93Y116        LUT6 (Prop_lut6_I1_O)        0.124     0.983 r  u_cpu/u_tlb_manager/u_tlb/req_addr[22]_i_325/O
                         net (fo=1, routed)           0.000     0.983    u_cpu/u_tlb_manager/u_tlb/req_addr[22]_i_325_n_0
    SLICE_X93Y116        CARRY4 (Prop_carry4_S[0]_CO[3])
                                                      0.532     1.515 r  u_cpu/u_tlb_manager/u_tlb/req_addr_reg[22]_i_222/CO[3]
                         net (fo=1, routed)           0.000     1.515    u_cpu/u_tlb_manager/u_tlb/req_addr_reg[22]_i_222_n_0
    SLICE_X93Y117        CARRY4 (Prop_carry4_CI_CO[2])
                                                      0.228     1.743 f  u_cpu/u_tlb_manager/u_tlb/req_addr_reg[22]_i_84/CO[2]
                         net (fo=1, routed)           1.013     2.756    u_cpu/u_tlb_manager/u_tlb/req_addr_reg[22]_i_84_n_1
    SLICE_X85Y117        LUT6 (Prop_lut6_I5_O)        0.313     3.069 f  u_cpu/u_tlb_manager/u_tlb/req_addr[22]_i_29/O
                         net (fo=3, routed)           0.845     3.915    u_cpu/u_tlb_manager/u_tlb/req_addr[22]_i_29_n_0
    SLICE_X84Y117        LUT6 (Prop_lut6_I3_O)        0.124     4.039 r  u_cpu/u_tlb_manager/u_tlb/req_addr[12]_i_90/O
                         net (fo=1, routed)           0.684     4.723    u_cpu/u_tlb_manager/u_tlb/req_addr[12]_i_90_n_0
    SLICE_X83Y116        LUT6 (Prop_lut6_I0_O)        0.124     4.847 r  u_cpu/u_tlb_manager/u_tlb/req_addr[12]_i_85/O
                         net (fo=3, routed)           0.818     5.665    u_cpu/u_tlb_manager/u_tlb/req_addr[12]_i_85_n_0
    SLICE_X81Y116        LUT6 (Prop_lut6_I0_O)        0.124     5.789 r  u_cpu/u_tlb_manager/u_tlb/tlb_ex_valid_out[3]_i_35/O
                         net (fo=56, routed)          0.969     6.758    u_cpu/u_tlb_manager/u_tlb/tlb_ex_valid_out[3]_i_35_n_0
    SLICE_X81Y117        LUT5 (Prop_lut5_I1_O)        0.124     6.882 r  u_cpu/u_tlb_manager/u_tlb/req_addr[12]_i_47/O
                         net (fo=1, routed)           0.426     7.307    u_cpu/u_tlb_manager/u_tlb/req_addr[12]_i_47_n_0
    SLICE_X82Y117        LUT6 (Prop_lut6_I1_O)        0.124     7.431 r  u_cpu/u_tlb_manager/u_tlb/req_addr[12]_i_23/O
                         net (fo=1, routed)           0.000     7.431    u_cpu/u_tlb_manager/u_tlb/req_addr[12]_i_23_n_0
    SLICE_X82Y117        MUXF7 (Prop_muxf7_I0_O)      0.212     7.643 r  u_cpu/u_tlb_manager/u_tlb/req_addr_reg[12]_i_12/O
                         net (fo=26, routed)          0.943     8.586    u_cpu/u_tlb_manager/u_tlb/req_addr_reg[12]_i_12_n_0
    SLICE_X85Y111        LUT6 (Prop_lut6_I2_O)        0.299     8.885 r  u_cpu/u_tlb_manager/u_tlb/tlb_ex_valid_out[3]_i_3/O
                         net (fo=4, routed)           0.986     9.872    u_cpu/u_EXE_MEM_reg/s1_v
    SLICE_X95Y110        LUT5 (Prop_lut5_I4_O)        0.118     9.990 f  u_cpu/u_EXE_MEM_reg/tlb_ex_valid_out[1]_i_2/O
                         net (fo=4, routed)           1.029    11.019    u_cpu/u_tlb_manager/u_tlb/tlbm_data_ex_pis
    SLICE_X100Y111       LUT5 (Prop_lut5_I1_O)        0.326    11.345 r  u_cpu/u_tlb_manager/u_tlb/i___10_i_4/O
                         net (fo=103, routed)         0.505    11.850    u_cpu/u_EXE_MEM_reg/tlb_vaddr_out_reg[31]_0
    SLICE_X100Y113       LUT5 (Prop_lut5_I4_O)        0.124    11.974 f  u_cpu/u_EXE_MEM_reg/i___15_i_4/O
                         net (fo=3, routed)           1.105    13.079    u_cpu/u_csr_exception_commit_handler/uncached_r_i_2_1
    SLICE_X87Y109        LUT6 (Prop_lut6_I2_O)        0.124    13.203 f  u_cpu/u_csr_exception_commit_handler/uncached_r_i_6/O
                         net (fo=2, routed)           0.998    14.201    u_cpu/u_csr_exception_commit_handler/uncached_r_i_6_n_0
    SLICE_X97Y109        LUT3 (Prop_lut3_I2_O)        0.124    14.325 f  u_cpu/u_csr_exception_commit_handler/uncached_r_i_2/O
                         net (fo=6, routed)           0.702    15.027    u_cpu/u_csr_exception_commit_handler/dcache_req_mat[0]
    SLICE_X97Y109        LUT6 (Prop_lut6_I3_O)        0.124    15.151 f  u_cpu/u_csr_exception_commit_handler/i___8_i_1/O
                         net (fo=44, routed)          0.603    15.754    u_cpu/u_csr_exception_commit_handler/FSM_sequential_state_reg[0]_1
    SLICE_X97Y111        LUT2 (Prop_lut2_I0_O)        0.124    15.878 r  u_cpu/u_csr_exception_commit_handler/i___7_i_1/O
                         net (fo=106, routed)         0.700    16.578    u_cpu/u_dcache/req_need_refill_r_reg_0
    SLICE_X102Y114       LUT2 (Prop_lut2_I1_O)        0.124    16.702 f  u_cpu/u_dcache/ld_req_accepted_pending_i_4/O
                         net (fo=4, routed)           0.583    17.285    u_cpu/u_dcache/dcache_mem_data_ok
    SLICE_X104Y114       LUT6 (Prop_lut6_I2_O)        0.124    17.409 f  u_cpu/u_dcache/WB_valid_i_3/O
                         net (fo=1, routed)           0.689    18.098    u_cpu/u_EXE_MEM_reg/data_w_complete_qual_mem
    SLICE_X106Y111       LUT5 (Prop_lut5_I0_O)        0.124    18.222 f  u_cpu/u_EXE_MEM_reg/WB_valid_i_2/O
                         net (fo=5, routed)           0.454    18.676    u_cpu/u_pipeline_controller/MEM_allowIn
    SLICE_X110Y111       LUT3 (Prop_lut3_I1_O)        0.124    18.800 f  u_cpu/u_pipeline_controller/exe_alu_or_addr_out[31]_i_4/O
                         net (fo=11, routed)          0.580    19.380    u_cpu/u_pipeline_controller/MEM_valid_reg_rep__1_1
    SLICE_X112Y112       LUT5 (Prop_lut5_I1_O)        0.124    19.504 f  u_cpu/u_pipeline_controller/cache_op_valid_out[1]_i_5/O
                         net (fo=8, routed)           0.663    20.167    u_cpu/u_pipeline_controller/EXE_valid_reg_0
    SLICE_X120Y116       LUT6 (Prop_lut6_I2_O)        0.124    20.291 f  u_cpu/u_pipeline_controller/refill_echo_block_i_4/O
                         net (fo=4, routed)           0.464    20.755    u_cpu/u_csr_exception_commit_handler/inst_req_in0
    SLICE_X120Y118       LUT6 (Prop_lut6_I5_O)        0.124    20.879 f  u_cpu/u_csr_exception_commit_handler/lk_valid_i_9/O
                         net (fo=1, routed)           0.466    21.345    u_cpu/u_tlb_manager/u_tlb/p_15_in
    SLICE_X120Y118       LUT5 (Prop_lut5_I4_O)        0.124    21.469 f  u_cpu/u_tlb_manager/u_tlb/lk_valid_i_3/O
                         net (fo=5, routed)           0.320    21.789    u_cpu/u_csr_exception_commit_handler/tlbm_inst_ex_ppi
    SLICE_X122Y118       LUT3 (Prop_lut3_I2_O)        0.124    21.913 f  u_cpu/u_csr_exception_commit_handler/refill_echo_block_i_3/O
                         net (fo=3, routed)           0.464    22.378    u_cpu/u_MEM_WB_reg/refill_echo_block_reg
    SLICE_X127Y119       LUT6 (Prop_lut6_I1_O)        0.124    22.502 f  u_cpu/u_MEM_WB_reg/redirect_pc_pending[31]_i_13/O
                         net (fo=1, routed)           0.311    22.813    u_cpu/u_icache/icache_tlb_excp_cancel_req
    SLICE_X128Y119       LUT6 (Prop_lut6_I3_O)        0.124    22.937 r  u_cpu/u_icache/redirect_pc_pending[31]_i_6/O
                         net (fo=11, routed)          0.541    23.478    u_cpu/u_IFport/cache_inst_r_complete
    SLICE_X131Y119       LUT6 (Prop_lut6_I0_O)        0.124    23.602 f  u_cpu/u_IFport/pc_out[31]_i_4/O
                         net (fo=2, routed)           0.445    24.046    u_cpu/u_pipeline_controller/pc_out_reg[31]_3
    SLICE_X128Y117       LUT6 (Prop_lut6_I3_O)        0.124    24.170 f  u_cpu/u_pipeline_controller/pc_out[31]_i_6/O
                         net (fo=31, routed)          0.679    24.849    u_cpu/u_pipeline_controller/pc_out[31]_i_6_n_0
    SLICE_X129Y118       LUT5 (Prop_lut5_I0_O)        0.124    24.973 r  u_cpu/u_pipeline_controller/pc_out[4]_i_1/O
                         net (fo=5, routed)           0.431    25.404    u_cpu/u_icache/nextpc[2]
    SLICE_X129Y118       LUT6 (Prop_lut6_I0_O)        0.124    25.528 r  u_cpu/u_icache/redirect_pc_pending[31]_i_71/O
                         net (fo=2, routed)           0.735    26.264    u_cpu/u_icache/redirect_pc_pending[31]_i_71_n_0
    SLICE_X130Y115       LUT3 (Prop_lut3_I0_O)        0.124    26.388 r  u_cpu/u_icache/redirect_pc_pending[31]_i_74/O
                         net (fo=1, routed)           0.000    26.388    u_cpu/u_icache/redirect_pc_pending[31]_i_74_n_0
    SLICE_X130Y115       CARRY4 (Prop_carry4_S[1]_CO[3])
                                                      0.550    26.938 r  u_cpu/u_icache/redirect_pc_pending_reg[31]_i_56/CO[3]
                         net (fo=1, routed)           0.000    26.938    u_cpu/u_icache/redirect_pc_pending_reg[31]_i_56_n_0
    SLICE_X130Y116       CARRY4 (Prop_carry4_CI_CO[3])
                                                      0.114    27.052 r  u_cpu/u_icache/redirect_pc_pending_reg[31]_i_35/CO[3]
                         net (fo=1, routed)           0.000    27.052    u_cpu/u_icache/redirect_pc_pending_reg[31]_i_35_n_0
    SLICE_X130Y117       CARRY4 (Prop_carry4_CI_CO[1])
                                                      0.157    27.209 r  u_cpu/u_icache/redirect_pc_pending_reg[31]_i_18/CO[1]
                         net (fo=2, routed)           0.518    27.726    u_cpu/u_icache/u_IFport/cancel_redirect_pc_alias_match1
    SLICE_X131Y117       LUT6 (Prop_lut6_I0_O)        0.329    28.055 r  u_cpu/u_icache/redirect_pc_pending[31]_i_9/O
                         net (fo=2, routed)           0.328    28.383    u_cpu/u_icache/redirect_pc_pending[31]_i_9_n_0
    SLICE_X132Y117       LUT6 (Prop_lut6_I5_O)        0.124    28.507 f  u_cpu/u_icache/redirect_pc_pending[31]_i_4/O
                         net (fo=35, routed)          0.618    29.125    u_cpu/u_icache/refetch_tag_out_reg
    SLICE_X132Y115       LUT2 (Prop_lut2_I1_O)        0.124    29.249 r  u_cpu/u_icache/redirect_pc_pending[31]_i_1/O
                         net (fo=32, routed)          0.791    30.040    u_cpu/u_IFport/redirect_pc_pending_reg[31]_1[0]
    SLICE_X132Y118       FDRE                                         r  u_cpu/u_IFport/redirect_pc_pending_reg[12]/R
  -------------------------------------------------------------------    -------------------

                         (clock cpu_clk_clk_pll rise edge)
                                                     33.333    33.333 r  
    AC19                                              0.000    33.333 r  clk (IN)
                         net (fo=0)                   0.000    33.333    pll.clk_pll/inst/clk_in1
    AC19                 IBUF (Prop_ibuf_I_O)         1.414    34.748 r  pll.clk_pll/inst/clkin1_ibufg/O
                         net (fo=1, routed)           1.531    36.279    pll.clk_pll/inst/clk_in1_clk_pll
    PLLE2_ADV_X0Y2       PLLE2_ADV (Prop_plle2_adv_CLKIN1_CLKOUT0)
                                                     -8.262    28.017 r  pll.clk_pll/inst/plle2_adv_inst/CLKOUT0
                         net (fo=1, routed)           1.755    29.772    pll.clk_pll/inst/cpu_clk_clk_pll
    BUFGCTRL_X0Y0        BUFG (Prop_bufg_I_O)         0.091    29.863 r  pll.clk_pll/inst/clkout1_buf/O
                         net (fo=12248, routed)       1.560    31.424    u_cpu/u_IFport/cpu_clk
    SLICE_X132Y118       FDRE                                         r  u_cpu/u_IFport/redirect_pc_pending_reg[12]/C
                         clock pessimism             -0.418    31.006    
                         clock uncertainty           -0.095    30.910    
    SLICE_X132Y118       FDRE (Setup_fdre_C_R)       -0.524    30.386    u_cpu/u_IFport/redirect_pc_pending_reg[12]
  -------------------------------------------------------------------
                         required time                         30.386    
                         arrival time                         -30.040    
  -------------------------------------------------------------------
                         slack                                  0.346    

Slack (MET) :             0.346ns  (required time - arrival time)
  Source:                 u_cpu/u_EXE_MEM_reg/cache_cacop_op_out_reg[0]/C
                            (rising edge-triggered cell FDRE clocked by cpu_clk_clk_pll  {rise@0.000ns fall@16.667ns period=33.333ns})
  Destination:            u_cpu/u_IFport/redirect_pc_pending_reg[15]/R
                            (rising edge-triggered cell FDRE clocked by cpu_clk_clk_pll  {rise@0.000ns fall@16.667ns period=33.333ns})
  Path Group:             cpu_clk_clk_pll
  Path Type:              Setup (Max at Slow Process Corner)
  Requirement:            33.333ns  (cpu_clk_clk_pll rise@33.333ns - cpu_clk_clk_pll rise@0.000ns)
  Data Path Delay:        32.352ns  (logic 7.416ns (22.923%)  route 24.936ns (77.077%))
  Logic Levels:           41  (CARRY4=5 LUT2=3 LUT3=4 LUT5=8 LUT6=20 MUXF7=1)
  Clock Path Skew:        -0.016ns (DCD - SCD + CPR)
    Destination Clock Delay (DCD):    -1.910ns = ( 31.424 - 33.333 ) 
    Source Clock Delay      (SCD):    -2.312ns
    Clock Pessimism Removal (CPR):    -0.418ns
  Clock Uncertainty:      0.095ns  ((TSJ^2 + DJ^2)^1/2) / 2 + PE
    Total System Jitter     (TSJ):    0.071ns
    Discrete Jitter          (DJ):    0.177ns
    Phase Error              (PE):    0.000ns

    Location             Delay type                Incr(ns)  Path(ns)    Netlist Resource(s)
  -------------------------------------------------------------------    -------------------
                         (clock cpu_clk_clk_pll rise edge)
                                                      0.000     0.000 r  
    AC19                                              0.000     0.000 r  clk (IN)
                         net (fo=0)                   0.000     0.000    pll.clk_pll/inst/clk_in1
    AC19                 IBUF (Prop_ibuf_I_O)         1.485     1.485 r  pll.clk_pll/inst/clkin1_ibufg/O
                         net (fo=1, routed)           1.619     3.104    pll.clk_pll/inst/clk_in1_clk_pll
    PLLE2_ADV_X0Y2       PLLE2_ADV (Prop_plle2_adv_CLKIN1_CLKOUT0)
                                                     -9.006    -5.902 r  pll.clk_pll/inst/plle2_adv_inst/CLKOUT0
                         net (fo=1, routed)           1.837    -4.064    pll.clk_pll/inst/cpu_clk_clk_pll
    BUFGCTRL_X0Y0        BUFG (Prop_bufg_I_O)         0.096    -3.968 r  pll.clk_pll/inst/clkout1_buf/O
                         net (fo=12248, routed)       1.656    -2.312    u_cpu/u_EXE_MEM_reg/cpu_clk
    SLICE_X88Y114        FDRE                                         r  u_cpu/u_EXE_MEM_reg/cache_cacop_op_out_reg[0]/C
  -------------------------------------------------------------------    -------------------
    SLICE_X88Y114        FDRE (Prop_fdre_C_Q)         0.518    -1.794 r  u_cpu/u_EXE_MEM_reg/cache_cacop_op_out_reg[0]/Q
                         net (fo=44, routed)          1.278    -0.516    u_cpu/u_EXE_MEM_reg/cache_cacop_op_out_reg[1]_0[0]
    SLICE_X87Y112        LUT6 (Prop_lut6_I2_O)        0.124    -0.392 r  u_cpu/u_EXE_MEM_reg/req_addr[13]_i_5/O
                         net (fo=17, routed)          1.251     0.859    u_cpu/u_tlb_manager/u_tlb/data_tlb_ex_vaddr[1]
    SLICE_X93Y116        LUT6 (Prop_lut6_I1_O)        0.124     0.983 r  u_cpu/u_tlb_manager/u_tlb/req_addr[22]_i_325/O
                         net (fo=1, routed)           0.000     0.983    u_cpu/u_tlb_manager/u_tlb/req_addr[22]_i_325_n_0
    SLICE_X93Y116        CARRY4 (Prop_carry4_S[0]_CO[3])
                                                      0.532     1.515 r  u_cpu/u_tlb_manager/u_tlb/req_addr_reg[22]_i_222/CO[3]
                         net (fo=1, routed)           0.000     1.515    u_cpu/u_tlb_manager/u_tlb/req_addr_reg[22]_i_222_n_0
    SLICE_X93Y117        CARRY4 (Prop_carry4_CI_CO[2])
                                                      0.228     1.743 f  u_cpu/u_tlb_manager/u_tlb/req_addr_reg[22]_i_84/CO[2]
                         net (fo=1, routed)           1.013     2.756    u_cpu/u_tlb_manager/u_tlb/req_addr_reg[22]_i_84_n_1
    SLICE_X85Y117        LUT6 (Prop_lut6_I5_O)        0.313     3.069 f  u_cpu/u_tlb_manager/u_tlb/req_addr[22]_i_29/O
                         net (fo=3, routed)           0.845     3.915    u_cpu/u_tlb_manager/u_tlb/req_addr[22]_i_29_n_0
    SLICE_X84Y117        LUT6 (Prop_lut6_I3_O)        0.124     4.039 r  u_cpu/u_tlb_manager/u_tlb/req_addr[12]_i_90/O
                         net (fo=1, routed)           0.684     4.723    u_cpu/u_tlb_manager/u_tlb/req_addr[12]_i_90_n_0
    SLICE_X83Y116        LUT6 (Prop_lut6_I0_O)        0.124     4.847 r  u_cpu/u_tlb_manager/u_tlb/req_addr[12]_i_85/O
                         net (fo=3, routed)           0.818     5.665    u_cpu/u_tlb_manager/u_tlb/req_addr[12]_i_85_n_0
    SLICE_X81Y116        LUT6 (Prop_lut6_I0_O)        0.124     5.789 r  u_cpu/u_tlb_manager/u_tlb/tlb_ex_valid_out[3]_i_35/O
                         net (fo=56, routed)          0.969     6.758    u_cpu/u_tlb_manager/u_tlb/tlb_ex_valid_out[3]_i_35_n_0
    SLICE_X81Y117        LUT5 (Prop_lut5_I1_O)        0.124     6.882 r  u_cpu/u_tlb_manager/u_tlb/req_addr[12]_i_47/O
                         net (fo=1, routed)           0.426     7.307    u_cpu/u_tlb_manager/u_tlb/req_addr[12]_i_47_n_0
    SLICE_X82Y117        LUT6 (Prop_lut6_I1_O)        0.124     7.431 r  u_cpu/u_tlb_manager/u_tlb/req_addr[12]_i_23/O
                         net (fo=1, routed)           0.000     7.431    u_cpu/u_tlb_manager/u_tlb/req_addr[12]_i_23_n_0
    SLICE_X82Y117        MUXF7 (Prop_muxf7_I0_O)      0.212     7.643 r  u_cpu/u_tlb_manager/u_tlb/req_addr_reg[12]_i_12/O
                         net (fo=26, routed)          0.943     8.586    u_cpu/u_tlb_manager/u_tlb/req_addr_reg[12]_i_12_n_0
    SLICE_X85Y111        LUT6 (Prop_lut6_I2_O)        0.299     8.885 r  u_cpu/u_tlb_manager/u_tlb/tlb_ex_valid_out[3]_i_3/O
                         net (fo=4, routed)           0.986     9.872    u_cpu/u_EXE_MEM_reg/s1_v
    SLICE_X95Y110        LUT5 (Prop_lut5_I4_O)        0.118     9.990 f  u_cpu/u_EXE_MEM_reg/tlb_ex_valid_out[1]_i_2/O
                         net (fo=4, routed)           1.029    11.019    u_cpu/u_tlb_manager/u_tlb/tlbm_data_ex_pis
    SLICE_X100Y111       LUT5 (Prop_lut5_I1_O)        0.326    11.345 r  u_cpu/u_tlb_manager/u_tlb/i___10_i_4/O
                         net (fo=103, routed)         0.505    11.850    u_cpu/u_EXE_MEM_reg/tlb_vaddr_out_reg[31]_0
    SLICE_X100Y113       LUT5 (Prop_lut5_I4_O)        0.124    11.974 f  u_cpu/u_EXE_MEM_reg/i___15_i_4/O
                         net (fo=3, routed)           1.105    13.079    u_cpu/u_csr_exception_commit_handler/uncached_r_i_2_1
    SLICE_X87Y109        LUT6 (Prop_lut6_I2_O)        0.124    13.203 f  u_cpu/u_csr_exception_commit_handler/uncached_r_i_6/O
                         net (fo=2, routed)           0.998    14.201    u_cpu/u_csr_exception_commit_handler/uncached_r_i_6_n_0
    SLICE_X97Y109        LUT3 (Prop_lut3_I2_O)        0.124    14.325 f  u_cpu/u_csr_exception_commit_handler/uncached_r_i_2/O
                         net (fo=6, routed)           0.702    15.027    u_cpu/u_csr_exception_commit_handler/dcache_req_mat[0]
    SLICE_X97Y109        LUT6 (Prop_lut6_I3_O)        0.124    15.151 f  u_cpu/u_csr_exception_commit_handler/i___8_i_1/O
                         net (fo=44, routed)          0.603    15.754    u_cpu/u_csr_exception_commit_handler/FSM_sequential_state_reg[0]_1
    SLICE_X97Y111        LUT2 (Prop_lut2_I0_O)        0.124    15.878 r  u_cpu/u_csr_exception_commit_handler/i___7_i_1/O
                         net (fo=106, routed)         0.700    16.578    u_cpu/u_dcache/req_need_refill_r_reg_0
    SLICE_X102Y114       LUT2 (Prop_lut2_I1_O)        0.124    16.702 f  u_cpu/u_dcache/ld_req_accepted_pending_i_4/O
                         net (fo=4, routed)           0.583    17.285    u_cpu/u_dcache/dcache_mem_data_ok
    SLICE_X104Y114       LUT6 (Prop_lut6_I2_O)        0.124    17.409 f  u_cpu/u_dcache/WB_valid_i_3/O
                         net (fo=1, routed)           0.689    18.098    u_cpu/u_EXE_MEM_reg/data_w_complete_qual_mem
    SLICE_X106Y111       LUT5 (Prop_lut5_I0_O)        0.124    18.222 f  u_cpu/u_EXE_MEM_reg/WB_valid_i_2/O
                         net (fo=5, routed)           0.454    18.676    u_cpu/u_pipeline_controller/MEM_allowIn
    SLICE_X110Y111       LUT3 (Prop_lut3_I1_O)        0.124    18.800 f  u_cpu/u_pipeline_controller/exe_alu_or_addr_out[31]_i_4/O
                         net (fo=11, routed)          0.580    19.380    u_cpu/u_pipeline_controller/MEM_valid_reg_rep__1_1
    SLICE_X112Y112       LUT5 (Prop_lut5_I1_O)        0.124    19.504 f  u_cpu/u_pipeline_controller/cache_op_valid_out[1]_i_5/O
                         net (fo=8, routed)           0.663    20.167    u_cpu/u_pipeline_controller/EXE_valid_reg_0
    SLICE_X120Y116       LUT6 (Prop_lut6_I2_O)        0.124    20.291 f  u_cpu/u_pipeline_controller/refill_echo_block_i_4/O
                         net (fo=4, routed)           0.464    20.755    u_cpu/u_csr_exception_commit_handler/inst_req_in0
    SLICE_X120Y118       LUT6 (Prop_lut6_I5_O)        0.124    20.879 f  u_cpu/u_csr_exception_commit_handler/lk_valid_i_9/O
                         net (fo=1, routed)           0.466    21.345    u_cpu/u_tlb_manager/u_tlb/p_15_in
    SLICE_X120Y118       LUT5 (Prop_lut5_I4_O)        0.124    21.469 f  u_cpu/u_tlb_manager/u_tlb/lk_valid_i_3/O
                         net (fo=5, routed)           0.320    21.789    u_cpu/u_csr_exception_commit_handler/tlbm_inst_ex_ppi
    SLICE_X122Y118       LUT3 (Prop_lut3_I2_O)        0.124    21.913 f  u_cpu/u_csr_exception_commit_handler/refill_echo_block_i_3/O
                         net (fo=3, routed)           0.464    22.378    u_cpu/u_MEM_WB_reg/refill_echo_block_reg
    SLICE_X127Y119       LUT6 (Prop_lut6_I1_O)        0.124    22.502 f  u_cpu/u_MEM_WB_reg/redirect_pc_pending[31]_i_13/O
                         net (fo=1, routed)           0.311    22.813    u_cpu/u_icache/icache_tlb_excp_cancel_req
    SLICE_X128Y119       LUT6 (Prop_lut6_I3_O)        0.124    22.937 r  u_cpu/u_icache/redirect_pc_pending[31]_i_6/O
                         net (fo=11, routed)          0.541    23.478    u_cpu/u_IFport/cache_inst_r_complete
    SLICE_X131Y119       LUT6 (Prop_lut6_I0_O)        0.124    23.602 f  u_cpu/u_IFport/pc_out[31]_i_4/O
                         net (fo=2, routed)           0.445    24.046    u_cpu/u_pipeline_controller/pc_out_reg[31]_3
    SLICE_X128Y117       LUT6 (Prop_lut6_I3_O)        0.124    24.170 f  u_cpu/u_pipeline_controller/pc_out[31]_i_6/O
                         net (fo=31, routed)          0.679    24.849    u_cpu/u_pipeline_controller/pc_out[31]_i_6_n_0
    SLICE_X129Y118       LUT5 (Prop_lut5_I0_O)        0.124    24.973 r  u_cpu/u_pipeline_controller/pc_out[4]_i_1/O
                         net (fo=5, routed)           0.431    25.404    u_cpu/u_icache/nextpc[2]
    SLICE_X129Y118       LUT6 (Prop_lut6_I0_O)        0.124    25.528 r  u_cpu/u_icache/redirect_pc_pending[31]_i_71/O
                         net (fo=2, routed)           0.735    26.264    u_cpu/u_icache/redirect_pc_pending[31]_i_71_n_0
    SLICE_X130Y115       LUT3 (Prop_lut3_I0_O)        0.124    26.388 r  u_cpu/u_icache/redirect_pc_pending[31]_i_74/O
                         net (fo=1, routed)           0.000    26.388    u_cpu/u_icache/redirect_pc_pending[31]_i_74_n_0
    SLICE_X130Y115       CARRY4 (Prop_carry4_S[1]_CO[3])
                                                      0.550    26.938 r  u_cpu/u_icache/redirect_pc_pending_reg[31]_i_56/CO[3]
                         net (fo=1, routed)           0.000    26.938    u_cpu/u_icache/redirect_pc_pending_reg[31]_i_56_n_0
    SLICE_X130Y116       CARRY4 (Prop_carry4_CI_CO[3])
                                                      0.114    27.052 r  u_cpu/u_icache/redirect_pc_pending_reg[31]_i_35/CO[3]
                         net (fo=1, routed)           0.000    27.052    u_cpu/u_icache/redirect_pc_pending_reg[31]_i_35_n_0
    SLICE_X130Y117       CARRY4 (Prop_carry4_CI_CO[1])
                                                      0.157    27.209 r  u_cpu/u_icache/redirect_pc_pending_reg[31]_i_18/CO[1]
                         net (fo=2, routed)           0.518    27.726    u_cpu/u_icache/u_IFport/cancel_redirect_pc_alias_match1
    SLICE_X131Y117       LUT6 (Prop_lut6_I0_O)        0.329    28.055 r  u_cpu/u_icache/redirect_pc_pending[31]_i_9/O
                         net (fo=2, routed)           0.328    28.383    u_cpu/u_icache/redirect_pc_pending[31]_i_9_n_0
    SLICE_X132Y117       LUT6 (Prop_lut6_I5_O)        0.124    28.507 f  u_cpu/u_icache/redirect_pc_pending[31]_i_4/O
                         net (fo=35, routed)          0.618    29.125    u_cpu/u_icache/refetch_tag_out_reg
    SLICE_X132Y115       LUT2 (Prop_lut2_I1_O)        0.124    29.249 r  u_cpu/u_icache/redirect_pc_pending[31]_i_1/O
                         net (fo=32, routed)          0.791    30.040    u_cpu/u_IFport/redirect_pc_pending_reg[31]_1[0]
    SLICE_X132Y118       FDRE                                         r  u_cpu/u_IFport/redirect_pc_pending_reg[15]/R
  -------------------------------------------------------------------    -------------------

                         (clock cpu_clk_clk_pll rise edge)
                                                     33.333    33.333 r  
    AC19                                              0.000    33.333 r  clk (IN)
                         net (fo=0)                   0.000    33.333    pll.clk_pll/inst/clk_in1
    AC19                 IBUF (Prop_ibuf_I_O)         1.414    34.748 r  pll.clk_pll/inst/clkin1_ibufg/O
                         net (fo=1, routed)           1.531    36.279    pll.clk_pll/inst/clk_in1_clk_pll
    PLLE2_ADV_X0Y2       PLLE2_ADV (Prop_plle2_adv_CLKIN1_CLKOUT0)
                                                     -8.262    28.017 r  pll.clk_pll/inst/plle2_adv_inst/CLKOUT0
                         net (fo=1, routed)           1.755    29.772    pll.clk_pll/inst/cpu_clk_clk_pll
    BUFGCTRL_X0Y0        BUFG (Prop_bufg_I_O)         0.091    29.863 r  pll.clk_pll/inst/clkout1_buf/O
                         net (fo=12248, routed)       1.560    31.424    u_cpu/u_IFport/cpu_clk
    SLICE_X132Y118       FDRE                                         r  u_cpu/u_IFport/redirect_pc_pending_reg[15]/C
                         clock pessimism             -0.418    31.006    
                         clock uncertainty           -0.095    30.910    
    SLICE_X132Y118       FDRE (Setup_fdre_C_R)       -0.524    30.386    u_cpu/u_IFport/redirect_pc_pending_reg[15]
  -------------------------------------------------------------------
                         required time                         30.386    
                         arrival time                         -30.040    
  -------------------------------------------------------------------
                         slack                                  0.346    

Slack (MET) :             0.346ns  (required time - arrival time)
  Source:                 u_cpu/u_EXE_MEM_reg/cache_cacop_op_out_reg[0]/C
                            (rising edge-triggered cell FDRE clocked by cpu_clk_clk_pll  {rise@0.000ns fall@16.667ns period=33.333ns})
  Destination:            u_cpu/u_IFport/redirect_pc_pending_reg[18]/R
                            (rising edge-triggered cell FDRE clocked by cpu_clk_clk_pll  {rise@0.000ns fall@16.667ns period=33.333ns})
  Path Group:             cpu_clk_clk_pll
  Path Type:              Setup (Max at Slow Process Corner)
  Requirement:            33.333ns  (cpu_clk_clk_pll rise@33.333ns - cpu_clk_clk_pll rise@0.000ns)
  Data Path Delay:        32.352ns  (logic 7.416ns (22.923%)  route 24.936ns (77.077%))
  Logic Levels:           41  (CARRY4=5 LUT2=3 LUT3=4 LUT5=8 LUT6=20 MUXF7=1)
  Clock Path Skew:        -0.016ns (DCD - SCD + CPR)
    Destination Clock Delay (DCD):    -1.910ns = ( 31.424 - 33.333 ) 
    Source Clock Delay      (SCD):    -2.312ns
    Clock Pessimism Removal (CPR):    -0.418ns
  Clock Uncertainty:      0.095ns  ((TSJ^2 + DJ^2)^1/2) / 2 + PE
    Total System Jitter     (TSJ):    0.071ns
    Discrete Jitter          (DJ):    0.177ns
    Phase Error              (PE):    0.000ns

    Location             Delay type                Incr(ns)  Path(ns)    Netlist Resource(s)
  -------------------------------------------------------------------    -------------------
                         (clock cpu_clk_clk_pll rise edge)
                                                      0.000     0.000 r  
    AC19                                              0.000     0.000 r  clk (IN)
                         net (fo=0)                   0.000     0.000    pll.clk_pll/inst/clk_in1
    AC19                 IBUF (Prop_ibuf_I_O)         1.485     1.485 r  pll.clk_pll/inst/clkin1_ibufg/O
                         net (fo=1, routed)           1.619     3.104    pll.clk_pll/inst/clk_in1_clk_pll
    PLLE2_ADV_X0Y2       PLLE2_ADV (Prop_plle2_adv_CLKIN1_CLKOUT0)
                                                     -9.006    -5.902 r  pll.clk_pll/inst/plle2_adv_inst/CLKOUT0
                         net (fo=1, routed)           1.837    -4.064    pll.clk_pll/inst/cpu_clk_clk_pll
    BUFGCTRL_X0Y0        BUFG (Prop_bufg_I_O)         0.096    -3.968 r  pll.clk_pll/inst/clkout1_buf/O
                         net (fo=12248, routed)       1.656    -2.312    u_cpu/u_EXE_MEM_reg/cpu_clk
    SLICE_X88Y114        FDRE                                         r  u_cpu/u_EXE_MEM_reg/cache_cacop_op_out_reg[0]/C
  -------------------------------------------------------------------    -------------------
    SLICE_X88Y114        FDRE (Prop_fdre_C_Q)         0.518    -1.794 r  u_cpu/u_EXE_MEM_reg/cache_cacop_op_out_reg[0]/Q
                         net (fo=44, routed)          1.278    -0.516    u_cpu/u_EXE_MEM_reg/cache_cacop_op_out_reg[1]_0[0]
    SLICE_X87Y112        LUT6 (Prop_lut6_I2_O)        0.124    -0.392 r  u_cpu/u_EXE_MEM_reg/req_addr[13]_i_5/O
                         net (fo=17, routed)          1.251     0.859    u_cpu/u_tlb_manager/u_tlb/data_tlb_ex_vaddr[1]
    SLICE_X93Y116        LUT6 (Prop_lut6_I1_O)        0.124     0.983 r  u_cpu/u_tlb_manager/u_tlb/req_addr[22]_i_325/O
                         net (fo=1, routed)           0.000     0.983    u_cpu/u_tlb_manager/u_tlb/req_addr[22]_i_325_n_0
    SLICE_X93Y116        CARRY4 (Prop_carry4_S[0]_CO[3])
                                                      0.532     1.515 r  u_cpu/u_tlb_manager/u_tlb/req_addr_reg[22]_i_222/CO[3]
                         net (fo=1, routed)           0.000     1.515    u_cpu/u_tlb_manager/u_tlb/req_addr_reg[22]_i_222_n_0
    SLICE_X93Y117        CARRY4 (Prop_carry4_CI_CO[2])
                                                      0.228     1.743 f  u_cpu/u_tlb_manager/u_tlb/req_addr_reg[22]_i_84/CO[2]
                         net (fo=1, routed)           1.013     2.756    u_cpu/u_tlb_manager/u_tlb/req_addr_reg[22]_i_84_n_1
    SLICE_X85Y117        LUT6 (Prop_lut6_I5_O)        0.313     3.069 f  u_cpu/u_tlb_manager/u_tlb/req_addr[22]_i_29/O
                         net (fo=3, routed)           0.845     3.915    u_cpu/u_tlb_manager/u_tlb/req_addr[22]_i_29_n_0
    SLICE_X84Y117        LUT6 (Prop_lut6_I3_O)        0.124     4.039 r  u_cpu/u_tlb_manager/u_tlb/req_addr[12]_i_90/O
                         net (fo=1, routed)           0.684     4.723    u_cpu/u_tlb_manager/u_tlb/req_addr[12]_i_90_n_0
    SLICE_X83Y116        LUT6 (Prop_lut6_I0_O)        0.124     4.847 r  u_cpu/u_tlb_manager/u_tlb/req_addr[12]_i_85/O
                         net (fo=3, routed)           0.818     5.665    u_cpu/u_tlb_manager/u_tlb/req_addr[12]_i_85_n_0
    SLICE_X81Y116        LUT6 (Prop_lut6_I0_O)        0.124     5.789 r  u_cpu/u_tlb_manager/u_tlb/tlb_ex_valid_out[3]_i_35/O
                         net (fo=56, routed)          0.969     6.758    u_cpu/u_tlb_manager/u_tlb/tlb_ex_valid_out[3]_i_35_n_0
    SLICE_X81Y117        LUT5 (Prop_lut5_I1_O)        0.124     6.882 r  u_cpu/u_tlb_manager/u_tlb/req_addr[12]_i_47/O
                         net (fo=1, routed)           0.426     7.307    u_cpu/u_tlb_manager/u_tlb/req_addr[12]_i_47_n_0
    SLICE_X82Y117        LUT6 (Prop_lut6_I1_O)        0.124     7.431 r  u_cpu/u_tlb_manager/u_tlb/req_addr[12]_i_23/O
                         net (fo=1, routed)           0.000     7.431    u_cpu/u_tlb_manager/u_tlb/req_addr[12]_i_23_n_0
    SLICE_X82Y117        MUXF7 (Prop_muxf7_I0_O)      0.212     7.643 r  u_cpu/u_tlb_manager/u_tlb/req_addr_reg[12]_i_12/O
                         net (fo=26, routed)          0.943     8.586    u_cpu/u_tlb_manager/u_tlb/req_addr_reg[12]_i_12_n_0
    SLICE_X85Y111        LUT6 (Prop_lut6_I2_O)        0.299     8.885 r  u_cpu/u_tlb_manager/u_tlb/tlb_ex_valid_out[3]_i_3/O
                         net (fo=4, routed)           0.986     9.872    u_cpu/u_EXE_MEM_reg/s1_v
    SLICE_X95Y110        LUT5 (Prop_lut5_I4_O)        0.118     9.990 f  u_cpu/u_EXE_MEM_reg/tlb_ex_valid_out[1]_i_2/O
                         net (fo=4, routed)           1.029    11.019    u_cpu/u_tlb_manager/u_tlb/tlbm_data_ex_pis
    SLICE_X100Y111       LUT5 (Prop_lut5_I1_O)        0.326    11.345 r  u_cpu/u_tlb_manager/u_tlb/i___10_i_4/O
                         net (fo=103, routed)         0.505    11.850    u_cpu/u_EXE_MEM_reg/tlb_vaddr_out_reg[31]_0
    SLICE_X100Y113       LUT5 (Prop_lut5_I4_O)        0.124    11.974 f  u_cpu/u_EXE_MEM_reg/i___15_i_4/O
                         net (fo=3, routed)           1.105    13.079    u_cpu/u_csr_exception_commit_handler/uncached_r_i_2_1
    SLICE_X87Y109        LUT6 (Prop_lut6_I2_O)        0.124    13.203 f  u_cpu/u_csr_exception_commit_handler/uncached_r_i_6/O
                         net (fo=2, routed)           0.998    14.201    u_cpu/u_csr_exception_commit_handler/uncached_r_i_6_n_0
    SLICE_X97Y109        LUT3 (Prop_lut3_I2_O)        0.124    14.325 f  u_cpu/u_csr_exception_commit_handler/uncached_r_i_2/O
                         net (fo=6, routed)           0.702    15.027    u_cpu/u_csr_exception_commit_handler/dcache_req_mat[0]
    SLICE_X97Y109        LUT6 (Prop_lut6_I3_O)        0.124    15.151 f  u_cpu/u_csr_exception_commit_handler/i___8_i_1/O
                         net (fo=44, routed)          0.603    15.754    u_cpu/u_csr_exception_commit_handler/FSM_sequential_state_reg[0]_1
    SLICE_X97Y111        LUT2 (Prop_lut2_I0_O)        0.124    15.878 r  u_cpu/u_csr_exception_commit_handler/i___7_i_1/O
                         net (fo=106, routed)         0.700    16.578    u_cpu/u_dcache/req_need_refill_r_reg_0
    SLICE_X102Y114       LUT2 (Prop_lut2_I1_O)        0.124    16.702 f  u_cpu/u_dcache/ld_req_accepted_pending_i_4/O
                         net (fo=4, routed)           0.583    17.285    u_cpu/u_dcache/dcache_mem_data_ok
    SLICE_X104Y114       LUT6 (Prop_lut6_I2_O)        0.124    17.409 f  u_cpu/u_dcache/WB_valid_i_3/O
                         net (fo=1, routed)           0.689    18.098    u_cpu/u_EXE_MEM_reg/data_w_complete_qual_mem
    SLICE_X106Y111       LUT5 (Prop_lut5_I0_O)        0.124    18.222 f  u_cpu/u_EXE_MEM_reg/WB_valid_i_2/O
                         net (fo=5, routed)           0.454    18.676    u_cpu/u_pipeline_controller/MEM_allowIn
    SLICE_X110Y111       LUT3 (Prop_lut3_I1_O)        0.124    18.800 f  u_cpu/u_pipeline_controller/exe_alu_or_addr_out[31]_i_4/O
                         net (fo=11, routed)          0.580    19.380    u_cpu/u_pipeline_controller/MEM_valid_reg_rep__1_1
    SLICE_X112Y112       LUT5 (Prop_lut5_I1_O)        0.124    19.504 f  u_cpu/u_pipeline_controller/cache_op_valid_out[1]_i_5/O
                         net (fo=8, routed)           0.663    20.167    u_cpu/u_pipeline_controller/EXE_valid_reg_0
    SLICE_X120Y116       LUT6 (Prop_lut6_I2_O)        0.124    20.291 f  u_cpu/u_pipeline_controller/refill_echo_block_i_4/O
                         net (fo=4, routed)           0.464    20.755    u_cpu/u_csr_exception_commit_handler/inst_req_in0
    SLICE_X120Y118       LUT6 (Prop_lut6_I5_O)        0.124    20.879 f  u_cpu/u_csr_exception_commit_handler/lk_valid_i_9/O
                         net (fo=1, routed)           0.466    21.345    u_cpu/u_tlb_manager/u_tlb/p_15_in
    SLICE_X120Y118       LUT5 (Prop_lut5_I4_O)        0.124    21.469 f  u_cpu/u_tlb_manager/u_tlb/lk_valid_i_3/O
                         net (fo=5, routed)           0.320    21.789    u_cpu/u_csr_exception_commit_handler/tlbm_inst_ex_ppi
    SLICE_X122Y118       LUT3 (Prop_lut3_I2_O)        0.124    21.913 f  u_cpu/u_csr_exception_commit_handler/refill_echo_block_i_3/O
                         net (fo=3, routed)           0.464    22.378    u_cpu/u_MEM_WB_reg/refill_echo_block_reg
    SLICE_X127Y119       LUT6 (Prop_lut6_I1_O)        0.124    22.502 f  u_cpu/u_MEM_WB_reg/redirect_pc_pending[31]_i_13/O
                         net (fo=1, routed)           0.311    22.813    u_cpu/u_icache/icache_tlb_excp_cancel_req
    SLICE_X128Y119       LUT6 (Prop_lut6_I3_O)        0.124    22.937 r  u_cpu/u_icache/redirect_pc_pending[31]_i_6/O
                         net (fo=11, routed)          0.541    23.478    u_cpu/u_IFport/cache_inst_r_complete
    SLICE_X131Y119       LUT6 (Prop_lut6_I0_O)        0.124    23.602 f  u_cpu/u_IFport/pc_out[31]_i_4/O
                         net (fo=2, routed)           0.445    24.046    u_cpu/u_pipeline_controller/pc_out_reg[31]_3
    SLICE_X128Y117       LUT6 (Prop_lut6_I3_O)        0.124    24.170 f  u_cpu/u_pipeline_controller/pc_out[31]_i_6/O
                         net (fo=31, routed)          0.679    24.849    u_cpu/u_pipeline_controller/pc_out[31]_i_6_n_0
    SLICE_X129Y118       LUT5 (Prop_lut5_I0_O)        0.124    24.973 r  u_cpu/u_pipeline_controller/pc_out[4]_i_1/O
                         net (fo=5, routed)           0.431    25.404    u_cpu/u_icache/nextpc[2]
    SLICE_X129Y118       LUT6 (Prop_lut6_I0_O)        0.124    25.528 r  u_cpu/u_icache/redirect_pc_pending[31]_i_71/O
                         net (fo=2, routed)           0.735    26.264    u_cpu/u_icache/redirect_pc_pending[31]_i_71_n_0
    SLICE_X130Y115       LUT3 (Prop_lut3_I0_O)        0.124    26.388 r  u_cpu/u_icache/redirect_pc_pending[31]_i_74/O
                         net (fo=1, routed)           0.000    26.388    u_cpu/u_icache/redirect_pc_pending[31]_i_74_n_0
    SLICE_X130Y115       CARRY4 (Prop_carry4_S[1]_CO[3])
                                                      0.550    26.938 r  u_cpu/u_icache/redirect_pc_pending_reg[31]_i_56/CO[3]
                         net (fo=1, routed)           0.000    26.938    u_cpu/u_icache/redirect_pc_pending_reg[31]_i_56_n_0
    SLICE_X130Y116       CARRY4 (Prop_carry4_CI_CO[3])
                                                      0.114    27.052 r  u_cpu/u_icache/redirect_pc_pending_reg[31]_i_35/CO[3]
                         net (fo=1, routed)           0.000    27.052    u_cpu/u_icache/redirect_pc_pending_reg[31]_i_35_n_0
    SLICE_X130Y117       CARRY4 (Prop_carry4_CI_CO[1])
                                                      0.157    27.209 r  u_cpu/u_icache/redirect_pc_pending_reg[31]_i_18/CO[1]
                         net (fo=2, routed)           0.518    27.726    u_cpu/u_icache/u_IFport/cancel_redirect_pc_alias_match1
    SLICE_X131Y117       LUT6 (Prop_lut6_I0_O)        0.329    28.055 r  u_cpu/u_icache/redirect_pc_pending[31]_i_9/O
                         net (fo=2, routed)           0.328    28.383    u_cpu/u_icache/redirect_pc_pending[31]_i_9_n_0
    SLICE_X132Y117       LUT6 (Prop_lut6_I5_O)        0.124    28.507 f  u_cpu/u_icache/redirect_pc_pending[31]_i_4/O
                         net (fo=35, routed)          0.618    29.125    u_cpu/u_icache/refetch_tag_out_reg
    SLICE_X132Y115       LUT2 (Prop_lut2_I1_O)        0.124    29.249 r  u_cpu/u_icache/redirect_pc_pending[31]_i_1/O
                         net (fo=32, routed)          0.791    30.040    u_cpu/u_IFport/redirect_pc_pending_reg[31]_1[0]
    SLICE_X132Y118       FDRE                                         r  u_cpu/u_IFport/redirect_pc_pending_reg[18]/R
  -------------------------------------------------------------------    -------------------

                         (clock cpu_clk_clk_pll rise edge)
                                                     33.333    33.333 r  
    AC19                                              0.000    33.333 r  clk (IN)
                         net (fo=0)                   0.000    33.333    pll.clk_pll/inst/clk_in1
    AC19                 IBUF (Prop_ibuf_I_O)         1.414    34.748 r  pll.clk_pll/inst/clkin1_ibufg/O
                         net (fo=1, routed)           1.531    36.279    pll.clk_pll/inst/clk_in1_clk_pll
    PLLE2_ADV_X0Y2       PLLE2_ADV (Prop_plle2_adv_CLKIN1_CLKOUT0)
                                                     -8.262    28.017 r  pll.clk_pll/inst/plle2_adv_inst/CLKOUT0
                         net (fo=1, routed)           1.755    29.772    pll.clk_pll/inst/cpu_clk_clk_pll
    BUFGCTRL_X0Y0        BUFG (Prop_bufg_I_O)         0.091    29.863 r  pll.clk_pll/inst/clkout1_buf/O
                         net (fo=12248, routed)       1.560    31.424    u_cpu/u_IFport/cpu_clk
    SLICE_X132Y118       FDRE                                         r  u_cpu/u_IFport/redirect_pc_pending_reg[18]/C
                         clock pessimism             -0.418    31.006    
                         clock uncertainty           -0.095    30.910    
    SLICE_X132Y118       FDRE (Setup_fdre_C_R)       -0.524    30.386    u_cpu/u_IFport/redirect_pc_pending_reg[18]
  -------------------------------------------------------------------
                         required time                         30.386    
                         arrival time                         -30.040    
  -------------------------------------------------------------------
                         slack                                  0.346    

Slack (MET) :             0.346ns  (required time - arrival time)
  Source:                 u_cpu/u_EXE_MEM_reg/cache_cacop_op_out_reg[0]/C
                            (rising edge-triggered cell FDRE clocked by cpu_clk_clk_pll  {rise@0.000ns fall@16.667ns period=33.333ns})
  Destination:            u_cpu/u_IFport/redirect_pc_pending_reg[22]/R
                            (rising edge-triggered cell FDRE clocked by cpu_clk_clk_pll  {rise@0.000ns fall@16.667ns period=33.333ns})
  Path Group:             cpu_clk_clk_pll
  Path Type:              Setup (Max at Slow Process Corner)
  Requirement:            33.333ns  (cpu_clk_clk_pll rise@33.333ns - cpu_clk_clk_pll rise@0.000ns)
  Data Path Delay:        32.352ns  (logic 7.416ns (22.923%)  route 24.936ns (77.077%))
  Logic Levels:           41  (CARRY4=5 LUT2=3 LUT3=4 LUT5=8 LUT6=20 MUXF7=1)
  Clock Path Skew:        -0.016ns (DCD - SCD + CPR)
    Destination Clock Delay (DCD):    -1.910ns = ( 31.424 - 33.333 ) 
    Source Clock Delay      (SCD):    -2.312ns
    Clock Pessimism Removal (CPR):    -0.418ns
  Clock Uncertainty:      0.095ns  ((TSJ^2 + DJ^2)^1/2) / 2 + PE
    Total System Jitter     (TSJ):    0.071ns
    Discrete Jitter          (DJ):    0.177ns
    Phase Error              (PE):    0.000ns

    Location             Delay type                Incr(ns)  Path(ns)    Netlist Resource(s)
  -------------------------------------------------------------------    -------------------
                         (clock cpu_clk_clk_pll rise edge)
                                                      0.000     0.000 r  
    AC19                                              0.000     0.000 r  clk (IN)
                         net (fo=0)                   0.000     0.000    pll.clk_pll/inst/clk_in1
    AC19                 IBUF (Prop_ibuf_I_O)         1.485     1.485 r  pll.clk_pll/inst/clkin1_ibufg/O
                         net (fo=1, routed)           1.619     3.104    pll.clk_pll/inst/clk_in1_clk_pll
    PLLE2_ADV_X0Y2       PLLE2_ADV (Prop_plle2_adv_CLKIN1_CLKOUT0)
                                                     -9.006    -5.902 r  pll.clk_pll/inst/plle2_adv_inst/CLKOUT0
                         net (fo=1, routed)           1.837    -4.064    pll.clk_pll/inst/cpu_clk_clk_pll
    BUFGCTRL_X0Y0        BUFG (Prop_bufg_I_O)         0.096    -3.968 r  pll.clk_pll/inst/clkout1_buf/O
                         net (fo=12248, routed)       1.656    -2.312    u_cpu/u_EXE_MEM_reg/cpu_clk
    SLICE_X88Y114        FDRE                                         r  u_cpu/u_EXE_MEM_reg/cache_cacop_op_out_reg[0]/C
  -------------------------------------------------------------------    -------------------
    SLICE_X88Y114        FDRE (Prop_fdre_C_Q)         0.518    -1.794 r  u_cpu/u_EXE_MEM_reg/cache_cacop_op_out_reg[0]/Q
                         net (fo=44, routed)          1.278    -0.516    u_cpu/u_EXE_MEM_reg/cache_cacop_op_out_reg[1]_0[0]
    SLICE_X87Y112        LUT6 (Prop_lut6_I2_O)        0.124    -0.392 r  u_cpu/u_EXE_MEM_reg/req_addr[13]_i_5/O
                         net (fo=17, routed)          1.251     0.859    u_cpu/u_tlb_manager/u_tlb/data_tlb_ex_vaddr[1]
    SLICE_X93Y116        LUT6 (Prop_lut6_I1_O)        0.124     0.983 r  u_cpu/u_tlb_manager/u_tlb/req_addr[22]_i_325/O
                         net (fo=1, routed)           0.000     0.983    u_cpu/u_tlb_manager/u_tlb/req_addr[22]_i_325_n_0
    SLICE_X93Y116        CARRY4 (Prop_carry4_S[0]_CO[3])
                                                      0.532     1.515 r  u_cpu/u_tlb_manager/u_tlb/req_addr_reg[22]_i_222/CO[3]
                         net (fo=1, routed)           0.000     1.515    u_cpu/u_tlb_manager/u_tlb/req_addr_reg[22]_i_222_n_0
    SLICE_X93Y117        CARRY4 (Prop_carry4_CI_CO[2])
                                                      0.228     1.743 f  u_cpu/u_tlb_manager/u_tlb/req_addr_reg[22]_i_84/CO[2]
                         net (fo=1, routed)           1.013     2.756    u_cpu/u_tlb_manager/u_tlb/req_addr_reg[22]_i_84_n_1
    SLICE_X85Y117        LUT6 (Prop_lut6_I5_O)        0.313     3.069 f  u_cpu/u_tlb_manager/u_tlb/req_addr[22]_i_29/O
                         net (fo=3, routed)           0.845     3.915    u_cpu/u_tlb_manager/u_tlb/req_addr[22]_i_29_n_0
    SLICE_X84Y117        LUT6 (Prop_lut6_I3_O)        0.124     4.039 r  u_cpu/u_tlb_manager/u_tlb/req_addr[12]_i_90/O
                         net (fo=1, routed)           0.684     4.723    u_cpu/u_tlb_manager/u_tlb/req_addr[12]_i_90_n_0
    SLICE_X83Y116        LUT6 (Prop_lut6_I0_O)        0.124     4.847 r  u_cpu/u_tlb_manager/u_tlb/req_addr[12]_i_85/O
                         net (fo=3, routed)           0.818     5.665    u_cpu/u_tlb_manager/u_tlb/req_addr[12]_i_85_n_0
    SLICE_X81Y116        LUT6 (Prop_lut6_I0_O)        0.124     5.789 r  u_cpu/u_tlb_manager/u_tlb/tlb_ex_valid_out[3]_i_35/O
                         net (fo=56, routed)          0.969     6.758    u_cpu/u_tlb_manager/u_tlb/tlb_ex_valid_out[3]_i_35_n_0
    SLICE_X81Y117        LUT5 (Prop_lut5_I1_O)        0.124     6.882 r  u_cpu/u_tlb_manager/u_tlb/req_addr[12]_i_47/O
                         net (fo=1, routed)           0.426     7.307    u_cpu/u_tlb_manager/u_tlb/req_addr[12]_i_47_n_0
    SLICE_X82Y117        LUT6 (Prop_lut6_I1_O)        0.124     7.431 r  u_cpu/u_tlb_manager/u_tlb/req_addr[12]_i_23/O
                         net (fo=1, routed)           0.000     7.431    u_cpu/u_tlb_manager/u_tlb/req_addr[12]_i_23_n_0
    SLICE_X82Y117        MUXF7 (Prop_muxf7_I0_O)      0.212     7.643 r  u_cpu/u_tlb_manager/u_tlb/req_addr_reg[12]_i_12/O
                         net (fo=26, routed)          0.943     8.586    u_cpu/u_tlb_manager/u_tlb/req_addr_reg[12]_i_12_n_0
    SLICE_X85Y111        LUT6 (Prop_lut6_I2_O)        0.299     8.885 r  u_cpu/u_tlb_manager/u_tlb/tlb_ex_valid_out[3]_i_3/O
                         net (fo=4, routed)           0.986     9.872    u_cpu/u_EXE_MEM_reg/s1_v
    SLICE_X95Y110        LUT5 (Prop_lut5_I4_O)        0.118     9.990 f  u_cpu/u_EXE_MEM_reg/tlb_ex_valid_out[1]_i_2/O
                         net (fo=4, routed)           1.029    11.019    u_cpu/u_tlb_manager/u_tlb/tlbm_data_ex_pis
    SLICE_X100Y111       LUT5 (Prop_lut5_I1_O)        0.326    11.345 r  u_cpu/u_tlb_manager/u_tlb/i___10_i_4/O
                         net (fo=103, routed)         0.505    11.850    u_cpu/u_EXE_MEM_reg/tlb_vaddr_out_reg[31]_0
    SLICE_X100Y113       LUT5 (Prop_lut5_I4_O)        0.124    11.974 f  u_cpu/u_EXE_MEM_reg/i___15_i_4/O
                         net (fo=3, routed)           1.105    13.079    u_cpu/u_csr_exception_commit_handler/uncached_r_i_2_1
    SLICE_X87Y109        LUT6 (Prop_lut6_I2_O)        0.124    13.203 f  u_cpu/u_csr_exception_commit_handler/uncached_r_i_6/O
                         net (fo=2, routed)           0.998    14.201    u_cpu/u_csr_exception_commit_handler/uncached_r_i_6_n_0
    SLICE_X97Y109        LUT3 (Prop_lut3_I2_O)        0.124    14.325 f  u_cpu/u_csr_exception_commit_handler/uncached_r_i_2/O
                         net (fo=6, routed)           0.702    15.027    u_cpu/u_csr_exception_commit_handler/dcache_req_mat[0]
    SLICE_X97Y109        LUT6 (Prop_lut6_I3_O)        0.124    15.151 f  u_cpu/u_csr_exception_commit_handler/i___8_i_1/O
                         net (fo=44, routed)          0.603    15.754    u_cpu/u_csr_exception_commit_handler/FSM_sequential_state_reg[0]_1
    SLICE_X97Y111        LUT2 (Prop_lut2_I0_O)        0.124    15.878 r  u_cpu/u_csr_exception_commit_handler/i___7_i_1/O
                         net (fo=106, routed)         0.700    16.578    u_cpu/u_dcache/req_need_refill_r_reg_0
    SLICE_X102Y114       LUT2 (Prop_lut2_I1_O)        0.124    16.702 f  u_cpu/u_dcache/ld_req_accepted_pending_i_4/O
                         net (fo=4, routed)           0.583    17.285    u_cpu/u_dcache/dcache_mem_data_ok
    SLICE_X104Y114       LUT6 (Prop_lut6_I2_O)        0.124    17.409 f  u_cpu/u_dcache/WB_valid_i_3/O
                         net (fo=1, routed)           0.689    18.098    u_cpu/u_EXE_MEM_reg/data_w_complete_qual_mem
    SLICE_X106Y111       LUT5 (Prop_lut5_I0_O)        0.124    18.222 f  u_cpu/u_EXE_MEM_reg/WB_valid_i_2/O
                         net (fo=5, routed)           0.454    18.676    u_cpu/u_pipeline_controller/MEM_allowIn
    SLICE_X110Y111       LUT3 (Prop_lut3_I1_O)        0.124    18.800 f  u_cpu/u_pipeline_controller/exe_alu_or_addr_out[31]_i_4/O
                         net (fo=11, routed)          0.580    19.380    u_cpu/u_pipeline_controller/MEM_valid_reg_rep__1_1
    SLICE_X112Y112       LUT5 (Prop_lut5_I1_O)        0.124    19.504 f  u_cpu/u_pipeline_controller/cache_op_valid_out[1]_i_5/O
                         net (fo=8, routed)           0.663    20.167    u_cpu/u_pipeline_controller/EXE_valid_reg_0
    SLICE_X120Y116       LUT6 (Prop_lut6_I2_O)        0.124    20.291 f  u_cpu/u_pipeline_controller/refill_echo_block_i_4/O
                         net (fo=4, routed)           0.464    20.755    u_cpu/u_csr_exception_commit_handler/inst_req_in0
    SLICE_X120Y118       LUT6 (Prop_lut6_I5_O)        0.124    20.879 f  u_cpu/u_csr_exception_commit_handler/lk_valid_i_9/O
                         net (fo=1, routed)           0.466    21.345    u_cpu/u_tlb_manager/u_tlb/p_15_in
    SLICE_X120Y118       LUT5 (Prop_lut5_I4_O)        0.124    21.469 f  u_cpu/u_tlb_manager/u_tlb/lk_valid_i_3/O
                         net (fo=5, routed)           0.320    21.789    u_cpu/u_csr_exception_commit_handler/tlbm_inst_ex_ppi
    SLICE_X122Y118       LUT3 (Prop_lut3_I2_O)        0.124    21.913 f  u_cpu/u_csr_exception_commit_handler/refill_echo_block_i_3/O
                         net (fo=3, routed)           0.464    22.378    u_cpu/u_MEM_WB_reg/refill_echo_block_reg
    SLICE_X127Y119       LUT6 (Prop_lut6_I1_O)        0.124    22.502 f  u_cpu/u_MEM_WB_reg/redirect_pc_pending[31]_i_13/O
                         net (fo=1, routed)           0.311    22.813    u_cpu/u_icache/icache_tlb_excp_cancel_req
    SLICE_X128Y119       LUT6 (Prop_lut6_I3_O)        0.124    22.937 r  u_cpu/u_icache/redirect_pc_pending[31]_i_6/O
                         net (fo=11, routed)          0.541    23.478    u_cpu/u_IFport/cache_inst_r_complete
    SLICE_X131Y119       LUT6 (Prop_lut6_I0_O)        0.124    23.602 f  u_cpu/u_IFport/pc_out[31]_i_4/O
                         net (fo=2, routed)           0.445    24.046    u_cpu/u_pipeline_controller/pc_out_reg[31]_3
    SLICE_X128Y117       LUT6 (Prop_lut6_I3_O)        0.124    24.170 f  u_cpu/u_pipeline_controller/pc_out[31]_i_6/O
                         net (fo=31, routed)          0.679    24.849    u_cpu/u_pipeline_controller/pc_out[31]_i_6_n_0
    SLICE_X129Y118       LUT5 (Prop_lut5_I0_O)        0.124    24.973 r  u_cpu/u_pipeline_controller/pc_out[4]_i_1/O
                         net (fo=5, routed)           0.431    25.404    u_cpu/u_icache/nextpc[2]
    SLICE_X129Y118       LUT6 (Prop_lut6_I0_O)        0.124    25.528 r  u_cpu/u_icache/redirect_pc_pending[31]_i_71/O
                         net (fo=2, routed)           0.735    26.264    u_cpu/u_icache/redirect_pc_pending[31]_i_71_n_0
    SLICE_X130Y115       LUT3 (Prop_lut3_I0_O)        0.124    26.388 r  u_cpu/u_icache/redirect_pc_pending[31]_i_74/O
                         net (fo=1, routed)           0.000    26.388    u_cpu/u_icache/redirect_pc_pending[31]_i_74_n_0
    SLICE_X130Y115       CARRY4 (Prop_carry4_S[1]_CO[3])
                                                      0.550    26.938 r  u_cpu/u_icache/redirect_pc_pending_reg[31]_i_56/CO[3]
                         net (fo=1, routed)           0.000    26.938    u_cpu/u_icache/redirect_pc_pending_reg[31]_i_56_n_0
    SLICE_X130Y116       CARRY4 (Prop_carry4_CI_CO[3])
                                                      0.114    27.052 r  u_cpu/u_icache/redirect_pc_pending_reg[31]_i_35/CO[3]
                         net (fo=1, routed)           0.000    27.052    u_cpu/u_icache/redirect_pc_pending_reg[31]_i_35_n_0
    SLICE_X130Y117       CARRY4 (Prop_carry4_CI_CO[1])
                                                      0.157    27.209 r  u_cpu/u_icache/redirect_pc_pending_reg[31]_i_18/CO[1]
                         net (fo=2, routed)           0.518    27.726    u_cpu/u_icache/u_IFport/cancel_redirect_pc_alias_match1
    SLICE_X131Y117       LUT6 (Prop_lut6_I0_O)        0.329    28.055 r  u_cpu/u_icache/redirect_pc_pending[31]_i_9/O
                         net (fo=2, routed)           0.328    28.383    u_cpu/u_icache/redirect_pc_pending[31]_i_9_n_0
    SLICE_X132Y117       LUT6 (Prop_lut6_I5_O)        0.124    28.507 f  u_cpu/u_icache/redirect_pc_pending[31]_i_4/O
                         net (fo=35, routed)          0.618    29.125    u_cpu/u_icache/refetch_tag_out_reg
    SLICE_X132Y115       LUT2 (Prop_lut2_I1_O)        0.124    29.249 r  u_cpu/u_icache/redirect_pc_pending[31]_i_1/O
                         net (fo=32, routed)          0.791    30.040    u_cpu/u_IFport/redirect_pc_pending_reg[31]_1[0]
    SLICE_X132Y118       FDRE                                         r  u_cpu/u_IFport/redirect_pc_pending_reg[22]/R
  -------------------------------------------------------------------    -------------------

                         (clock cpu_clk_clk_pll rise edge)
                                                     33.333    33.333 r  
    AC19                                              0.000    33.333 r  clk (IN)
                         net (fo=0)                   0.000    33.333    pll.clk_pll/inst/clk_in1
    AC19                 IBUF (Prop_ibuf_I_O)         1.414    34.748 r  pll.clk_pll/inst/clkin1_ibufg/O
                         net (fo=1, routed)           1.531    36.279    pll.clk_pll/inst/clk_in1_clk_pll
    PLLE2_ADV_X0Y2       PLLE2_ADV (Prop_plle2_adv_CLKIN1_CLKOUT0)
                                                     -8.262    28.017 r  pll.clk_pll/inst/plle2_adv_inst/CLKOUT0
                         net (fo=1, routed)           1.755    29.772    pll.clk_pll/inst/cpu_clk_clk_pll
    BUFGCTRL_X0Y0        BUFG (Prop_bufg_I_O)         0.091    29.863 r  pll.clk_pll/inst/clkout1_buf/O
                         net (fo=12248, routed)       1.560    31.424    u_cpu/u_IFport/cpu_clk
    SLICE_X132Y118       FDRE                                         r  u_cpu/u_IFport/redirect_pc_pending_reg[22]/C
                         clock pessimism             -0.418    31.006    
                         clock uncertainty           -0.095    30.910    
    SLICE_X132Y118       FDRE (Setup_fdre_C_R)       -0.524    30.386    u_cpu/u_IFport/redirect_pc_pending_reg[22]
  -------------------------------------------------------------------
                         required time                         30.386    
                         arrival time                         -30.040    
  -------------------------------------------------------------------
                         slack                                  0.346    

Slack (MET) :             0.346ns  (required time - arrival time)
  Source:                 u_cpu/u_EXE_MEM_reg/cache_cacop_op_out_reg[0]/C
                            (rising edge-triggered cell FDRE clocked by cpu_clk_clk_pll  {rise@0.000ns fall@16.667ns period=33.333ns})
  Destination:            u_cpu/u_IFport/redirect_pc_pending_reg[24]/R
                            (rising edge-triggered cell FDRE clocked by cpu_clk_clk_pll  {rise@0.000ns fall@16.667ns period=33.333ns})
  Path Group:             cpu_clk_clk_pll
  Path Type:              Setup (Max at Slow Process Corner)
  Requirement:            33.333ns  (cpu_clk_clk_pll rise@33.333ns - cpu_clk_clk_pll rise@0.000ns)
  Data Path Delay:        32.352ns  (logic 7.416ns (22.923%)  route 24.936ns (77.077%))
  Logic Levels:           41  (CARRY4=5 LUT2=3 LUT3=4 LUT5=8 LUT6=20 MUXF7=1)
  Clock Path Skew:        -0.016ns (DCD - SCD + CPR)
    Destination Clock Delay (DCD):    -1.910ns = ( 31.424 - 33.333 ) 
    Source Clock Delay      (SCD):    -2.312ns
    Clock Pessimism Removal (CPR):    -0.418ns
  Clock Uncertainty:      0.095ns  ((TSJ^2 + DJ^2)^1/2) / 2 + PE
    Total System Jitter     (TSJ):    0.071ns
    Discrete Jitter          (DJ):    0.177ns
    Phase Error              (PE):    0.000ns

    Location             Delay type                Incr(ns)  Path(ns)    Netlist Resource(s)
  -------------------------------------------------------------------    -------------------
                         (clock cpu_clk_clk_pll rise edge)
                                                      0.000     0.000 r  
    AC19                                              0.000     0.000 r  clk (IN)
                         net (fo=0)                   0.000     0.000    pll.clk_pll/inst/clk_in1
    AC19                 IBUF (Prop_ibuf_I_O)         1.485     1.485 r  pll.clk_pll/inst/clkin1_ibufg/O
                         net (fo=1, routed)           1.619     3.104    pll.clk_pll/inst/clk_in1_clk_pll
    PLLE2_ADV_X0Y2       PLLE2_ADV (Prop_plle2_adv_CLKIN1_CLKOUT0)
                                                     -9.006    -5.902 r  pll.clk_pll/inst/plle2_adv_inst/CLKOUT0
                         net (fo=1, routed)           1.837    -4.064    pll.clk_pll/inst/cpu_clk_clk_pll
    BUFGCTRL_X0Y0        BUFG (Prop_bufg_I_O)         0.096    -3.968 r  pll.clk_pll/inst/clkout1_buf/O
                         net (fo=12248, routed)       1.656    -2.312    u_cpu/u_EXE_MEM_reg/cpu_clk
    SLICE_X88Y114        FDRE                                         r  u_cpu/u_EXE_MEM_reg/cache_cacop_op_out_reg[0]/C
  -------------------------------------------------------------------    -------------------
    SLICE_X88Y114        FDRE (Prop_fdre_C_Q)         0.518    -1.794 r  u_cpu/u_EXE_MEM_reg/cache_cacop_op_out_reg[0]/Q
                         net (fo=44, routed)          1.278    -0.516    u_cpu/u_EXE_MEM_reg/cache_cacop_op_out_reg[1]_0[0]
    SLICE_X87Y112        LUT6 (Prop_lut6_I2_O)        0.124    -0.392 r  u_cpu/u_EXE_MEM_reg/req_addr[13]_i_5/O
                         net (fo=17, routed)          1.251     0.859    u_cpu/u_tlb_manager/u_tlb/data_tlb_ex_vaddr[1]
    SLICE_X93Y116        LUT6 (Prop_lut6_I1_O)        0.124     0.983 r  u_cpu/u_tlb_manager/u_tlb/req_addr[22]_i_325/O
                         net (fo=1, routed)           0.000     0.983    u_cpu/u_tlb_manager/u_tlb/req_addr[22]_i_325_n_0
    SLICE_X93Y116        CARRY4 (Prop_carry4_S[0]_CO[3])
                                                      0.532     1.515 r  u_cpu/u_tlb_manager/u_tlb/req_addr_reg[22]_i_222/CO[3]
                         net (fo=1, routed)           0.000     1.515    u_cpu/u_tlb_manager/u_tlb/req_addr_reg[22]_i_222_n_0
    SLICE_X93Y117        CARRY4 (Prop_carry4_CI_CO[2])
                                                      0.228     1.743 f  u_cpu/u_tlb_manager/u_tlb/req_addr_reg[22]_i_84/CO[2]
                         net (fo=1, routed)           1.013     2.756    u_cpu/u_tlb_manager/u_tlb/req_addr_reg[22]_i_84_n_1
    SLICE_X85Y117        LUT6 (Prop_lut6_I5_O)        0.313     3.069 f  u_cpu/u_tlb_manager/u_tlb/req_addr[22]_i_29/O
                         net (fo=3, routed)           0.845     3.915    u_cpu/u_tlb_manager/u_tlb/req_addr[22]_i_29_n_0
    SLICE_X84Y117        LUT6 (Prop_lut6_I3_O)        0.124     4.039 r  u_cpu/u_tlb_manager/u_tlb/req_addr[12]_i_90/O
                         net (fo=1, routed)           0.684     4.723    u_cpu/u_tlb_manager/u_tlb/req_addr[12]_i_90_n_0
    SLICE_X83Y116        LUT6 (Prop_lut6_I0_O)        0.124     4.847 r  u_cpu/u_tlb_manager/u_tlb/req_addr[12]_i_85/O
                         net (fo=3, routed)           0.818     5.665    u_cpu/u_tlb_manager/u_tlb/req_addr[12]_i_85_n_0
    SLICE_X81Y116        LUT6 (Prop_lut6_I0_O)        0.124     5.789 r  u_cpu/u_tlb_manager/u_tlb/tlb_ex_valid_out[3]_i_35/O
                         net (fo=56, routed)          0.969     6.758    u_cpu/u_tlb_manager/u_tlb/tlb_ex_valid_out[3]_i_35_n_0
    SLICE_X81Y117        LUT5 (Prop_lut5_I1_O)        0.124     6.882 r  u_cpu/u_tlb_manager/u_tlb/req_addr[12]_i_47/O
                         net (fo=1, routed)           0.426     7.307    u_cpu/u_tlb_manager/u_tlb/req_addr[12]_i_47_n_0
    SLICE_X82Y117        LUT6 (Prop_lut6_I1_O)        0.124     7.431 r  u_cpu/u_tlb_manager/u_tlb/req_addr[12]_i_23/O
                         net (fo=1, routed)           0.000     7.431    u_cpu/u_tlb_manager/u_tlb/req_addr[12]_i_23_n_0
    SLICE_X82Y117        MUXF7 (Prop_muxf7_I0_O)      0.212     7.643 r  u_cpu/u_tlb_manager/u_tlb/req_addr_reg[12]_i_12/O
                         net (fo=26, routed)          0.943     8.586    u_cpu/u_tlb_manager/u_tlb/req_addr_reg[12]_i_12_n_0
    SLICE_X85Y111        LUT6 (Prop_lut6_I2_O)        0.299     8.885 r  u_cpu/u_tlb_manager/u_tlb/tlb_ex_valid_out[3]_i_3/O
                         net (fo=4, routed)           0.986     9.872    u_cpu/u_EXE_MEM_reg/s1_v
    SLICE_X95Y110        LUT5 (Prop_lut5_I4_O)        0.118     9.990 f  u_cpu/u_EXE_MEM_reg/tlb_ex_valid_out[1]_i_2/O
                         net (fo=4, routed)           1.029    11.019    u_cpu/u_tlb_manager/u_tlb/tlbm_data_ex_pis
    SLICE_X100Y111       LUT5 (Prop_lut5_I1_O)        0.326    11.345 r  u_cpu/u_tlb_manager/u_tlb/i___10_i_4/O
                         net (fo=103, routed)         0.505    11.850    u_cpu/u_EXE_MEM_reg/tlb_vaddr_out_reg[31]_0
    SLICE_X100Y113       LUT5 (Prop_lut5_I4_O)        0.124    11.974 f  u_cpu/u_EXE_MEM_reg/i___15_i_4/O
                         net (fo=3, routed)           1.105    13.079    u_cpu/u_csr_exception_commit_handler/uncached_r_i_2_1
    SLICE_X87Y109        LUT6 (Prop_lut6_I2_O)        0.124    13.203 f  u_cpu/u_csr_exception_commit_handler/uncached_r_i_6/O
                         net (fo=2, routed)           0.998    14.201    u_cpu/u_csr_exception_commit_handler/uncached_r_i_6_n_0
    SLICE_X97Y109        LUT3 (Prop_lut3_I2_O)        0.124    14.325 f  u_cpu/u_csr_exception_commit_handler/uncached_r_i_2/O
                         net (fo=6, routed)           0.702    15.027    u_cpu/u_csr_exception_commit_handler/dcache_req_mat[0]
    SLICE_X97Y109        LUT6 (Prop_lut6_I3_O)        0.124    15.151 f  u_cpu/u_csr_exception_commit_handler/i___8_i_1/O
                         net (fo=44, routed)          0.603    15.754    u_cpu/u_csr_exception_commit_handler/FSM_sequential_state_reg[0]_1
    SLICE_X97Y111        LUT2 (Prop_lut2_I0_O)        0.124    15.878 r  u_cpu/u_csr_exception_commit_handler/i___7_i_1/O
                         net (fo=106, routed)         0.700    16.578    u_cpu/u_dcache/req_need_refill_r_reg_0
    SLICE_X102Y114       LUT2 (Prop_lut2_I1_O)        0.124    16.702 f  u_cpu/u_dcache/ld_req_accepted_pending_i_4/O
                         net (fo=4, routed)           0.583    17.285    u_cpu/u_dcache/dcache_mem_data_ok
    SLICE_X104Y114       LUT6 (Prop_lut6_I2_O)        0.124    17.409 f  u_cpu/u_dcache/WB_valid_i_3/O
                         net (fo=1, routed)           0.689    18.098    u_cpu/u_EXE_MEM_reg/data_w_complete_qual_mem
    SLICE_X106Y111       LUT5 (Prop_lut5_I0_O)        0.124    18.222 f  u_cpu/u_EXE_MEM_reg/WB_valid_i_2/O
                         net (fo=5, routed)           0.454    18.676    u_cpu/u_pipeline_controller/MEM_allowIn
    SLICE_X110Y111       LUT3 (Prop_lut3_I1_O)        0.124    18.800 f  u_cpu/u_pipeline_controller/exe_alu_or_addr_out[31]_i_4/O
                         net (fo=11, routed)          0.580    19.380    u_cpu/u_pipeline_controller/MEM_valid_reg_rep__1_1
    SLICE_X112Y112       LUT5 (Prop_lut5_I1_O)        0.124    19.504 f  u_cpu/u_pipeline_controller/cache_op_valid_out[1]_i_5/O
                         net (fo=8, routed)           0.663    20.167    u_cpu/u_pipeline_controller/EXE_valid_reg_0
    SLICE_X120Y116       LUT6 (Prop_lut6_I2_O)        0.124    20.291 f  u_cpu/u_pipeline_controller/refill_echo_block_i_4/O
                         net (fo=4, routed)           0.464    20.755    u_cpu/u_csr_exception_commit_handler/inst_req_in0
    SLICE_X120Y118       LUT6 (Prop_lut6_I5_O)        0.124    20.879 f  u_cpu/u_csr_exception_commit_handler/lk_valid_i_9/O
                         net (fo=1, routed)           0.466    21.345    u_cpu/u_tlb_manager/u_tlb/p_15_in
    SLICE_X120Y118       LUT5 (Prop_lut5_I4_O)        0.124    21.469 f  u_cpu/u_tlb_manager/u_tlb/lk_valid_i_3/O
                         net (fo=5, routed)           0.320    21.789    u_cpu/u_csr_exception_commit_handler/tlbm_inst_ex_ppi
    SLICE_X122Y118       LUT3 (Prop_lut3_I2_O)        0.124    21.913 f  u_cpu/u_csr_exception_commit_handler/refill_echo_block_i_3/O
                         net (fo=3, routed)           0.464    22.378    u_cpu/u_MEM_WB_reg/refill_echo_block_reg
    SLICE_X127Y119       LUT6 (Prop_lut6_I1_O)        0.124    22.502 f  u_cpu/u_MEM_WB_reg/redirect_pc_pending[31]_i_13/O
                         net (fo=1, routed)           0.311    22.813    u_cpu/u_icache/icache_tlb_excp_cancel_req
    SLICE_X128Y119       LUT6 (Prop_lut6_I3_O)        0.124    22.937 r  u_cpu/u_icache/redirect_pc_pending[31]_i_6/O
                         net (fo=11, routed)          0.541    23.478    u_cpu/u_IFport/cache_inst_r_complete
    SLICE_X131Y119       LUT6 (Prop_lut6_I0_O)        0.124    23.602 f  u_cpu/u_IFport/pc_out[31]_i_4/O
                         net (fo=2, routed)           0.445    24.046    u_cpu/u_pipeline_controller/pc_out_reg[31]_3
    SLICE_X128Y117       LUT6 (Prop_lut6_I3_O)        0.124    24.170 f  u_cpu/u_pipeline_controller/pc_out[31]_i_6/O
                         net (fo=31, routed)          0.679    24.849    u_cpu/u_pipeline_controller/pc_out[31]_i_6_n_0
    SLICE_X129Y118       LUT5 (Prop_lut5_I0_O)        0.124    24.973 r  u_cpu/u_pipeline_controller/pc_out[4]_i_1/O
                         net (fo=5, routed)           0.431    25.404    u_cpu/u_icache/nextpc[2]
    SLICE_X129Y118       LUT6 (Prop_lut6_I0_O)        0.124    25.528 r  u_cpu/u_icache/redirect_pc_pending[31]_i_71/O
                         net (fo=2, routed)           0.735    26.264    u_cpu/u_icache/redirect_pc_pending[31]_i_71_n_0
    SLICE_X130Y115       LUT3 (Prop_lut3_I0_O)        0.124    26.388 r  u_cpu/u_icache/redirect_pc_pending[31]_i_74/O
                         net (fo=1, routed)           0.000    26.388    u_cpu/u_icache/redirect_pc_pending[31]_i_74_n_0
    SLICE_X130Y115       CARRY4 (Prop_carry4_S[1]_CO[3])
                                                      0.550    26.938 r  u_cpu/u_icache/redirect_pc_pending_reg[31]_i_56/CO[3]
                         net (fo=1, routed)           0.000    26.938    u_cpu/u_icache/redirect_pc_pending_reg[31]_i_56_n_0
    SLICE_X130Y116       CARRY4 (Prop_carry4_CI_CO[3])
                                                      0.114    27.052 r  u_cpu/u_icache/redirect_pc_pending_reg[31]_i_35/CO[3]
                         net (fo=1, routed)           0.000    27.052    u_cpu/u_icache/redirect_pc_pending_reg[31]_i_35_n_0
    SLICE_X130Y117       CARRY4 (Prop_carry4_CI_CO[1])
                                                      0.157    27.209 r  u_cpu/u_icache/redirect_pc_pending_reg[31]_i_18/CO[1]
                         net (fo=2, routed)           0.518    27.726    u_cpu/u_icache/u_IFport/cancel_redirect_pc_alias_match1
    SLICE_X131Y117       LUT6 (Prop_lut6_I0_O)        0.329    28.055 r  u_cpu/u_icache/redirect_pc_pending[31]_i_9/O
                         net (fo=2, routed)           0.328    28.383    u_cpu/u_icache/redirect_pc_pending[31]_i_9_n_0
    SLICE_X132Y117       LUT6 (Prop_lut6_I5_O)        0.124    28.507 f  u_cpu/u_icache/redirect_pc_pending[31]_i_4/O
                         net (fo=35, routed)          0.618    29.125    u_cpu/u_icache/refetch_tag_out_reg
    SLICE_X132Y115       LUT2 (Prop_lut2_I1_O)        0.124    29.249 r  u_cpu/u_icache/redirect_pc_pending[31]_i_1/O
                         net (fo=32, routed)          0.791    30.040    u_cpu/u_IFport/redirect_pc_pending_reg[31]_1[0]
    SLICE_X132Y118       FDRE                                         r  u_cpu/u_IFport/redirect_pc_pending_reg[24]/R
  -------------------------------------------------------------------    -------------------

                         (clock cpu_clk_clk_pll rise edge)
                                                     33.333    33.333 r  
    AC19                                              0.000    33.333 r  clk (IN)
                         net (fo=0)                   0.000    33.333    pll.clk_pll/inst/clk_in1
    AC19                 IBUF (Prop_ibuf_I_O)         1.414    34.748 r  pll.clk_pll/inst/clkin1_ibufg/O
                         net (fo=1, routed)           1.531    36.279    pll.clk_pll/inst/clk_in1_clk_pll
    PLLE2_ADV_X0Y2       PLLE2_ADV (Prop_plle2_adv_CLKIN1_CLKOUT0)
                                                     -8.262    28.017 r  pll.clk_pll/inst/plle2_adv_inst/CLKOUT0
                         net (fo=1, routed)           1.755    29.772    pll.clk_pll/inst/cpu_clk_clk_pll
    BUFGCTRL_X0Y0        BUFG (Prop_bufg_I_O)         0.091    29.863 r  pll.clk_pll/inst/clkout1_buf/O
                         net (fo=12248, routed)       1.560    31.424    u_cpu/u_IFport/cpu_clk
    SLICE_X132Y118       FDRE                                         r  u_cpu/u_IFport/redirect_pc_pending_reg[24]/C
                         clock pessimism             -0.418    31.006    
                         clock uncertainty           -0.095    30.910    
    SLICE_X132Y118       FDRE (Setup_fdre_C_R)       -0.524    30.386    u_cpu/u_IFport/redirect_pc_pending_reg[24]
  -------------------------------------------------------------------
                         required time                         30.386    
                         arrival time                         -30.040    
  -------------------------------------------------------------------
                         slack                                  0.346    

Slack (MET) :             0.346ns  (required time - arrival time)
  Source:                 u_cpu/u_EXE_MEM_reg/cache_cacop_op_out_reg[0]/C
                            (rising edge-triggered cell FDRE clocked by cpu_clk_clk_pll  {rise@0.000ns fall@16.667ns period=33.333ns})
  Destination:            u_cpu/u_IFport/redirect_pc_pending_reg[27]/R
                            (rising edge-triggered cell FDRE clocked by cpu_clk_clk_pll  {rise@0.000ns fall@16.667ns period=33.333ns})
  Path Group:             cpu_clk_clk_pll
  Path Type:              Setup (Max at Slow Process Corner)
  Requirement:            33.333ns  (cpu_clk_clk_pll rise@33.333ns - cpu_clk_clk_pll rise@0.000ns)
  Data Path Delay:        32.352ns  (logic 7.416ns (22.923%)  route 24.936ns (77.077%))
  Logic Levels:           41  (CARRY4=5 LUT2=3 LUT3=4 LUT5=8 LUT6=20 MUXF7=1)
  Clock Path Skew:        -0.016ns (DCD - SCD + CPR)
    Destination Clock Delay (DCD):    -1.910ns = ( 31.424 - 33.333 ) 
    Source Clock Delay      (SCD):    -2.312ns
    Clock Pessimism Removal (CPR):    -0.418ns
  Clock Uncertainty:      0.095ns  ((TSJ^2 + DJ^2)^1/2) / 2 + PE
    Total System Jitter     (TSJ):    0.071ns
    Discrete Jitter          (DJ):    0.177ns
    Phase Error              (PE):    0.000ns

    Location             Delay type                Incr(ns)  Path(ns)    Netlist Resource(s)
  -------------------------------------------------------------------    -------------------
                         (clock cpu_clk_clk_pll rise edge)
                                                      0.000     0.000 r  
    AC19                                              0.000     0.000 r  clk (IN)
                         net (fo=0)                   0.000     0.000    pll.clk_pll/inst/clk_in1
    AC19                 IBUF (Prop_ibuf_I_O)         1.485     1.485 r  pll.clk_pll/inst/clkin1_ibufg/O
                         net (fo=1, routed)           1.619     3.104    pll.clk_pll/inst/clk_in1_clk_pll
    PLLE2_ADV_X0Y2       PLLE2_ADV (Prop_plle2_adv_CLKIN1_CLKOUT0)
                                                     -9.006    -5.902 r  pll.clk_pll/inst/plle2_adv_inst/CLKOUT0
                         net (fo=1, routed)           1.837    -4.064    pll.clk_pll/inst/cpu_clk_clk_pll
    BUFGCTRL_X0Y0        BUFG (Prop_bufg_I_O)         0.096    -3.968 r  pll.clk_pll/inst/clkout1_buf/O
                         net (fo=12248, routed)       1.656    -2.312    u_cpu/u_EXE_MEM_reg/cpu_clk
    SLICE_X88Y114        FDRE                                         r  u_cpu/u_EXE_MEM_reg/cache_cacop_op_out_reg[0]/C
  -------------------------------------------------------------------    -------------------
    SLICE_X88Y114        FDRE (Prop_fdre_C_Q)         0.518    -1.794 r  u_cpu/u_EXE_MEM_reg/cache_cacop_op_out_reg[0]/Q
                         net (fo=44, routed)          1.278    -0.516    u_cpu/u_EXE_MEM_reg/cache_cacop_op_out_reg[1]_0[0]
    SLICE_X87Y112        LUT6 (Prop_lut6_I2_O)        0.124    -0.392 r  u_cpu/u_EXE_MEM_reg/req_addr[13]_i_5/O
                         net (fo=17, routed)          1.251     0.859    u_cpu/u_tlb_manager/u_tlb/data_tlb_ex_vaddr[1]
    SLICE_X93Y116        LUT6 (Prop_lut6_I1_O)        0.124     0.983 r  u_cpu/u_tlb_manager/u_tlb/req_addr[22]_i_325/O
                         net (fo=1, routed)           0.000     0.983    u_cpu/u_tlb_manager/u_tlb/req_addr[22]_i_325_n_0
    SLICE_X93Y116        CARRY4 (Prop_carry4_S[0]_CO[3])
                                                      0.532     1.515 r  u_cpu/u_tlb_manager/u_tlb/req_addr_reg[22]_i_222/CO[3]
                         net (fo=1, routed)           0.000     1.515    u_cpu/u_tlb_manager/u_tlb/req_addr_reg[22]_i_222_n_0
    SLICE_X93Y117        CARRY4 (Prop_carry4_CI_CO[2])
                                                      0.228     1.743 f  u_cpu/u_tlb_manager/u_tlb/req_addr_reg[22]_i_84/CO[2]
                         net (fo=1, routed)           1.013     2.756    u_cpu/u_tlb_manager/u_tlb/req_addr_reg[22]_i_84_n_1
    SLICE_X85Y117        LUT6 (Prop_lut6_I5_O)        0.313     3.069 f  u_cpu/u_tlb_manager/u_tlb/req_addr[22]_i_29/O
                         net (fo=3, routed)           0.845     3.915    u_cpu/u_tlb_manager/u_tlb/req_addr[22]_i_29_n_0
    SLICE_X84Y117        LUT6 (Prop_lut6_I3_O)        0.124     4.039 r  u_cpu/u_tlb_manager/u_tlb/req_addr[12]_i_90/O
                         net (fo=1, routed)           0.684     4.723    u_cpu/u_tlb_manager/u_tlb/req_addr[12]_i_90_n_0
    SLICE_X83Y116        LUT6 (Prop_lut6_I0_O)        0.124     4.847 r  u_cpu/u_tlb_manager/u_tlb/req_addr[12]_i_85/O
                         net (fo=3, routed)           0.818     5.665    u_cpu/u_tlb_manager/u_tlb/req_addr[12]_i_85_n_0
    SLICE_X81Y116        LUT6 (Prop_lut6_I0_O)        0.124     5.789 r  u_cpu/u_tlb_manager/u_tlb/tlb_ex_valid_out[3]_i_35/O
                         net (fo=56, routed)          0.969     6.758    u_cpu/u_tlb_manager/u_tlb/tlb_ex_valid_out[3]_i_35_n_0
    SLICE_X81Y117        LUT5 (Prop_lut5_I1_O)        0.124     6.882 r  u_cpu/u_tlb_manager/u_tlb/req_addr[12]_i_47/O
                         net (fo=1, routed)           0.426     7.307    u_cpu/u_tlb_manager/u_tlb/req_addr[12]_i_47_n_0
    SLICE_X82Y117        LUT6 (Prop_lut6_I1_O)        0.124     7.431 r  u_cpu/u_tlb_manager/u_tlb/req_addr[12]_i_23/O
                         net (fo=1, routed)           0.000     7.431    u_cpu/u_tlb_manager/u_tlb/req_addr[12]_i_23_n_0
    SLICE_X82Y117        MUXF7 (Prop_muxf7_I0_O)      0.212     7.643 r  u_cpu/u_tlb_manager/u_tlb/req_addr_reg[12]_i_12/O
                         net (fo=26, routed)          0.943     8.586    u_cpu/u_tlb_manager/u_tlb/req_addr_reg[12]_i_12_n_0
    SLICE_X85Y111        LUT6 (Prop_lut6_I2_O)        0.299     8.885 r  u_cpu/u_tlb_manager/u_tlb/tlb_ex_valid_out[3]_i_3/O
                         net (fo=4, routed)           0.986     9.872    u_cpu/u_EXE_MEM_reg/s1_v
    SLICE_X95Y110        LUT5 (Prop_lut5_I4_O)        0.118     9.990 f  u_cpu/u_EXE_MEM_reg/tlb_ex_valid_out[1]_i_2/O
                         net (fo=4, routed)           1.029    11.019    u_cpu/u_tlb_manager/u_tlb/tlbm_data_ex_pis
    SLICE_X100Y111       LUT5 (Prop_lut5_I1_O)        0.326    11.345 r  u_cpu/u_tlb_manager/u_tlb/i___10_i_4/O
                         net (fo=103, routed)         0.505    11.850    u_cpu/u_EXE_MEM_reg/tlb_vaddr_out_reg[31]_0
    SLICE_X100Y113       LUT5 (Prop_lut5_I4_O)        0.124    11.974 f  u_cpu/u_EXE_MEM_reg/i___15_i_4/O
                         net (fo=3, routed)           1.105    13.079    u_cpu/u_csr_exception_commit_handler/uncached_r_i_2_1
    SLICE_X87Y109        LUT6 (Prop_lut6_I2_O)        0.124    13.203 f  u_cpu/u_csr_exception_commit_handler/uncached_r_i_6/O
                         net (fo=2, routed)           0.998    14.201    u_cpu/u_csr_exception_commit_handler/uncached_r_i_6_n_0
    SLICE_X97Y109        LUT3 (Prop_lut3_I2_O)        0.124    14.325 f  u_cpu/u_csr_exception_commit_handler/uncached_r_i_2/O
                         net (fo=6, routed)           0.702    15.027    u_cpu/u_csr_exception_commit_handler/dcache_req_mat[0]
    SLICE_X97Y109        LUT6 (Prop_lut6_I3_O)        0.124    15.151 f  u_cpu/u_csr_exception_commit_handler/i___8_i_1/O
                         net (fo=44, routed)          0.603    15.754    u_cpu/u_csr_exception_commit_handler/FSM_sequential_state_reg[0]_1
    SLICE_X97Y111        LUT2 (Prop_lut2_I0_O)        0.124    15.878 r  u_cpu/u_csr_exception_commit_handler/i___7_i_1/O
                         net (fo=106, routed)         0.700    16.578    u_cpu/u_dcache/req_need_refill_r_reg_0
    SLICE_X102Y114       LUT2 (Prop_lut2_I1_O)        0.124    16.702 f  u_cpu/u_dcache/ld_req_accepted_pending_i_4/O
                         net (fo=4, routed)           0.583    17.285    u_cpu/u_dcache/dcache_mem_data_ok
    SLICE_X104Y114       LUT6 (Prop_lut6_I2_O)        0.124    17.409 f  u_cpu/u_dcache/WB_valid_i_3/O
                         net (fo=1, routed)           0.689    18.098    u_cpu/u_EXE_MEM_reg/data_w_complete_qual_mem
    SLICE_X106Y111       LUT5 (Prop_lut5_I0_O)        0.124    18.222 f  u_cpu/u_EXE_MEM_reg/WB_valid_i_2/O
                         net (fo=5, routed)           0.454    18.676    u_cpu/u_pipeline_controller/MEM_allowIn
    SLICE_X110Y111       LUT3 (Prop_lut3_I1_O)        0.124    18.800 f  u_cpu/u_pipeline_controller/exe_alu_or_addr_out[31]_i_4/O
                         net (fo=11, routed)          0.580    19.380    u_cpu/u_pipeline_controller/MEM_valid_reg_rep__1_1
    SLICE_X112Y112       LUT5 (Prop_lut5_I1_O)        0.124    19.504 f  u_cpu/u_pipeline_controller/cache_op_valid_out[1]_i_5/O
                         net (fo=8, routed)           0.663    20.167    u_cpu/u_pipeline_controller/EXE_valid_reg_0
    SLICE_X120Y116       LUT6 (Prop_lut6_I2_O)        0.124    20.291 f  u_cpu/u_pipeline_controller/refill_echo_block_i_4/O
                         net (fo=4, routed)           0.464    20.755    u_cpu/u_csr_exception_commit_handler/inst_req_in0
    SLICE_X120Y118       LUT6 (Prop_lut6_I5_O)        0.124    20.879 f  u_cpu/u_csr_exception_commit_handler/lk_valid_i_9/O
                         net (fo=1, routed)           0.466    21.345    u_cpu/u_tlb_manager/u_tlb/p_15_in
    SLICE_X120Y118       LUT5 (Prop_lut5_I4_O)        0.124    21.469 f  u_cpu/u_tlb_manager/u_tlb/lk_valid_i_3/O
                         net (fo=5, routed)           0.320    21.789    u_cpu/u_csr_exception_commit_handler/tlbm_inst_ex_ppi
    SLICE_X122Y118       LUT3 (Prop_lut3_I2_O)        0.124    21.913 f  u_cpu/u_csr_exception_commit_handler/refill_echo_block_i_3/O
                         net (fo=3, routed)           0.464    22.378    u_cpu/u_MEM_WB_reg/refill_echo_block_reg
    SLICE_X127Y119       LUT6 (Prop_lut6_I1_O)        0.124    22.502 f  u_cpu/u_MEM_WB_reg/redirect_pc_pending[31]_i_13/O
                         net (fo=1, routed)           0.311    22.813    u_cpu/u_icache/icache_tlb_excp_cancel_req
    SLICE_X128Y119       LUT6 (Prop_lut6_I3_O)        0.124    22.937 r  u_cpu/u_icache/redirect_pc_pending[31]_i_6/O
                         net (fo=11, routed)          0.541    23.478    u_cpu/u_IFport/cache_inst_r_complete
    SLICE_X131Y119       LUT6 (Prop_lut6_I0_O)        0.124    23.602 f  u_cpu/u_IFport/pc_out[31]_i_4/O
                         net (fo=2, routed)           0.445    24.046    u_cpu/u_pipeline_controller/pc_out_reg[31]_3
    SLICE_X128Y117       LUT6 (Prop_lut6_I3_O)        0.124    24.170 f  u_cpu/u_pipeline_controller/pc_out[31]_i_6/O
                         net (fo=31, routed)          0.679    24.849    u_cpu/u_pipeline_controller/pc_out[31]_i_6_n_0
    SLICE_X129Y118       LUT5 (Prop_lut5_I0_O)        0.124    24.973 r  u_cpu/u_pipeline_controller/pc_out[4]_i_1/O
                         net (fo=5, routed)           0.431    25.404    u_cpu/u_icache/nextpc[2]
    SLICE_X129Y118       LUT6 (Prop_lut6_I0_O)        0.124    25.528 r  u_cpu/u_icache/redirect_pc_pending[31]_i_71/O
                         net (fo=2, routed)           0.735    26.264    u_cpu/u_icache/redirect_pc_pending[31]_i_71_n_0
    SLICE_X130Y115       LUT3 (Prop_lut3_I0_O)        0.124    26.388 r  u_cpu/u_icache/redirect_pc_pending[31]_i_74/O
                         net (fo=1, routed)           0.000    26.388    u_cpu/u_icache/redirect_pc_pending[31]_i_74_n_0
    SLICE_X130Y115       CARRY4 (Prop_carry4_S[1]_CO[3])
                                                      0.550    26.938 r  u_cpu/u_icache/redirect_pc_pending_reg[31]_i_56/CO[3]
                         net (fo=1, routed)           0.000    26.938    u_cpu/u_icache/redirect_pc_pending_reg[31]_i_56_n_0
    SLICE_X130Y116       CARRY4 (Prop_carry4_CI_CO[3])
                                                      0.114    27.052 r  u_cpu/u_icache/redirect_pc_pending_reg[31]_i_35/CO[3]
                         net (fo=1, routed)           0.000    27.052    u_cpu/u_icache/redirect_pc_pending_reg[31]_i_35_n_0
    SLICE_X130Y117       CARRY4 (Prop_carry4_CI_CO[1])
                                                      0.157    27.209 r  u_cpu/u_icache/redirect_pc_pending_reg[31]_i_18/CO[1]
                         net (fo=2, routed)           0.518    27.726    u_cpu/u_icache/u_IFport/cancel_redirect_pc_alias_match1
    SLICE_X131Y117       LUT6 (Prop_lut6_I0_O)        0.329    28.055 r  u_cpu/u_icache/redirect_pc_pending[31]_i_9/O
                         net (fo=2, routed)           0.328    28.383    u_cpu/u_icache/redirect_pc_pending[31]_i_9_n_0
    SLICE_X132Y117       LUT6 (Prop_lut6_I5_O)        0.124    28.507 f  u_cpu/u_icache/redirect_pc_pending[31]_i_4/O
                         net (fo=35, routed)          0.618    29.125    u_cpu/u_icache/refetch_tag_out_reg
    SLICE_X132Y115       LUT2 (Prop_lut2_I1_O)        0.124    29.249 r  u_cpu/u_icache/redirect_pc_pending[31]_i_1/O
                         net (fo=32, routed)          0.791    30.040    u_cpu/u_IFport/redirect_pc_pending_reg[31]_1[0]
    SLICE_X132Y118       FDRE                                         r  u_cpu/u_IFport/redirect_pc_pending_reg[27]/R
  -------------------------------------------------------------------    -------------------

                         (clock cpu_clk_clk_pll rise edge)
                                                     33.333    33.333 r  
    AC19                                              0.000    33.333 r  clk (IN)
                         net (fo=0)                   0.000    33.333    pll.clk_pll/inst/clk_in1
    AC19                 IBUF (Prop_ibuf_I_O)         1.414    34.748 r  pll.clk_pll/inst/clkin1_ibufg/O
                         net (fo=1, routed)           1.531    36.279    pll.clk_pll/inst/clk_in1_clk_pll
    PLLE2_ADV_X0Y2       PLLE2_ADV (Prop_plle2_adv_CLKIN1_CLKOUT0)
                                                     -8.262    28.017 r  pll.clk_pll/inst/plle2_adv_inst/CLKOUT0
                         net (fo=1, routed)           1.755    29.772    pll.clk_pll/inst/cpu_clk_clk_pll
    BUFGCTRL_X0Y0        BUFG (Prop_bufg_I_O)         0.091    29.863 r  pll.clk_pll/inst/clkout1_buf/O
                         net (fo=12248, routed)       1.560    31.424    u_cpu/u_IFport/cpu_clk
    SLICE_X132Y118       FDRE                                         r  u_cpu/u_IFport/redirect_pc_pending_reg[27]/C
                         clock pessimism             -0.418    31.006    
                         clock uncertainty           -0.095    30.910    
    SLICE_X132Y118       FDRE (Setup_fdre_C_R)       -0.524    30.386    u_cpu/u_IFport/redirect_pc_pending_reg[27]
  -------------------------------------------------------------------
                         required time                         30.386    
                         arrival time                         -30.040    
  -------------------------------------------------------------------
                         slack                                  0.346    

Slack (MET) :             0.346ns  (required time - arrival time)
  Source:                 u_cpu/u_EXE_MEM_reg/cache_cacop_op_out_reg[0]/C
                            (rising edge-triggered cell FDRE clocked by cpu_clk_clk_pll  {rise@0.000ns fall@16.667ns period=33.333ns})
  Destination:            u_cpu/u_IFport/redirect_pc_pending_reg[28]/R
                            (rising edge-triggered cell FDRE clocked by cpu_clk_clk_pll  {rise@0.000ns fall@16.667ns period=33.333ns})
  Path Group:             cpu_clk_clk_pll
  Path Type:              Setup (Max at Slow Process Corner)
  Requirement:            33.333ns  (cpu_clk_clk_pll rise@33.333ns - cpu_clk_clk_pll rise@0.000ns)
  Data Path Delay:        32.352ns  (logic 7.416ns (22.923%)  route 24.936ns (77.077%))
  Logic Levels:           41  (CARRY4=5 LUT2=3 LUT3=4 LUT5=8 LUT6=20 MUXF7=1)
  Clock Path Skew:        -0.016ns (DCD - SCD + CPR)
    Destination Clock Delay (DCD):    -1.910ns = ( 31.424 - 33.333 ) 
    Source Clock Delay      (SCD):    -2.312ns
    Clock Pessimism Removal (CPR):    -0.418ns
  Clock Uncertainty:      0.095ns  ((TSJ^2 + DJ^2)^1/2) / 2 + PE
    Total System Jitter     (TSJ):    0.071ns
    Discrete Jitter          (DJ):    0.177ns
    Phase Error              (PE):    0.000ns

    Location             Delay type                Incr(ns)  Path(ns)    Netlist Resource(s)
  -------------------------------------------------------------------    -------------------
                         (clock cpu_clk_clk_pll rise edge)
                                                      0.000     0.000 r  
    AC19                                              0.000     0.000 r  clk (IN)
                         net (fo=0)                   0.000     0.000    pll.clk_pll/inst/clk_in1
    AC19                 IBUF (Prop_ibuf_I_O)         1.485     1.485 r  pll.clk_pll/inst/clkin1_ibufg/O
                         net (fo=1, routed)           1.619     3.104    pll.clk_pll/inst/clk_in1_clk_pll
    PLLE2_ADV_X0Y2       PLLE2_ADV (Prop_plle2_adv_CLKIN1_CLKOUT0)
                                                     -9.006    -5.902 r  pll.clk_pll/inst/plle2_adv_inst/CLKOUT0
                         net (fo=1, routed)           1.837    -4.064    pll.clk_pll/inst/cpu_clk_clk_pll
    BUFGCTRL_X0Y0        BUFG (Prop_bufg_I_O)         0.096    -3.968 r  pll.clk_pll/inst/clkout1_buf/O
                         net (fo=12248, routed)       1.656    -2.312    u_cpu/u_EXE_MEM_reg/cpu_clk
    SLICE_X88Y114        FDRE                                         r  u_cpu/u_EXE_MEM_reg/cache_cacop_op_out_reg[0]/C
  -------------------------------------------------------------------    -------------------
    SLICE_X88Y114        FDRE (Prop_fdre_C_Q)         0.518    -1.794 r  u_cpu/u_EXE_MEM_reg/cache_cacop_op_out_reg[0]/Q
                         net (fo=44, routed)          1.278    -0.516    u_cpu/u_EXE_MEM_reg/cache_cacop_op_out_reg[1]_0[0]
    SLICE_X87Y112        LUT6 (Prop_lut6_I2_O)        0.124    -0.392 r  u_cpu/u_EXE_MEM_reg/req_addr[13]_i_5/O
                         net (fo=17, routed)          1.251     0.859    u_cpu/u_tlb_manager/u_tlb/data_tlb_ex_vaddr[1]
    SLICE_X93Y116        LUT6 (Prop_lut6_I1_O)        0.124     0.983 r  u_cpu/u_tlb_manager/u_tlb/req_addr[22]_i_325/O
                         net (fo=1, routed)           0.000     0.983    u_cpu/u_tlb_manager/u_tlb/req_addr[22]_i_325_n_0
    SLICE_X93Y116        CARRY4 (Prop_carry4_S[0]_CO[3])
                                                      0.532     1.515 r  u_cpu/u_tlb_manager/u_tlb/req_addr_reg[22]_i_222/CO[3]
                         net (fo=1, routed)           0.000     1.515    u_cpu/u_tlb_manager/u_tlb/req_addr_reg[22]_i_222_n_0
    SLICE_X93Y117        CARRY4 (Prop_carry4_CI_CO[2])
                                                      0.228     1.743 f  u_cpu/u_tlb_manager/u_tlb/req_addr_reg[22]_i_84/CO[2]
                         net (fo=1, routed)           1.013     2.756    u_cpu/u_tlb_manager/u_tlb/req_addr_reg[22]_i_84_n_1
    SLICE_X85Y117        LUT6 (Prop_lut6_I5_O)        0.313     3.069 f  u_cpu/u_tlb_manager/u_tlb/req_addr[22]_i_29/O
                         net (fo=3, routed)           0.845     3.915    u_cpu/u_tlb_manager/u_tlb/req_addr[22]_i_29_n_0
    SLICE_X84Y117        LUT6 (Prop_lut6_I3_O)        0.124     4.039 r  u_cpu/u_tlb_manager/u_tlb/req_addr[12]_i_90/O
                         net (fo=1, routed)           0.684     4.723    u_cpu/u_tlb_manager/u_tlb/req_addr[12]_i_90_n_0
    SLICE_X83Y116        LUT6 (Prop_lut6_I0_O)        0.124     4.847 r  u_cpu/u_tlb_manager/u_tlb/req_addr[12]_i_85/O
                         net (fo=3, routed)           0.818     5.665    u_cpu/u_tlb_manager/u_tlb/req_addr[12]_i_85_n_0
    SLICE_X81Y116        LUT6 (Prop_lut6_I0_O)        0.124     5.789 r  u_cpu/u_tlb_manager/u_tlb/tlb_ex_valid_out[3]_i_35/O
                         net (fo=56, routed)          0.969     6.758    u_cpu/u_tlb_manager/u_tlb/tlb_ex_valid_out[3]_i_35_n_0
    SLICE_X81Y117        LUT5 (Prop_lut5_I1_O)        0.124     6.882 r  u_cpu/u_tlb_manager/u_tlb/req_addr[12]_i_47/O
                         net (fo=1, routed)           0.426     7.307    u_cpu/u_tlb_manager/u_tlb/req_addr[12]_i_47_n_0
    SLICE_X82Y117        LUT6 (Prop_lut6_I1_O)        0.124     7.431 r  u_cpu/u_tlb_manager/u_tlb/req_addr[12]_i_23/O
                         net (fo=1, routed)           0.000     7.431    u_cpu/u_tlb_manager/u_tlb/req_addr[12]_i_23_n_0
    SLICE_X82Y117        MUXF7 (Prop_muxf7_I0_O)      0.212     7.643 r  u_cpu/u_tlb_manager/u_tlb/req_addr_reg[12]_i_12/O
                         net (fo=26, routed)          0.943     8.586    u_cpu/u_tlb_manager/u_tlb/req_addr_reg[12]_i_12_n_0
    SLICE_X85Y111        LUT6 (Prop_lut6_I2_O)        0.299     8.885 r  u_cpu/u_tlb_manager/u_tlb/tlb_ex_valid_out[3]_i_3/O
                         net (fo=4, routed)           0.986     9.872    u_cpu/u_EXE_MEM_reg/s1_v
    SLICE_X95Y110        LUT5 (Prop_lut5_I4_O)        0.118     9.990 f  u_cpu/u_EXE_MEM_reg/tlb_ex_valid_out[1]_i_2/O
                         net (fo=4, routed)           1.029    11.019    u_cpu/u_tlb_manager/u_tlb/tlbm_data_ex_pis
    SLICE_X100Y111       LUT5 (Prop_lut5_I1_O)        0.326    11.345 r  u_cpu/u_tlb_manager/u_tlb/i___10_i_4/O
                         net (fo=103, routed)         0.505    11.850    u_cpu/u_EXE_MEM_reg/tlb_vaddr_out_reg[31]_0
    SLICE_X100Y113       LUT5 (Prop_lut5_I4_O)        0.124    11.974 f  u_cpu/u_EXE_MEM_reg/i___15_i_4/O
                         net (fo=3, routed)           1.105    13.079    u_cpu/u_csr_exception_commit_handler/uncached_r_i_2_1
    SLICE_X87Y109        LUT6 (Prop_lut6_I2_O)        0.124    13.203 f  u_cpu/u_csr_exception_commit_handler/uncached_r_i_6/O
                         net (fo=2, routed)           0.998    14.201    u_cpu/u_csr_exception_commit_handler/uncached_r_i_6_n_0
    SLICE_X97Y109        LUT3 (Prop_lut3_I2_O)        0.124    14.325 f  u_cpu/u_csr_exception_commit_handler/uncached_r_i_2/O
                         net (fo=6, routed)           0.702    15.027    u_cpu/u_csr_exception_commit_handler/dcache_req_mat[0]
    SLICE_X97Y109        LUT6 (Prop_lut6_I3_O)        0.124    15.151 f  u_cpu/u_csr_exception_commit_handler/i___8_i_1/O
                         net (fo=44, routed)          0.603    15.754    u_cpu/u_csr_exception_commit_handler/FSM_sequential_state_reg[0]_1
    SLICE_X97Y111        LUT2 (Prop_lut2_I0_O)        0.124    15.878 r  u_cpu/u_csr_exception_commit_handler/i___7_i_1/O
                         net (fo=106, routed)         0.700    16.578    u_cpu/u_dcache/req_need_refill_r_reg_0
    SLICE_X102Y114       LUT2 (Prop_lut2_I1_O)        0.124    16.702 f  u_cpu/u_dcache/ld_req_accepted_pending_i_4/O
                         net (fo=4, routed)           0.583    17.285    u_cpu/u_dcache/dcache_mem_data_ok
    SLICE_X104Y114       LUT6 (Prop_lut6_I2_O)        0.124    17.409 f  u_cpu/u_dcache/WB_valid_i_3/O
                         net (fo=1, routed)           0.689    18.098    u_cpu/u_EXE_MEM_reg/data_w_complete_qual_mem
    SLICE_X106Y111       LUT5 (Prop_lut5_I0_O)        0.124    18.222 f  u_cpu/u_EXE_MEM_reg/WB_valid_i_2/O
                         net (fo=5, routed)           0.454    18.676    u_cpu/u_pipeline_controller/MEM_allowIn
    SLICE_X110Y111       LUT3 (Prop_lut3_I1_O)        0.124    18.800 f  u_cpu/u_pipeline_controller/exe_alu_or_addr_out[31]_i_4/O
                         net (fo=11, routed)          0.580    19.380    u_cpu/u_pipeline_controller/MEM_valid_reg_rep__1_1
    SLICE_X112Y112       LUT5 (Prop_lut5_I1_O)        0.124    19.504 f  u_cpu/u_pipeline_controller/cache_op_valid_out[1]_i_5/O
                         net (fo=8, routed)           0.663    20.167    u_cpu/u_pipeline_controller/EXE_valid_reg_0
    SLICE_X120Y116       LUT6 (Prop_lut6_I2_O)        0.124    20.291 f  u_cpu/u_pipeline_controller/refill_echo_block_i_4/O
                         net (fo=4, routed)           0.464    20.755    u_cpu/u_csr_exception_commit_handler/inst_req_in0
    SLICE_X120Y118       LUT6 (Prop_lut6_I5_O)        0.124    20.879 f  u_cpu/u_csr_exception_commit_handler/lk_valid_i_9/O
                         net (fo=1, routed)           0.466    21.345    u_cpu/u_tlb_manager/u_tlb/p_15_in
    SLICE_X120Y118       LUT5 (Prop_lut5_I4_O)        0.124    21.469 f  u_cpu/u_tlb_manager/u_tlb/lk_valid_i_3/O
                         net (fo=5, routed)           0.320    21.789    u_cpu/u_csr_exception_commit_handler/tlbm_inst_ex_ppi
    SLICE_X122Y118       LUT3 (Prop_lut3_I2_O)        0.124    21.913 f  u_cpu/u_csr_exception_commit_handler/refill_echo_block_i_3/O
                         net (fo=3, routed)           0.464    22.378    u_cpu/u_MEM_WB_reg/refill_echo_block_reg
    SLICE_X127Y119       LUT6 (Prop_lut6_I1_O)        0.124    22.502 f  u_cpu/u_MEM_WB_reg/redirect_pc_pending[31]_i_13/O
                         net (fo=1, routed)           0.311    22.813    u_cpu/u_icache/icache_tlb_excp_cancel_req
    SLICE_X128Y119       LUT6 (Prop_lut6_I3_O)        0.124    22.937 r  u_cpu/u_icache/redirect_pc_pending[31]_i_6/O
                         net (fo=11, routed)          0.541    23.478    u_cpu/u_IFport/cache_inst_r_complete
    SLICE_X131Y119       LUT6 (Prop_lut6_I0_O)        0.124    23.602 f  u_cpu/u_IFport/pc_out[31]_i_4/O
                         net (fo=2, routed)           0.445    24.046    u_cpu/u_pipeline_controller/pc_out_reg[31]_3
    SLICE_X128Y117       LUT6 (Prop_lut6_I3_O)        0.124    24.170 f  u_cpu/u_pipeline_controller/pc_out[31]_i_6/O
                         net (fo=31, routed)          0.679    24.849    u_cpu/u_pipeline_controller/pc_out[31]_i_6_n_0
    SLICE_X129Y118       LUT5 (Prop_lut5_I0_O)        0.124    24.973 r  u_cpu/u_pipeline_controller/pc_out[4]_i_1/O
                         net (fo=5, routed)           0.431    25.404    u_cpu/u_icache/nextpc[2]
    SLICE_X129Y118       LUT6 (Prop_lut6_I0_O)        0.124    25.528 r  u_cpu/u_icache/redirect_pc_pending[31]_i_71/O
                         net (fo=2, routed)           0.735    26.264    u_cpu/u_icache/redirect_pc_pending[31]_i_71_n_0
    SLICE_X130Y115       LUT3 (Prop_lut3_I0_O)        0.124    26.388 r  u_cpu/u_icache/redirect_pc_pending[31]_i_74/O
                         net (fo=1, routed)           0.000    26.388    u_cpu/u_icache/redirect_pc_pending[31]_i_74_n_0
    SLICE_X130Y115       CARRY4 (Prop_carry4_S[1]_CO[3])
                                                      0.550    26.938 r  u_cpu/u_icache/redirect_pc_pending_reg[31]_i_56/CO[3]
                         net (fo=1, routed)           0.000    26.938    u_cpu/u_icache/redirect_pc_pending_reg[31]_i_56_n_0
    SLICE_X130Y116       CARRY4 (Prop_carry4_CI_CO[3])
                                                      0.114    27.052 r  u_cpu/u_icache/redirect_pc_pending_reg[31]_i_35/CO[3]
                         net (fo=1, routed)           0.000    27.052    u_cpu/u_icache/redirect_pc_pending_reg[31]_i_35_n_0
    SLICE_X130Y117       CARRY4 (Prop_carry4_CI_CO[1])
                                                      0.157    27.209 r  u_cpu/u_icache/redirect_pc_pending_reg[31]_i_18/CO[1]
                         net (fo=2, routed)           0.518    27.726    u_cpu/u_icache/u_IFport/cancel_redirect_pc_alias_match1
    SLICE_X131Y117       LUT6 (Prop_lut6_I0_O)        0.329    28.055 r  u_cpu/u_icache/redirect_pc_pending[31]_i_9/O
                         net (fo=2, routed)           0.328    28.383    u_cpu/u_icache/redirect_pc_pending[31]_i_9_n_0
    SLICE_X132Y117       LUT6 (Prop_lut6_I5_O)        0.124    28.507 f  u_cpu/u_icache/redirect_pc_pending[31]_i_4/O
                         net (fo=35, routed)          0.618    29.125    u_cpu/u_icache/refetch_tag_out_reg
    SLICE_X132Y115       LUT2 (Prop_lut2_I1_O)        0.124    29.249 r  u_cpu/u_icache/redirect_pc_pending[31]_i_1/O
                         net (fo=32, routed)          0.791    30.040    u_cpu/u_IFport/redirect_pc_pending_reg[31]_1[0]
    SLICE_X132Y118       FDRE                                         r  u_cpu/u_IFport/redirect_pc_pending_reg[28]/R
  -------------------------------------------------------------------    -------------------

                         (clock cpu_clk_clk_pll rise edge)
                                                     33.333    33.333 r  
    AC19                                              0.000    33.333 r  clk (IN)
                         net (fo=0)                   0.000    33.333    pll.clk_pll/inst/clk_in1
    AC19                 IBUF (Prop_ibuf_I_O)         1.414    34.748 r  pll.clk_pll/inst/clkin1_ibufg/O
                         net (fo=1, routed)           1.531    36.279    pll.clk_pll/inst/clk_in1_clk_pll
    PLLE2_ADV_X0Y2       PLLE2_ADV (Prop_plle2_adv_CLKIN1_CLKOUT0)
                                                     -8.262    28.017 r  pll.clk_pll/inst/plle2_adv_inst/CLKOUT0
                         net (fo=1, routed)           1.755    29.772    pll.clk_pll/inst/cpu_clk_clk_pll
    BUFGCTRL_X0Y0        BUFG (Prop_bufg_I_O)         0.091    29.863 r  pll.clk_pll/inst/clkout1_buf/O
                         net (fo=12248, routed)       1.560    31.424    u_cpu/u_IFport/cpu_clk
    SLICE_X132Y118       FDRE                                         r  u_cpu/u_IFport/redirect_pc_pending_reg[28]/C
                         clock pessimism             -0.418    31.006    
                         clock uncertainty           -0.095    30.910    
    SLICE_X132Y118       FDRE (Setup_fdre_C_R)       -0.524    30.386    u_cpu/u_IFport/redirect_pc_pending_reg[28]
  -------------------------------------------------------------------
                         required time                         30.386    
                         arrival time                         -30.040    
  -------------------------------------------------------------------
                         slack                                  0.346    

Slack (MET) :             0.349ns  (required time - arrival time)
  Source:                 u_cpu/u_EXE_MEM_reg/cache_cacop_op_out_reg[0]/C
                            (rising edge-triggered cell FDRE clocked by cpu_clk_clk_pll  {rise@0.000ns fall@16.667ns period=33.333ns})
  Destination:            u_cpu/u_l2cache/u_l2_way0_tag_ram/U0/inst_blk_mem_gen/gnbram.gnativebmg.native_blk_mem_gen/valid.cstr/ramloop[0].ram.r/prim_init.ram/DEVICE_7SERIES.NO_BMM_INFO.SP.WIDE_PRIM18.ram/ADDRBWRADDR[5]
                            (rising edge-triggered cell RAMB18E1 clocked by cpu_clk_clk_pll  {rise@0.000ns fall@16.667ns period=33.333ns})
  Path Group:             cpu_clk_clk_pll
  Path Type:              Setup (Max at Slow Process Corner)
  Requirement:            33.333ns  (cpu_clk_clk_pll rise@33.333ns - cpu_clk_clk_pll rise@0.000ns)
  Data Path Delay:        32.251ns  (logic 6.248ns (19.373%)  route 26.003ns (80.627%))
  Logic Levels:           35  (CARRY4=2 LUT2=2 LUT3=4 LUT5=8 LUT6=18 MUXF7=1)
  Clock Path Skew:        -0.073ns (DCD - SCD + CPR)
    Destination Clock Delay (DCD):    -1.894ns = ( 31.439 - 33.333 ) 
    Source Clock Delay      (SCD):    -2.312ns
    Clock Pessimism Removal (CPR):    -0.490ns
  Clock Uncertainty:      0.095ns  ((TSJ^2 + DJ^2)^1/2) / 2 + PE
    Total System Jitter     (TSJ):    0.071ns
    Discrete Jitter          (DJ):    0.177ns
    Phase Error              (PE):    0.000ns

    Location             Delay type                Incr(ns)  Path(ns)    Netlist Resource(s)
  -------------------------------------------------------------------    -------------------
                         (clock cpu_clk_clk_pll rise edge)
                                                      0.000     0.000 r  
    AC19                                              0.000     0.000 r  clk (IN)
                         net (fo=0)                   0.000     0.000    pll.clk_pll/inst/clk_in1
    AC19                 IBUF (Prop_ibuf_I_O)         1.485     1.485 r  pll.clk_pll/inst/clkin1_ibufg/O
                         net (fo=1, routed)           1.619     3.104    pll.clk_pll/inst/clk_in1_clk_pll
    PLLE2_ADV_X0Y2       PLLE2_ADV (Prop_plle2_adv_CLKIN1_CLKOUT0)
                                                     -9.006    -5.902 r  pll.clk_pll/inst/plle2_adv_inst/CLKOUT0
                         net (fo=1, routed)           1.837    -4.064    pll.clk_pll/inst/cpu_clk_clk_pll
    BUFGCTRL_X0Y0        BUFG (Prop_bufg_I_O)         0.096    -3.968 r  pll.clk_pll/inst/clkout1_buf/O
                         net (fo=12248, routed)       1.656    -2.312    u_cpu/u_EXE_MEM_reg/cpu_clk
    SLICE_X88Y114        FDRE                                         r  u_cpu/u_EXE_MEM_reg/cache_cacop_op_out_reg[0]/C
  -------------------------------------------------------------------    -------------------
    SLICE_X88Y114        FDRE (Prop_fdre_C_Q)         0.518    -1.794 r  u_cpu/u_EXE_MEM_reg/cache_cacop_op_out_reg[0]/Q
                         net (fo=44, routed)          1.278    -0.516    u_cpu/u_EXE_MEM_reg/cache_cacop_op_out_reg[1]_0[0]
    SLICE_X87Y112        LUT6 (Prop_lut6_I2_O)        0.124    -0.392 r  u_cpu/u_EXE_MEM_reg/req_addr[13]_i_5/O
                         net (fo=17, routed)          1.251     0.859    u_cpu/u_tlb_manager/u_tlb/data_tlb_ex_vaddr[1]
    SLICE_X93Y116        LUT6 (Prop_lut6_I1_O)        0.124     0.983 r  u_cpu/u_tlb_manager/u_tlb/req_addr[22]_i_325/O
                         net (fo=1, routed)           0.000     0.983    u_cpu/u_tlb_manager/u_tlb/req_addr[22]_i_325_n_0
    SLICE_X93Y116        CARRY4 (Prop_carry4_S[0]_CO[3])
                                                      0.532     1.515 r  u_cpu/u_tlb_manager/u_tlb/req_addr_reg[22]_i_222/CO[3]
                         net (fo=1, routed)           0.000     1.515    u_cpu/u_tlb_manager/u_tlb/req_addr_reg[22]_i_222_n_0
    SLICE_X93Y117        CARRY4 (Prop_carry4_CI_CO[2])
                                                      0.228     1.743 f  u_cpu/u_tlb_manager/u_tlb/req_addr_reg[22]_i_84/CO[2]
                         net (fo=1, routed)           1.013     2.756    u_cpu/u_tlb_manager/u_tlb/req_addr_reg[22]_i_84_n_1
    SLICE_X85Y117        LUT6 (Prop_lut6_I5_O)        0.313     3.069 f  u_cpu/u_tlb_manager/u_tlb/req_addr[22]_i_29/O
                         net (fo=3, routed)           0.845     3.915    u_cpu/u_tlb_manager/u_tlb/req_addr[22]_i_29_n_0
    SLICE_X84Y117        LUT6 (Prop_lut6_I3_O)        0.124     4.039 r  u_cpu/u_tlb_manager/u_tlb/req_addr[12]_i_90/O
                         net (fo=1, routed)           0.684     4.723    u_cpu/u_tlb_manager/u_tlb/req_addr[12]_i_90_n_0
    SLICE_X83Y116        LUT6 (Prop_lut6_I0_O)        0.124     4.847 r  u_cpu/u_tlb_manager/u_tlb/req_addr[12]_i_85/O
                         net (fo=3, routed)           0.818     5.665    u_cpu/u_tlb_manager/u_tlb/req_addr[12]_i_85_n_0
    SLICE_X81Y116        LUT6 (Prop_lut6_I0_O)        0.124     5.789 r  u_cpu/u_tlb_manager/u_tlb/tlb_ex_valid_out[3]_i_35/O
                         net (fo=56, routed)          0.969     6.758    u_cpu/u_tlb_manager/u_tlb/tlb_ex_valid_out[3]_i_35_n_0
    SLICE_X81Y117        LUT5 (Prop_lut5_I1_O)        0.124     6.882 r  u_cpu/u_tlb_manager/u_tlb/req_addr[12]_i_47/O
                         net (fo=1, routed)           0.426     7.307    u_cpu/u_tlb_manager/u_tlb/req_addr[12]_i_47_n_0
    SLICE_X82Y117        LUT6 (Prop_lut6_I1_O)        0.124     7.431 r  u_cpu/u_tlb_manager/u_tlb/req_addr[12]_i_23/O
                         net (fo=1, routed)           0.000     7.431    u_cpu/u_tlb_manager/u_tlb/req_addr[12]_i_23_n_0
    SLICE_X82Y117        MUXF7 (Prop_muxf7_I0_O)      0.212     7.643 r  u_cpu/u_tlb_manager/u_tlb/req_addr_reg[12]_i_12/O
                         net (fo=26, routed)          0.943     8.586    u_cpu/u_tlb_manager/u_tlb/req_addr_reg[12]_i_12_n_0
    SLICE_X85Y111        LUT6 (Prop_lut6_I2_O)        0.299     8.885 r  u_cpu/u_tlb_manager/u_tlb/tlb_ex_valid_out[3]_i_3/O
                         net (fo=4, routed)           0.986     9.872    u_cpu/u_EXE_MEM_reg/s1_v
    SLICE_X95Y110        LUT5 (Prop_lut5_I4_O)        0.118     9.990 f  u_cpu/u_EXE_MEM_reg/tlb_ex_valid_out[1]_i_2/O
                         net (fo=4, routed)           1.029    11.019    u_cpu/u_tlb_manager/u_tlb/tlbm_data_ex_pis
    SLICE_X100Y111       LUT5 (Prop_lut5_I1_O)        0.326    11.345 r  u_cpu/u_tlb_manager/u_tlb/i___10_i_4/O
                         net (fo=103, routed)         0.505    11.850    u_cpu/u_EXE_MEM_reg/tlb_vaddr_out_reg[31]_0
    SLICE_X100Y113       LUT5 (Prop_lut5_I4_O)        0.124    11.974 f  u_cpu/u_EXE_MEM_reg/i___15_i_4/O
                         net (fo=3, routed)           1.105    13.079    u_cpu/u_csr_exception_commit_handler/uncached_r_i_2_1
    SLICE_X87Y109        LUT6 (Prop_lut6_I2_O)        0.124    13.203 f  u_cpu/u_csr_exception_commit_handler/uncached_r_i_6/O
                         net (fo=2, routed)           0.998    14.201    u_cpu/u_csr_exception_commit_handler/uncached_r_i_6_n_0
    SLICE_X97Y109        LUT3 (Prop_lut3_I2_O)        0.124    14.325 f  u_cpu/u_csr_exception_commit_handler/uncached_r_i_2/O
                         net (fo=6, routed)           0.702    15.027    u_cpu/u_csr_exception_commit_handler/dcache_req_mat[0]
    SLICE_X97Y109        LUT6 (Prop_lut6_I3_O)        0.124    15.151 f  u_cpu/u_csr_exception_commit_handler/i___8_i_1/O
                         net (fo=44, routed)          0.603    15.754    u_cpu/u_csr_exception_commit_handler/FSM_sequential_state_reg[0]_1
    SLICE_X97Y111        LUT2 (Prop_lut2_I0_O)        0.124    15.878 r  u_cpu/u_csr_exception_commit_handler/i___7_i_1/O
                         net (fo=106, routed)         0.700    16.578    u_cpu/u_dcache/req_need_refill_r_reg_0
    SLICE_X102Y114       LUT2 (Prop_lut2_I1_O)        0.124    16.702 f  u_cpu/u_dcache/ld_req_accepted_pending_i_4/O
                         net (fo=4, routed)           0.583    17.285    u_cpu/u_dcache/dcache_mem_data_ok
    SLICE_X104Y114       LUT6 (Prop_lut6_I2_O)        0.124    17.409 f  u_cpu/u_dcache/WB_valid_i_3/O
                         net (fo=1, routed)           0.689    18.098    u_cpu/u_EXE_MEM_reg/data_w_complete_qual_mem
    SLICE_X106Y111       LUT5 (Prop_lut5_I0_O)        0.124    18.222 f  u_cpu/u_EXE_MEM_reg/WB_valid_i_2/O
                         net (fo=5, routed)           0.454    18.676    u_cpu/u_pipeline_controller/MEM_allowIn
    SLICE_X110Y111       LUT3 (Prop_lut3_I1_O)        0.124    18.800 f  u_cpu/u_pipeline_controller/exe_alu_or_addr_out[31]_i_4/O
                         net (fo=11, routed)          0.580    19.380    u_cpu/u_pipeline_controller/MEM_valid_reg_rep__1_1
    SLICE_X112Y112       LUT5 (Prop_lut5_I1_O)        0.124    19.504 f  u_cpu/u_pipeline_controller/cache_op_valid_out[1]_i_5/O
                         net (fo=8, routed)           0.663    20.167    u_cpu/u_pipeline_controller/EXE_valid_reg_0
    SLICE_X120Y116       LUT6 (Prop_lut6_I2_O)        0.124    20.291 f  u_cpu/u_pipeline_controller/refill_echo_block_i_4/O
                         net (fo=4, routed)           0.464    20.755    u_cpu/u_csr_exception_commit_handler/inst_req_in0
    SLICE_X120Y118       LUT6 (Prop_lut6_I5_O)        0.124    20.879 f  u_cpu/u_csr_exception_commit_handler/lk_valid_i_9/O
                         net (fo=1, routed)           0.466    21.345    u_cpu/u_tlb_manager/u_tlb/p_15_in
    SLICE_X120Y118       LUT5 (Prop_lut5_I4_O)        0.124    21.469 f  u_cpu/u_tlb_manager/u_tlb/lk_valid_i_3/O
                         net (fo=5, routed)           0.320    21.789    u_cpu/u_csr_exception_commit_handler/tlbm_inst_ex_ppi
    SLICE_X122Y118       LUT3 (Prop_lut3_I2_O)        0.124    21.913 f  u_cpu/u_csr_exception_commit_handler/refill_echo_block_i_3/O
                         net (fo=3, routed)           0.510    22.423    u_cpu/u_MEM_WB_reg/refill_echo_block_reg
    SLICE_X127Y118       LUT6 (Prop_lut6_I3_O)        0.124    22.547 f  u_cpu/u_MEM_WB_reg/u_icache_way0_TAGV_ram_i_41/O
                         net (fo=18, routed)          1.076    23.623    u_cpu/u_icache/lru_way1_reg[54]_0
    SLICE_X109Y106       LUT3 (Prop_lut3_I0_O)        0.124    23.747 r  u_cpu/u_icache/req_is_read_i_3/O
                         net (fo=18, routed)          0.949    24.695    u_cpu/u_l2cache/axi_ic_rd_req
    SLICE_X93Y105        LUT6 (Prop_lut6_I1_O)        0.124    24.819 r  u_cpu/u_l2cache/req_type[2]_i_5/O
                         net (fo=49, routed)          0.679    25.499    u_cpu/u_l2cache/rr_dc_reg_0
    SLICE_X92Y103        LUT6 (Prop_lut6_I0_O)        0.124    25.623 r  u_cpu/u_l2cache/req_type[2]_i_4/O
                         net (fo=64, routed)          1.298    26.921    u_cpu/u_l2cache/req_type[2]_i_4_n_0
    SLICE_X91Y99         LUT5 (Prop_lut5_I3_O)        0.152    27.073 r  u_cpu/u_l2cache/req_set[0]_i_1/O
                         net (fo=8, routed)           0.567    27.640    u_cpu/u_l2cache/in67[0]
    SLICE_X90Y97         LUT6 (Prop_lut6_I2_O)        0.326    27.966 r  u_cpu/u_l2cache/u_l2_way0_data_ram_i_155/O
                         net (fo=1, routed)           0.692    28.658    u_cpu/u_l2cache/u_l2_way0_data_ram_i_155_n_0
    SLICE_X85Y93         LUT6 (Prop_lut6_I5_O)        0.124    28.782 r  u_cpu/u_l2cache/u_l2_way0_data_ram_i_10/O
                         net (fo=12, routed)          1.157    29.939    u_cpu/u_l2cache/u_l2_way0_tag_ram/U0/inst_blk_mem_gen/gnbram.gnativebmg.native_blk_mem_gen/valid.cstr/ramloop[0].ram.r/prim_init.ram/addra[0]
    RAMB18_X4Y40         RAMB18E1                                     r  u_cpu/u_l2cache/u_l2_way0_tag_ram/U0/inst_blk_mem_gen/gnbram.gnativebmg.native_blk_mem_gen/valid.cstr/ramloop[0].ram.r/prim_init.ram/DEVICE_7SERIES.NO_BMM_INFO.SP.WIDE_PRIM18.ram/ADDRBWRADDR[5]
  -------------------------------------------------------------------    -------------------

                         (clock cpu_clk_clk_pll rise edge)
                                                     33.333    33.333 r  
    AC19                                              0.000    33.333 r  clk (IN)
                         net (fo=0)                   0.000    33.333    pll.clk_pll/inst/clk_in1
    AC19                 IBUF (Prop_ibuf_I_O)         1.414    34.748 r  pll.clk_pll/inst/clkin1_ibufg/O
                         net (fo=1, routed)           1.531    36.279    pll.clk_pll/inst/clk_in1_clk_pll
    PLLE2_ADV_X0Y2       PLLE2_ADV (Prop_plle2_adv_CLKIN1_CLKOUT0)
                                                     -8.262    28.017 r  pll.clk_pll/inst/plle2_adv_inst/CLKOUT0
                         net (fo=1, routed)           1.755    29.772    pll.clk_pll/inst/cpu_clk_clk_pll
    BUFGCTRL_X0Y0        BUFG (Prop_bufg_I_O)         0.091    29.863 r  pll.clk_pll/inst/clkout1_buf/O
                         net (fo=12248, routed)       1.576    31.439    u_cpu/u_l2cache/u_l2_way0_tag_ram/U0/inst_blk_mem_gen/gnbram.gnativebmg.native_blk_mem_gen/valid.cstr/ramloop[0].ram.r/prim_init.ram/clka
    RAMB18_X4Y40         RAMB18E1                                     r  u_cpu/u_l2cache/u_l2_way0_tag_ram/U0/inst_blk_mem_gen/gnbram.gnativebmg.native_blk_mem_gen/valid.cstr/ramloop[0].ram.r/prim_init.ram/DEVICE_7SERIES.NO_BMM_INFO.SP.WIDE_PRIM18.ram/CLKBWRCLK
                         clock pessimism             -0.490    30.949    
                         clock uncertainty           -0.095    30.854    
    RAMB18_X4Y40         RAMB18E1 (Setup_ramb18e1_CLKBWRCLK_ADDRBWRADDR[5])
                                                     -0.566    30.288    u_cpu/u_l2cache/u_l2_way0_tag_ram/U0/inst_blk_mem_gen/gnbram.gnativebmg.native_blk_mem_gen/valid.cstr/ramloop[0].ram.r/prim_init.ram/DEVICE_7SERIES.NO_BMM_INFO.SP.WIDE_PRIM18.ram
  -------------------------------------------------------------------
                         required time                         30.288    
                         arrival time                         -29.939    
  -------------------------------------------------------------------
                         slack                                  0.349    

Slack (MET) :             0.349ns  (required time - arrival time)
  Source:                 u_cpu/u_EXE_MEM_reg/cache_cacop_op_out_reg[0]/C
                            (rising edge-triggered cell FDRE clocked by cpu_clk_clk_pll  {rise@0.000ns fall@16.667ns period=33.333ns})
  Destination:            u_cpu/u_l2cache/u_l2_way1_tag_ram/U0/inst_blk_mem_gen/gnbram.gnativebmg.native_blk_mem_gen/valid.cstr/ramloop[0].ram.r/prim_init.ram/DEVICE_7SERIES.NO_BMM_INFO.SP.WIDE_PRIM18.ram/ADDRBWRADDR[5]
                            (rising edge-triggered cell RAMB18E1 clocked by cpu_clk_clk_pll  {rise@0.000ns fall@16.667ns period=33.333ns})
  Path Group:             cpu_clk_clk_pll
  Path Type:              Setup (Max at Slow Process Corner)
  Requirement:            33.333ns  (cpu_clk_clk_pll rise@33.333ns - cpu_clk_clk_pll rise@0.000ns)
  Data Path Delay:        32.251ns  (logic 6.248ns (19.373%)  route 26.003ns (80.627%))
  Logic Levels:           35  (CARRY4=2 LUT2=2 LUT3=4 LUT5=8 LUT6=18 MUXF7=1)
  Clock Path Skew:        -0.073ns (DCD - SCD + CPR)
    Destination Clock Delay (DCD):    -1.894ns = ( 31.439 - 33.333 ) 
    Source Clock Delay      (SCD):    -2.312ns
    Clock Pessimism Removal (CPR):    -0.490ns
  Clock Uncertainty:      0.095ns  ((TSJ^2 + DJ^2)^1/2) / 2 + PE
    Total System Jitter     (TSJ):    0.071ns
    Discrete Jitter          (DJ):    0.177ns
    Phase Error              (PE):    0.000ns

    Location             Delay type                Incr(ns)  Path(ns)    Netlist Resource(s)
  -------------------------------------------------------------------    -------------------
                         (clock cpu_clk_clk_pll rise edge)
                                                      0.000     0.000 r  
    AC19                                              0.000     0.000 r  clk (IN)
                         net (fo=0)                   0.000     0.000    pll.clk_pll/inst/clk_in1
    AC19                 IBUF (Prop_ibuf_I_O)         1.485     1.485 r  pll.clk_pll/inst/clkin1_ibufg/O
                         net (fo=1, routed)           1.619     3.104    pll.clk_pll/inst/clk_in1_clk_pll
    PLLE2_ADV_X0Y2       PLLE2_ADV (Prop_plle2_adv_CLKIN1_CLKOUT0)
                                                     -9.006    -5.902 r  pll.clk_pll/inst/plle2_adv_inst/CLKOUT0
                         net (fo=1, routed)           1.837    -4.064    pll.clk_pll/inst/cpu_clk_clk_pll
    BUFGCTRL_X0Y0        BUFG (Prop_bufg_I_O)         0.096    -3.968 r  pll.clk_pll/inst/clkout1_buf/O
                         net (fo=12248, routed)       1.656    -2.312    u_cpu/u_EXE_MEM_reg/cpu_clk
    SLICE_X88Y114        FDRE                                         r  u_cpu/u_EXE_MEM_reg/cache_cacop_op_out_reg[0]/C
  -------------------------------------------------------------------    -------------------
    SLICE_X88Y114        FDRE (Prop_fdre_C_Q)         0.518    -1.794 r  u_cpu/u_EXE_MEM_reg/cache_cacop_op_out_reg[0]/Q
                         net (fo=44, routed)          1.278    -0.516    u_cpu/u_EXE_MEM_reg/cache_cacop_op_out_reg[1]_0[0]
    SLICE_X87Y112        LUT6 (Prop_lut6_I2_O)        0.124    -0.392 r  u_cpu/u_EXE_MEM_reg/req_addr[13]_i_5/O
                         net (fo=17, routed)          1.251     0.859    u_cpu/u_tlb_manager/u_tlb/data_tlb_ex_vaddr[1]
    SLICE_X93Y116        LUT6 (Prop_lut6_I1_O)        0.124     0.983 r  u_cpu/u_tlb_manager/u_tlb/req_addr[22]_i_325/O
                         net (fo=1, routed)           0.000     0.983    u_cpu/u_tlb_manager/u_tlb/req_addr[22]_i_325_n_0
    SLICE_X93Y116        CARRY4 (Prop_carry4_S[0]_CO[3])
                                                      0.532     1.515 r  u_cpu/u_tlb_manager/u_tlb/req_addr_reg[22]_i_222/CO[3]
                         net (fo=1, routed)           0.000     1.515    u_cpu/u_tlb_manager/u_tlb/req_addr_reg[22]_i_222_n_0
    SLICE_X93Y117        CARRY4 (Prop_carry4_CI_CO[2])
                                                      0.228     1.743 f  u_cpu/u_tlb_manager/u_tlb/req_addr_reg[22]_i_84/CO[2]
                         net (fo=1, routed)           1.013     2.756    u_cpu/u_tlb_manager/u_tlb/req_addr_reg[22]_i_84_n_1
    SLICE_X85Y117        LUT6 (Prop_lut6_I5_O)        0.313     3.069 f  u_cpu/u_tlb_manager/u_tlb/req_addr[22]_i_29/O
                         net (fo=3, routed)           0.845     3.915    u_cpu/u_tlb_manager/u_tlb/req_addr[22]_i_29_n_0
    SLICE_X84Y117        LUT6 (Prop_lut6_I3_O)        0.124     4.039 r  u_cpu/u_tlb_manager/u_tlb/req_addr[12]_i_90/O
                         net (fo=1, routed)           0.684     4.723    u_cpu/u_tlb_manager/u_tlb/req_addr[12]_i_90_n_0
    SLICE_X83Y116        LUT6 (Prop_lut6_I0_O)        0.124     4.847 r  u_cpu/u_tlb_manager/u_tlb/req_addr[12]_i_85/O
                         net (fo=3, routed)           0.818     5.665    u_cpu/u_tlb_manager/u_tlb/req_addr[12]_i_85_n_0
    SLICE_X81Y116        LUT6 (Prop_lut6_I0_O)        0.124     5.789 r  u_cpu/u_tlb_manager/u_tlb/tlb_ex_valid_out[3]_i_35/O
                         net (fo=56, routed)          0.969     6.758    u_cpu/u_tlb_manager/u_tlb/tlb_ex_valid_out[3]_i_35_n_0
    SLICE_X81Y117        LUT5 (Prop_lut5_I1_O)        0.124     6.882 r  u_cpu/u_tlb_manager/u_tlb/req_addr[12]_i_47/O
                         net (fo=1, routed)           0.426     7.307    u_cpu/u_tlb_manager/u_tlb/req_addr[12]_i_47_n_0
    SLICE_X82Y117        LUT6 (Prop_lut6_I1_O)        0.124     7.431 r  u_cpu/u_tlb_manager/u_tlb/req_addr[12]_i_23/O
                         net (fo=1, routed)           0.000     7.431    u_cpu/u_tlb_manager/u_tlb/req_addr[12]_i_23_n_0
    SLICE_X82Y117        MUXF7 (Prop_muxf7_I0_O)      0.212     7.643 r  u_cpu/u_tlb_manager/u_tlb/req_addr_reg[12]_i_12/O
                         net (fo=26, routed)          0.943     8.586    u_cpu/u_tlb_manager/u_tlb/req_addr_reg[12]_i_12_n_0
    SLICE_X85Y111        LUT6 (Prop_lut6_I2_O)        0.299     8.885 r  u_cpu/u_tlb_manager/u_tlb/tlb_ex_valid_out[3]_i_3/O
                         net (fo=4, routed)           0.986     9.872    u_cpu/u_EXE_MEM_reg/s1_v
    SLICE_X95Y110        LUT5 (Prop_lut5_I4_O)        0.118     9.990 f  u_cpu/u_EXE_MEM_reg/tlb_ex_valid_out[1]_i_2/O
                         net (fo=4, routed)           1.029    11.019    u_cpu/u_tlb_manager/u_tlb/tlbm_data_ex_pis
    SLICE_X100Y111       LUT5 (Prop_lut5_I1_O)        0.326    11.345 r  u_cpu/u_tlb_manager/u_tlb/i___10_i_4/O
                         net (fo=103, routed)         0.505    11.850    u_cpu/u_EXE_MEM_reg/tlb_vaddr_out_reg[31]_0
    SLICE_X100Y113       LUT5 (Prop_lut5_I4_O)        0.124    11.974 f  u_cpu/u_EXE_MEM_reg/i___15_i_4/O
                         net (fo=3, routed)           1.105    13.079    u_cpu/u_csr_exception_commit_handler/uncached_r_i_2_1
    SLICE_X87Y109        LUT6 (Prop_lut6_I2_O)        0.124    13.203 f  u_cpu/u_csr_exception_commit_handler/uncached_r_i_6/O
                         net (fo=2, routed)           0.998    14.201    u_cpu/u_csr_exception_commit_handler/uncached_r_i_6_n_0
    SLICE_X97Y109        LUT3 (Prop_lut3_I2_O)        0.124    14.325 f  u_cpu/u_csr_exception_commit_handler/uncached_r_i_2/O
                         net (fo=6, routed)           0.702    15.027    u_cpu/u_csr_exception_commit_handler/dcache_req_mat[0]
    SLICE_X97Y109        LUT6 (Prop_lut6_I3_O)        0.124    15.151 f  u_cpu/u_csr_exception_commit_handler/i___8_i_1/O
                         net (fo=44, routed)          0.603    15.754    u_cpu/u_csr_exception_commit_handler/FSM_sequential_state_reg[0]_1
    SLICE_X97Y111        LUT2 (Prop_lut2_I0_O)        0.124    15.878 r  u_cpu/u_csr_exception_commit_handler/i___7_i_1/O
                         net (fo=106, routed)         0.700    16.578    u_cpu/u_dcache/req_need_refill_r_reg_0
    SLICE_X102Y114       LUT2 (Prop_lut2_I1_O)        0.124    16.702 f  u_cpu/u_dcache/ld_req_accepted_pending_i_4/O
                         net (fo=4, routed)           0.583    17.285    u_cpu/u_dcache/dcache_mem_data_ok
    SLICE_X104Y114       LUT6 (Prop_lut6_I2_O)        0.124    17.409 f  u_cpu/u_dcache/WB_valid_i_3/O
                         net (fo=1, routed)           0.689    18.098    u_cpu/u_EXE_MEM_reg/data_w_complete_qual_mem
    SLICE_X106Y111       LUT5 (Prop_lut5_I0_O)        0.124    18.222 f  u_cpu/u_EXE_MEM_reg/WB_valid_i_2/O
                         net (fo=5, routed)           0.454    18.676    u_cpu/u_pipeline_controller/MEM_allowIn
    SLICE_X110Y111       LUT3 (Prop_lut3_I1_O)        0.124    18.800 f  u_cpu/u_pipeline_controller/exe_alu_or_addr_out[31]_i_4/O
                         net (fo=11, routed)          0.580    19.380    u_cpu/u_pipeline_controller/MEM_valid_reg_rep__1_1
    SLICE_X112Y112       LUT5 (Prop_lut5_I1_O)        0.124    19.504 f  u_cpu/u_pipeline_controller/cache_op_valid_out[1]_i_5/O
                         net (fo=8, routed)           0.663    20.167    u_cpu/u_pipeline_controller/EXE_valid_reg_0
    SLICE_X120Y116       LUT6 (Prop_lut6_I2_O)        0.124    20.291 f  u_cpu/u_pipeline_controller/refill_echo_block_i_4/O
                         net (fo=4, routed)           0.464    20.755    u_cpu/u_csr_exception_commit_handler/inst_req_in0
    SLICE_X120Y118       LUT6 (Prop_lut6_I5_O)        0.124    20.879 f  u_cpu/u_csr_exception_commit_handler/lk_valid_i_9/O
                         net (fo=1, routed)           0.466    21.345    u_cpu/u_tlb_manager/u_tlb/p_15_in
    SLICE_X120Y118       LUT5 (Prop_lut5_I4_O)        0.124    21.469 f  u_cpu/u_tlb_manager/u_tlb/lk_valid_i_3/O
                         net (fo=5, routed)           0.320    21.789    u_cpu/u_csr_exception_commit_handler/tlbm_inst_ex_ppi
    SLICE_X122Y118       LUT3 (Prop_lut3_I2_O)        0.124    21.913 f  u_cpu/u_csr_exception_commit_handler/refill_echo_block_i_3/O
                         net (fo=3, routed)           0.510    22.423    u_cpu/u_MEM_WB_reg/refill_echo_block_reg
    SLICE_X127Y118       LUT6 (Prop_lut6_I3_O)        0.124    22.547 f  u_cpu/u_MEM_WB_reg/u_icache_way0_TAGV_ram_i_41/O
                         net (fo=18, routed)          1.076    23.623    u_cpu/u_icache/lru_way1_reg[54]_0
    SLICE_X109Y106       LUT3 (Prop_lut3_I0_O)        0.124    23.747 r  u_cpu/u_icache/req_is_read_i_3/O
                         net (fo=18, routed)          0.949    24.695    u_cpu/u_l2cache/axi_ic_rd_req
    SLICE_X93Y105        LUT6 (Prop_lut6_I1_O)        0.124    24.819 r  u_cpu/u_l2cache/req_type[2]_i_5/O
                         net (fo=49, routed)          0.679    25.499    u_cpu/u_l2cache/rr_dc_reg_0
    SLICE_X92Y103        LUT6 (Prop_lut6_I0_O)        0.124    25.623 r  u_cpu/u_l2cache/req_type[2]_i_4/O
                         net (fo=64, routed)          1.298    26.921    u_cpu/u_l2cache/req_type[2]_i_4_n_0
    SLICE_X91Y99         LUT5 (Prop_lut5_I3_O)        0.152    27.073 r  u_cpu/u_l2cache/req_set[0]_i_1/O
                         net (fo=8, routed)           0.567    27.640    u_cpu/u_l2cache/in67[0]
    SLICE_X90Y97         LUT6 (Prop_lut6_I2_O)        0.326    27.966 r  u_cpu/u_l2cache/u_l2_way0_data_ram_i_155/O
                         net (fo=1, routed)           0.692    28.658    u_cpu/u_l2cache/u_l2_way0_data_ram_i_155_n_0
    SLICE_X85Y93         LUT6 (Prop_lut6_I5_O)        0.124    28.782 r  u_cpu/u_l2cache/u_l2_way0_data_ram_i_10/O
                         net (fo=12, routed)          1.157    29.939    u_cpu/u_l2cache/u_l2_way1_tag_ram/U0/inst_blk_mem_gen/gnbram.gnativebmg.native_blk_mem_gen/valid.cstr/ramloop[0].ram.r/prim_init.ram/addra[0]
    RAMB18_X4Y41         RAMB18E1                                     r  u_cpu/u_l2cache/u_l2_way1_tag_ram/U0/inst_blk_mem_gen/gnbram.gnativebmg.native_blk_mem_gen/valid.cstr/ramloop[0].ram.r/prim_init.ram/DEVICE_7SERIES.NO_BMM_INFO.SP.WIDE_PRIM18.ram/ADDRBWRADDR[5]
  -------------------------------------------------------------------    -------------------

                         (clock cpu_clk_clk_pll rise edge)
                                                     33.333    33.333 r  
    AC19                                              0.000    33.333 r  clk (IN)
                         net (fo=0)                   0.000    33.333    pll.clk_pll/inst/clk_in1
    AC19                 IBUF (Prop_ibuf_I_O)         1.414    34.748 r  pll.clk_pll/inst/clkin1_ibufg/O
                         net (fo=1, routed)           1.531    36.279    pll.clk_pll/inst/clk_in1_clk_pll
    PLLE2_ADV_X0Y2       PLLE2_ADV (Prop_plle2_adv_CLKIN1_CLKOUT0)
                                                     -8.262    28.017 r  pll.clk_pll/inst/plle2_adv_inst/CLKOUT0
                         net (fo=1, routed)           1.755    29.772    pll.clk_pll/inst/cpu_clk_clk_pll
    BUFGCTRL_X0Y0        BUFG (Prop_bufg_I_O)         0.091    29.863 r  pll.clk_pll/inst/clkout1_buf/O
                         net (fo=12248, routed)       1.576    31.439    u_cpu/u_l2cache/u_l2_way1_tag_ram/U0/inst_blk_mem_gen/gnbram.gnativebmg.native_blk_mem_gen/valid.cstr/ramloop[0].ram.r/prim_init.ram/clka
    RAMB18_X4Y41         RAMB18E1                                     r  u_cpu/u_l2cache/u_l2_way1_tag_ram/U0/inst_blk_mem_gen/gnbram.gnativebmg.native_blk_mem_gen/valid.cstr/ramloop[0].ram.r/prim_init.ram/DEVICE_7SERIES.NO_BMM_INFO.SP.WIDE_PRIM18.ram/CLKBWRCLK
                         clock pessimism             -0.490    30.949    
                         clock uncertainty           -0.095    30.854    
    RAMB18_X4Y41         RAMB18E1 (Setup_ramb18e1_CLKBWRCLK_ADDRBWRADDR[5])
                                                     -0.566    30.288    u_cpu/u_l2cache/u_l2_way1_tag_ram/U0/inst_blk_mem_gen/gnbram.gnativebmg.native_blk_mem_gen/valid.cstr/ramloop[0].ram.r/prim_init.ram/DEVICE_7SERIES.NO_BMM_INFO.SP.WIDE_PRIM18.ram
  -------------------------------------------------------------------
                         required time                         30.288    
                         arrival time                         -29.939    
  -------------------------------------------------------------------
                         slack                                  0.349    

Slack (MET) :             0.353ns  (required time - arrival time)
  Source:                 u_cpu/u_EXE_MEM_reg/cache_cacop_op_out_reg[0]/C
                            (rising edge-triggered cell FDRE clocked by cpu_clk_clk_pll  {rise@0.000ns fall@16.667ns period=33.333ns})
  Destination:            u_cpu/u_l2cache/u_l2_way0_tag_ram/U0/inst_blk_mem_gen/gnbram.gnativebmg.native_blk_mem_gen/valid.cstr/ramloop[0].ram.r/prim_init.ram/DEVICE_7SERIES.NO_BMM_INFO.SP.WIDE_PRIM18.ram/ADDRARDADDR[5]
                            (rising edge-triggered cell RAMB18E1 clocked by cpu_clk_clk_pll  {rise@0.000ns fall@16.667ns period=33.333ns})
  Path Group:             cpu_clk_clk_pll
  Path Type:              Setup (Max at Slow Process Corner)
  Requirement:            33.333ns  (cpu_clk_clk_pll rise@33.333ns - cpu_clk_clk_pll rise@0.000ns)
  Data Path Delay:        32.245ns  (logic 6.248ns (19.377%)  route 25.997ns (80.623%))
  Logic Levels:           35  (CARRY4=2 LUT2=2 LUT3=4 LUT5=8 LUT6=18 MUXF7=1)
  Clock Path Skew:        -0.074ns (DCD - SCD + CPR)
    Destination Clock Delay (DCD):    -1.895ns = ( 31.438 - 33.333 ) 
    Source Clock Delay      (SCD):    -2.312ns
    Clock Pessimism Removal (CPR):    -0.490ns
  Clock Uncertainty:      0.095ns  ((TSJ^2 + DJ^2)^1/2) / 2 + PE
    Total System Jitter     (TSJ):    0.071ns
    Discrete Jitter          (DJ):    0.177ns
    Phase Error              (PE):    0.000ns

    Location             Delay type                Incr(ns)  Path(ns)    Netlist Resource(s)
  -------------------------------------------------------------------    -------------------
                         (clock cpu_clk_clk_pll rise edge)
                                                      0.000     0.000 r  
    AC19                                              0.000     0.000 r  clk (IN)
                         net (fo=0)                   0.000     0.000    pll.clk_pll/inst/clk_in1
    AC19                 IBUF (Prop_ibuf_I_O)         1.485     1.485 r  pll.clk_pll/inst/clkin1_ibufg/O
                         net (fo=1, routed)           1.619     3.104    pll.clk_pll/inst/clk_in1_clk_pll
    PLLE2_ADV_X0Y2       PLLE2_ADV (Prop_plle2_adv_CLKIN1_CLKOUT0)
                                                     -9.006    -5.902 r  pll.clk_pll/inst/plle2_adv_inst/CLKOUT0
                         net (fo=1, routed)           1.837    -4.064    pll.clk_pll/inst/cpu_clk_clk_pll
    BUFGCTRL_X0Y0        BUFG (Prop_bufg_I_O)         0.096    -3.968 r  pll.clk_pll/inst/clkout1_buf/O
                         net (fo=12248, routed)       1.656    -2.312    u_cpu/u_EXE_MEM_reg/cpu_clk
    SLICE_X88Y114        FDRE                                         r  u_cpu/u_EXE_MEM_reg/cache_cacop_op_out_reg[0]/C
  -------------------------------------------------------------------    -------------------
    SLICE_X88Y114        FDRE (Prop_fdre_C_Q)         0.518    -1.794 r  u_cpu/u_EXE_MEM_reg/cache_cacop_op_out_reg[0]/Q
                         net (fo=44, routed)          1.278    -0.516    u_cpu/u_EXE_MEM_reg/cache_cacop_op_out_reg[1]_0[0]
    SLICE_X87Y112        LUT6 (Prop_lut6_I2_O)        0.124    -0.392 r  u_cpu/u_EXE_MEM_reg/req_addr[13]_i_5/O
                         net (fo=17, routed)          1.251     0.859    u_cpu/u_tlb_manager/u_tlb/data_tlb_ex_vaddr[1]
    SLICE_X93Y116        LUT6 (Prop_lut6_I1_O)        0.124     0.983 r  u_cpu/u_tlb_manager/u_tlb/req_addr[22]_i_325/O
                         net (fo=1, routed)           0.000     0.983    u_cpu/u_tlb_manager/u_tlb/req_addr[22]_i_325_n_0
    SLICE_X93Y116        CARRY4 (Prop_carry4_S[0]_CO[3])
                                                      0.532     1.515 r  u_cpu/u_tlb_manager/u_tlb/req_addr_reg[22]_i_222/CO[3]
                         net (fo=1, routed)           0.000     1.515    u_cpu/u_tlb_manager/u_tlb/req_addr_reg[22]_i_222_n_0
    SLICE_X93Y117        CARRY4 (Prop_carry4_CI_CO[2])
                                                      0.228     1.743 f  u_cpu/u_tlb_manager/u_tlb/req_addr_reg[22]_i_84/CO[2]
                         net (fo=1, routed)           1.013     2.756    u_cpu/u_tlb_manager/u_tlb/req_addr_reg[22]_i_84_n_1
    SLICE_X85Y117        LUT6 (Prop_lut6_I5_O)        0.313     3.069 f  u_cpu/u_tlb_manager/u_tlb/req_addr[22]_i_29/O
                         net (fo=3, routed)           0.845     3.915    u_cpu/u_tlb_manager/u_tlb/req_addr[22]_i_29_n_0
    SLICE_X84Y117        LUT6 (Prop_lut6_I3_O)        0.124     4.039 r  u_cpu/u_tlb_manager/u_tlb/req_addr[12]_i_90/O
                         net (fo=1, routed)           0.684     4.723    u_cpu/u_tlb_manager/u_tlb/req_addr[12]_i_90_n_0
    SLICE_X83Y116        LUT6 (Prop_lut6_I0_O)        0.124     4.847 r  u_cpu/u_tlb_manager/u_tlb/req_addr[12]_i_85/O
                         net (fo=3, routed)           0.818     5.665    u_cpu/u_tlb_manager/u_tlb/req_addr[12]_i_85_n_0
    SLICE_X81Y116        LUT6 (Prop_lut6_I0_O)        0.124     5.789 r  u_cpu/u_tlb_manager/u_tlb/tlb_ex_valid_out[3]_i_35/O
                         net (fo=56, routed)          0.969     6.758    u_cpu/u_tlb_manager/u_tlb/tlb_ex_valid_out[3]_i_35_n_0
    SLICE_X81Y117        LUT5 (Prop_lut5_I1_O)        0.124     6.882 r  u_cpu/u_tlb_manager/u_tlb/req_addr[12]_i_47/O
                         net (fo=1, routed)           0.426     7.307    u_cpu/u_tlb_manager/u_tlb/req_addr[12]_i_47_n_0
    SLICE_X82Y117        LUT6 (Prop_lut6_I1_O)        0.124     7.431 r  u_cpu/u_tlb_manager/u_tlb/req_addr[12]_i_23/O
                         net (fo=1, routed)           0.000     7.431    u_cpu/u_tlb_manager/u_tlb/req_addr[12]_i_23_n_0
    SLICE_X82Y117        MUXF7 (Prop_muxf7_I0_O)      0.212     7.643 r  u_cpu/u_tlb_manager/u_tlb/req_addr_reg[12]_i_12/O
                         net (fo=26, routed)          0.943     8.586    u_cpu/u_tlb_manager/u_tlb/req_addr_reg[12]_i_12_n_0
    SLICE_X85Y111        LUT6 (Prop_lut6_I2_O)        0.299     8.885 r  u_cpu/u_tlb_manager/u_tlb/tlb_ex_valid_out[3]_i_3/O
                         net (fo=4, routed)           0.986     9.872    u_cpu/u_EXE_MEM_reg/s1_v
    SLICE_X95Y110        LUT5 (Prop_lut5_I4_O)        0.118     9.990 f  u_cpu/u_EXE_MEM_reg/tlb_ex_valid_out[1]_i_2/O
                         net (fo=4, routed)           1.029    11.019    u_cpu/u_tlb_manager/u_tlb/tlbm_data_ex_pis
    SLICE_X100Y111       LUT5 (Prop_lut5_I1_O)        0.326    11.345 r  u_cpu/u_tlb_manager/u_tlb/i___10_i_4/O
                         net (fo=103, routed)         0.505    11.850    u_cpu/u_EXE_MEM_reg/tlb_vaddr_out_reg[31]_0
    SLICE_X100Y113       LUT5 (Prop_lut5_I4_O)        0.124    11.974 f  u_cpu/u_EXE_MEM_reg/i___15_i_4/O
                         net (fo=3, routed)           1.105    13.079    u_cpu/u_csr_exception_commit_handler/uncached_r_i_2_1
    SLICE_X87Y109        LUT6 (Prop_lut6_I2_O)        0.124    13.203 f  u_cpu/u_csr_exception_commit_handler/uncached_r_i_6/O
                         net (fo=2, routed)           0.998    14.201    u_cpu/u_csr_exception_commit_handler/uncached_r_i_6_n_0
    SLICE_X97Y109        LUT3 (Prop_lut3_I2_O)        0.124    14.325 f  u_cpu/u_csr_exception_commit_handler/uncached_r_i_2/O
                         net (fo=6, routed)           0.702    15.027    u_cpu/u_csr_exception_commit_handler/dcache_req_mat[0]
    SLICE_X97Y109        LUT6 (Prop_lut6_I3_O)        0.124    15.151 f  u_cpu/u_csr_exception_commit_handler/i___8_i_1/O
                         net (fo=44, routed)          0.603    15.754    u_cpu/u_csr_exception_commit_handler/FSM_sequential_state_reg[0]_1
    SLICE_X97Y111        LUT2 (Prop_lut2_I0_O)        0.124    15.878 r  u_cpu/u_csr_exception_commit_handler/i___7_i_1/O
                         net (fo=106, routed)         0.700    16.578    u_cpu/u_dcache/req_need_refill_r_reg_0
    SLICE_X102Y114       LUT2 (Prop_lut2_I1_O)        0.124    16.702 f  u_cpu/u_dcache/ld_req_accepted_pending_i_4/O
                         net (fo=4, routed)           0.583    17.285    u_cpu/u_dcache/dcache_mem_data_ok
    SLICE_X104Y114       LUT6 (Prop_lut6_I2_O)        0.124    17.409 f  u_cpu/u_dcache/WB_valid_i_3/O
                         net (fo=1, routed)           0.689    18.098    u_cpu/u_EXE_MEM_reg/data_w_complete_qual_mem
    SLICE_X106Y111       LUT5 (Prop_lut5_I0_O)        0.124    18.222 f  u_cpu/u_EXE_MEM_reg/WB_valid_i_2/O
                         net (fo=5, routed)           0.454    18.676    u_cpu/u_pipeline_controller/MEM_allowIn
    SLICE_X110Y111       LUT3 (Prop_lut3_I1_O)        0.124    18.800 f  u_cpu/u_pipeline_controller/exe_alu_or_addr_out[31]_i_4/O
                         net (fo=11, routed)          0.580    19.380    u_cpu/u_pipeline_controller/MEM_valid_reg_rep__1_1
    SLICE_X112Y112       LUT5 (Prop_lut5_I1_O)        0.124    19.504 f  u_cpu/u_pipeline_controller/cache_op_valid_out[1]_i_5/O
                         net (fo=8, routed)           0.663    20.167    u_cpu/u_pipeline_controller/EXE_valid_reg_0
    SLICE_X120Y116       LUT6 (Prop_lut6_I2_O)        0.124    20.291 f  u_cpu/u_pipeline_controller/refill_echo_block_i_4/O
                         net (fo=4, routed)           0.464    20.755    u_cpu/u_csr_exception_commit_handler/inst_req_in0
    SLICE_X120Y118       LUT6 (Prop_lut6_I5_O)        0.124    20.879 f  u_cpu/u_csr_exception_commit_handler/lk_valid_i_9/O
                         net (fo=1, routed)           0.466    21.345    u_cpu/u_tlb_manager/u_tlb/p_15_in
    SLICE_X120Y118       LUT5 (Prop_lut5_I4_O)        0.124    21.469 f  u_cpu/u_tlb_manager/u_tlb/lk_valid_i_3/O
                         net (fo=5, routed)           0.320    21.789    u_cpu/u_csr_exception_commit_handler/tlbm_inst_ex_ppi
    SLICE_X122Y118       LUT3 (Prop_lut3_I2_O)        0.124    21.913 f  u_cpu/u_csr_exception_commit_handler/refill_echo_block_i_3/O
                         net (fo=3, routed)           0.510    22.423    u_cpu/u_MEM_WB_reg/refill_echo_block_reg
    SLICE_X127Y118       LUT6 (Prop_lut6_I3_O)        0.124    22.547 f  u_cpu/u_MEM_WB_reg/u_icache_way0_TAGV_ram_i_41/O
                         net (fo=18, routed)          1.076    23.623    u_cpu/u_icache/lru_way1_reg[54]_0
    SLICE_X109Y106       LUT3 (Prop_lut3_I0_O)        0.124    23.747 r  u_cpu/u_icache/req_is_read_i_3/O
                         net (fo=18, routed)          0.949    24.695    u_cpu/u_l2cache/axi_ic_rd_req
    SLICE_X93Y105        LUT6 (Prop_lut6_I1_O)        0.124    24.819 r  u_cpu/u_l2cache/req_type[2]_i_5/O
                         net (fo=49, routed)          0.679    25.499    u_cpu/u_l2cache/rr_dc_reg_0
    SLICE_X92Y103        LUT6 (Prop_lut6_I0_O)        0.124    25.623 r  u_cpu/u_l2cache/req_type[2]_i_4/O
                         net (fo=64, routed)          1.298    26.921    u_cpu/u_l2cache/req_type[2]_i_4_n_0
    SLICE_X91Y99         LUT5 (Prop_lut5_I3_O)        0.152    27.073 r  u_cpu/u_l2cache/req_set[0]_i_1/O
                         net (fo=8, routed)           0.567    27.640    u_cpu/u_l2cache/in67[0]
    SLICE_X90Y97         LUT6 (Prop_lut6_I2_O)        0.326    27.966 r  u_cpu/u_l2cache/u_l2_way0_data_ram_i_155/O
                         net (fo=1, routed)           0.692    28.658    u_cpu/u_l2cache/u_l2_way0_data_ram_i_155_n_0
    SLICE_X85Y93         LUT6 (Prop_lut6_I5_O)        0.124    28.782 r  u_cpu/u_l2cache/u_l2_way0_data_ram_i_10/O
                         net (fo=12, routed)          1.151    29.933    u_cpu/u_l2cache/u_l2_way0_tag_ram/U0/inst_blk_mem_gen/gnbram.gnativebmg.native_blk_mem_gen/valid.cstr/ramloop[0].ram.r/prim_init.ram/addra[0]
    RAMB18_X4Y40         RAMB18E1                                     r  u_cpu/u_l2cache/u_l2_way0_tag_ram/U0/inst_blk_mem_gen/gnbram.gnativebmg.native_blk_mem_gen/valid.cstr/ramloop[0].ram.r/prim_init.ram/DEVICE_7SERIES.NO_BMM_INFO.SP.WIDE_PRIM18.ram/ADDRARDADDR[5]
  -------------------------------------------------------------------    -------------------

                         (clock cpu_clk_clk_pll rise edge)
                                                     33.333    33.333 r  
    AC19                                              0.000    33.333 r  clk (IN)
                         net (fo=0)                   0.000    33.333    pll.clk_pll/inst/clk_in1
    AC19                 IBUF (Prop_ibuf_I_O)         1.414    34.748 r  pll.clk_pll/inst/clkin1_ibufg/O
                         net (fo=1, routed)           1.531    36.279    pll.clk_pll/inst/clk_in1_clk_pll
    PLLE2_ADV_X0Y2       PLLE2_ADV (Prop_plle2_adv_CLKIN1_CLKOUT0)
                                                     -8.262    28.017 r  pll.clk_pll/inst/plle2_adv_inst/CLKOUT0
                         net (fo=1, routed)           1.755    29.772    pll.clk_pll/inst/cpu_clk_clk_pll
    BUFGCTRL_X0Y0        BUFG (Prop_bufg_I_O)         0.091    29.863 r  pll.clk_pll/inst/clkout1_buf/O
                         net (fo=12248, routed)       1.575    31.438    u_cpu/u_l2cache/u_l2_way0_tag_ram/U0/inst_blk_mem_gen/gnbram.gnativebmg.native_blk_mem_gen/valid.cstr/ramloop[0].ram.r/prim_init.ram/clka
    RAMB18_X4Y40         RAMB18E1                                     r  u_cpu/u_l2cache/u_l2_way0_tag_ram/U0/inst_blk_mem_gen/gnbram.gnativebmg.native_blk_mem_gen/valid.cstr/ramloop[0].ram.r/prim_init.ram/DEVICE_7SERIES.NO_BMM_INFO.SP.WIDE_PRIM18.ram/CLKARDCLK
                         clock pessimism             -0.490    30.948    
                         clock uncertainty           -0.095    30.853    
    RAMB18_X4Y40         RAMB18E1 (Setup_ramb18e1_CLKARDCLK_ADDRARDADDR[5])
                                                     -0.566    30.287    u_cpu/u_l2cache/u_l2_way0_tag_ram/U0/inst_blk_mem_gen/gnbram.gnativebmg.native_blk_mem_gen/valid.cstr/ramloop[0].ram.r/prim_init.ram/DEVICE_7SERIES.NO_BMM_INFO.SP.WIDE_PRIM18.ram
  -------------------------------------------------------------------
                         required time                         30.287    
                         arrival time                         -29.933    
  -------------------------------------------------------------------
                         slack                                  0.353    





Min Delay Paths
--------------------------------------------------------------------------------------
Slack (MET) :             0.036ns  (arrival time - required time)
  Source:                 u_cpu/u_EXEport/u_alu/u_div_gen_0/U0/i_synth/i_nonzero_fract.i_synth/i_algo_r2_or_lutmult.i_nonzero_fract.i_sdivider/i_sdivider.divider_blk/div_loop[11].quot_gen.quot_reg.i_div1.quot_out/opt_has_pipe.first_q_reg[1]/C
                            (rising edge-triggered cell FDRE clocked by cpu_clk_clk_pll  {rise@0.000ns fall@16.667ns period=33.333ns})
  Destination:            u_cpu/u_EXEport/u_alu/u_div_gen_0/U0/i_synth/i_nonzero_fract.i_synth/i_algo_r2_or_lutmult.i_nonzero_fract.i_sdivider/i_sdivider.divider_blk/div_loop[12].quot_gen.quot_reg.i_div1.quot_out/opt_has_pipe.first_q_reg[2]/D
                            (rising edge-triggered cell FDRE clocked by cpu_clk_clk_pll  {rise@0.000ns fall@16.667ns period=33.333ns})
  Path Group:             cpu_clk_clk_pll
  Path Type:              Hold (Min at Fast Process Corner)
  Requirement:            0.000ns  (cpu_clk_clk_pll rise@0.000ns - cpu_clk_clk_pll rise@0.000ns)
  Data Path Delay:        0.282ns  (logic 0.141ns (50.083%)  route 0.141ns (49.917%))
  Logic Levels:           0  
  Clock Path Skew:        0.199ns (DCD - SCD - CPR)
    Destination Clock Delay (DCD):    -0.284ns
    Source Clock Delay      (SCD):    -0.457ns
    Clock Pessimism Removal (CPR):    -0.026ns

    Location             Delay type                Incr(ns)  Path(ns)    Netlist Resource(s)
  -------------------------------------------------------------------    -------------------
                         (clock cpu_clk_clk_pll rise edge)
                                                      0.000     0.000 r  
    AC19                                              0.000     0.000 r  clk (IN)
                         net (fo=0)                   0.000     0.000    pll.clk_pll/inst/clk_in1
    AC19                 IBUF (Prop_ibuf_I_O)         0.253     0.253 r  pll.clk_pll/inst/clkin1_ibufg/O
                         net (fo=1, routed)           0.565     0.818    pll.clk_pll/inst/clk_in1_clk_pll
    PLLE2_ADV_X0Y2       PLLE2_ADV (Prop_plle2_adv_CLKIN1_CLKOUT0)
                                                     -2.523    -1.705 r  pll.clk_pll/inst/plle2_adv_inst/CLKOUT0
                         net (fo=1, routed)           0.560    -1.146    pll.clk_pll/inst/cpu_clk_clk_pll
    BUFGCTRL_X0Y0        BUFG (Prop_bufg_I_O)         0.026    -1.120 r  pll.clk_pll/inst/clkout1_buf/O
                         net (fo=12248, routed)       0.662    -0.457    u_cpu/u_EXEport/u_alu/u_div_gen_0/U0/i_synth/i_nonzero_fract.i_synth/i_algo_r2_or_lutmult.i_nonzero_fract.i_sdivider/i_sdivider.divider_blk/div_loop[11].quot_gen.quot_reg.i_div1.quot_out/aclk
    SLICE_X133Y99        FDRE                                         r  u_cpu/u_EXEport/u_alu/u_div_gen_0/U0/i_synth/i_nonzero_fract.i_synth/i_algo_r2_or_lutmult.i_nonzero_fract.i_sdivider/i_sdivider.divider_blk/div_loop[11].quot_gen.quot_reg.i_div1.quot_out/opt_has_pipe.first_q_reg[1]/C
  -------------------------------------------------------------------    -------------------
    SLICE_X133Y99        FDRE (Prop_fdre_C_Q)         0.141    -0.316 r  u_cpu/u_EXEport/u_alu/u_div_gen_0/U0/i_synth/i_nonzero_fract.i_synth/i_algo_r2_or_lutmult.i_nonzero_fract.i_sdivider/i_sdivider.divider_blk/div_loop[11].quot_gen.quot_reg.i_div1.quot_out/opt_has_pipe.first_q_reg[1]/Q
                         net (fo=1, routed)           0.141    -0.176    u_cpu/u_EXEport/u_alu/u_div_gen_0/U0/i_synth/i_nonzero_fract.i_synth/i_algo_r2_or_lutmult.i_nonzero_fract.i_sdivider/i_sdivider.divider_blk/div_loop[12].quot_gen.quot_reg.i_div1.quot_out/opt_has_pipe.first_q_reg[11]_0[2]
    SLICE_X133Y100       FDRE                                         r  u_cpu/u_EXEport/u_alu/u_div_gen_0/U0/i_synth/i_nonzero_fract.i_synth/i_algo_r2_or_lutmult.i_nonzero_fract.i_sdivider/i_sdivider.divider_blk/div_loop[12].quot_gen.quot_reg.i_div1.quot_out/opt_has_pipe.first_q_reg[2]/D
  -------------------------------------------------------------------    -------------------

                         (clock cpu_clk_clk_pll rise edge)
                                                      0.000     0.000 r  
    AC19                                              0.000     0.000 r  clk (IN)
                         net (fo=0)                   0.000     0.000    pll.clk_pll/inst/clk_in1
    AC19                 IBUF (Prop_ibuf_I_O)         0.441     0.441 r  pll.clk_pll/inst/clkin1_ibufg/O
                         net (fo=1, routed)           0.620     1.061    pll.clk_pll/inst/clk_in1_clk_pll
    PLLE2_ADV_X0Y2       PLLE2_ADV (Prop_plle2_adv_CLKIN1_CLKOUT0)
                                                     -2.851    -1.790 r  pll.clk_pll/inst/plle2_adv_inst/CLKOUT0
                         net (fo=1, routed)           0.611    -1.180    pll.clk_pll/inst/cpu_clk_clk_pll
    BUFGCTRL_X0Y0        BUFG (Prop_bufg_I_O)         0.029    -1.151 r  pll.clk_pll/inst/clkout1_buf/O
                         net (fo=12248, routed)       0.867    -0.284    u_cpu/u_EXEport/u_alu/u_div_gen_0/U0/i_synth/i_nonzero_fract.i_synth/i_algo_r2_or_lutmult.i_nonzero_fract.i_sdivider/i_sdivider.divider_blk/div_loop[12].quot_gen.quot_reg.i_div1.quot_out/aclk
    SLICE_X133Y100       FDRE                                         r  u_cpu/u_EXEport/u_alu/u_div_gen_0/U0/i_synth/i_nonzero_fract.i_synth/i_algo_r2_or_lutmult.i_nonzero_fract.i_sdivider/i_sdivider.divider_blk/div_loop[12].quot_gen.quot_reg.i_div1.quot_out/opt_has_pipe.first_q_reg[2]/C
                         clock pessimism              0.026    -0.258    
    SLICE_X133Y100       FDRE (Hold_fdre_C_D)         0.046    -0.212    u_cpu/u_EXEport/u_alu/u_div_gen_0/U0/i_synth/i_nonzero_fract.i_synth/i_algo_r2_or_lutmult.i_nonzero_fract.i_sdivider/i_sdivider.divider_blk/div_loop[12].quot_gen.quot_reg.i_div1.quot_out/opt_has_pipe.first_q_reg[2]
  -------------------------------------------------------------------
                         required time                          0.212    
                         arrival time                          -0.176    
  -------------------------------------------------------------------
                         slack                                  0.036    

Slack (MET) :             0.040ns  (arrival time - required time)
  Source:                 u_cpu/u_EXEport/u_alu/u_div_gen_0/U0/i_synth/i_nonzero_fract.i_synth/i_algo_r2_or_lutmult.i_nonzero_fract.i_sdivider/i_sdivider.divider_blk/div_loop[3].divisor_gen.divisor_dc1.del_divisor_msbs/opt_has_pipe.first_q_reg[22]/C
                            (rising edge-triggered cell FDRE clocked by cpu_clk_clk_pll  {rise@0.000ns fall@16.667ns period=33.333ns})
  Destination:            u_cpu/u_EXEport/u_alu/u_div_gen_0/U0/i_synth/i_nonzero_fract.i_synth/i_algo_r2_or_lutmult.i_nonzero_fract.i_sdivider/i_sdivider.divider_blk/div_loop[4].divisor_gen.divisor_dc1.del_divisor_msbs/opt_has_pipe.first_q_reg[22]/D
                            (rising edge-triggered cell FDRE clocked by cpu_clk_clk_pll  {rise@0.000ns fall@16.667ns period=33.333ns})
  Path Group:             cpu_clk_clk_pll
  Path Type:              Hold (Min at Fast Process Corner)
  Requirement:            0.000ns  (cpu_clk_clk_pll rise@0.000ns - cpu_clk_clk_pll rise@0.000ns)
  Data Path Delay:        0.258ns  (logic 0.128ns (49.590%)  route 0.130ns (50.410%))
  Logic Levels:           0  
  Clock Path Skew:        0.199ns (DCD - SCD - CPR)
    Destination Clock Delay (DCD):    -0.285ns
    Source Clock Delay      (SCD):    -0.458ns
    Clock Pessimism Removal (CPR):    -0.026ns

    Location             Delay type                Incr(ns)  Path(ns)    Netlist Resource(s)
  -------------------------------------------------------------------    -------------------
                         (clock cpu_clk_clk_pll rise edge)
                                                      0.000     0.000 r  
    AC19                                              0.000     0.000 r  clk (IN)
                         net (fo=0)                   0.000     0.000    pll.clk_pll/inst/clk_in1
    AC19                 IBUF (Prop_ibuf_I_O)         0.253     0.253 r  pll.clk_pll/inst/clkin1_ibufg/O
                         net (fo=1, routed)           0.565     0.818    pll.clk_pll/inst/clk_in1_clk_pll
    PLLE2_ADV_X0Y2       PLLE2_ADV (Prop_plle2_adv_CLKIN1_CLKOUT0)
                                                     -2.523    -1.705 r  pll.clk_pll/inst/plle2_adv_inst/CLKOUT0
                         net (fo=1, routed)           0.560    -1.146    pll.clk_pll/inst/cpu_clk_clk_pll
    BUFGCTRL_X0Y0        BUFG (Prop_bufg_I_O)         0.026    -1.120 r  pll.clk_pll/inst/clkout1_buf/O
                         net (fo=12248, routed)       0.661    -0.458    u_cpu/u_EXEport/u_alu/u_div_gen_0/U0/i_synth/i_nonzero_fract.i_synth/i_algo_r2_or_lutmult.i_nonzero_fract.i_sdivider/i_sdivider.divider_blk/div_loop[3].divisor_gen.divisor_dc1.del_divisor_msbs/aclk
    SLICE_X126Y99        FDRE                                         r  u_cpu/u_EXEport/u_alu/u_div_gen_0/U0/i_synth/i_nonzero_fract.i_synth/i_algo_r2_or_lutmult.i_nonzero_fract.i_sdivider/i_sdivider.divider_blk/div_loop[3].divisor_gen.divisor_dc1.del_divisor_msbs/opt_has_pipe.first_q_reg[22]/C
  -------------------------------------------------------------------    -------------------
    SLICE_X126Y99        FDRE (Prop_fdre_C_Q)         0.128    -0.330 r  u_cpu/u_EXEport/u_alu/u_div_gen_0/U0/i_synth/i_nonzero_fract.i_synth/i_algo_r2_or_lutmult.i_nonzero_fract.i_sdivider/i_sdivider.divider_blk/div_loop[3].divisor_gen.divisor_dc1.del_divisor_msbs/opt_has_pipe.first_q_reg[22]/Q
                         net (fo=2, routed)           0.130    -0.200    u_cpu/u_EXEport/u_alu/u_div_gen_0/U0/i_synth/i_nonzero_fract.i_synth/i_algo_r2_or_lutmult.i_nonzero_fract.i_sdivider/i_sdivider.divider_blk/div_loop[4].divisor_gen.divisor_dc1.del_divisor_msbs/opt_has_pipe.first_q_reg[31]_0[22]
    SLICE_X127Y100       FDRE                                         r  u_cpu/u_EXEport/u_alu/u_div_gen_0/U0/i_synth/i_nonzero_fract.i_synth/i_algo_r2_or_lutmult.i_nonzero_fract.i_sdivider/i_sdivider.divider_blk/div_loop[4].divisor_gen.divisor_dc1.del_divisor_msbs/opt_has_pipe.first_q_reg[22]/D
  -------------------------------------------------------------------    -------------------

                         (clock cpu_clk_clk_pll rise edge)
                                                      0.000     0.000 r  
    AC19                                              0.000     0.000 r  clk (IN)
                         net (fo=0)                   0.000     0.000    pll.clk_pll/inst/clk_in1
    AC19                 IBUF (Prop_ibuf_I_O)         0.441     0.441 r  pll.clk_pll/inst/clkin1_ibufg/O
                         net (fo=1, routed)           0.620     1.061    pll.clk_pll/inst/clk_in1_clk_pll
    PLLE2_ADV_X0Y2       PLLE2_ADV (Prop_plle2_adv_CLKIN1_CLKOUT0)
                                                     -2.851    -1.790 r  pll.clk_pll/inst/plle2_adv_inst/CLKOUT0
                         net (fo=1, routed)           0.611    -1.180    pll.clk_pll/inst/cpu_clk_clk_pll
    BUFGCTRL_X0Y0        BUFG (Prop_bufg_I_O)         0.029    -1.151 r  pll.clk_pll/inst/clkout1_buf/O
                         net (fo=12248, routed)       0.866    -0.285    u_cpu/u_EXEport/u_alu/u_div_gen_0/U0/i_synth/i_nonzero_fract.i_synth/i_algo_r2_or_lutmult.i_nonzero_fract.i_sdivider/i_sdivider.divider_blk/div_loop[4].divisor_gen.divisor_dc1.del_divisor_msbs/aclk
    SLICE_X127Y100       FDRE                                         r  u_cpu/u_EXEport/u_alu/u_div_gen_0/U0/i_synth/i_nonzero_fract.i_synth/i_algo_r2_or_lutmult.i_nonzero_fract.i_sdivider/i_sdivider.divider_blk/div_loop[4].divisor_gen.divisor_dc1.del_divisor_msbs/opt_has_pipe.first_q_reg[22]/C
                         clock pessimism              0.026    -0.259    
    SLICE_X127Y100       FDRE (Hold_fdre_C_D)         0.019    -0.240    u_cpu/u_EXEport/u_alu/u_div_gen_0/U0/i_synth/i_nonzero_fract.i_synth/i_algo_r2_or_lutmult.i_nonzero_fract.i_sdivider/i_sdivider.divider_blk/div_loop[4].divisor_gen.divisor_dc1.del_divisor_msbs/opt_has_pipe.first_q_reg[22]
  -------------------------------------------------------------------
                         required time                          0.240    
                         arrival time                          -0.200    
  -------------------------------------------------------------------
                         slack                                  0.040    

Slack (MET) :             0.059ns  (arrival time - required time)
  Source:                 u_cpu/u_EXE_MEM_reg/data_wdata_out_from_EXE_reg[9]/C
                            (rising edge-triggered cell FDRE clocked by cpu_clk_clk_pll  {rise@0.000ns fall@16.667ns period=33.333ns})
  Destination:            u_cpu/u_dcache/req_wdata_reg[9]/D
                            (rising edge-triggered cell FDRE clocked by cpu_clk_clk_pll  {rise@0.000ns fall@16.667ns period=33.333ns})
  Path Group:             cpu_clk_clk_pll
  Path Type:              Hold (Min at Fast Process Corner)
  Requirement:            0.000ns  (cpu_clk_clk_pll rise@0.000ns - cpu_clk_clk_pll rise@0.000ns)
  Data Path Delay:        0.502ns  (logic 0.190ns (37.837%)  route 0.312ns (62.163%))
  Logic Levels:           1  (LUT3=1)
  Clock Path Skew:        0.336ns (DCD - SCD - CPR)
    Destination Clock Delay (DCD):    -0.221ns
    Source Clock Delay      (SCD):    -0.531ns
    Clock Pessimism Removal (CPR):    -0.026ns

    Location             Delay type                Incr(ns)  Path(ns)    Netlist Resource(s)
  -------------------------------------------------------------------    -------------------
                         (clock cpu_clk_clk_pll rise edge)
                                                      0.000     0.000 r  
    AC19                                              0.000     0.000 r  clk (IN)
                         net (fo=0)                   0.000     0.000    pll.clk_pll/inst/clk_in1
    AC19                 IBUF (Prop_ibuf_I_O)         0.253     0.253 r  pll.clk_pll/inst/clkin1_ibufg/O
                         net (fo=1, routed)           0.565     0.818    pll.clk_pll/inst/clk_in1_clk_pll
    PLLE2_ADV_X0Y2       PLLE2_ADV (Prop_plle2_adv_CLKIN1_CLKOUT0)
                                                     -2.523    -1.705 r  pll.clk_pll/inst/plle2_adv_inst/CLKOUT0
                         net (fo=1, routed)           0.560    -1.146    pll.clk_pll/inst/cpu_clk_clk_pll
    BUFGCTRL_X0Y0        BUFG (Prop_bufg_I_O)         0.026    -1.120 r  pll.clk_pll/inst/clkout1_buf/O
                         net (fo=12248, routed)       0.589    -0.531    u_cpu/u_EXE_MEM_reg/cpu_clk
    SLICE_X106Y105       FDRE                                         r  u_cpu/u_EXE_MEM_reg/data_wdata_out_from_EXE_reg[9]/C
  -------------------------------------------------------------------    -------------------
    SLICE_X106Y105       FDRE (Prop_fdre_C_Q)         0.141    -0.390 r  u_cpu/u_EXE_MEM_reg/data_wdata_out_from_EXE_reg[9]/Q
                         net (fo=5, routed)           0.312    -0.078    u_cpu/u_EXE_MEM_reg/data_wdata_out_from_EXE_reg[31]_1[9]
    SLICE_X105Y93        LUT3 (Prop_lut3_I0_O)        0.049    -0.029 r  u_cpu/u_EXE_MEM_reg/req_wdata[9]_i_1/O
                         net (fo=1, routed)           0.000    -0.029    u_cpu/u_dcache/req_wdata_reg[31]_0[9]
    SLICE_X105Y93        FDRE                                         r  u_cpu/u_dcache/req_wdata_reg[9]/D
  -------------------------------------------------------------------    -------------------

                         (clock cpu_clk_clk_pll rise edge)
                                                      0.000     0.000 r  
    AC19                                              0.000     0.000 r  clk (IN)
                         net (fo=0)                   0.000     0.000    pll.clk_pll/inst/clk_in1
    AC19                 IBUF (Prop_ibuf_I_O)         0.441     0.441 r  pll.clk_pll/inst/clkin1_ibufg/O
                         net (fo=1, routed)           0.620     1.061    pll.clk_pll/inst/clk_in1_clk_pll
    PLLE2_ADV_X0Y2       PLLE2_ADV (Prop_plle2_adv_CLKIN1_CLKOUT0)
                                                     -2.851    -1.790 r  pll.clk_pll/inst/plle2_adv_inst/CLKOUT0
                         net (fo=1, routed)           0.611    -1.180    pll.clk_pll/inst/cpu_clk_clk_pll
    BUFGCTRL_X0Y0        BUFG (Prop_bufg_I_O)         0.029    -1.151 r  pll.clk_pll/inst/clkout1_buf/O
                         net (fo=12248, routed)       0.930    -0.221    u_cpu/u_dcache/cpu_clk
    SLICE_X105Y93        FDRE                                         r  u_cpu/u_dcache/req_wdata_reg[9]/C
                         clock pessimism              0.026    -0.195    
    SLICE_X105Y93        FDRE (Hold_fdre_C_D)         0.107    -0.088    u_cpu/u_dcache/req_wdata_reg[9]
  -------------------------------------------------------------------
                         required time                          0.088    
                         arrival time                          -0.029    
  -------------------------------------------------------------------
                         slack                                  0.059    

Slack (MET) :             0.064ns  (arrival time - required time)
  Source:                 u_cpu/u_EXEport/u_alu/u_div_gen_0/U0/i_synth/i_nonzero_fract.i_synth/i_algo_r2_or_lutmult.i_nonzero_fract.i_sdivider/i_sdivider.divider_blk/div_loop[5].adder_gen.reg_req.adsu_mod/add1/no_pipelining.the_addsub/i_q_simple.qreg/opt_has_pipe.first_q_reg[26]/C
                            (rising edge-triggered cell FDRE clocked by cpu_clk_clk_pll  {rise@0.000ns fall@16.667ns period=33.333ns})
  Destination:            u_cpu/u_EXEport/u_alu/u_div_gen_0/U0/i_synth/i_nonzero_fract.i_synth/i_algo_r2_or_lutmult.i_nonzero_fract.i_sdivider/i_sdivider.divider_blk/div_loop[6].adder_gen.reg_req.adsu_mod/add1/no_pipelining.the_addsub/i_q_simple.qreg/opt_has_pipe.first_q_reg[27]/D
                            (rising edge-triggered cell FDRE clocked by cpu_clk_clk_pll  {rise@0.000ns fall@16.667ns period=33.333ns})
  Path Group:             cpu_clk_clk_pll
  Path Type:              Hold (Min at Fast Process Corner)
  Requirement:            0.000ns  (cpu_clk_clk_pll rise@0.000ns - cpu_clk_clk_pll rise@0.000ns)
  Data Path Delay:        0.505ns  (logic 0.249ns (49.269%)  route 0.256ns (50.731%))
  Logic Levels:           2  (CARRY4=1 LUT3=1)
  Clock Path Skew:        0.336ns (DCD - SCD - CPR)
    Destination Clock Delay (DCD):    -0.215ns
    Source Clock Delay      (SCD):    -0.525ns
    Clock Pessimism Removal (CPR):    -0.026ns

    Location             Delay type                Incr(ns)  Path(ns)    Netlist Resource(s)
  -------------------------------------------------------------------    -------------------
                         (clock cpu_clk_clk_pll rise edge)
                                                      0.000     0.000 r  
    AC19                                              0.000     0.000 r  clk (IN)
                         net (fo=0)                   0.000     0.000    pll.clk_pll/inst/clk_in1
    AC19                 IBUF (Prop_ibuf_I_O)         0.253     0.253 r  pll.clk_pll/inst/clkin1_ibufg/O
                         net (fo=1, routed)           0.565     0.818    pll.clk_pll/inst/clk_in1_clk_pll
    PLLE2_ADV_X0Y2       PLLE2_ADV (Prop_plle2_adv_CLKIN1_CLKOUT0)
                                                     -2.523    -1.705 r  pll.clk_pll/inst/plle2_adv_inst/CLKOUT0
                         net (fo=1, routed)           0.560    -1.146    pll.clk_pll/inst/cpu_clk_clk_pll
    BUFGCTRL_X0Y0        BUFG (Prop_bufg_I_O)         0.026    -1.120 r  pll.clk_pll/inst/clkout1_buf/O
                         net (fo=12248, routed)       0.595    -0.525    u_cpu/u_EXEport/u_alu/u_div_gen_0/U0/i_synth/i_nonzero_fract.i_synth/i_algo_r2_or_lutmult.i_nonzero_fract.i_sdivider/i_sdivider.divider_blk/div_loop[5].adder_gen.reg_req.adsu_mod/add1/no_pipelining.the_addsub/i_q_simple.qreg/aclk
    SLICE_X130Y100       FDRE                                         r  u_cpu/u_EXEport/u_alu/u_div_gen_0/U0/i_synth/i_nonzero_fract.i_synth/i_algo_r2_or_lutmult.i_nonzero_fract.i_sdivider/i_sdivider.divider_blk/div_loop[5].adder_gen.reg_req.adsu_mod/add1/no_pipelining.the_addsub/i_q_simple.qreg/opt_has_pipe.first_q_reg[26]/C
  -------------------------------------------------------------------    -------------------
    SLICE_X130Y100       FDRE (Prop_fdre_C_Q)         0.141    -0.384 r  u_cpu/u_EXEport/u_alu/u_div_gen_0/U0/i_synth/i_nonzero_fract.i_synth/i_algo_r2_or_lutmult.i_nonzero_fract.i_sdivider/i_sdivider.divider_blk/div_loop[5].adder_gen.reg_req.adsu_mod/add1/no_pipelining.the_addsub/i_q_simple.qreg/opt_has_pipe.first_q_reg[26]/Q
                         net (fo=2, routed)           0.256    -0.128    u_cpu/u_EXEport/u_alu/u_div_gen_0/U0/i_synth/i_nonzero_fract.i_synth/i_algo_r2_or_lutmult.i_nonzero_fract.i_sdivider/i_sdivider.divider_blk/div_loop[6].adder_gen.reg_req.adsu_mod/add1/no_pipelining.the_addsub/i_simple_model.carrymux0_1[26]
    SLICE_X131Y99        LUT3 (Prop_lut3_I2_O)        0.045    -0.083 r  u_cpu/u_EXEport/u_alu/u_div_gen_0/U0/i_synth/i_nonzero_fract.i_synth/i_algo_r2_or_lutmult.i_nonzero_fract.i_sdivider/i_sdivider.divider_blk/div_loop[6].adder_gen.reg_req.adsu_mod/add1/no_pipelining.the_addsub/i_simple_model.i_gt_1.carrychaingen[27].carrymux_i_1/O
                         net (fo=1, routed)           0.000    -0.083    u_cpu/u_EXEport/u_alu/u_div_gen_0/U0/i_synth/i_nonzero_fract.i_synth/i_algo_r2_or_lutmult.i_nonzero_fract.i_sdivider/i_sdivider.divider_blk/div_loop[6].adder_gen.reg_req.adsu_mod/add1/no_pipelining.the_addsub/i_simple_model.halfsum[27]
    SLICE_X131Y99        CARRY4 (Prop_carry4_S[3]_O[3])
                                                      0.063    -0.020 r  u_cpu/u_EXEport/u_alu/u_div_gen_0/U0/i_synth/i_nonzero_fract.i_synth/i_algo_r2_or_lutmult.i_nonzero_fract.i_sdivider/i_sdivider.divider_blk/div_loop[6].adder_gen.reg_req.adsu_mod/add1/no_pipelining.the_addsub/i_simple_model.i_gt_1.carrychaingen[24].carrymux_CARRY4/O[3]
                         net (fo=1, routed)           0.000    -0.020    u_cpu/u_EXEport/u_alu/u_div_gen_0/U0/i_synth/i_nonzero_fract.i_synth/i_algo_r2_or_lutmult.i_nonzero_fract.i_sdivider/i_sdivider.divider_blk/div_loop[6].adder_gen.reg_req.adsu_mod/add1/no_pipelining.the_addsub/i_q_simple.qreg/D[27]
    SLICE_X131Y99        FDRE                                         r  u_cpu/u_EXEport/u_alu/u_div_gen_0/U0/i_synth/i_nonzero_fract.i_synth/i_algo_r2_or_lutmult.i_nonzero_fract.i_sdivider/i_sdivider.divider_blk/div_loop[6].adder_gen.reg_req.adsu_mod/add1/no_pipelining.the_addsub/i_q_simple.qreg/opt_has_pipe.first_q_reg[27]/D
  -------------------------------------------------------------------    -------------------

                         (clock cpu_clk_clk_pll rise edge)
                                                      0.000     0.000 r  
    AC19                                              0.000     0.000 r  clk (IN)
                         net (fo=0)                   0.000     0.000    pll.clk_pll/inst/clk_in1
    AC19                 IBUF (Prop_ibuf_I_O)         0.441     0.441 r  pll.clk_pll/inst/clkin1_ibufg/O
                         net (fo=1, routed)           0.620     1.061    pll.clk_pll/inst/clk_in1_clk_pll
    PLLE2_ADV_X0Y2       PLLE2_ADV (Prop_plle2_adv_CLKIN1_CLKOUT0)
                                                     -2.851    -1.790 r  pll.clk_pll/inst/plle2_adv_inst/CLKOUT0
                         net (fo=1, routed)           0.611    -1.180    pll.clk_pll/inst/cpu_clk_clk_pll
    BUFGCTRL_X0Y0        BUFG (Prop_bufg_I_O)         0.029    -1.151 r  pll.clk_pll/inst/clkout1_buf/O
                         net (fo=12248, routed)       0.936    -0.215    u_cpu/u_EXEport/u_alu/u_div_gen_0/U0/i_synth/i_nonzero_fract.i_synth/i_algo_r2_or_lutmult.i_nonzero_fract.i_sdivider/i_sdivider.divider_blk/div_loop[6].adder_gen.reg_req.adsu_mod/add1/no_pipelining.the_addsub/i_q_simple.qreg/aclk
    SLICE_X131Y99        FDRE                                         r  u_cpu/u_EXEport/u_alu/u_div_gen_0/U0/i_synth/i_nonzero_fract.i_synth/i_algo_r2_or_lutmult.i_nonzero_fract.i_sdivider/i_sdivider.divider_blk/div_loop[6].adder_gen.reg_req.adsu_mod/add1/no_pipelining.the_addsub/i_q_simple.qreg/opt_has_pipe.first_q_reg[27]/C
                         clock pessimism              0.026    -0.189    
    SLICE_X131Y99        FDRE (Hold_fdre_C_D)         0.105    -0.084    u_cpu/u_EXEport/u_alu/u_div_gen_0/U0/i_synth/i_nonzero_fract.i_synth/i_algo_r2_or_lutmult.i_nonzero_fract.i_sdivider/i_sdivider.divider_blk/div_loop[6].adder_gen.reg_req.adsu_mod/add1/no_pipelining.the_addsub/i_q_simple.qreg/opt_has_pipe.first_q_reg[27]
  -------------------------------------------------------------------
                         required time                          0.084    
                         arrival time                          -0.020    
  -------------------------------------------------------------------
                         slack                                  0.064    

Slack (MET) :             0.076ns  (arrival time - required time)
  Source:                 u_cpu/u_axi_line_bridge/rd_ret_data_r_reg[92]/C
                            (rising edge-triggered cell FDRE clocked by cpu_clk_clk_pll  {rise@0.000ns fall@16.667ns period=33.333ns})
  Destination:            u_cpu/u_l2cache/ret_data_r_reg[92]/D
                            (rising edge-triggered cell FDRE clocked by cpu_clk_clk_pll  {rise@0.000ns fall@16.667ns period=33.333ns})
  Path Group:             cpu_clk_clk_pll
  Path Type:              Hold (Min at Fast Process Corner)
  Requirement:            0.000ns  (cpu_clk_clk_pll rise@0.000ns - cpu_clk_clk_pll rise@0.000ns)
  Data Path Delay:        0.499ns  (logic 0.186ns (37.267%)  route 0.313ns (62.733%))
  Logic Levels:           1  (LUT5=1)
  Clock Path Skew:        0.332ns (DCD - SCD - CPR)
    Destination Clock Delay (DCD):    -0.235ns
    Source Clock Delay      (SCD):    -0.541ns
    Clock Pessimism Removal (CPR):    -0.026ns

    Location             Delay type                Incr(ns)  Path(ns)    Netlist Resource(s)
  -------------------------------------------------------------------    -------------------
                         (clock cpu_clk_clk_pll rise edge)
                                                      0.000     0.000 r  
    AC19                                              0.000     0.000 r  clk (IN)
                         net (fo=0)                   0.000     0.000    pll.clk_pll/inst/clk_in1
    AC19                 IBUF (Prop_ibuf_I_O)         0.253     0.253 r  pll.clk_pll/inst/clkin1_ibufg/O
                         net (fo=1, routed)           0.565     0.818    pll.clk_pll/inst/clk_in1_clk_pll
    PLLE2_ADV_X0Y2       PLLE2_ADV (Prop_plle2_adv_CLKIN1_CLKOUT0)
                                                     -2.523    -1.705 r  pll.clk_pll/inst/plle2_adv_inst/CLKOUT0
                         net (fo=1, routed)           0.560    -1.146    pll.clk_pll/inst/cpu_clk_clk_pll
    BUFGCTRL_X0Y0        BUFG (Prop_bufg_I_O)         0.026    -1.120 r  pll.clk_pll/inst/clkout1_buf/O
                         net (fo=12248, routed)       0.579    -0.541    u_cpu/u_axi_line_bridge/cpu_clk
    SLICE_X67Y102        FDRE                                         r  u_cpu/u_axi_line_bridge/rd_ret_data_r_reg[92]/C
  -------------------------------------------------------------------    -------------------
    SLICE_X67Y102        FDRE (Prop_fdre_C_Q)         0.141    -0.400 r  u_cpu/u_axi_line_bridge/rd_ret_data_r_reg[92]/Q
                         net (fo=3, routed)           0.313    -0.087    u_cpu/u_l2cache/ret_data_r_reg[127]_0[92]
    SLICE_X75Y99         LUT5 (Prop_lut5_I0_O)        0.045    -0.042 r  u_cpu/u_l2cache/ret_data_r[92]_i_1/O
                         net (fo=1, routed)           0.000    -0.042    u_cpu/u_l2cache/ret_data_r1_in[92]
    SLICE_X75Y99         FDRE                                         r  u_cpu/u_l2cache/ret_data_r_reg[92]/D
  -------------------------------------------------------------------    -------------------

                         (clock cpu_clk_clk_pll rise edge)
                                                      0.000     0.000 r  
    AC19                                              0.000     0.000 r  clk (IN)
                         net (fo=0)                   0.000     0.000    pll.clk_pll/inst/clk_in1
    AC19                 IBUF (Prop_ibuf_I_O)         0.441     0.441 r  pll.clk_pll/inst/clkin1_ibufg/O
                         net (fo=1, routed)           0.620     1.061    pll.clk_pll/inst/clk_in1_clk_pll
    PLLE2_ADV_X0Y2       PLLE2_ADV (Prop_plle2_adv_CLKIN1_CLKOUT0)
                                                     -2.851    -1.790 r  pll.clk_pll/inst/plle2_adv_inst/CLKOUT0
                         net (fo=1, routed)           0.611    -1.180    pll.clk_pll/inst/cpu_clk_clk_pll
    BUFGCTRL_X0Y0        BUFG (Prop_bufg_I_O)         0.029    -1.151 r  pll.clk_pll/inst/clkout1_buf/O
                         net (fo=12248, routed)       0.916    -0.235    u_cpu/u_l2cache/cpu_clk
    SLICE_X75Y99         FDRE                                         r  u_cpu/u_l2cache/ret_data_r_reg[92]/C
                         clock pessimism              0.026    -0.209    
    SLICE_X75Y99         FDRE (Hold_fdre_C_D)         0.091    -0.118    u_cpu/u_l2cache/ret_data_r_reg[92]
  -------------------------------------------------------------------
                         required time                          0.118    
                         arrival time                          -0.042    
  -------------------------------------------------------------------
                         slack                                  0.076    

Slack (MET) :             0.078ns  (arrival time - required time)
  Source:                 u_cpu/u_EXEport/u_alu/u_div_gen_0/U0/i_synth/i_nonzero_fract.i_synth/i_algo_r2_or_lutmult.i_nonzero_fract.i_sdivider/i_sdivider.divider_blk/div_loop[25].quot_gen.quot_reg.i_div1.quot_out/opt_has_pipe.first_q_reg[14]/C
                            (rising edge-triggered cell FDRE clocked by cpu_clk_clk_pll  {rise@0.000ns fall@16.667ns period=33.333ns})
  Destination:            u_cpu/u_EXEport/u_alu/u_div_gen_0/U0/i_synth/i_nonzero_fract.i_synth/i_algo_r2_or_lutmult.i_nonzero_fract.i_sdivider/i_sdivider.divider_blk/div_loop[26].quot_gen.quot_reg.i_div1.quot_out/opt_has_pipe.first_q_reg[15]/D
                            (rising edge-triggered cell FDRE clocked by cpu_clk_clk_pll  {rise@0.000ns fall@16.667ns period=33.333ns})
  Path Group:             cpu_clk_clk_pll
  Path Type:              Hold (Min at Fast Process Corner)
  Requirement:            0.000ns  (cpu_clk_clk_pll rise@0.000ns - cpu_clk_clk_pll rise@0.000ns)
  Data Path Delay:        0.475ns  (logic 0.141ns (29.698%)  route 0.334ns (70.302%))
  Logic Levels:           0  
  Clock Path Skew:        0.337ns (DCD - SCD - CPR)
    Destination Clock Delay (DCD):    -0.215ns
    Source Clock Delay      (SCD):    -0.526ns
    Clock Pessimism Removal (CPR):    -0.026ns

    Location             Delay type                Incr(ns)  Path(ns)    Netlist Resource(s)
  -------------------------------------------------------------------    -------------------
                         (clock cpu_clk_clk_pll rise edge)
                                                      0.000     0.000 r  
    AC19                                              0.000     0.000 r  clk (IN)
                         net (fo=0)                   0.000     0.000    pll.clk_pll/inst/clk_in1
    AC19                 IBUF (Prop_ibuf_I_O)         0.253     0.253 r  pll.clk_pll/inst/clkin1_ibufg/O
                         net (fo=1, routed)           0.565     0.818    pll.clk_pll/inst/clk_in1_clk_pll
    PLLE2_ADV_X0Y2       PLLE2_ADV (Prop_plle2_adv_CLKIN1_CLKOUT0)
                                                     -2.523    -1.705 r  pll.clk_pll/inst/plle2_adv_inst/CLKOUT0
                         net (fo=1, routed)           0.560    -1.146    pll.clk_pll/inst/cpu_clk_clk_pll
    BUFGCTRL_X0Y0        BUFG (Prop_bufg_I_O)         0.026    -1.120 r  pll.clk_pll/inst/clkout1_buf/O
                         net (fo=12248, routed)       0.594    -0.526    u_cpu/u_EXEport/u_alu/u_div_gen_0/U0/i_synth/i_nonzero_fract.i_synth/i_algo_r2_or_lutmult.i_nonzero_fract.i_sdivider/i_sdivider.divider_blk/div_loop[25].quot_gen.quot_reg.i_div1.quot_out/aclk
    SLICE_X119Y102       FDRE                                         r  u_cpu/u_EXEport/u_alu/u_div_gen_0/U0/i_synth/i_nonzero_fract.i_synth/i_algo_r2_or_lutmult.i_nonzero_fract.i_sdivider/i_sdivider.divider_blk/div_loop[25].quot_gen.quot_reg.i_div1.quot_out/opt_has_pipe.first_q_reg[14]/C
  -------------------------------------------------------------------    -------------------
    SLICE_X119Y102       FDRE (Prop_fdre_C_Q)         0.141    -0.385 r  u_cpu/u_EXEport/u_alu/u_div_gen_0/U0/i_synth/i_nonzero_fract.i_synth/i_algo_r2_or_lutmult.i_nonzero_fract.i_sdivider/i_sdivider.divider_blk/div_loop[25].quot_gen.quot_reg.i_div1.quot_out/opt_has_pipe.first_q_reg[14]/Q
                         net (fo=1, routed)           0.334    -0.051    u_cpu/u_EXEport/u_alu/u_div_gen_0/U0/i_synth/i_nonzero_fract.i_synth/i_algo_r2_or_lutmult.i_nonzero_fract.i_sdivider/i_sdivider.divider_blk/div_loop[26].quot_gen.quot_reg.i_div1.quot_out/opt_has_pipe.first_q_reg[25]_0[15]
    SLICE_X128Y98        FDRE                                         r  u_cpu/u_EXEport/u_alu/u_div_gen_0/U0/i_synth/i_nonzero_fract.i_synth/i_algo_r2_or_lutmult.i_nonzero_fract.i_sdivider/i_sdivider.divider_blk/div_loop[26].quot_gen.quot_reg.i_div1.quot_out/opt_has_pipe.first_q_reg[15]/D
  -------------------------------------------------------------------    -------------------

                         (clock cpu_clk_clk_pll rise edge)
                                                      0.000     0.000 r  
    AC19                                              0.000     0.000 r  clk (IN)
                         net (fo=0)                   0.000     0.000    pll.clk_pll/inst/clk_in1
    AC19                 IBUF (Prop_ibuf_I_O)         0.441     0.441 r  pll.clk_pll/inst/clkin1_ibufg/O
                         net (fo=1, routed)           0.620     1.061    pll.clk_pll/inst/clk_in1_clk_pll
    PLLE2_ADV_X0Y2       PLLE2_ADV (Prop_plle2_adv_CLKIN1_CLKOUT0)
                                                     -2.851    -1.790 r  pll.clk_pll/inst/plle2_adv_inst/CLKOUT0
                         net (fo=1, routed)           0.611    -1.180    pll.clk_pll/inst/cpu_clk_clk_pll
    BUFGCTRL_X0Y0        BUFG (Prop_bufg_I_O)         0.029    -1.151 r  pll.clk_pll/inst/clkout1_buf/O
                         net (fo=12248, routed)       0.936    -0.215    u_cpu/u_EXEport/u_alu/u_div_gen_0/U0/i_synth/i_nonzero_fract.i_synth/i_algo_r2_or_lutmult.i_nonzero_fract.i_sdivider/i_sdivider.divider_blk/div_loop[26].quot_gen.quot_reg.i_div1.quot_out/aclk
    SLICE_X128Y98        FDRE                                         r  u_cpu/u_EXEport/u_alu/u_div_gen_0/U0/i_synth/i_nonzero_fract.i_synth/i_algo_r2_or_lutmult.i_nonzero_fract.i_sdivider/i_sdivider.divider_blk/div_loop[26].quot_gen.quot_reg.i_div1.quot_out/opt_has_pipe.first_q_reg[15]/C
                         clock pessimism              0.026    -0.189    
    SLICE_X128Y98        FDRE (Hold_fdre_C_D)         0.060    -0.129    u_cpu/u_EXEport/u_alu/u_div_gen_0/U0/i_synth/i_nonzero_fract.i_synth/i_algo_r2_or_lutmult.i_nonzero_fract.i_sdivider/i_sdivider.divider_blk/div_loop[26].quot_gen.quot_reg.i_div1.quot_out/opt_has_pipe.first_q_reg[15]
  -------------------------------------------------------------------
                         required time                          0.129    
                         arrival time                          -0.051    
  -------------------------------------------------------------------
                         slack                                  0.078    

Slack (MET) :             0.083ns  (arrival time - required time)
  Source:                 u_cpu/u_l2cache/req_addr_reg[7]/C
                            (rising edge-triggered cell FDRE clocked by cpu_clk_clk_pll  {rise@0.000ns fall@16.667ns period=33.333ns})
  Destination:            u_cpu/u_l2cache/pf_addr_reg[7]/D
                            (rising edge-triggered cell FDRE clocked by cpu_clk_clk_pll  {rise@0.000ns fall@16.667ns period=33.333ns})
  Path Group:             cpu_clk_clk_pll
  Path Type:              Hold (Min at Fast Process Corner)
  Requirement:            0.000ns  (cpu_clk_clk_pll rise@0.000ns - cpu_clk_clk_pll rise@0.000ns)
  Data Path Delay:        0.517ns  (logic 0.316ns (61.087%)  route 0.201ns (38.913%))
  Logic Levels:           1  (CARRY4=1)
  Clock Path Skew:        0.329ns (DCD - SCD - CPR)
    Destination Clock Delay (DCD):    -0.236ns
    Source Clock Delay      (SCD):    -0.539ns
    Clock Pessimism Removal (CPR):    -0.026ns

    Location             Delay type                Incr(ns)  Path(ns)    Netlist Resource(s)
  -------------------------------------------------------------------    -------------------
                         (clock cpu_clk_clk_pll rise edge)
                                                      0.000     0.000 r  
    AC19                                              0.000     0.000 r  clk (IN)
                         net (fo=0)                   0.000     0.000    pll.clk_pll/inst/clk_in1
    AC19                 IBUF (Prop_ibuf_I_O)         0.253     0.253 r  pll.clk_pll/inst/clkin1_ibufg/O
                         net (fo=1, routed)           0.565     0.818    pll.clk_pll/inst/clk_in1_clk_pll
    PLLE2_ADV_X0Y2       PLLE2_ADV (Prop_plle2_adv_CLKIN1_CLKOUT0)
                                                     -2.523    -1.705 r  pll.clk_pll/inst/plle2_adv_inst/CLKOUT0
                         net (fo=1, routed)           0.560    -1.146    pll.clk_pll/inst/cpu_clk_clk_pll
    BUFGCTRL_X0Y0        BUFG (Prop_bufg_I_O)         0.026    -1.120 r  pll.clk_pll/inst/clkout1_buf/O
                         net (fo=12248, routed)       0.581    -0.539    u_cpu/u_l2cache/cpu_clk
    SLICE_X92Y100        FDRE                                         r  u_cpu/u_l2cache/req_addr_reg[7]/C
  -------------------------------------------------------------------    -------------------
    SLICE_X92Y100        FDRE (Prop_fdre_C_Q)         0.148    -0.391 r  u_cpu/u_l2cache/req_addr_reg[7]/Q
                         net (fo=6, routed)           0.201    -0.190    u_cpu/u_l2cache/p_0_in[7]
    SLICE_X89Y99         CARRY4 (Prop_carry4_S[0]_O[0])
                                                      0.168    -0.022 r  u_cpu/u_l2cache/pf_addr_reg[10]_i_1/O[0]
                         net (fo=1, routed)           0.000    -0.022    u_cpu/u_l2cache/pf_addr_reg[10]_i_1_n_7
    SLICE_X89Y99         FDRE                                         r  u_cpu/u_l2cache/pf_addr_reg[7]/D
  -------------------------------------------------------------------    -------------------

                         (clock cpu_clk_clk_pll rise edge)
                                                      0.000     0.000 r  
    AC19                                              0.000     0.000 r  clk (IN)
                         net (fo=0)                   0.000     0.000    pll.clk_pll/inst/clk_in1
    AC19                 IBUF (Prop_ibuf_I_O)         0.441     0.441 r  pll.clk_pll/inst/clkin1_ibufg/O
                         net (fo=1, routed)           0.620     1.061    pll.clk_pll/inst/clk_in1_clk_pll
    PLLE2_ADV_X0Y2       PLLE2_ADV (Prop_plle2_adv_CLKIN1_CLKOUT0)
                                                     -2.851    -1.790 r  pll.clk_pll/inst/plle2_adv_inst/CLKOUT0
                         net (fo=1, routed)           0.611    -1.180    pll.clk_pll/inst/cpu_clk_clk_pll
    BUFGCTRL_X0Y0        BUFG (Prop_bufg_I_O)         0.029    -1.151 r  pll.clk_pll/inst/clkout1_buf/O
                         net (fo=12248, routed)       0.915    -0.236    u_cpu/u_l2cache/cpu_clk
    SLICE_X89Y99         FDRE                                         r  u_cpu/u_l2cache/pf_addr_reg[7]/C
                         clock pessimism              0.026    -0.210    
    SLICE_X89Y99         FDRE (Hold_fdre_C_D)         0.105    -0.105    u_cpu/u_l2cache/pf_addr_reg[7]
  -------------------------------------------------------------------
                         required time                          0.105    
                         arrival time                          -0.022    
  -------------------------------------------------------------------
                         slack                                  0.083    

Slack (MET) :             0.087ns  (arrival time - required time)
  Source:                 u_cpu/u_EXEport/u_alu/u_div_gen_0/U0/i_synth/i_nonzero_fract.i_synth/i_algo_r2_or_lutmult.i_nonzero_fract.i_sdivider/i_sdivider.divider_blk/div_loop[20].quot_gen.quot_reg.i_div1.quot_out/opt_has_pipe.first_q_reg[9]/C
                            (rising edge-triggered cell FDRE clocked by cpu_clk_clk_pll  {rise@0.000ns fall@16.667ns period=33.333ns})
  Destination:            u_cpu/u_EXEport/u_alu/u_div_gen_0/U0/i_synth/i_nonzero_fract.i_synth/i_algo_r2_or_lutmult.i_nonzero_fract.i_sdivider/i_sdivider.divider_blk/div_loop[21].quot_gen.quot_reg.i_div1.quot_out/opt_has_pipe.first_q_reg[10]/D
                            (rising edge-triggered cell FDRE clocked by cpu_clk_clk_pll  {rise@0.000ns fall@16.667ns period=33.333ns})
  Path Group:             cpu_clk_clk_pll
  Path Type:              Hold (Min at Fast Process Corner)
  Requirement:            0.000ns  (cpu_clk_clk_pll rise@0.000ns - cpu_clk_clk_pll rise@0.000ns)
  Data Path Delay:        0.309ns  (logic 0.128ns (41.476%)  route 0.181ns (58.524%))
  Logic Levels:           0  
  Clock Path Skew:        0.199ns (DCD - SCD - CPR)
    Destination Clock Delay (DCD):    -0.285ns
    Source Clock Delay      (SCD):    -0.458ns
    Clock Pessimism Removal (CPR):    -0.026ns

    Location             Delay type                Incr(ns)  Path(ns)    Netlist Resource(s)
  -------------------------------------------------------------------    -------------------
                         (clock cpu_clk_clk_pll rise edge)
                                                      0.000     0.000 r  
    AC19                                              0.000     0.000 r  clk (IN)
                         net (fo=0)                   0.000     0.000    pll.clk_pll/inst/clk_in1
    AC19                 IBUF (Prop_ibuf_I_O)         0.253     0.253 r  pll.clk_pll/inst/clkin1_ibufg/O
                         net (fo=1, routed)           0.565     0.818    pll.clk_pll/inst/clk_in1_clk_pll
    PLLE2_ADV_X0Y2       PLLE2_ADV (Prop_plle2_adv_CLKIN1_CLKOUT0)
                                                     -2.523    -1.705 r  pll.clk_pll/inst/plle2_adv_inst/CLKOUT0
                         net (fo=1, routed)           0.560    -1.146    pll.clk_pll/inst/cpu_clk_clk_pll
    BUFGCTRL_X0Y0        BUFG (Prop_bufg_I_O)         0.026    -1.120 r  pll.clk_pll/inst/clkout1_buf/O
                         net (fo=12248, routed)       0.661    -0.458    u_cpu/u_EXEport/u_alu/u_div_gen_0/U0/i_synth/i_nonzero_fract.i_synth/i_algo_r2_or_lutmult.i_nonzero_fract.i_sdivider/i_sdivider.divider_blk/div_loop[20].quot_gen.quot_reg.i_div1.quot_out/aclk
    SLICE_X131Y99        FDRE                                         r  u_cpu/u_EXEport/u_alu/u_div_gen_0/U0/i_synth/i_nonzero_fract.i_synth/i_algo_r2_or_lutmult.i_nonzero_fract.i_sdivider/i_sdivider.divider_blk/div_loop[20].quot_gen.quot_reg.i_div1.quot_out/opt_has_pipe.first_q_reg[9]/C
  -------------------------------------------------------------------    -------------------
    SLICE_X131Y99        FDRE (Prop_fdre_C_Q)         0.128    -0.330 r  u_cpu/u_EXEport/u_alu/u_div_gen_0/U0/i_synth/i_nonzero_fract.i_synth/i_algo_r2_or_lutmult.i_nonzero_fract.i_sdivider/i_sdivider.divider_blk/div_loop[20].quot_gen.quot_reg.i_div1.quot_out/opt_has_pipe.first_q_reg[9]/Q
                         net (fo=1, routed)           0.181    -0.150    u_cpu/u_EXEport/u_alu/u_div_gen_0/U0/i_synth/i_nonzero_fract.i_synth/i_algo_r2_or_lutmult.i_nonzero_fract.i_sdivider/i_sdivider.divider_blk/div_loop[21].quot_gen.quot_reg.i_div1.quot_out/opt_has_pipe.first_q_reg[20]_0[10]
    SLICE_X131Y101       FDRE                                         r  u_cpu/u_EXEport/u_alu/u_div_gen_0/U0/i_synth/i_nonzero_fract.i_synth/i_algo_r2_or_lutmult.i_nonzero_fract.i_sdivider/i_sdivider.divider_blk/div_loop[21].quot_gen.quot_reg.i_div1.quot_out/opt_has_pipe.first_q_reg[10]/D
  -------------------------------------------------------------------    -------------------

                         (clock cpu_clk_clk_pll rise edge)
                                                      0.000     0.000 r  
    AC19                                              0.000     0.000 r  clk (IN)
                         net (fo=0)                   0.000     0.000    pll.clk_pll/inst/clk_in1
    AC19                 IBUF (Prop_ibuf_I_O)         0.441     0.441 r  pll.clk_pll/inst/clkin1_ibufg/O
                         net (fo=1, routed)           0.620     1.061    pll.clk_pll/inst/clk_in1_clk_pll
    PLLE2_ADV_X0Y2       PLLE2_ADV (Prop_plle2_adv_CLKIN1_CLKOUT0)
                                                     -2.851    -1.790 r  pll.clk_pll/inst/plle2_adv_inst/CLKOUT0
                         net (fo=1, routed)           0.611    -1.180    pll.clk_pll/inst/cpu_clk_clk_pll
    BUFGCTRL_X0Y0        BUFG (Prop_bufg_I_O)         0.029    -1.151 r  pll.clk_pll/inst/clkout1_buf/O
                         net (fo=12248, routed)       0.866    -0.285    u_cpu/u_EXEport/u_alu/u_div_gen_0/U0/i_synth/i_nonzero_fract.i_synth/i_algo_r2_or_lutmult.i_nonzero_fract.i_sdivider/i_sdivider.divider_blk/div_loop[21].quot_gen.quot_reg.i_div1.quot_out/aclk
    SLICE_X131Y101       FDRE                                         r  u_cpu/u_EXEport/u_alu/u_div_gen_0/U0/i_synth/i_nonzero_fract.i_synth/i_algo_r2_or_lutmult.i_nonzero_fract.i_sdivider/i_sdivider.divider_blk/div_loop[21].quot_gen.quot_reg.i_div1.quot_out/opt_has_pipe.first_q_reg[10]/C
                         clock pessimism              0.026    -0.259    
    SLICE_X131Y101       FDRE (Hold_fdre_C_D)         0.022    -0.237    u_cpu/u_EXEport/u_alu/u_div_gen_0/U0/i_synth/i_nonzero_fract.i_synth/i_algo_r2_or_lutmult.i_nonzero_fract.i_sdivider/i_sdivider.divider_blk/div_loop[21].quot_gen.quot_reg.i_div1.quot_out/opt_has_pipe.first_q_reg[10]
  -------------------------------------------------------------------
                         required time                          0.237    
                         arrival time                          -0.150    
  -------------------------------------------------------------------
                         slack                                  0.087    

Slack (MET) :             0.090ns  (arrival time - required time)
  Source:                 u_cpu/u_EXEport/u_alu/u_div_gen_0/U0/i_synth/i_nonzero_fract.i_synth/i_algo_r2_or_lutmult.i_nonzero_fract.i_sdivider/i_sdivider.divider_blk/div_loop[28].quot_gen.quot_reg.i_div1.quot_out/opt_has_pipe.first_q_reg[13]/C
                            (rising edge-triggered cell FDRE clocked by cpu_clk_clk_pll  {rise@0.000ns fall@16.667ns period=33.333ns})
  Destination:            u_cpu/u_EXEport/u_alu/u_div_gen_0/U0/i_synth/i_nonzero_fract.i_synth/i_algo_r2_or_lutmult.i_nonzero_fract.i_sdivider/i_sdivider.divider_blk/div_loop[29].quot_gen.quot_reg.i_div1.quot_out/opt_has_pipe.first_q_reg[14]/D
                            (rising edge-triggered cell FDRE clocked by cpu_clk_clk_pll  {rise@0.000ns fall@16.667ns period=33.333ns})
  Path Group:             cpu_clk_clk_pll
  Path Type:              Hold (Min at Fast Process Corner)
  Requirement:            0.000ns  (cpu_clk_clk_pll rise@0.000ns - cpu_clk_clk_pll rise@0.000ns)
  Data Path Delay:        0.315ns  (logic 0.128ns (40.679%)  route 0.187ns (59.321%))
  Logic Levels:           0  
  Clock Path Skew:        0.199ns (DCD - SCD - CPR)
    Destination Clock Delay (DCD):    -0.286ns
    Source Clock Delay      (SCD):    -0.459ns
    Clock Pessimism Removal (CPR):    -0.026ns

    Location             Delay type                Incr(ns)  Path(ns)    Netlist Resource(s)
  -------------------------------------------------------------------    -------------------
                         (clock cpu_clk_clk_pll rise edge)
                                                      0.000     0.000 r  
    AC19                                              0.000     0.000 r  clk (IN)
                         net (fo=0)                   0.000     0.000    pll.clk_pll/inst/clk_in1
    AC19                 IBUF (Prop_ibuf_I_O)         0.253     0.253 r  pll.clk_pll/inst/clkin1_ibufg/O
                         net (fo=1, routed)           0.565     0.818    pll.clk_pll/inst/clk_in1_clk_pll
    PLLE2_ADV_X0Y2       PLLE2_ADV (Prop_plle2_adv_CLKIN1_CLKOUT0)
                                                     -2.523    -1.705 r  pll.clk_pll/inst/plle2_adv_inst/CLKOUT0
                         net (fo=1, routed)           0.560    -1.146    pll.clk_pll/inst/cpu_clk_clk_pll
    BUFGCTRL_X0Y0        BUFG (Prop_bufg_I_O)         0.026    -1.120 r  pll.clk_pll/inst/clkout1_buf/O
                         net (fo=12248, routed)       0.660    -0.459    u_cpu/u_EXEport/u_alu/u_div_gen_0/U0/i_synth/i_nonzero_fract.i_synth/i_algo_r2_or_lutmult.i_nonzero_fract.i_sdivider/i_sdivider.divider_blk/div_loop[28].quot_gen.quot_reg.i_div1.quot_out/aclk
    SLICE_X122Y99        FDRE                                         r  u_cpu/u_EXEport/u_alu/u_div_gen_0/U0/i_synth/i_nonzero_fract.i_synth/i_algo_r2_or_lutmult.i_nonzero_fract.i_sdivider/i_sdivider.divider_blk/div_loop[28].quot_gen.quot_reg.i_div1.quot_out/opt_has_pipe.first_q_reg[13]/C
  -------------------------------------------------------------------    -------------------
    SLICE_X122Y99        FDRE (Prop_fdre_C_Q)         0.128    -0.331 r  u_cpu/u_EXEport/u_alu/u_div_gen_0/U0/i_synth/i_nonzero_fract.i_synth/i_algo_r2_or_lutmult.i_nonzero_fract.i_sdivider/i_sdivider.divider_blk/div_loop[28].quot_gen.quot_reg.i_div1.quot_out/opt_has_pipe.first_q_reg[13]/Q
                         net (fo=1, routed)           0.187    -0.145    u_cpu/u_EXEport/u_alu/u_div_gen_0/U0/i_synth/i_nonzero_fract.i_synth/i_algo_r2_or_lutmult.i_nonzero_fract.i_sdivider/i_sdivider.divider_blk/div_loop[29].quot_gen.quot_reg.i_div1.quot_out/opt_has_pipe.first_q_reg[28]_0[14]
    SLICE_X122Y100       FDRE                                         r  u_cpu/u_EXEport/u_alu/u_div_gen_0/U0/i_synth/i_nonzero_fract.i_synth/i_algo_r2_or_lutmult.i_nonzero_fract.i_sdivider/i_sdivider.divider_blk/div_loop[29].quot_gen.quot_reg.i_div1.quot_out/opt_has_pipe.first_q_reg[14]/D
  -------------------------------------------------------------------    -------------------

                         (clock cpu_clk_clk_pll rise edge)
                                                      0.000     0.000 r  
    AC19                                              0.000     0.000 r  clk (IN)
                         net (fo=0)                   0.000     0.000    pll.clk_pll/inst/clk_in1
    AC19                 IBUF (Prop_ibuf_I_O)         0.441     0.441 r  pll.clk_pll/inst/clkin1_ibufg/O
                         net (fo=1, routed)           0.620     1.061    pll.clk_pll/inst/clk_in1_clk_pll
    PLLE2_ADV_X0Y2       PLLE2_ADV (Prop_plle2_adv_CLKIN1_CLKOUT0)
                                                     -2.851    -1.790 r  pll.clk_pll/inst/plle2_adv_inst/CLKOUT0
                         net (fo=1, routed)           0.611    -1.180    pll.clk_pll/inst/cpu_clk_clk_pll
    BUFGCTRL_X0Y0        BUFG (Prop_bufg_I_O)         0.029    -1.151 r  pll.clk_pll/inst/clkout1_buf/O
                         net (fo=12248, routed)       0.865    -0.286    u_cpu/u_EXEport/u_alu/u_div_gen_0/U0/i_synth/i_nonzero_fract.i_synth/i_algo_r2_or_lutmult.i_nonzero_fract.i_sdivider/i_sdivider.divider_blk/div_loop[29].quot_gen.quot_reg.i_div1.quot_out/aclk
    SLICE_X122Y100       FDRE                                         r  u_cpu/u_EXEport/u_alu/u_div_gen_0/U0/i_synth/i_nonzero_fract.i_synth/i_algo_r2_or_lutmult.i_nonzero_fract.i_sdivider/i_sdivider.divider_blk/div_loop[29].quot_gen.quot_reg.i_div1.quot_out/opt_has_pipe.first_q_reg[14]/C
                         clock pessimism              0.026    -0.260    
    SLICE_X122Y100       FDRE (Hold_fdre_C_D)         0.025    -0.235    u_cpu/u_EXEport/u_alu/u_div_gen_0/U0/i_synth/i_nonzero_fract.i_synth/i_algo_r2_or_lutmult.i_nonzero_fract.i_sdivider/i_sdivider.divider_blk/div_loop[29].quot_gen.quot_reg.i_div1.quot_out/opt_has_pipe.first_q_reg[14]
  -------------------------------------------------------------------
                         required time                          0.235    
                         arrival time                          -0.145    
  -------------------------------------------------------------------
                         slack                                  0.090    

Slack (MET) :             0.092ns  (arrival time - required time)
  Source:                 u_cpu/u_dcache/sb_data_reg[30]/C
                            (rising edge-triggered cell FDRE clocked by cpu_clk_clk_pll  {rise@0.000ns fall@16.667ns period=33.333ns})
  Destination:            u_cpu/u_l2cache/req_data_reg[30]/D
                            (rising edge-triggered cell FDRE clocked by cpu_clk_clk_pll  {rise@0.000ns fall@16.667ns period=33.333ns})
  Path Group:             cpu_clk_clk_pll
  Path Type:              Hold (Min at Fast Process Corner)
  Requirement:            0.000ns  (cpu_clk_clk_pll rise@0.000ns - cpu_clk_clk_pll rise@0.000ns)
  Data Path Delay:        0.410ns  (logic 0.186ns (45.405%)  route 0.224ns (54.595%))
  Logic Levels:           1  (LUT6=1)
  Clock Path Skew:        0.196ns (DCD - SCD - CPR)
    Destination Clock Delay (DCD):    -0.296ns
    Source Clock Delay      (SCD):    -0.466ns
    Clock Pessimism Removal (CPR):    -0.026ns

    Location             Delay type                Incr(ns)  Path(ns)    Netlist Resource(s)
  -------------------------------------------------------------------    -------------------
                         (clock cpu_clk_clk_pll rise edge)
                                                      0.000     0.000 r  
    AC19                                              0.000     0.000 r  clk (IN)
                         net (fo=0)                   0.000     0.000    pll.clk_pll/inst/clk_in1
    AC19                 IBUF (Prop_ibuf_I_O)         0.253     0.253 r  pll.clk_pll/inst/clkin1_ibufg/O
                         net (fo=1, routed)           0.565     0.818    pll.clk_pll/inst/clk_in1_clk_pll
    PLLE2_ADV_X0Y2       PLLE2_ADV (Prop_plle2_adv_CLKIN1_CLKOUT0)
                                                     -2.523    -1.705 r  pll.clk_pll/inst/plle2_adv_inst/CLKOUT0
                         net (fo=1, routed)           0.560    -1.146    pll.clk_pll/inst/cpu_clk_clk_pll
    BUFGCTRL_X0Y0        BUFG (Prop_bufg_I_O)         0.026    -1.120 r  pll.clk_pll/inst/clkout1_buf/O
                         net (fo=12248, routed)       0.653    -0.466    u_cpu/u_dcache/cpu_clk
    SLICE_X103Y99        FDRE                                         r  u_cpu/u_dcache/sb_data_reg[30]/C
  -------------------------------------------------------------------    -------------------
    SLICE_X103Y99        FDRE (Prop_fdre_C_Q)         0.141    -0.325 r  u_cpu/u_dcache/sb_data_reg[30]/Q
                         net (fo=1, routed)           0.224    -0.102    u_cpu/u_dcache/sb_data[30]
    SLICE_X100Y100       LUT6 (Prop_lut6_I0_O)        0.045    -0.057 r  u_cpu/u_dcache/req_data[30]_i_1/O
                         net (fo=1, routed)           0.000    -0.057    u_cpu/u_l2cache/req_data_reg[127]_0[30]
    SLICE_X100Y100       FDRE                                         r  u_cpu/u_l2cache/req_data_reg[30]/D
  -------------------------------------------------------------------    -------------------

                         (clock cpu_clk_clk_pll rise edge)
                                                      0.000     0.000 r  
    AC19                                              0.000     0.000 r  clk (IN)
                         net (fo=0)                   0.000     0.000    pll.clk_pll/inst/clk_in1
    AC19                 IBUF (Prop_ibuf_I_O)         0.441     0.441 r  pll.clk_pll/inst/clkin1_ibufg/O
                         net (fo=1, routed)           0.620     1.061    pll.clk_pll/inst/clk_in1_clk_pll
    PLLE2_ADV_X0Y2       PLLE2_ADV (Prop_plle2_adv_CLKIN1_CLKOUT0)
                                                     -2.851    -1.790 r  pll.clk_pll/inst/plle2_adv_inst/CLKOUT0
                         net (fo=1, routed)           0.611    -1.180    pll.clk_pll/inst/cpu_clk_clk_pll
    BUFGCTRL_X0Y0        BUFG (Prop_bufg_I_O)         0.029    -1.151 r  pll.clk_pll/inst/clkout1_buf/O
                         net (fo=12248, routed)       0.855    -0.296    u_cpu/u_l2cache/cpu_clk
    SLICE_X100Y100       FDRE                                         r  u_cpu/u_l2cache/req_data_reg[30]/C
                         clock pessimism              0.026    -0.270    
    SLICE_X100Y100       FDRE (Hold_fdre_C_D)         0.121    -0.149    u_cpu/u_l2cache/req_data_reg[30]
  -------------------------------------------------------------------
                         required time                          0.149    
                         arrival time                          -0.057    
  -------------------------------------------------------------------
                         slack                                  0.092    





Pulse Width Checks
--------------------------------------------------------------------------------------
Clock Name:         cpu_clk_clk_pll
Waveform(ns):       { 0.000 16.667 }
Period(ns):         33.333
Sources:            { pll.clk_pll/inst/plle2_adv_inst/CLKOUT0 }

Check Type        Corner  Lib Pin             Reference Pin  Required(ns)  Actual(ns)  Slack(ns)  Location        Pin
Min Period        n/a     RAMB36E1/CLKARDCLK  n/a            2.944         33.333      30.389     RAMB36_X5Y15    u_axi_ram/ram/U0/inst_blk_mem_gen/gnbram.gaxibmg.axi_blk_mem_gen/valid.cstr/ramloop[0].ram.r/prim_init.ram/DEVICE_7SERIES.NO_BMM_INFO.SDP.SIMPLE_PRIM36.ram/CLKARDCLK
Min Period        n/a     RAMB36E1/CLKBWRCLK  n/a            2.944         33.333      30.389     RAMB36_X5Y15    u_axi_ram/ram/U0/inst_blk_mem_gen/gnbram.gaxibmg.axi_blk_mem_gen/valid.cstr/ramloop[0].ram.r/prim_init.ram/DEVICE_7SERIES.NO_BMM_INFO.SDP.SIMPLE_PRIM36.ram/CLKBWRCLK
Min Period        n/a     RAMB36E1/CLKARDCLK  n/a            2.944         33.333      30.389     RAMB36_X7Y32    u_axi_ram/ram/U0/inst_blk_mem_gen/gnbram.gaxibmg.axi_blk_mem_gen/valid.cstr/ramloop[100].ram.r/prim_init.ram/DEVICE_7SERIES.NO_BMM_INFO.SDP.SIMPLE_PRIM36.ram/CLKARDCLK
Min Period        n/a     RAMB36E1/CLKBWRCLK  n/a            2.944         33.333      30.389     RAMB36_X7Y32    u_axi_ram/ram/U0/inst_blk_mem_gen/gnbram.gaxibmg.axi_blk_mem_gen/valid.cstr/ramloop[100].ram.r/prim_init.ram/DEVICE_7SERIES.NO_BMM_INFO.SDP.SIMPLE_PRIM36.ram/CLKBWRCLK
Min Period        n/a     RAMB36E1/CLKARDCLK  n/a            2.944         33.333      30.389     RAMB36_X7Y35    u_axi_ram/ram/U0/inst_blk_mem_gen/gnbram.gaxibmg.axi_blk_mem_gen/valid.cstr/ramloop[101].ram.r/prim_init.ram/DEVICE_7SERIES.NO_BMM_INFO.SDP.SIMPLE_PRIM36.ram/CLKARDCLK
Min Period        n/a     RAMB36E1/CLKBWRCLK  n/a            2.944         33.333      30.389     RAMB36_X7Y35    u_axi_ram/ram/U0/inst_blk_mem_gen/gnbram.gaxibmg.axi_blk_mem_gen/valid.cstr/ramloop[101].ram.r/prim_init.ram/DEVICE_7SERIES.NO_BMM_INFO.SDP.SIMPLE_PRIM36.ram/CLKBWRCLK
Min Period        n/a     RAMB36E1/CLKARDCLK  n/a            2.944         33.333      30.389     RAMB36_X8Y30    u_axi_ram/ram/U0/inst_blk_mem_gen/gnbram.gaxibmg.axi_blk_mem_gen/valid.cstr/ramloop[102].ram.r/prim_init.ram/DEVICE_7SERIES.NO_BMM_INFO.SDP.SIMPLE_PRIM36.ram/CLKARDCLK
Min Period        n/a     RAMB36E1/CLKBWRCLK  n/a            2.944         33.333      30.389     RAMB36_X8Y30    u_axi_ram/ram/U0/inst_blk_mem_gen/gnbram.gaxibmg.axi_blk_mem_gen/valid.cstr/ramloop[102].ram.r/prim_init.ram/DEVICE_7SERIES.NO_BMM_INFO.SDP.SIMPLE_PRIM36.ram/CLKBWRCLK
Min Period        n/a     RAMB36E1/CLKARDCLK  n/a            2.944         33.333      30.389     RAMB36_X6Y32    u_axi_ram/ram/U0/inst_blk_mem_gen/gnbram.gaxibmg.axi_blk_mem_gen/valid.cstr/ramloop[103].ram.r/prim_init.ram/DEVICE_7SERIES.NO_BMM_INFO.SDP.SIMPLE_PRIM36.ram/CLKARDCLK
Min Period        n/a     RAMB36E1/CLKBWRCLK  n/a            2.944         33.333      30.389     RAMB36_X6Y32    u_axi_ram/ram/U0/inst_blk_mem_gen/gnbram.gaxibmg.axi_blk_mem_gen/valid.cstr/ramloop[103].ram.r/prim_init.ram/DEVICE_7SERIES.NO_BMM_INFO.SDP.SIMPLE_PRIM36.ram/CLKBWRCLK
Max Period        n/a     PLLE2_ADV/CLKOUT0   n/a            160.000       33.333      126.667    PLLE2_ADV_X0Y2  pll.clk_pll/inst/plle2_adv_inst/CLKOUT0
Low Pulse Width   Slow    RAMD32/CLK          n/a            1.250         16.667      15.417     SLICE_X80Y134   u_axi_ram/ram/U0/inst_blk_mem_gen/gnbram.gaxibmg.axi_wr_fsm/gaxi_bid_gen.axi_bid_array_reg_0_3_0_3/RAMA/CLK
Low Pulse Width   Fast    RAMD32/CLK          n/a            1.250         16.667      15.417     SLICE_X80Y134   u_axi_ram/ram/U0/inst_blk_mem_gen/gnbram.gaxibmg.axi_wr_fsm/gaxi_bid_gen.axi_bid_array_reg_0_3_0_3/RAMA/CLK
Low Pulse Width   Slow    RAMD32/CLK          n/a            1.250         16.667      15.417     SLICE_X80Y134   u_axi_ram/ram/U0/inst_blk_mem_gen/gnbram.gaxibmg.axi_wr_fsm/gaxi_bid_gen.axi_bid_array_reg_0_3_0_3/RAMA_D1/CLK
Low Pulse Width   Fast    RAMD32/CLK          n/a            1.250         16.667      15.417     SLICE_X80Y134   u_axi_ram/ram/U0/inst_blk_mem_gen/gnbram.gaxibmg.axi_wr_fsm/gaxi_bid_gen.axi_bid_array_reg_0_3_0_3/RAMA_D1/CLK
Low Pulse Width   Slow    RAMD32/CLK          n/a            1.250         16.667      15.417     SLICE_X80Y134   u_axi_ram/ram/U0/inst_blk_mem_gen/gnbram.gaxibmg.axi_wr_fsm/gaxi_bid_gen.axi_bid_array_reg_0_3_0_3/RAMB/CLK
Low Pulse Width   Fast    RAMD32/CLK          n/a            1.250         16.667      15.417     SLICE_X80Y134   u_axi_ram/ram/U0/inst_blk_mem_gen/gnbram.gaxibmg.axi_wr_fsm/gaxi_bid_gen.axi_bid_array_reg_0_3_0_3/RAMB/CLK
Low Pulse Width   Slow    RAMD32/CLK          n/a            1.250         16.667      15.417     SLICE_X80Y134   u_axi_ram/ram/U0/inst_blk_mem_gen/gnbram.gaxibmg.axi_wr_fsm/gaxi_bid_gen.axi_bid_array_reg_0_3_0_3/RAMB_D1/CLK
Low Pulse Width   Fast    RAMD32/CLK          n/a            1.250         16.667      15.417     SLICE_X80Y134   u_axi_ram/ram/U0/inst_blk_mem_gen/gnbram.gaxibmg.axi_wr_fsm/gaxi_bid_gen.axi_bid_array_reg_0_3_0_3/RAMB_D1/CLK
Low Pulse Width   Slow    RAMD32/CLK          n/a            1.250         16.667      15.417     SLICE_X80Y134   u_axi_ram/ram/U0/inst_blk_mem_gen/gnbram.gaxibmg.axi_wr_fsm/gaxi_bid_gen.axi_bid_array_reg_0_3_0_3/RAMC/CLK
Low Pulse Width   Fast    RAMD32/CLK          n/a            1.250         16.667      15.417     SLICE_X80Y134   u_axi_ram/ram/U0/inst_blk_mem_gen/gnbram.gaxibmg.axi_wr_fsm/gaxi_bid_gen.axi_bid_array_reg_0_3_0_3/RAMC/CLK
High Pulse Width  Slow    RAMD32/CLK          n/a            1.250         16.667      15.417     SLICE_X80Y134   u_axi_ram/ram/U0/inst_blk_mem_gen/gnbram.gaxibmg.axi_wr_fsm/gaxi_bid_gen.axi_bid_array_reg_0_3_0_3/RAMA/CLK
High Pulse Width  Fast    RAMD32/CLK          n/a            1.250         16.667      15.417     SLICE_X80Y134   u_axi_ram/ram/U0/inst_blk_mem_gen/gnbram.gaxibmg.axi_wr_fsm/gaxi_bid_gen.axi_bid_array_reg_0_3_0_3/RAMA/CLK
High Pulse Width  Slow    RAMD32/CLK          n/a            1.250         16.667      15.417     SLICE_X80Y134   u_axi_ram/ram/U0/inst_blk_mem_gen/gnbram.gaxibmg.axi_wr_fsm/gaxi_bid_gen.axi_bid_array_reg_0_3_0_3/RAMA_D1/CLK
High Pulse Width  Fast    RAMD32/CLK          n/a            1.250         16.667      15.417     SLICE_X80Y134   u_axi_ram/ram/U0/inst_blk_mem_gen/gnbram.gaxibmg.axi_wr_fsm/gaxi_bid_gen.axi_bid_array_reg_0_3_0_3/RAMA_D1/CLK
High Pulse Width  Slow    RAMD32/CLK          n/a            1.250         16.667      15.417     SLICE_X80Y134   u_axi_ram/ram/U0/inst_blk_mem_gen/gnbram.gaxibmg.axi_wr_fsm/gaxi_bid_gen.axi_bid_array_reg_0_3_0_3/RAMB/CLK
High Pulse Width  Fast    RAMD32/CLK          n/a            1.250         16.667      15.417     SLICE_X80Y134   u_axi_ram/ram/U0/inst_blk_mem_gen/gnbram.gaxibmg.axi_wr_fsm/gaxi_bid_gen.axi_bid_array_reg_0_3_0_3/RAMB/CLK
High Pulse Width  Slow    RAMD32/CLK          n/a            1.250         16.667      15.417     SLICE_X80Y134   u_axi_ram/ram/U0/inst_blk_mem_gen/gnbram.gaxibmg.axi_wr_fsm/gaxi_bid_gen.axi_bid_array_reg_0_3_0_3/RAMB_D1/CLK
High Pulse Width  Fast    RAMD32/CLK          n/a            1.250         16.667      15.417     SLICE_X80Y134   u_axi_ram/ram/U0/inst_blk_mem_gen/gnbram.gaxibmg.axi_wr_fsm/gaxi_bid_gen.axi_bid_array_reg_0_3_0_3/RAMB_D1/CLK
High Pulse Width  Slow    RAMD32/CLK          n/a            1.250         16.667      15.417     SLICE_X80Y134   u_axi_ram/ram/U0/inst_blk_mem_gen/gnbram.gaxibmg.axi_wr_fsm/gaxi_bid_gen.axi_bid_array_reg_0_3_0_3/RAMC/CLK
High Pulse Width  Fast    RAMD32/CLK          n/a            1.250         16.667      15.417     SLICE_X80Y134   u_axi_ram/ram/U0/inst_blk_mem_gen/gnbram.gaxibmg.axi_wr_fsm/gaxi_bid_gen.axi_bid_array_reg_0_3_0_3/RAMC/CLK



---------------------------------------------------------------------------------------------------
From Clock:  timer_clk_clk_pll
  To Clock:  timer_clk_clk_pll

Setup :            0  Failing Endpoints,  Worst Slack        5.968ns,  Total Violation        0.000ns
Hold  :            0  Failing Endpoints,  Worst Slack        0.119ns,  Total Violation        0.000ns
PW    :            0  Failing Endpoints,  Worst Slack        4.500ns,  Total Violation        0.000ns
---------------------------------------------------------------------------------------------------


Max Delay Paths
--------------------------------------------------------------------------------------
Slack (MET) :             5.968ns  (required time - arrival time)
  Source:                 u_confreg/write_timer_begin_r3_reg/C
                            (rising edge-triggered cell FDRE clocked by timer_clk_clk_pll  {rise@0.000ns fall@5.000ns period=10.000ns})
  Destination:            u_confreg/timer_reg[29]/D
                            (rising edge-triggered cell FDRE clocked by timer_clk_clk_pll  {rise@0.000ns fall@5.000ns period=10.000ns})
  Path Group:             timer_clk_clk_pll
  Path Type:              Setup (Max at Slow Process Corner)
  Requirement:            10.000ns  (timer_clk_clk_pll rise@10.000ns - timer_clk_clk_pll rise@0.000ns)
  Data Path Delay:        3.994ns  (logic 2.061ns (51.598%)  route 1.933ns (48.402%))
  Logic Levels:           9  (CARRY4=8 LUT4=1)
  Clock Path Skew:        -0.022ns (DCD - SCD + CPR)
    Destination Clock Delay (DCD):    -1.922ns = ( 8.078 - 10.000 ) 
    Source Clock Delay      (SCD):    -2.299ns
    Clock Pessimism Removal (CPR):    -0.399ns
  Clock Uncertainty:      0.077ns  ((TSJ^2 + DJ^2)^1/2) / 2 + PE
    Total System Jitter     (TSJ):    0.071ns
    Discrete Jitter          (DJ):    0.138ns
    Phase Error              (PE):    0.000ns

    Location             Delay type                Incr(ns)  Path(ns)    Netlist Resource(s)
  -------------------------------------------------------------------    -------------------
                         (clock timer_clk_clk_pll rise edge)
                                                      0.000     0.000 r  
    AC19                                              0.000     0.000 r  clk (IN)
                         net (fo=0)                   0.000     0.000    pll.clk_pll/inst/clk_in1
    AC19                 IBUF (Prop_ibuf_I_O)         1.485     1.485 r  pll.clk_pll/inst/clkin1_ibufg/O
                         net (fo=1, routed)           1.619     3.104    pll.clk_pll/inst/clk_in1_clk_pll
    PLLE2_ADV_X0Y2       PLLE2_ADV (Prop_plle2_adv_CLKIN1_CLKOUT1)
                                                     -9.006    -5.902 r  pll.clk_pll/inst/plle2_adv_inst/CLKOUT1
                         net (fo=1, routed)           1.837    -4.064    pll.clk_pll/inst/timer_clk_clk_pll
    BUFGCTRL_X0Y1        BUFG (Prop_bufg_I_O)         0.096    -3.968 r  pll.clk_pll/inst/clkout2_buf/O
                         net (fo=99, routed)          1.669    -2.299    u_confreg/timer_clk
    SLICE_X60Y141        FDRE                                         r  u_confreg/write_timer_begin_r3_reg/C
  -------------------------------------------------------------------    -------------------
    SLICE_X60Y141        FDRE (Prop_fdre_C_Q)         0.518    -1.781 r  u_confreg/write_timer_begin_r3_reg/Q
                         net (fo=33, routed)          1.933     0.153    u_confreg/write_timer_begin_r3
    SLICE_X61Y134        LUT4 (Prop_lut4_I1_O)        0.124     0.277 r  u_confreg/timer[0]_i_3/O
                         net (fo=1, routed)           0.000     0.277    u_confreg/timer[0]_i_3_n_0
    SLICE_X61Y134        CARRY4 (Prop_carry4_S[3]_CO[3])
                                                      0.401     0.678 r  u_confreg/timer_reg[0]_i_1/CO[3]
                         net (fo=1, routed)           0.000     0.678    u_confreg/timer_reg[0]_i_1_n_0
    SLICE_X61Y135        CARRY4 (Prop_carry4_CI_CO[3])
                                                      0.114     0.792 r  u_confreg/timer_reg[4]_i_1/CO[3]
                         net (fo=1, routed)           0.000     0.792    u_confreg/timer_reg[4]_i_1_n_0
    SLICE_X61Y136        CARRY4 (Prop_carry4_CI_CO[3])
                                                      0.114     0.906 r  u_confreg/timer_reg[8]_i_1/CO[3]
                         net (fo=1, routed)           0.000     0.906    u_confreg/timer_reg[8]_i_1_n_0
    SLICE_X61Y137        CARRY4 (Prop_carry4_CI_CO[3])
                                                      0.114     1.020 r  u_confreg/timer_reg[12]_i_1/CO[3]
                         net (fo=1, routed)           0.000     1.020    u_confreg/timer_reg[12]_i_1_n_0
    SLICE_X61Y138        CARRY4 (Prop_carry4_CI_CO[3])
                                                      0.114     1.134 r  u_confreg/timer_reg[16]_i_1/CO[3]
                         net (fo=1, routed)           0.000     1.134    u_confreg/timer_reg[16]_i_1_n_0
    SLICE_X61Y139        CARRY4 (Prop_carry4_CI_CO[3])
                                                      0.114     1.248 r  u_confreg/timer_reg[20]_i_1/CO[3]
                         net (fo=1, routed)           0.000     1.248    u_confreg/timer_reg[20]_i_1_n_0
    SLICE_X61Y140        CARRY4 (Prop_carry4_CI_CO[3])
                                                      0.114     1.362 r  u_confreg/timer_reg[24]_i_1/CO[3]
                         net (fo=1, routed)           0.000     1.362    u_confreg/timer_reg[24]_i_1_n_0
    SLICE_X61Y141        CARRY4 (Prop_carry4_CI_O[1])
                                                      0.334     1.696 r  u_confreg/timer_reg[28]_i_1/O[1]
                         net (fo=1, routed)           0.000     1.696    u_confreg/timer_reg[28]_i_1_n_6
    SLICE_X61Y141        FDRE                                         r  u_confreg/timer_reg[29]/D
  -------------------------------------------------------------------    -------------------

                         (clock timer_clk_clk_pll rise edge)
                                                     10.000    10.000 r  
    AC19                                              0.000    10.000 r  clk (IN)
                         net (fo=0)                   0.000    10.000    pll.clk_pll/inst/clk_in1
    AC19                 IBUF (Prop_ibuf_I_O)         1.414    11.414 r  pll.clk_pll/inst/clkin1_ibufg/O
                         net (fo=1, routed)           1.531    12.945    pll.clk_pll/inst/clk_in1_clk_pll
    PLLE2_ADV_X0Y2       PLLE2_ADV (Prop_plle2_adv_CLKIN1_CLKOUT1)
                                                     -8.262     4.684 r  pll.clk_pll/inst/plle2_adv_inst/CLKOUT1
                         net (fo=1, routed)           1.755     6.439    pll.clk_pll/inst/timer_clk_clk_pll
    BUFGCTRL_X0Y1        BUFG (Prop_bufg_I_O)         0.091     6.530 r  pll.clk_pll/inst/clkout2_buf/O
                         net (fo=99, routed)          1.548     8.078    u_confreg/timer_clk
    SLICE_X61Y141        FDRE                                         r  u_confreg/timer_reg[29]/C
                         clock pessimism             -0.399     7.679    
                         clock uncertainty           -0.077     7.602    
    SLICE_X61Y141        FDRE (Setup_fdre_C_D)        0.062     7.664    u_confreg/timer_reg[29]
  -------------------------------------------------------------------
                         required time                          7.664    
                         arrival time                          -1.696    
  -------------------------------------------------------------------
                         slack                                  5.968    

Slack (MET) :             5.989ns  (required time - arrival time)
  Source:                 u_confreg/write_timer_begin_r3_reg/C
                            (rising edge-triggered cell FDRE clocked by timer_clk_clk_pll  {rise@0.000ns fall@5.000ns period=10.000ns})
  Destination:            u_confreg/timer_reg[31]/D
                            (rising edge-triggered cell FDRE clocked by timer_clk_clk_pll  {rise@0.000ns fall@5.000ns period=10.000ns})
  Path Group:             timer_clk_clk_pll
  Path Type:              Setup (Max at Slow Process Corner)
  Requirement:            10.000ns  (timer_clk_clk_pll rise@10.000ns - timer_clk_clk_pll rise@0.000ns)
  Data Path Delay:        3.973ns  (logic 2.040ns (51.342%)  route 1.933ns (48.658%))
  Logic Levels:           9  (CARRY4=8 LUT4=1)
  Clock Path Skew:        -0.022ns (DCD - SCD + CPR)
    Destination Clock Delay (DCD):    -1.922ns = ( 8.078 - 10.000 ) 
    Source Clock Delay      (SCD):    -2.299ns
    Clock Pessimism Removal (CPR):    -0.399ns
  Clock Uncertainty:      0.077ns  ((TSJ^2 + DJ^2)^1/2) / 2 + PE
    Total System Jitter     (TSJ):    0.071ns
    Discrete Jitter          (DJ):    0.138ns
    Phase Error              (PE):    0.000ns

    Location             Delay type                Incr(ns)  Path(ns)    Netlist Resource(s)
  -------------------------------------------------------------------    -------------------
                         (clock timer_clk_clk_pll rise edge)
                                                      0.000     0.000 r  
    AC19                                              0.000     0.000 r  clk (IN)
                         net (fo=0)                   0.000     0.000    pll.clk_pll/inst/clk_in1
    AC19                 IBUF (Prop_ibuf_I_O)         1.485     1.485 r  pll.clk_pll/inst/clkin1_ibufg/O
                         net (fo=1, routed)           1.619     3.104    pll.clk_pll/inst/clk_in1_clk_pll
    PLLE2_ADV_X0Y2       PLLE2_ADV (Prop_plle2_adv_CLKIN1_CLKOUT1)
                                                     -9.006    -5.902 r  pll.clk_pll/inst/plle2_adv_inst/CLKOUT1
                         net (fo=1, routed)           1.837    -4.064    pll.clk_pll/inst/timer_clk_clk_pll
    BUFGCTRL_X0Y1        BUFG (Prop_bufg_I_O)         0.096    -3.968 r  pll.clk_pll/inst/clkout2_buf/O
                         net (fo=99, routed)          1.669    -2.299    u_confreg/timer_clk
    SLICE_X60Y141        FDRE                                         r  u_confreg/write_timer_begin_r3_reg/C
  -------------------------------------------------------------------    -------------------
    SLICE_X60Y141        FDRE (Prop_fdre_C_Q)         0.518    -1.781 r  u_confreg/write_timer_begin_r3_reg/Q
                         net (fo=33, routed)          1.933     0.153    u_confreg/write_timer_begin_r3
    SLICE_X61Y134        LUT4 (Prop_lut4_I1_O)        0.124     0.277 r  u_confreg/timer[0]_i_3/O
                         net (fo=1, routed)           0.000     0.277    u_confreg/timer[0]_i_3_n_0
    SLICE_X61Y134        CARRY4 (Prop_carry4_S[3]_CO[3])
                                                      0.401     0.678 r  u_confreg/timer_reg[0]_i_1/CO[3]
                         net (fo=1, routed)           0.000     0.678    u_confreg/timer_reg[0]_i_1_n_0
    SLICE_X61Y135        CARRY4 (Prop_carry4_CI_CO[3])
                                                      0.114     0.792 r  u_confreg/timer_reg[4]_i_1/CO[3]
                         net (fo=1, routed)           0.000     0.792    u_confreg/timer_reg[4]_i_1_n_0
    SLICE_X61Y136        CARRY4 (Prop_carry4_CI_CO[3])
                                                      0.114     0.906 r  u_confreg/timer_reg[8]_i_1/CO[3]
                         net (fo=1, routed)           0.000     0.906    u_confreg/timer_reg[8]_i_1_n_0
    SLICE_X61Y137        CARRY4 (Prop_carry4_CI_CO[3])
                                                      0.114     1.020 r  u_confreg/timer_reg[12]_i_1/CO[3]
                         net (fo=1, routed)           0.000     1.020    u_confreg/timer_reg[12]_i_1_n_0
    SLICE_X61Y138        CARRY4 (Prop_carry4_CI_CO[3])
                                                      0.114     1.134 r  u_confreg/timer_reg[16]_i_1/CO[3]
                         net (fo=1, routed)           0.000     1.134    u_confreg/timer_reg[16]_i_1_n_0
    SLICE_X61Y139        CARRY4 (Prop_carry4_CI_CO[3])
                                                      0.114     1.248 r  u_confreg/timer_reg[20]_i_1/CO[3]
                         net (fo=1, routed)           0.000     1.248    u_confreg/timer_reg[20]_i_1_n_0
    SLICE_X61Y140        CARRY4 (Prop_carry4_CI_CO[3])
                                                      0.114     1.362 r  u_confreg/timer_reg[24]_i_1/CO[3]
                         net (fo=1, routed)           0.000     1.362    u_confreg/timer_reg[24]_i_1_n_0
    SLICE_X61Y141        CARRY4 (Prop_carry4_CI_O[3])
                                                      0.313     1.675 r  u_confreg/timer_reg[28]_i_1/O[3]
                         net (fo=1, routed)           0.000     1.675    u_confreg/timer_reg[28]_i_1_n_4
    SLICE_X61Y141        FDRE                                         r  u_confreg/timer_reg[31]/D
  -------------------------------------------------------------------    -------------------

                         (clock timer_clk_clk_pll rise edge)
                                                     10.000    10.000 r  
    AC19                                              0.000    10.000 r  clk (IN)
                         net (fo=0)                   0.000    10.000    pll.clk_pll/inst/clk_in1
    AC19                 IBUF (Prop_ibuf_I_O)         1.414    11.414 r  pll.clk_pll/inst/clkin1_ibufg/O
                         net (fo=1, routed)           1.531    12.945    pll.clk_pll/inst/clk_in1_clk_pll
    PLLE2_ADV_X0Y2       PLLE2_ADV (Prop_plle2_adv_CLKIN1_CLKOUT1)
                                                     -8.262     4.684 r  pll.clk_pll/inst/plle2_adv_inst/CLKOUT1
                         net (fo=1, routed)           1.755     6.439    pll.clk_pll/inst/timer_clk_clk_pll
    BUFGCTRL_X0Y1        BUFG (Prop_bufg_I_O)         0.091     6.530 r  pll.clk_pll/inst/clkout2_buf/O
                         net (fo=99, routed)          1.548     8.078    u_confreg/timer_clk
    SLICE_X61Y141        FDRE                                         r  u_confreg/timer_reg[31]/C
                         clock pessimism             -0.399     7.679    
                         clock uncertainty           -0.077     7.602    
    SLICE_X61Y141        FDRE (Setup_fdre_C_D)        0.062     7.664    u_confreg/timer_reg[31]
  -------------------------------------------------------------------
                         required time                          7.664    
                         arrival time                          -1.675    
  -------------------------------------------------------------------
                         slack                                  5.989    

Slack (MET) :             6.063ns  (required time - arrival time)
  Source:                 u_confreg/write_timer_begin_r3_reg/C
                            (rising edge-triggered cell FDRE clocked by timer_clk_clk_pll  {rise@0.000ns fall@5.000ns period=10.000ns})
  Destination:            u_confreg/timer_reg[30]/D
                            (rising edge-triggered cell FDRE clocked by timer_clk_clk_pll  {rise@0.000ns fall@5.000ns period=10.000ns})
  Path Group:             timer_clk_clk_pll
  Path Type:              Setup (Max at Slow Process Corner)
  Requirement:            10.000ns  (timer_clk_clk_pll rise@10.000ns - timer_clk_clk_pll rise@0.000ns)
  Data Path Delay:        3.899ns  (logic 1.966ns (50.418%)  route 1.933ns (49.582%))
  Logic Levels:           9  (CARRY4=8 LUT4=1)
  Clock Path Skew:        -0.022ns (DCD - SCD + CPR)
    Destination Clock Delay (DCD):    -1.922ns = ( 8.078 - 10.000 ) 
    Source Clock Delay      (SCD):    -2.299ns
    Clock Pessimism Removal (CPR):    -0.399ns
  Clock Uncertainty:      0.077ns  ((TSJ^2 + DJ^2)^1/2) / 2 + PE
    Total System Jitter     (TSJ):    0.071ns
    Discrete Jitter          (DJ):    0.138ns
    Phase Error              (PE):    0.000ns

    Location             Delay type                Incr(ns)  Path(ns)    Netlist Resource(s)
  -------------------------------------------------------------------    -------------------
                         (clock timer_clk_clk_pll rise edge)
                                                      0.000     0.000 r  
    AC19                                              0.000     0.000 r  clk (IN)
                         net (fo=0)                   0.000     0.000    pll.clk_pll/inst/clk_in1
    AC19                 IBUF (Prop_ibuf_I_O)         1.485     1.485 r  pll.clk_pll/inst/clkin1_ibufg/O
                         net (fo=1, routed)           1.619     3.104    pll.clk_pll/inst/clk_in1_clk_pll
    PLLE2_ADV_X0Y2       PLLE2_ADV (Prop_plle2_adv_CLKIN1_CLKOUT1)
                                                     -9.006    -5.902 r  pll.clk_pll/inst/plle2_adv_inst/CLKOUT1
                         net (fo=1, routed)           1.837    -4.064    pll.clk_pll/inst/timer_clk_clk_pll
    BUFGCTRL_X0Y1        BUFG (Prop_bufg_I_O)         0.096    -3.968 r  pll.clk_pll/inst/clkout2_buf/O
                         net (fo=99, routed)          1.669    -2.299    u_confreg/timer_clk
    SLICE_X60Y141        FDRE                                         r  u_confreg/write_timer_begin_r3_reg/C
  -------------------------------------------------------------------    -------------------
    SLICE_X60Y141        FDRE (Prop_fdre_C_Q)         0.518    -1.781 r  u_confreg/write_timer_begin_r3_reg/Q
                         net (fo=33, routed)          1.933     0.153    u_confreg/write_timer_begin_r3
    SLICE_X61Y134        LUT4 (Prop_lut4_I1_O)        0.124     0.277 r  u_confreg/timer[0]_i_3/O
                         net (fo=1, routed)           0.000     0.277    u_confreg/timer[0]_i_3_n_0
    SLICE_X61Y134        CARRY4 (Prop_carry4_S[3]_CO[3])
                                                      0.401     0.678 r  u_confreg/timer_reg[0]_i_1/CO[3]
                         net (fo=1, routed)           0.000     0.678    u_confreg/timer_reg[0]_i_1_n_0
    SLICE_X61Y135        CARRY4 (Prop_carry4_CI_CO[3])
                                                      0.114     0.792 r  u_confreg/timer_reg[4]_i_1/CO[3]
                         net (fo=1, routed)           0.000     0.792    u_confreg/timer_reg[4]_i_1_n_0
    SLICE_X61Y136        CARRY4 (Prop_carry4_CI_CO[3])
                                                      0.114     0.906 r  u_confreg/timer_reg[8]_i_1/CO[3]
                         net (fo=1, routed)           0.000     0.906    u_confreg/timer_reg[8]_i_1_n_0
    SLICE_X61Y137        CARRY4 (Prop_carry4_CI_CO[3])
                                                      0.114     1.020 r  u_confreg/timer_reg[12]_i_1/CO[3]
                         net (fo=1, routed)           0.000     1.020    u_confreg/timer_reg[12]_i_1_n_0
    SLICE_X61Y138        CARRY4 (Prop_carry4_CI_CO[3])
                                                      0.114     1.134 r  u_confreg/timer_reg[16]_i_1/CO[3]
                         net (fo=1, routed)           0.000     1.134    u_confreg/timer_reg[16]_i_1_n_0
    SLICE_X61Y139        CARRY4 (Prop_carry4_CI_CO[3])
                                                      0.114     1.248 r  u_confreg/timer_reg[20]_i_1/CO[3]
                         net (fo=1, routed)           0.000     1.248    u_confreg/timer_reg[20]_i_1_n_0
    SLICE_X61Y140        CARRY4 (Prop_carry4_CI_CO[3])
                                                      0.114     1.362 r  u_confreg/timer_reg[24]_i_1/CO[3]
                         net (fo=1, routed)           0.000     1.362    u_confreg/timer_reg[24]_i_1_n_0
    SLICE_X61Y141        CARRY4 (Prop_carry4_CI_O[2])
                                                      0.239     1.601 r  u_confreg/timer_reg[28]_i_1/O[2]
                         net (fo=1, routed)           0.000     1.601    u_confreg/timer_reg[28]_i_1_n_5
    SLICE_X61Y141        FDRE                                         r  u_confreg/timer_reg[30]/D
  -------------------------------------------------------------------    -------------------

                         (clock timer_clk_clk_pll rise edge)
                                                     10.000    10.000 r  
    AC19                                              0.000    10.000 r  clk (IN)
                         net (fo=0)                   0.000    10.000    pll.clk_pll/inst/clk_in1
    AC19                 IBUF (Prop_ibuf_I_O)         1.414    11.414 r  pll.clk_pll/inst/clkin1_ibufg/O
                         net (fo=1, routed)           1.531    12.945    pll.clk_pll/inst/clk_in1_clk_pll
    PLLE2_ADV_X0Y2       PLLE2_ADV (Prop_plle2_adv_CLKIN1_CLKOUT1)
                                                     -8.262     4.684 r  pll.clk_pll/inst/plle2_adv_inst/CLKOUT1
                         net (fo=1, routed)           1.755     6.439    pll.clk_pll/inst/timer_clk_clk_pll
    BUFGCTRL_X0Y1        BUFG (Prop_bufg_I_O)         0.091     6.530 r  pll.clk_pll/inst/clkout2_buf/O
                         net (fo=99, routed)          1.548     8.078    u_confreg/timer_clk
    SLICE_X61Y141        FDRE                                         r  u_confreg/timer_reg[30]/C
                         clock pessimism             -0.399     7.679    
                         clock uncertainty           -0.077     7.602    
    SLICE_X61Y141        FDRE (Setup_fdre_C_D)        0.062     7.664    u_confreg/timer_reg[30]
  -------------------------------------------------------------------
                         required time                          7.664    
                         arrival time                          -1.601    
  -------------------------------------------------------------------
                         slack                                  6.063    

Slack (MET) :             6.078ns  (required time - arrival time)
  Source:                 u_confreg/write_timer_begin_r3_reg/C
                            (rising edge-triggered cell FDRE clocked by timer_clk_clk_pll  {rise@0.000ns fall@5.000ns period=10.000ns})
  Destination:            u_confreg/timer_reg[25]/D
                            (rising edge-triggered cell FDRE clocked by timer_clk_clk_pll  {rise@0.000ns fall@5.000ns period=10.000ns})
  Path Group:             timer_clk_clk_pll
  Path Type:              Setup (Max at Slow Process Corner)
  Requirement:            10.000ns  (timer_clk_clk_pll rise@10.000ns - timer_clk_clk_pll rise@0.000ns)
  Data Path Delay:        3.880ns  (logic 1.947ns (50.176%)  route 1.933ns (49.824%))
  Logic Levels:           8  (CARRY4=7 LUT4=1)
  Clock Path Skew:        -0.026ns (DCD - SCD + CPR)
    Destination Clock Delay (DCD):    -1.923ns = ( 8.077 - 10.000 ) 
    Source Clock Delay      (SCD):    -2.299ns
    Clock Pessimism Removal (CPR):    -0.402ns
  Clock Uncertainty:      0.077ns  ((TSJ^2 + DJ^2)^1/2) / 2 + PE
    Total System Jitter     (TSJ):    0.071ns
    Discrete Jitter          (DJ):    0.138ns
    Phase Error              (PE):    0.000ns

    Location             Delay type                Incr(ns)  Path(ns)    Netlist Resource(s)
  -------------------------------------------------------------------    -------------------
                         (clock timer_clk_clk_pll rise edge)
                                                      0.000     0.000 r  
    AC19                                              0.000     0.000 r  clk (IN)
                         net (fo=0)                   0.000     0.000    pll.clk_pll/inst/clk_in1
    AC19                 IBUF (Prop_ibuf_I_O)         1.485     1.485 r  pll.clk_pll/inst/clkin1_ibufg/O
                         net (fo=1, routed)           1.619     3.104    pll.clk_pll/inst/clk_in1_clk_pll
    PLLE2_ADV_X0Y2       PLLE2_ADV (Prop_plle2_adv_CLKIN1_CLKOUT1)
                                                     -9.006    -5.902 r  pll.clk_pll/inst/plle2_adv_inst/CLKOUT1
                         net (fo=1, routed)           1.837    -4.064    pll.clk_pll/inst/timer_clk_clk_pll
    BUFGCTRL_X0Y1        BUFG (Prop_bufg_I_O)         0.096    -3.968 r  pll.clk_pll/inst/clkout2_buf/O
                         net (fo=99, routed)          1.669    -2.299    u_confreg/timer_clk
    SLICE_X60Y141        FDRE                                         r  u_confreg/write_timer_begin_r3_reg/C
  -------------------------------------------------------------------    -------------------
    SLICE_X60Y141        FDRE (Prop_fdre_C_Q)         0.518    -1.781 r  u_confreg/write_timer_begin_r3_reg/Q
                         net (fo=33, routed)          1.933     0.153    u_confreg/write_timer_begin_r3
    SLICE_X61Y134        LUT4 (Prop_lut4_I1_O)        0.124     0.277 r  u_confreg/timer[0]_i_3/O
                         net (fo=1, routed)           0.000     0.277    u_confreg/timer[0]_i_3_n_0
    SLICE_X61Y134        CARRY4 (Prop_carry4_S[3]_CO[3])
                                                      0.401     0.678 r  u_confreg/timer_reg[0]_i_1/CO[3]
                         net (fo=1, routed)           0.000     0.678    u_confreg/timer_reg[0]_i_1_n_0
    SLICE_X61Y135        CARRY4 (Prop_carry4_CI_CO[3])
                                                      0.114     0.792 r  u_confreg/timer_reg[4]_i_1/CO[3]
                         net (fo=1, routed)           0.000     0.792    u_confreg/timer_reg[4]_i_1_n_0
    SLICE_X61Y136        CARRY4 (Prop_carry4_CI_CO[3])
                                                      0.114     0.906 r  u_confreg/timer_reg[8]_i_1/CO[3]
                         net (fo=1, routed)           0.000     0.906    u_confreg/timer_reg[8]_i_1_n_0
    SLICE_X61Y137        CARRY4 (Prop_carry4_CI_CO[3])
                                                      0.114     1.020 r  u_confreg/timer_reg[12]_i_1/CO[3]
                         net (fo=1, routed)           0.000     1.020    u_confreg/timer_reg[12]_i_1_n_0
    SLICE_X61Y138        CARRY4 (Prop_carry4_CI_CO[3])
                                                      0.114     1.134 r  u_confreg/timer_reg[16]_i_1/CO[3]
                         net (fo=1, routed)           0.000     1.134    u_confreg/timer_reg[16]_i_1_n_0
    SLICE_X61Y139        CARRY4 (Prop_carry4_CI_CO[3])
                                                      0.114     1.248 r  u_confreg/timer_reg[20]_i_1/CO[3]
                         net (fo=1, routed)           0.000     1.248    u_confreg/timer_reg[20]_i_1_n_0
    SLICE_X61Y140        CARRY4 (Prop_carry4_CI_O[1])
                                                      0.334     1.582 r  u_confreg/timer_reg[24]_i_1/O[1]
                         net (fo=1, routed)           0.000     1.582    u_confreg/timer_reg[24]_i_1_n_6
    SLICE_X61Y140        FDRE                                         r  u_confreg/timer_reg[25]/D
  -------------------------------------------------------------------    -------------------

                         (clock timer_clk_clk_pll rise edge)
                                                     10.000    10.000 r  
    AC19                                              0.000    10.000 r  clk (IN)
                         net (fo=0)                   0.000    10.000    pll.clk_pll/inst/clk_in1
    AC19                 IBUF (Prop_ibuf_I_O)         1.414    11.414 r  pll.clk_pll/inst/clkin1_ibufg/O
                         net (fo=1, routed)           1.531    12.945    pll.clk_pll/inst/clk_in1_clk_pll
    PLLE2_ADV_X0Y2       PLLE2_ADV (Prop_plle2_adv_CLKIN1_CLKOUT1)
                                                     -8.262     4.684 r  pll.clk_pll/inst/plle2_adv_inst/CLKOUT1
                         net (fo=1, routed)           1.755     6.439    pll.clk_pll/inst/timer_clk_clk_pll
    BUFGCTRL_X0Y1        BUFG (Prop_bufg_I_O)         0.091     6.530 r  pll.clk_pll/inst/clkout2_buf/O
                         net (fo=99, routed)          1.547     8.077    u_confreg/timer_clk
    SLICE_X61Y140        FDRE                                         r  u_confreg/timer_reg[25]/C
                         clock pessimism             -0.402     7.675    
                         clock uncertainty           -0.077     7.598    
    SLICE_X61Y140        FDRE (Setup_fdre_C_D)        0.062     7.660    u_confreg/timer_reg[25]
  -------------------------------------------------------------------
                         required time                          7.660    
                         arrival time                          -1.582    
  -------------------------------------------------------------------
                         slack                                  6.078    

Slack (MET) :             6.079ns  (required time - arrival time)
  Source:                 u_confreg/write_timer_begin_r3_reg/C
                            (rising edge-triggered cell FDRE clocked by timer_clk_clk_pll  {rise@0.000ns fall@5.000ns period=10.000ns})
  Destination:            u_confreg/timer_reg[28]/D
                            (rising edge-triggered cell FDRE clocked by timer_clk_clk_pll  {rise@0.000ns fall@5.000ns period=10.000ns})
  Path Group:             timer_clk_clk_pll
  Path Type:              Setup (Max at Slow Process Corner)
  Requirement:            10.000ns  (timer_clk_clk_pll rise@10.000ns - timer_clk_clk_pll rise@0.000ns)
  Data Path Delay:        3.883ns  (logic 1.950ns (50.214%)  route 1.933ns (49.786%))
  Logic Levels:           9  (CARRY4=8 LUT4=1)
  Clock Path Skew:        -0.022ns (DCD - SCD + CPR)
    Destination Clock Delay (DCD):    -1.922ns = ( 8.078 - 10.000 ) 
    Source Clock Delay      (SCD):    -2.299ns
    Clock Pessimism Removal (CPR):    -0.399ns
  Clock Uncertainty:      0.077ns  ((TSJ^2 + DJ^2)^1/2) / 2 + PE
    Total System Jitter     (TSJ):    0.071ns
    Discrete Jitter          (DJ):    0.138ns
    Phase Error              (PE):    0.000ns

    Location             Delay type                Incr(ns)  Path(ns)    Netlist Resource(s)
  -------------------------------------------------------------------    -------------------
                         (clock timer_clk_clk_pll rise edge)
                                                      0.000     0.000 r  
    AC19                                              0.000     0.000 r  clk (IN)
                         net (fo=0)                   0.000     0.000    pll.clk_pll/inst/clk_in1
    AC19                 IBUF (Prop_ibuf_I_O)         1.485     1.485 r  pll.clk_pll/inst/clkin1_ibufg/O
                         net (fo=1, routed)           1.619     3.104    pll.clk_pll/inst/clk_in1_clk_pll
    PLLE2_ADV_X0Y2       PLLE2_ADV (Prop_plle2_adv_CLKIN1_CLKOUT1)
                                                     -9.006    -5.902 r  pll.clk_pll/inst/plle2_adv_inst/CLKOUT1
                         net (fo=1, routed)           1.837    -4.064    pll.clk_pll/inst/timer_clk_clk_pll
    BUFGCTRL_X0Y1        BUFG (Prop_bufg_I_O)         0.096    -3.968 r  pll.clk_pll/inst/clkout2_buf/O
                         net (fo=99, routed)          1.669    -2.299    u_confreg/timer_clk
    SLICE_X60Y141        FDRE                                         r  u_confreg/write_timer_begin_r3_reg/C
  -------------------------------------------------------------------    -------------------
    SLICE_X60Y141        FDRE (Prop_fdre_C_Q)         0.518    -1.781 r  u_confreg/write_timer_begin_r3_reg/Q
                         net (fo=33, routed)          1.933     0.153    u_confreg/write_timer_begin_r3
    SLICE_X61Y134        LUT4 (Prop_lut4_I1_O)        0.124     0.277 r  u_confreg/timer[0]_i_3/O
                         net (fo=1, routed)           0.000     0.277    u_confreg/timer[0]_i_3_n_0
    SLICE_X61Y134        CARRY4 (Prop_carry4_S[3]_CO[3])
                                                      0.401     0.678 r  u_confreg/timer_reg[0]_i_1/CO[3]
                         net (fo=1, routed)           0.000     0.678    u_confreg/timer_reg[0]_i_1_n_0
    SLICE_X61Y135        CARRY4 (Prop_carry4_CI_CO[3])
                                                      0.114     0.792 r  u_confreg/timer_reg[4]_i_1/CO[3]
                         net (fo=1, routed)           0.000     0.792    u_confreg/timer_reg[4]_i_1_n_0
    SLICE_X61Y136        CARRY4 (Prop_carry4_CI_CO[3])
                                                      0.114     0.906 r  u_confreg/timer_reg[8]_i_1/CO[3]
                         net (fo=1, routed)           0.000     0.906    u_confreg/timer_reg[8]_i_1_n_0
    SLICE_X61Y137        CARRY4 (Prop_carry4_CI_CO[3])
                                                      0.114     1.020 r  u_confreg/timer_reg[12]_i_1/CO[3]
                         net (fo=1, routed)           0.000     1.020    u_confreg/timer_reg[12]_i_1_n_0
    SLICE_X61Y138        CARRY4 (Prop_carry4_CI_CO[3])
                                                      0.114     1.134 r  u_confreg/timer_reg[16]_i_1/CO[3]
                         net (fo=1, routed)           0.000     1.134    u_confreg/timer_reg[16]_i_1_n_0
    SLICE_X61Y139        CARRY4 (Prop_carry4_CI_CO[3])
                                                      0.114     1.248 r  u_confreg/timer_reg[20]_i_1/CO[3]
                         net (fo=1, routed)           0.000     1.248    u_confreg/timer_reg[20]_i_1_n_0
    SLICE_X61Y140        CARRY4 (Prop_carry4_CI_CO[3])
                                                      0.114     1.362 r  u_confreg/timer_reg[24]_i_1/CO[3]
                         net (fo=1, routed)           0.000     1.362    u_confreg/timer_reg[24]_i_1_n_0
    SLICE_X61Y141        CARRY4 (Prop_carry4_CI_O[0])
                                                      0.223     1.585 r  u_confreg/timer_reg[28]_i_1/O[0]
                         net (fo=1, routed)           0.000     1.585    u_confreg/timer_reg[28]_i_1_n_7
    SLICE_X61Y141        FDRE                                         r  u_confreg/timer_reg[28]/D
  -------------------------------------------------------------------    -------------------

                         (clock timer_clk_clk_pll rise edge)
                                                     10.000    10.000 r  
    AC19                                              0.000    10.000 r  clk (IN)
                         net (fo=0)                   0.000    10.000    pll.clk_pll/inst/clk_in1
    AC19                 IBUF (Prop_ibuf_I_O)         1.414    11.414 r  pll.clk_pll/inst/clkin1_ibufg/O
                         net (fo=1, routed)           1.531    12.945    pll.clk_pll/inst/clk_in1_clk_pll
    PLLE2_ADV_X0Y2       PLLE2_ADV (Prop_plle2_adv_CLKIN1_CLKOUT1)
                                                     -8.262     4.684 r  pll.clk_pll/inst/plle2_adv_inst/CLKOUT1
                         net (fo=1, routed)           1.755     6.439    pll.clk_pll/inst/timer_clk_clk_pll
    BUFGCTRL_X0Y1        BUFG (Prop_bufg_I_O)         0.091     6.530 r  pll.clk_pll/inst/clkout2_buf/O
                         net (fo=99, routed)          1.548     8.078    u_confreg/timer_clk
    SLICE_X61Y141        FDRE                                         r  u_confreg/timer_reg[28]/C
                         clock pessimism             -0.399     7.679    
                         clock uncertainty           -0.077     7.602    
    SLICE_X61Y141        FDRE (Setup_fdre_C_D)        0.062     7.664    u_confreg/timer_reg[28]
  -------------------------------------------------------------------
                         required time                          7.664    
                         arrival time                          -1.585    
  -------------------------------------------------------------------
                         slack                                  6.079    

Slack (MET) :             6.099ns  (required time - arrival time)
  Source:                 u_confreg/write_timer_begin_r3_reg/C
                            (rising edge-triggered cell FDRE clocked by timer_clk_clk_pll  {rise@0.000ns fall@5.000ns period=10.000ns})
  Destination:            u_confreg/timer_reg[27]/D
                            (rising edge-triggered cell FDRE clocked by timer_clk_clk_pll  {rise@0.000ns fall@5.000ns period=10.000ns})
  Path Group:             timer_clk_clk_pll
  Path Type:              Setup (Max at Slow Process Corner)
  Requirement:            10.000ns  (timer_clk_clk_pll rise@10.000ns - timer_clk_clk_pll rise@0.000ns)
  Data Path Delay:        3.859ns  (logic 1.926ns (49.904%)  route 1.933ns (50.096%))
  Logic Levels:           8  (CARRY4=7 LUT4=1)
  Clock Path Skew:        -0.026ns (DCD - SCD + CPR)
    Destination Clock Delay (DCD):    -1.923ns = ( 8.077 - 10.000 ) 
    Source Clock Delay      (SCD):    -2.299ns
    Clock Pessimism Removal (CPR):    -0.402ns
  Clock Uncertainty:      0.077ns  ((TSJ^2 + DJ^2)^1/2) / 2 + PE
    Total System Jitter     (TSJ):    0.071ns
    Discrete Jitter          (DJ):    0.138ns
    Phase Error              (PE):    0.000ns

    Location             Delay type                Incr(ns)  Path(ns)    Netlist Resource(s)
  -------------------------------------------------------------------    -------------------
                         (clock timer_clk_clk_pll rise edge)
                                                      0.000     0.000 r  
    AC19                                              0.000     0.000 r  clk (IN)
                         net (fo=0)                   0.000     0.000    pll.clk_pll/inst/clk_in1
    AC19                 IBUF (Prop_ibuf_I_O)         1.485     1.485 r  pll.clk_pll/inst/clkin1_ibufg/O
                         net (fo=1, routed)           1.619     3.104    pll.clk_pll/inst/clk_in1_clk_pll
    PLLE2_ADV_X0Y2       PLLE2_ADV (Prop_plle2_adv_CLKIN1_CLKOUT1)
                                                     -9.006    -5.902 r  pll.clk_pll/inst/plle2_adv_inst/CLKOUT1
                         net (fo=1, routed)           1.837    -4.064    pll.clk_pll/inst/timer_clk_clk_pll
    BUFGCTRL_X0Y1        BUFG (Prop_bufg_I_O)         0.096    -3.968 r  pll.clk_pll/inst/clkout2_buf/O
                         net (fo=99, routed)          1.669    -2.299    u_confreg/timer_clk
    SLICE_X60Y141        FDRE                                         r  u_confreg/write_timer_begin_r3_reg/C
  -------------------------------------------------------------------    -------------------
    SLICE_X60Y141        FDRE (Prop_fdre_C_Q)         0.518    -1.781 r  u_confreg/write_timer_begin_r3_reg/Q
                         net (fo=33, routed)          1.933     0.153    u_confreg/write_timer_begin_r3
    SLICE_X61Y134        LUT4 (Prop_lut4_I1_O)        0.124     0.277 r  u_confreg/timer[0]_i_3/O
                         net (fo=1, routed)           0.000     0.277    u_confreg/timer[0]_i_3_n_0
    SLICE_X61Y134        CARRY4 (Prop_carry4_S[3]_CO[3])
                                                      0.401     0.678 r  u_confreg/timer_reg[0]_i_1/CO[3]
                         net (fo=1, routed)           0.000     0.678    u_confreg/timer_reg[0]_i_1_n_0
    SLICE_X61Y135        CARRY4 (Prop_carry4_CI_CO[3])
                                                      0.114     0.792 r  u_confreg/timer_reg[4]_i_1/CO[3]
                         net (fo=1, routed)           0.000     0.792    u_confreg/timer_reg[4]_i_1_n_0
    SLICE_X61Y136        CARRY4 (Prop_carry4_CI_CO[3])
                                                      0.114     0.906 r  u_confreg/timer_reg[8]_i_1/CO[3]
                         net (fo=1, routed)           0.000     0.906    u_confreg/timer_reg[8]_i_1_n_0
    SLICE_X61Y137        CARRY4 (Prop_carry4_CI_CO[3])
                                                      0.114     1.020 r  u_confreg/timer_reg[12]_i_1/CO[3]
                         net (fo=1, routed)           0.000     1.020    u_confreg/timer_reg[12]_i_1_n_0
    SLICE_X61Y138        CARRY4 (Prop_carry4_CI_CO[3])
                                                      0.114     1.134 r  u_confreg/timer_reg[16]_i_1/CO[3]
                         net (fo=1, routed)           0.000     1.134    u_confreg/timer_reg[16]_i_1_n_0
    SLICE_X61Y139        CARRY4 (Prop_carry4_CI_CO[3])
                                                      0.114     1.248 r  u_confreg/timer_reg[20]_i_1/CO[3]
                         net (fo=1, routed)           0.000     1.248    u_confreg/timer_reg[20]_i_1_n_0
    SLICE_X61Y140        CARRY4 (Prop_carry4_CI_O[3])
                                                      0.313     1.561 r  u_confreg/timer_reg[24]_i_1/O[3]
                         net (fo=1, routed)           0.000     1.561    u_confreg/timer_reg[24]_i_1_n_4
    SLICE_X61Y140        FDRE                                         r  u_confreg/timer_reg[27]/D
  -------------------------------------------------------------------    -------------------

                         (clock timer_clk_clk_pll rise edge)
                                                     10.000    10.000 r  
    AC19                                              0.000    10.000 r  clk (IN)
                         net (fo=0)                   0.000    10.000    pll.clk_pll/inst/clk_in1
    AC19                 IBUF (Prop_ibuf_I_O)         1.414    11.414 r  pll.clk_pll/inst/clkin1_ibufg/O
                         net (fo=1, routed)           1.531    12.945    pll.clk_pll/inst/clk_in1_clk_pll
    PLLE2_ADV_X0Y2       PLLE2_ADV (Prop_plle2_adv_CLKIN1_CLKOUT1)
                                                     -8.262     4.684 r  pll.clk_pll/inst/plle2_adv_inst/CLKOUT1
                         net (fo=1, routed)           1.755     6.439    pll.clk_pll/inst/timer_clk_clk_pll
    BUFGCTRL_X0Y1        BUFG (Prop_bufg_I_O)         0.091     6.530 r  pll.clk_pll/inst/clkout2_buf/O
                         net (fo=99, routed)          1.547     8.077    u_confreg/timer_clk
    SLICE_X61Y140        FDRE                                         r  u_confreg/timer_reg[27]/C
                         clock pessimism             -0.402     7.675    
                         clock uncertainty           -0.077     7.598    
    SLICE_X61Y140        FDRE (Setup_fdre_C_D)        0.062     7.660    u_confreg/timer_reg[27]
  -------------------------------------------------------------------
                         required time                          7.660    
                         arrival time                          -1.561    
  -------------------------------------------------------------------
                         slack                                  6.099    

Slack (MET) :             6.173ns  (required time - arrival time)
  Source:                 u_confreg/write_timer_begin_r3_reg/C
                            (rising edge-triggered cell FDRE clocked by timer_clk_clk_pll  {rise@0.000ns fall@5.000ns period=10.000ns})
  Destination:            u_confreg/timer_reg[26]/D
                            (rising edge-triggered cell FDRE clocked by timer_clk_clk_pll  {rise@0.000ns fall@5.000ns period=10.000ns})
  Path Group:             timer_clk_clk_pll
  Path Type:              Setup (Max at Slow Process Corner)
  Requirement:            10.000ns  (timer_clk_clk_pll rise@10.000ns - timer_clk_clk_pll rise@0.000ns)
  Data Path Delay:        3.785ns  (logic 1.852ns (48.925%)  route 1.933ns (51.075%))
  Logic Levels:           8  (CARRY4=7 LUT4=1)
  Clock Path Skew:        -0.026ns (DCD - SCD + CPR)
    Destination Clock Delay (DCD):    -1.923ns = ( 8.077 - 10.000 ) 
    Source Clock Delay      (SCD):    -2.299ns
    Clock Pessimism Removal (CPR):    -0.402ns
  Clock Uncertainty:      0.077ns  ((TSJ^2 + DJ^2)^1/2) / 2 + PE
    Total System Jitter     (TSJ):    0.071ns
    Discrete Jitter          (DJ):    0.138ns
    Phase Error              (PE):    0.000ns

    Location             Delay type                Incr(ns)  Path(ns)    Netlist Resource(s)
  -------------------------------------------------------------------    -------------------
                         (clock timer_clk_clk_pll rise edge)
                                                      0.000     0.000 r  
    AC19                                              0.000     0.000 r  clk (IN)
                         net (fo=0)                   0.000     0.000    pll.clk_pll/inst/clk_in1
    AC19                 IBUF (Prop_ibuf_I_O)         1.485     1.485 r  pll.clk_pll/inst/clkin1_ibufg/O
                         net (fo=1, routed)           1.619     3.104    pll.clk_pll/inst/clk_in1_clk_pll
    PLLE2_ADV_X0Y2       PLLE2_ADV (Prop_plle2_adv_CLKIN1_CLKOUT1)
                                                     -9.006    -5.902 r  pll.clk_pll/inst/plle2_adv_inst/CLKOUT1
                         net (fo=1, routed)           1.837    -4.064    pll.clk_pll/inst/timer_clk_clk_pll
    BUFGCTRL_X0Y1        BUFG (Prop_bufg_I_O)         0.096    -3.968 r  pll.clk_pll/inst/clkout2_buf/O
                         net (fo=99, routed)          1.669    -2.299    u_confreg/timer_clk
    SLICE_X60Y141        FDRE                                         r  u_confreg/write_timer_begin_r3_reg/C
  -------------------------------------------------------------------    -------------------
    SLICE_X60Y141        FDRE (Prop_fdre_C_Q)         0.518    -1.781 r  u_confreg/write_timer_begin_r3_reg/Q
                         net (fo=33, routed)          1.933     0.153    u_confreg/write_timer_begin_r3
    SLICE_X61Y134        LUT4 (Prop_lut4_I1_O)        0.124     0.277 r  u_confreg/timer[0]_i_3/O
                         net (fo=1, routed)           0.000     0.277    u_confreg/timer[0]_i_3_n_0
    SLICE_X61Y134        CARRY4 (Prop_carry4_S[3]_CO[3])
                                                      0.401     0.678 r  u_confreg/timer_reg[0]_i_1/CO[3]
                         net (fo=1, routed)           0.000     0.678    u_confreg/timer_reg[0]_i_1_n_0
    SLICE_X61Y135        CARRY4 (Prop_carry4_CI_CO[3])
                                                      0.114     0.792 r  u_confreg/timer_reg[4]_i_1/CO[3]
                         net (fo=1, routed)           0.000     0.792    u_confreg/timer_reg[4]_i_1_n_0
    SLICE_X61Y136        CARRY4 (Prop_carry4_CI_CO[3])
                                                      0.114     0.906 r  u_confreg/timer_reg[8]_i_1/CO[3]
                         net (fo=1, routed)           0.000     0.906    u_confreg/timer_reg[8]_i_1_n_0
    SLICE_X61Y137        CARRY4 (Prop_carry4_CI_CO[3])
                                                      0.114     1.020 r  u_confreg/timer_reg[12]_i_1/CO[3]
                         net (fo=1, routed)           0.000     1.020    u_confreg/timer_reg[12]_i_1_n_0
    SLICE_X61Y138        CARRY4 (Prop_carry4_CI_CO[3])
                                                      0.114     1.134 r  u_confreg/timer_reg[16]_i_1/CO[3]
                         net (fo=1, routed)           0.000     1.134    u_confreg/timer_reg[16]_i_1_n_0
    SLICE_X61Y139        CARRY4 (Prop_carry4_CI_CO[3])
                                                      0.114     1.248 r  u_confreg/timer_reg[20]_i_1/CO[3]
                         net (fo=1, routed)           0.000     1.248    u_confreg/timer_reg[20]_i_1_n_0
    SLICE_X61Y140        CARRY4 (Prop_carry4_CI_O[2])
                                                      0.239     1.487 r  u_confreg/timer_reg[24]_i_1/O[2]
                         net (fo=1, routed)           0.000     1.487    u_confreg/timer_reg[24]_i_1_n_5
    SLICE_X61Y140        FDRE                                         r  u_confreg/timer_reg[26]/D
  -------------------------------------------------------------------    -------------------

                         (clock timer_clk_clk_pll rise edge)
                                                     10.000    10.000 r  
    AC19                                              0.000    10.000 r  clk (IN)
                         net (fo=0)                   0.000    10.000    pll.clk_pll/inst/clk_in1
    AC19                 IBUF (Prop_ibuf_I_O)         1.414    11.414 r  pll.clk_pll/inst/clkin1_ibufg/O
                         net (fo=1, routed)           1.531    12.945    pll.clk_pll/inst/clk_in1_clk_pll
    PLLE2_ADV_X0Y2       PLLE2_ADV (Prop_plle2_adv_CLKIN1_CLKOUT1)
                                                     -8.262     4.684 r  pll.clk_pll/inst/plle2_adv_inst/CLKOUT1
                         net (fo=1, routed)           1.755     6.439    pll.clk_pll/inst/timer_clk_clk_pll
    BUFGCTRL_X0Y1        BUFG (Prop_bufg_I_O)         0.091     6.530 r  pll.clk_pll/inst/clkout2_buf/O
                         net (fo=99, routed)          1.547     8.077    u_confreg/timer_clk
    SLICE_X61Y140        FDRE                                         r  u_confreg/timer_reg[26]/C
                         clock pessimism             -0.402     7.675    
                         clock uncertainty           -0.077     7.598    
    SLICE_X61Y140        FDRE (Setup_fdre_C_D)        0.062     7.660    u_confreg/timer_reg[26]
  -------------------------------------------------------------------
                         required time                          7.660    
                         arrival time                          -1.487    
  -------------------------------------------------------------------
                         slack                                  6.173    

Slack (MET) :             6.189ns  (required time - arrival time)
  Source:                 u_confreg/write_timer_begin_r3_reg/C
                            (rising edge-triggered cell FDRE clocked by timer_clk_clk_pll  {rise@0.000ns fall@5.000ns period=10.000ns})
  Destination:            u_confreg/timer_reg[24]/D
                            (rising edge-triggered cell FDRE clocked by timer_clk_clk_pll  {rise@0.000ns fall@5.000ns period=10.000ns})
  Path Group:             timer_clk_clk_pll
  Path Type:              Setup (Max at Slow Process Corner)
  Requirement:            10.000ns  (timer_clk_clk_pll rise@10.000ns - timer_clk_clk_pll rise@0.000ns)
  Data Path Delay:        3.769ns  (logic 1.836ns (48.708%)  route 1.933ns (51.292%))
  Logic Levels:           8  (CARRY4=7 LUT4=1)
  Clock Path Skew:        -0.026ns (DCD - SCD + CPR)
    Destination Clock Delay (DCD):    -1.923ns = ( 8.077 - 10.000 ) 
    Source Clock Delay      (SCD):    -2.299ns
    Clock Pessimism Removal (CPR):    -0.402ns
  Clock Uncertainty:      0.077ns  ((TSJ^2 + DJ^2)^1/2) / 2 + PE
    Total System Jitter     (TSJ):    0.071ns
    Discrete Jitter          (DJ):    0.138ns
    Phase Error              (PE):    0.000ns

    Location             Delay type                Incr(ns)  Path(ns)    Netlist Resource(s)
  -------------------------------------------------------------------    -------------------
                         (clock timer_clk_clk_pll rise edge)
                                                      0.000     0.000 r  
    AC19                                              0.000     0.000 r  clk (IN)
                         net (fo=0)                   0.000     0.000    pll.clk_pll/inst/clk_in1
    AC19                 IBUF (Prop_ibuf_I_O)         1.485     1.485 r  pll.clk_pll/inst/clkin1_ibufg/O
                         net (fo=1, routed)           1.619     3.104    pll.clk_pll/inst/clk_in1_clk_pll
    PLLE2_ADV_X0Y2       PLLE2_ADV (Prop_plle2_adv_CLKIN1_CLKOUT1)
                                                     -9.006    -5.902 r  pll.clk_pll/inst/plle2_adv_inst/CLKOUT1
                         net (fo=1, routed)           1.837    -4.064    pll.clk_pll/inst/timer_clk_clk_pll
    BUFGCTRL_X0Y1        BUFG (Prop_bufg_I_O)         0.096    -3.968 r  pll.clk_pll/inst/clkout2_buf/O
                         net (fo=99, routed)          1.669    -2.299    u_confreg/timer_clk
    SLICE_X60Y141        FDRE                                         r  u_confreg/write_timer_begin_r3_reg/C
  -------------------------------------------------------------------    -------------------
    SLICE_X60Y141        FDRE (Prop_fdre_C_Q)         0.518    -1.781 r  u_confreg/write_timer_begin_r3_reg/Q
                         net (fo=33, routed)          1.933     0.153    u_confreg/write_timer_begin_r3
    SLICE_X61Y134        LUT4 (Prop_lut4_I1_O)        0.124     0.277 r  u_confreg/timer[0]_i_3/O
                         net (fo=1, routed)           0.000     0.277    u_confreg/timer[0]_i_3_n_0
    SLICE_X61Y134        CARRY4 (Prop_carry4_S[3]_CO[3])
                                                      0.401     0.678 r  u_confreg/timer_reg[0]_i_1/CO[3]
                         net (fo=1, routed)           0.000     0.678    u_confreg/timer_reg[0]_i_1_n_0
    SLICE_X61Y135        CARRY4 (Prop_carry4_CI_CO[3])
                                                      0.114     0.792 r  u_confreg/timer_reg[4]_i_1/CO[3]
                         net (fo=1, routed)           0.000     0.792    u_confreg/timer_reg[4]_i_1_n_0
    SLICE_X61Y136        CARRY4 (Prop_carry4_CI_CO[3])
                                                      0.114     0.906 r  u_confreg/timer_reg[8]_i_1/CO[3]
                         net (fo=1, routed)           0.000     0.906    u_confreg/timer_reg[8]_i_1_n_0
    SLICE_X61Y137        CARRY4 (Prop_carry4_CI_CO[3])
                                                      0.114     1.020 r  u_confreg/timer_reg[12]_i_1/CO[3]
                         net (fo=1, routed)           0.000     1.020    u_confreg/timer_reg[12]_i_1_n_0
    SLICE_X61Y138        CARRY4 (Prop_carry4_CI_CO[3])
                                                      0.114     1.134 r  u_confreg/timer_reg[16]_i_1/CO[3]
                         net (fo=1, routed)           0.000     1.134    u_confreg/timer_reg[16]_i_1_n_0
    SLICE_X61Y139        CARRY4 (Prop_carry4_CI_CO[3])
                                                      0.114     1.248 r  u_confreg/timer_reg[20]_i_1/CO[3]
                         net (fo=1, routed)           0.000     1.248    u_confreg/timer_reg[20]_i_1_n_0
    SLICE_X61Y140        CARRY4 (Prop_carry4_CI_O[0])
                                                      0.223     1.471 r  u_confreg/timer_reg[24]_i_1/O[0]
                         net (fo=1, routed)           0.000     1.471    u_confreg/timer_reg[24]_i_1_n_7
    SLICE_X61Y140        FDRE                                         r  u_confreg/timer_reg[24]/D
  -------------------------------------------------------------------    -------------------

                         (clock timer_clk_clk_pll rise edge)
                                                     10.000    10.000 r  
    AC19                                              0.000    10.000 r  clk (IN)
                         net (fo=0)                   0.000    10.000    pll.clk_pll/inst/clk_in1
    AC19                 IBUF (Prop_ibuf_I_O)         1.414    11.414 r  pll.clk_pll/inst/clkin1_ibufg/O
                         net (fo=1, routed)           1.531    12.945    pll.clk_pll/inst/clk_in1_clk_pll
    PLLE2_ADV_X0Y2       PLLE2_ADV (Prop_plle2_adv_CLKIN1_CLKOUT1)
                                                     -8.262     4.684 r  pll.clk_pll/inst/plle2_adv_inst/CLKOUT1
                         net (fo=1, routed)           1.755     6.439    pll.clk_pll/inst/timer_clk_clk_pll
    BUFGCTRL_X0Y1        BUFG (Prop_bufg_I_O)         0.091     6.530 r  pll.clk_pll/inst/clkout2_buf/O
                         net (fo=99, routed)          1.547     8.077    u_confreg/timer_clk
    SLICE_X61Y140        FDRE                                         r  u_confreg/timer_reg[24]/C
                         clock pessimism             -0.402     7.675    
                         clock uncertainty           -0.077     7.598    
    SLICE_X61Y140        FDRE (Setup_fdre_C_D)        0.062     7.660    u_confreg/timer_reg[24]
  -------------------------------------------------------------------
                         required time                          7.660    
                         arrival time                          -1.471    
  -------------------------------------------------------------------
                         slack                                  6.189    

Slack (MET) :             6.192ns  (required time - arrival time)
  Source:                 u_confreg/write_timer_begin_r3_reg/C
                            (rising edge-triggered cell FDRE clocked by timer_clk_clk_pll  {rise@0.000ns fall@5.000ns period=10.000ns})
  Destination:            u_confreg/timer_reg[21]/D
                            (rising edge-triggered cell FDRE clocked by timer_clk_clk_pll  {rise@0.000ns fall@5.000ns period=10.000ns})
  Path Group:             timer_clk_clk_pll
  Path Type:              Setup (Max at Slow Process Corner)
  Requirement:            10.000ns  (timer_clk_clk_pll rise@10.000ns - timer_clk_clk_pll rise@0.000ns)
  Data Path Delay:        3.766ns  (logic 1.833ns (48.667%)  route 1.933ns (51.333%))
  Logic Levels:           7  (CARRY4=6 LUT4=1)
  Clock Path Skew:        -0.026ns (DCD - SCD + CPR)
    Destination Clock Delay (DCD):    -1.923ns = ( 8.077 - 10.000 ) 
    Source Clock Delay      (SCD):    -2.299ns
    Clock Pessimism Removal (CPR):    -0.402ns
  Clock Uncertainty:      0.077ns  ((TSJ^2 + DJ^2)^1/2) / 2 + PE
    Total System Jitter     (TSJ):    0.071ns
    Discrete Jitter          (DJ):    0.138ns
    Phase Error              (PE):    0.000ns

    Location             Delay type                Incr(ns)  Path(ns)    Netlist Resource(s)
  -------------------------------------------------------------------    -------------------
                         (clock timer_clk_clk_pll rise edge)
                                                      0.000     0.000 r  
    AC19                                              0.000     0.000 r  clk (IN)
                         net (fo=0)                   0.000     0.000    pll.clk_pll/inst/clk_in1
    AC19                 IBUF (Prop_ibuf_I_O)         1.485     1.485 r  pll.clk_pll/inst/clkin1_ibufg/O
                         net (fo=1, routed)           1.619     3.104    pll.clk_pll/inst/clk_in1_clk_pll
    PLLE2_ADV_X0Y2       PLLE2_ADV (Prop_plle2_adv_CLKIN1_CLKOUT1)
                                                     -9.006    -5.902 r  pll.clk_pll/inst/plle2_adv_inst/CLKOUT1
                         net (fo=1, routed)           1.837    -4.064    pll.clk_pll/inst/timer_clk_clk_pll
    BUFGCTRL_X0Y1        BUFG (Prop_bufg_I_O)         0.096    -3.968 r  pll.clk_pll/inst/clkout2_buf/O
                         net (fo=99, routed)          1.669    -2.299    u_confreg/timer_clk
    SLICE_X60Y141        FDRE                                         r  u_confreg/write_timer_begin_r3_reg/C
  -------------------------------------------------------------------    -------------------
    SLICE_X60Y141        FDRE (Prop_fdre_C_Q)         0.518    -1.781 r  u_confreg/write_timer_begin_r3_reg/Q
                         net (fo=33, routed)          1.933     0.153    u_confreg/write_timer_begin_r3
    SLICE_X61Y134        LUT4 (Prop_lut4_I1_O)        0.124     0.277 r  u_confreg/timer[0]_i_3/O
                         net (fo=1, routed)           0.000     0.277    u_confreg/timer[0]_i_3_n_0
    SLICE_X61Y134        CARRY4 (Prop_carry4_S[3]_CO[3])
                                                      0.401     0.678 r  u_confreg/timer_reg[0]_i_1/CO[3]
                         net (fo=1, routed)           0.000     0.678    u_confreg/timer_reg[0]_i_1_n_0
    SLICE_X61Y135        CARRY4 (Prop_carry4_CI_CO[3])
                                                      0.114     0.792 r  u_confreg/timer_reg[4]_i_1/CO[3]
                         net (fo=1, routed)           0.000     0.792    u_confreg/timer_reg[4]_i_1_n_0
    SLICE_X61Y136        CARRY4 (Prop_carry4_CI_CO[3])
                                                      0.114     0.906 r  u_confreg/timer_reg[8]_i_1/CO[3]
                         net (fo=1, routed)           0.000     0.906    u_confreg/timer_reg[8]_i_1_n_0
    SLICE_X61Y137        CARRY4 (Prop_carry4_CI_CO[3])
                                                      0.114     1.020 r  u_confreg/timer_reg[12]_i_1/CO[3]
                         net (fo=1, routed)           0.000     1.020    u_confreg/timer_reg[12]_i_1_n_0
    SLICE_X61Y138        CARRY4 (Prop_carry4_CI_CO[3])
                                                      0.114     1.134 r  u_confreg/timer_reg[16]_i_1/CO[3]
                         net (fo=1, routed)           0.000     1.134    u_confreg/timer_reg[16]_i_1_n_0
    SLICE_X61Y139        CARRY4 (Prop_carry4_CI_O[1])
                                                      0.334     1.468 r  u_confreg/timer_reg[20]_i_1/O[1]
                         net (fo=1, routed)           0.000     1.468    u_confreg/timer_reg[20]_i_1_n_6
    SLICE_X61Y139        FDRE                                         r  u_confreg/timer_reg[21]/D
  -------------------------------------------------------------------    -------------------

                         (clock timer_clk_clk_pll rise edge)
                                                     10.000    10.000 r  
    AC19                                              0.000    10.000 r  clk (IN)
                         net (fo=0)                   0.000    10.000    pll.clk_pll/inst/clk_in1
    AC19                 IBUF (Prop_ibuf_I_O)         1.414    11.414 r  pll.clk_pll/inst/clkin1_ibufg/O
                         net (fo=1, routed)           1.531    12.945    pll.clk_pll/inst/clk_in1_clk_pll
    PLLE2_ADV_X0Y2       PLLE2_ADV (Prop_plle2_adv_CLKIN1_CLKOUT1)
                                                     -8.262     4.684 r  pll.clk_pll/inst/plle2_adv_inst/CLKOUT1
                         net (fo=1, routed)           1.755     6.439    pll.clk_pll/inst/timer_clk_clk_pll
    BUFGCTRL_X0Y1        BUFG (Prop_bufg_I_O)         0.091     6.530 r  pll.clk_pll/inst/clkout2_buf/O
                         net (fo=99, routed)          1.547     8.077    u_confreg/timer_clk
    SLICE_X61Y139        FDRE                                         r  u_confreg/timer_reg[21]/C
                         clock pessimism             -0.402     7.675    
                         clock uncertainty           -0.077     7.598    
    SLICE_X61Y139        FDRE (Setup_fdre_C_D)        0.062     7.660    u_confreg/timer_reg[21]
  -------------------------------------------------------------------
                         required time                          7.660    
                         arrival time                          -1.468    
  -------------------------------------------------------------------
                         slack                                  6.192    

Slack (MET) :             6.213ns  (required time - arrival time)
  Source:                 u_confreg/write_timer_begin_r3_reg/C
                            (rising edge-triggered cell FDRE clocked by timer_clk_clk_pll  {rise@0.000ns fall@5.000ns period=10.000ns})
  Destination:            u_confreg/timer_reg[23]/D
                            (rising edge-triggered cell FDRE clocked by timer_clk_clk_pll  {rise@0.000ns fall@5.000ns period=10.000ns})
  Path Group:             timer_clk_clk_pll
  Path Type:              Setup (Max at Slow Process Corner)
  Requirement:            10.000ns  (timer_clk_clk_pll rise@10.000ns - timer_clk_clk_pll rise@0.000ns)
  Data Path Delay:        3.745ns  (logic 1.812ns (48.380%)  route 1.933ns (51.620%))
  Logic Levels:           7  (CARRY4=6 LUT4=1)
  Clock Path Skew:        -0.026ns (DCD - SCD + CPR)
    Destination Clock Delay (DCD):    -1.923ns = ( 8.077 - 10.000 ) 
    Source Clock Delay      (SCD):    -2.299ns
    Clock Pessimism Removal (CPR):    -0.402ns
  Clock Uncertainty:      0.077ns  ((TSJ^2 + DJ^2)^1/2) / 2 + PE
    Total System Jitter     (TSJ):    0.071ns
    Discrete Jitter          (DJ):    0.138ns
    Phase Error              (PE):    0.000ns

    Location             Delay type                Incr(ns)  Path(ns)    Netlist Resource(s)
  -------------------------------------------------------------------    -------------------
                         (clock timer_clk_clk_pll rise edge)
                                                      0.000     0.000 r  
    AC19                                              0.000     0.000 r  clk (IN)
                         net (fo=0)                   0.000     0.000    pll.clk_pll/inst/clk_in1
    AC19                 IBUF (Prop_ibuf_I_O)         1.485     1.485 r  pll.clk_pll/inst/clkin1_ibufg/O
                         net (fo=1, routed)           1.619     3.104    pll.clk_pll/inst/clk_in1_clk_pll
    PLLE2_ADV_X0Y2       PLLE2_ADV (Prop_plle2_adv_CLKIN1_CLKOUT1)
                                                     -9.006    -5.902 r  pll.clk_pll/inst/plle2_adv_inst/CLKOUT1
                         net (fo=1, routed)           1.837    -4.064    pll.clk_pll/inst/timer_clk_clk_pll
    BUFGCTRL_X0Y1        BUFG (Prop_bufg_I_O)         0.096    -3.968 r  pll.clk_pll/inst/clkout2_buf/O
                         net (fo=99, routed)          1.669    -2.299    u_confreg/timer_clk
    SLICE_X60Y141        FDRE                                         r  u_confreg/write_timer_begin_r3_reg/C
  -------------------------------------------------------------------    -------------------
    SLICE_X60Y141        FDRE (Prop_fdre_C_Q)         0.518    -1.781 r  u_confreg/write_timer_begin_r3_reg/Q
                         net (fo=33, routed)          1.933     0.153    u_confreg/write_timer_begin_r3
    SLICE_X61Y134        LUT4 (Prop_lut4_I1_O)        0.124     0.277 r  u_confreg/timer[0]_i_3/O
                         net (fo=1, routed)           0.000     0.277    u_confreg/timer[0]_i_3_n_0
    SLICE_X61Y134        CARRY4 (Prop_carry4_S[3]_CO[3])
                                                      0.401     0.678 r  u_confreg/timer_reg[0]_i_1/CO[3]
                         net (fo=1, routed)           0.000     0.678    u_confreg/timer_reg[0]_i_1_n_0
    SLICE_X61Y135        CARRY4 (Prop_carry4_CI_CO[3])
                                                      0.114     0.792 r  u_confreg/timer_reg[4]_i_1/CO[3]
                         net (fo=1, routed)           0.000     0.792    u_confreg/timer_reg[4]_i_1_n_0
    SLICE_X61Y136        CARRY4 (Prop_carry4_CI_CO[3])
                                                      0.114     0.906 r  u_confreg/timer_reg[8]_i_1/CO[3]
                         net (fo=1, routed)           0.000     0.906    u_confreg/timer_reg[8]_i_1_n_0
    SLICE_X61Y137        CARRY4 (Prop_carry4_CI_CO[3])
                                                      0.114     1.020 r  u_confreg/timer_reg[12]_i_1/CO[3]
                         net (fo=1, routed)           0.000     1.020    u_confreg/timer_reg[12]_i_1_n_0
    SLICE_X61Y138        CARRY4 (Prop_carry4_CI_CO[3])
                                                      0.114     1.134 r  u_confreg/timer_reg[16]_i_1/CO[3]
                         net (fo=1, routed)           0.000     1.134    u_confreg/timer_reg[16]_i_1_n_0
    SLICE_X61Y139        CARRY4 (Prop_carry4_CI_O[3])
                                                      0.313     1.447 r  u_confreg/timer_reg[20]_i_1/O[3]
                         net (fo=1, routed)           0.000     1.447    u_confreg/timer_reg[20]_i_1_n_4
    SLICE_X61Y139        FDRE                                         r  u_confreg/timer_reg[23]/D
  -------------------------------------------------------------------    -------------------

                         (clock timer_clk_clk_pll rise edge)
                                                     10.000    10.000 r  
    AC19                                              0.000    10.000 r  clk (IN)
                         net (fo=0)                   0.000    10.000    pll.clk_pll/inst/clk_in1
    AC19                 IBUF (Prop_ibuf_I_O)         1.414    11.414 r  pll.clk_pll/inst/clkin1_ibufg/O
                         net (fo=1, routed)           1.531    12.945    pll.clk_pll/inst/clk_in1_clk_pll
    PLLE2_ADV_X0Y2       PLLE2_ADV (Prop_plle2_adv_CLKIN1_CLKOUT1)
                                                     -8.262     4.684 r  pll.clk_pll/inst/plle2_adv_inst/CLKOUT1
                         net (fo=1, routed)           1.755     6.439    pll.clk_pll/inst/timer_clk_clk_pll
    BUFGCTRL_X0Y1        BUFG (Prop_bufg_I_O)         0.091     6.530 r  pll.clk_pll/inst/clkout2_buf/O
                         net (fo=99, routed)          1.547     8.077    u_confreg/timer_clk
    SLICE_X61Y139        FDRE                                         r  u_confreg/timer_reg[23]/C
                         clock pessimism             -0.402     7.675    
                         clock uncertainty           -0.077     7.598    
    SLICE_X61Y139        FDRE (Setup_fdre_C_D)        0.062     7.660    u_confreg/timer_reg[23]
  -------------------------------------------------------------------
                         required time                          7.660    
                         arrival time                          -1.447    
  -------------------------------------------------------------------
                         slack                                  6.213    





Min Delay Paths
--------------------------------------------------------------------------------------
Slack (MET) :             0.119ns  (arrival time - required time)
  Source:                 u_confreg/conf_wdata_r1_reg[3]/C
                            (rising edge-triggered cell FDRE clocked by timer_clk_clk_pll  {rise@0.000ns fall@5.000ns period=10.000ns})
  Destination:            u_confreg/conf_wdata_r2_reg[3]/D
                            (rising edge-triggered cell FDRE clocked by timer_clk_clk_pll  {rise@0.000ns fall@5.000ns period=10.000ns})
  Path Group:             timer_clk_clk_pll
  Path Type:              Hold (Min at Fast Process Corner)
  Requirement:            0.000ns  (timer_clk_clk_pll rise@0.000ns - timer_clk_clk_pll rise@0.000ns)
  Data Path Delay:        0.197ns  (logic 0.141ns (71.611%)  route 0.056ns (28.389%))
  Logic Levels:           0  
  Clock Path Skew:        0.000ns (DCD - SCD - CPR)
    Destination Clock Delay (DCD):    -0.301ns
    Source Clock Delay      (SCD):    -0.538ns
    Clock Pessimism Removal (CPR):    0.237ns

    Location             Delay type                Incr(ns)  Path(ns)    Netlist Resource(s)
  -------------------------------------------------------------------    -------------------
                         (clock timer_clk_clk_pll rise edge)
                                                      0.000     0.000 r  
    AC19                                              0.000     0.000 r  clk (IN)
                         net (fo=0)                   0.000     0.000    pll.clk_pll/inst/clk_in1
    AC19                 IBUF (Prop_ibuf_I_O)         0.253     0.253 r  pll.clk_pll/inst/clkin1_ibufg/O
                         net (fo=1, routed)           0.565     0.818    pll.clk_pll/inst/clk_in1_clk_pll
    PLLE2_ADV_X0Y2       PLLE2_ADV (Prop_plle2_adv_CLKIN1_CLKOUT1)
                                                     -2.523    -1.705 r  pll.clk_pll/inst/plle2_adv_inst/CLKOUT1
                         net (fo=1, routed)           0.560    -1.146    pll.clk_pll/inst/timer_clk_clk_pll
    BUFGCTRL_X0Y1        BUFG (Prop_bufg_I_O)         0.026    -1.120 r  pll.clk_pll/inst/clkout2_buf/O
                         net (fo=99, routed)          0.582    -0.538    u_confreg/timer_clk
    SLICE_X53Y134        FDRE                                         r  u_confreg/conf_wdata_r1_reg[3]/C
  -------------------------------------------------------------------    -------------------
    SLICE_X53Y134        FDRE (Prop_fdre_C_Q)         0.141    -0.397 r  u_confreg/conf_wdata_r1_reg[3]/Q
                         net (fo=1, routed)           0.056    -0.341    u_confreg/conf_wdata_r1[3]
    SLICE_X53Y134        FDRE                                         r  u_confreg/conf_wdata_r2_reg[3]/D
  -------------------------------------------------------------------    -------------------

                         (clock timer_clk_clk_pll rise edge)
                                                      0.000     0.000 r  
    AC19                                              0.000     0.000 r  clk (IN)
                         net (fo=0)                   0.000     0.000    pll.clk_pll/inst/clk_in1
    AC19                 IBUF (Prop_ibuf_I_O)         0.441     0.441 r  pll.clk_pll/inst/clkin1_ibufg/O
                         net (fo=1, routed)           0.620     1.061    pll.clk_pll/inst/clk_in1_clk_pll
    PLLE2_ADV_X0Y2       PLLE2_ADV (Prop_plle2_adv_CLKIN1_CLKOUT1)
                                                     -2.851    -1.790 r  pll.clk_pll/inst/plle2_adv_inst/CLKOUT1
                         net (fo=1, routed)           0.611    -1.180    pll.clk_pll/inst/timer_clk_clk_pll
    BUFGCTRL_X0Y1        BUFG (Prop_bufg_I_O)         0.029    -1.151 r  pll.clk_pll/inst/clkout2_buf/O
                         net (fo=99, routed)          0.850    -0.301    u_confreg/timer_clk
    SLICE_X53Y134        FDRE                                         r  u_confreg/conf_wdata_r2_reg[3]/C
                         clock pessimism             -0.237    -0.538    
    SLICE_X53Y134        FDRE (Hold_fdre_C_D)         0.078    -0.460    u_confreg/conf_wdata_r2_reg[3]
  -------------------------------------------------------------------
                         required time                          0.460    
                         arrival time                          -0.341    
  -------------------------------------------------------------------
                         slack                                  0.119    

Slack (MET) :             0.119ns  (arrival time - required time)
  Source:                 u_confreg/conf_wdata_r1_reg[8]/C
                            (rising edge-triggered cell FDRE clocked by timer_clk_clk_pll  {rise@0.000ns fall@5.000ns period=10.000ns})
  Destination:            u_confreg/conf_wdata_r2_reg[8]/D
                            (rising edge-triggered cell FDRE clocked by timer_clk_clk_pll  {rise@0.000ns fall@5.000ns period=10.000ns})
  Path Group:             timer_clk_clk_pll
  Path Type:              Hold (Min at Fast Process Corner)
  Requirement:            0.000ns  (timer_clk_clk_pll rise@0.000ns - timer_clk_clk_pll rise@0.000ns)
  Data Path Delay:        0.197ns  (logic 0.141ns (71.611%)  route 0.056ns (28.389%))
  Logic Levels:           0  
  Clock Path Skew:        0.000ns (DCD - SCD - CPR)
    Destination Clock Delay (DCD):    -0.302ns
    Source Clock Delay      (SCD):    -0.541ns
    Clock Pessimism Removal (CPR):    0.239ns

    Location             Delay type                Incr(ns)  Path(ns)    Netlist Resource(s)
  -------------------------------------------------------------------    -------------------
                         (clock timer_clk_clk_pll rise edge)
                                                      0.000     0.000 r  
    AC19                                              0.000     0.000 r  clk (IN)
                         net (fo=0)                   0.000     0.000    pll.clk_pll/inst/clk_in1
    AC19                 IBUF (Prop_ibuf_I_O)         0.253     0.253 r  pll.clk_pll/inst/clkin1_ibufg/O
                         net (fo=1, routed)           0.565     0.818    pll.clk_pll/inst/clk_in1_clk_pll
    PLLE2_ADV_X0Y2       PLLE2_ADV (Prop_plle2_adv_CLKIN1_CLKOUT1)
                                                     -2.523    -1.705 r  pll.clk_pll/inst/plle2_adv_inst/CLKOUT1
                         net (fo=1, routed)           0.560    -1.146    pll.clk_pll/inst/timer_clk_clk_pll
    BUFGCTRL_X0Y1        BUFG (Prop_bufg_I_O)         0.026    -1.120 r  pll.clk_pll/inst/clkout2_buf/O
                         net (fo=99, routed)          0.579    -0.541    u_confreg/timer_clk
    SLICE_X59Y135        FDRE                                         r  u_confreg/conf_wdata_r1_reg[8]/C
  -------------------------------------------------------------------    -------------------
    SLICE_X59Y135        FDRE (Prop_fdre_C_Q)         0.141    -0.400 r  u_confreg/conf_wdata_r1_reg[8]/Q
                         net (fo=1, routed)           0.056    -0.344    u_confreg/conf_wdata_r1[8]
    SLICE_X59Y135        FDRE                                         r  u_confreg/conf_wdata_r2_reg[8]/D
  -------------------------------------------------------------------    -------------------

                         (clock timer_clk_clk_pll rise edge)
                                                      0.000     0.000 r  
    AC19                                              0.000     0.000 r  clk (IN)
                         net (fo=0)                   0.000     0.000    pll.clk_pll/inst/clk_in1
    AC19                 IBUF (Prop_ibuf_I_O)         0.441     0.441 r  pll.clk_pll/inst/clkin1_ibufg/O
                         net (fo=1, routed)           0.620     1.061    pll.clk_pll/inst/clk_in1_clk_pll
    PLLE2_ADV_X0Y2       PLLE2_ADV (Prop_plle2_adv_CLKIN1_CLKOUT1)
                                                     -2.851    -1.790 r  pll.clk_pll/inst/plle2_adv_inst/CLKOUT1
                         net (fo=1, routed)           0.611    -1.180    pll.clk_pll/inst/timer_clk_clk_pll
    BUFGCTRL_X0Y1        BUFG (Prop_bufg_I_O)         0.029    -1.151 r  pll.clk_pll/inst/clkout2_buf/O
                         net (fo=99, routed)          0.849    -0.302    u_confreg/timer_clk
    SLICE_X59Y135        FDRE                                         r  u_confreg/conf_wdata_r2_reg[8]/C
                         clock pessimism             -0.239    -0.541    
    SLICE_X59Y135        FDRE (Hold_fdre_C_D)         0.078    -0.463    u_confreg/conf_wdata_r2_reg[8]
  -------------------------------------------------------------------
                         required time                          0.463    
                         arrival time                          -0.344    
  -------------------------------------------------------------------
                         slack                                  0.119    

Slack (MET) :             0.121ns  (arrival time - required time)
  Source:                 u_confreg/conf_wdata_r1_reg[2]/C
                            (rising edge-triggered cell FDRE clocked by timer_clk_clk_pll  {rise@0.000ns fall@5.000ns period=10.000ns})
  Destination:            u_confreg/conf_wdata_r2_reg[2]/D
                            (rising edge-triggered cell FDRE clocked by timer_clk_clk_pll  {rise@0.000ns fall@5.000ns period=10.000ns})
  Path Group:             timer_clk_clk_pll
  Path Type:              Hold (Min at Fast Process Corner)
  Requirement:            0.000ns  (timer_clk_clk_pll rise@0.000ns - timer_clk_clk_pll rise@0.000ns)
  Data Path Delay:        0.197ns  (logic 0.141ns (71.611%)  route 0.056ns (28.389%))
  Logic Levels:           0  
  Clock Path Skew:        0.000ns (DCD - SCD - CPR)
    Destination Clock Delay (DCD):    -0.301ns
    Source Clock Delay      (SCD):    -0.538ns
    Clock Pessimism Removal (CPR):    0.237ns

    Location             Delay type                Incr(ns)  Path(ns)    Netlist Resource(s)
  -------------------------------------------------------------------    -------------------
                         (clock timer_clk_clk_pll rise edge)
                                                      0.000     0.000 r  
    AC19                                              0.000     0.000 r  clk (IN)
                         net (fo=0)                   0.000     0.000    pll.clk_pll/inst/clk_in1
    AC19                 IBUF (Prop_ibuf_I_O)         0.253     0.253 r  pll.clk_pll/inst/clkin1_ibufg/O
                         net (fo=1, routed)           0.565     0.818    pll.clk_pll/inst/clk_in1_clk_pll
    PLLE2_ADV_X0Y2       PLLE2_ADV (Prop_plle2_adv_CLKIN1_CLKOUT1)
                                                     -2.523    -1.705 r  pll.clk_pll/inst/plle2_adv_inst/CLKOUT1
                         net (fo=1, routed)           0.560    -1.146    pll.clk_pll/inst/timer_clk_clk_pll
    BUFGCTRL_X0Y1        BUFG (Prop_bufg_I_O)         0.026    -1.120 r  pll.clk_pll/inst/clkout2_buf/O
                         net (fo=99, routed)          0.582    -0.538    u_confreg/timer_clk
    SLICE_X53Y134        FDRE                                         r  u_confreg/conf_wdata_r1_reg[2]/C
  -------------------------------------------------------------------    -------------------
    SLICE_X53Y134        FDRE (Prop_fdre_C_Q)         0.141    -0.397 r  u_confreg/conf_wdata_r1_reg[2]/Q
                         net (fo=1, routed)           0.056    -0.341    u_confreg/conf_wdata_r1[2]
    SLICE_X53Y134        FDRE                                         r  u_confreg/conf_wdata_r2_reg[2]/D
  -------------------------------------------------------------------    -------------------

                         (clock timer_clk_clk_pll rise edge)
                                                      0.000     0.000 r  
    AC19                                              0.000     0.000 r  clk (IN)
                         net (fo=0)                   0.000     0.000    pll.clk_pll/inst/clk_in1
    AC19                 IBUF (Prop_ibuf_I_O)         0.441     0.441 r  pll.clk_pll/inst/clkin1_ibufg/O
                         net (fo=1, routed)           0.620     1.061    pll.clk_pll/inst/clk_in1_clk_pll
    PLLE2_ADV_X0Y2       PLLE2_ADV (Prop_plle2_adv_CLKIN1_CLKOUT1)
                                                     -2.851    -1.790 r  pll.clk_pll/inst/plle2_adv_inst/CLKOUT1
                         net (fo=1, routed)           0.611    -1.180    pll.clk_pll/inst/timer_clk_clk_pll
    BUFGCTRL_X0Y1        BUFG (Prop_bufg_I_O)         0.029    -1.151 r  pll.clk_pll/inst/clkout2_buf/O
                         net (fo=99, routed)          0.850    -0.301    u_confreg/timer_clk
    SLICE_X53Y134        FDRE                                         r  u_confreg/conf_wdata_r2_reg[2]/C
                         clock pessimism             -0.237    -0.538    
    SLICE_X53Y134        FDRE (Hold_fdre_C_D)         0.076    -0.462    u_confreg/conf_wdata_r2_reg[2]
  -------------------------------------------------------------------
                         required time                          0.462    
                         arrival time                          -0.341    
  -------------------------------------------------------------------
                         slack                                  0.121    

Slack (MET) :             0.121ns  (arrival time - required time)
  Source:                 u_confreg/conf_wdata_r1_reg[6]/C
                            (rising edge-triggered cell FDRE clocked by timer_clk_clk_pll  {rise@0.000ns fall@5.000ns period=10.000ns})
  Destination:            u_confreg/conf_wdata_r2_reg[6]/D
                            (rising edge-triggered cell FDRE clocked by timer_clk_clk_pll  {rise@0.000ns fall@5.000ns period=10.000ns})
  Path Group:             timer_clk_clk_pll
  Path Type:              Hold (Min at Fast Process Corner)
  Requirement:            0.000ns  (timer_clk_clk_pll rise@0.000ns - timer_clk_clk_pll rise@0.000ns)
  Data Path Delay:        0.197ns  (logic 0.141ns (71.611%)  route 0.056ns (28.389%))
  Logic Levels:           0  
  Clock Path Skew:        0.000ns (DCD - SCD - CPR)
    Destination Clock Delay (DCD):    -0.302ns
    Source Clock Delay      (SCD):    -0.541ns
    Clock Pessimism Removal (CPR):    0.239ns

    Location             Delay type                Incr(ns)  Path(ns)    Netlist Resource(s)
  -------------------------------------------------------------------    -------------------
                         (clock timer_clk_clk_pll rise edge)
                                                      0.000     0.000 r  
    AC19                                              0.000     0.000 r  clk (IN)
                         net (fo=0)                   0.000     0.000    pll.clk_pll/inst/clk_in1
    AC19                 IBUF (Prop_ibuf_I_O)         0.253     0.253 r  pll.clk_pll/inst/clkin1_ibufg/O
                         net (fo=1, routed)           0.565     0.818    pll.clk_pll/inst/clk_in1_clk_pll
    PLLE2_ADV_X0Y2       PLLE2_ADV (Prop_plle2_adv_CLKIN1_CLKOUT1)
                                                     -2.523    -1.705 r  pll.clk_pll/inst/plle2_adv_inst/CLKOUT1
                         net (fo=1, routed)           0.560    -1.146    pll.clk_pll/inst/timer_clk_clk_pll
    BUFGCTRL_X0Y1        BUFG (Prop_bufg_I_O)         0.026    -1.120 r  pll.clk_pll/inst/clkout2_buf/O
                         net (fo=99, routed)          0.579    -0.541    u_confreg/timer_clk
    SLICE_X59Y135        FDRE                                         r  u_confreg/conf_wdata_r1_reg[6]/C
  -------------------------------------------------------------------    -------------------
    SLICE_X59Y135        FDRE (Prop_fdre_C_Q)         0.141    -0.400 r  u_confreg/conf_wdata_r1_reg[6]/Q
                         net (fo=1, routed)           0.056    -0.344    u_confreg/conf_wdata_r1[6]
    SLICE_X59Y135        FDRE                                         r  u_confreg/conf_wdata_r2_reg[6]/D
  -------------------------------------------------------------------    -------------------

                         (clock timer_clk_clk_pll rise edge)
                                                      0.000     0.000 r  
    AC19                                              0.000     0.000 r  clk (IN)
                         net (fo=0)                   0.000     0.000    pll.clk_pll/inst/clk_in1
    AC19                 IBUF (Prop_ibuf_I_O)         0.441     0.441 r  pll.clk_pll/inst/clkin1_ibufg/O
                         net (fo=1, routed)           0.620     1.061    pll.clk_pll/inst/clk_in1_clk_pll
    PLLE2_ADV_X0Y2       PLLE2_ADV (Prop_plle2_adv_CLKIN1_CLKOUT1)
                                                     -2.851    -1.790 r  pll.clk_pll/inst/plle2_adv_inst/CLKOUT1
                         net (fo=1, routed)           0.611    -1.180    pll.clk_pll/inst/timer_clk_clk_pll
    BUFGCTRL_X0Y1        BUFG (Prop_bufg_I_O)         0.029    -1.151 r  pll.clk_pll/inst/clkout2_buf/O
                         net (fo=99, routed)          0.849    -0.302    u_confreg/timer_clk
    SLICE_X59Y135        FDRE                                         r  u_confreg/conf_wdata_r2_reg[6]/C
                         clock pessimism             -0.239    -0.541    
    SLICE_X59Y135        FDRE (Hold_fdre_C_D)         0.076    -0.465    u_confreg/conf_wdata_r2_reg[6]
  -------------------------------------------------------------------
                         required time                          0.465    
                         arrival time                          -0.344    
  -------------------------------------------------------------------
                         slack                                  0.121    

Slack (MET) :             0.122ns  (arrival time - required time)
  Source:                 u_confreg/conf_wdata_r1_reg[0]/C
                            (rising edge-triggered cell FDRE clocked by timer_clk_clk_pll  {rise@0.000ns fall@5.000ns period=10.000ns})
  Destination:            u_confreg/conf_wdata_r2_reg[0]/D
                            (rising edge-triggered cell FDRE clocked by timer_clk_clk_pll  {rise@0.000ns fall@5.000ns period=10.000ns})
  Path Group:             timer_clk_clk_pll
  Path Type:              Hold (Min at Fast Process Corner)
  Requirement:            0.000ns  (timer_clk_clk_pll rise@0.000ns - timer_clk_clk_pll rise@0.000ns)
  Data Path Delay:        0.197ns  (logic 0.141ns (71.611%)  route 0.056ns (28.389%))
  Logic Levels:           0  
  Clock Path Skew:        0.000ns (DCD - SCD - CPR)
    Destination Clock Delay (DCD):    -0.301ns
    Source Clock Delay      (SCD):    -0.538ns
    Clock Pessimism Removal (CPR):    0.237ns

    Location             Delay type                Incr(ns)  Path(ns)    Netlist Resource(s)
  -------------------------------------------------------------------    -------------------
                         (clock timer_clk_clk_pll rise edge)
                                                      0.000     0.000 r  
    AC19                                              0.000     0.000 r  clk (IN)
                         net (fo=0)                   0.000     0.000    pll.clk_pll/inst/clk_in1
    AC19                 IBUF (Prop_ibuf_I_O)         0.253     0.253 r  pll.clk_pll/inst/clkin1_ibufg/O
                         net (fo=1, routed)           0.565     0.818    pll.clk_pll/inst/clk_in1_clk_pll
    PLLE2_ADV_X0Y2       PLLE2_ADV (Prop_plle2_adv_CLKIN1_CLKOUT1)
                                                     -2.523    -1.705 r  pll.clk_pll/inst/plle2_adv_inst/CLKOUT1
                         net (fo=1, routed)           0.560    -1.146    pll.clk_pll/inst/timer_clk_clk_pll
    BUFGCTRL_X0Y1        BUFG (Prop_bufg_I_O)         0.026    -1.120 r  pll.clk_pll/inst/clkout2_buf/O
                         net (fo=99, routed)          0.582    -0.538    u_confreg/timer_clk
    SLICE_X53Y134        FDRE                                         r  u_confreg/conf_wdata_r1_reg[0]/C
  -------------------------------------------------------------------    -------------------
    SLICE_X53Y134        FDRE (Prop_fdre_C_Q)         0.141    -0.397 r  u_confreg/conf_wdata_r1_reg[0]/Q
                         net (fo=1, routed)           0.056    -0.341    u_confreg/conf_wdata_r1[0]
    SLICE_X53Y134        FDRE                                         r  u_confreg/conf_wdata_r2_reg[0]/D
  -------------------------------------------------------------------    -------------------

                         (clock timer_clk_clk_pll rise edge)
                                                      0.000     0.000 r  
    AC19                                              0.000     0.000 r  clk (IN)
                         net (fo=0)                   0.000     0.000    pll.clk_pll/inst/clk_in1
    AC19                 IBUF (Prop_ibuf_I_O)         0.441     0.441 r  pll.clk_pll/inst/clkin1_ibufg/O
                         net (fo=1, routed)           0.620     1.061    pll.clk_pll/inst/clk_in1_clk_pll
    PLLE2_ADV_X0Y2       PLLE2_ADV (Prop_plle2_adv_CLKIN1_CLKOUT1)
                                                     -2.851    -1.790 r  pll.clk_pll/inst/plle2_adv_inst/CLKOUT1
                         net (fo=1, routed)           0.611    -1.180    pll.clk_pll/inst/timer_clk_clk_pll
    BUFGCTRL_X0Y1        BUFG (Prop_bufg_I_O)         0.029    -1.151 r  pll.clk_pll/inst/clkout2_buf/O
                         net (fo=99, routed)          0.850    -0.301    u_confreg/timer_clk
    SLICE_X53Y134        FDRE                                         r  u_confreg/conf_wdata_r2_reg[0]/C
                         clock pessimism             -0.237    -0.538    
    SLICE_X53Y134        FDRE (Hold_fdre_C_D)         0.075    -0.463    u_confreg/conf_wdata_r2_reg[0]
  -------------------------------------------------------------------
                         required time                          0.463    
                         arrival time                          -0.341    
  -------------------------------------------------------------------
                         slack                                  0.122    

Slack (MET) :             0.122ns  (arrival time - required time)
  Source:                 u_confreg/conf_wdata_r1_reg[11]/C
                            (rising edge-triggered cell FDRE clocked by timer_clk_clk_pll  {rise@0.000ns fall@5.000ns period=10.000ns})
  Destination:            u_confreg/conf_wdata_r2_reg[11]/D
                            (rising edge-triggered cell FDRE clocked by timer_clk_clk_pll  {rise@0.000ns fall@5.000ns period=10.000ns})
  Path Group:             timer_clk_clk_pll
  Path Type:              Hold (Min at Fast Process Corner)
  Requirement:            0.000ns  (timer_clk_clk_pll rise@0.000ns - timer_clk_clk_pll rise@0.000ns)
  Data Path Delay:        0.197ns  (logic 0.141ns (71.611%)  route 0.056ns (28.389%))
  Logic Levels:           0  
  Clock Path Skew:        0.000ns (DCD - SCD - CPR)
    Destination Clock Delay (DCD):    -0.302ns
    Source Clock Delay      (SCD):    -0.541ns
    Clock Pessimism Removal (CPR):    0.239ns

    Location             Delay type                Incr(ns)  Path(ns)    Netlist Resource(s)
  -------------------------------------------------------------------    -------------------
                         (clock timer_clk_clk_pll rise edge)
                                                      0.000     0.000 r  
    AC19                                              0.000     0.000 r  clk (IN)
                         net (fo=0)                   0.000     0.000    pll.clk_pll/inst/clk_in1
    AC19                 IBUF (Prop_ibuf_I_O)         0.253     0.253 r  pll.clk_pll/inst/clkin1_ibufg/O
                         net (fo=1, routed)           0.565     0.818    pll.clk_pll/inst/clk_in1_clk_pll
    PLLE2_ADV_X0Y2       PLLE2_ADV (Prop_plle2_adv_CLKIN1_CLKOUT1)
                                                     -2.523    -1.705 r  pll.clk_pll/inst/plle2_adv_inst/CLKOUT1
                         net (fo=1, routed)           0.560    -1.146    pll.clk_pll/inst/timer_clk_clk_pll
    BUFGCTRL_X0Y1        BUFG (Prop_bufg_I_O)         0.026    -1.120 r  pll.clk_pll/inst/clkout2_buf/O
                         net (fo=99, routed)          0.579    -0.541    u_confreg/timer_clk
    SLICE_X59Y135        FDRE                                         r  u_confreg/conf_wdata_r1_reg[11]/C
  -------------------------------------------------------------------    -------------------
    SLICE_X59Y135        FDRE (Prop_fdre_C_Q)         0.141    -0.400 r  u_confreg/conf_wdata_r1_reg[11]/Q
                         net (fo=1, routed)           0.056    -0.344    u_confreg/conf_wdata_r1[11]
    SLICE_X59Y135        FDRE                                         r  u_confreg/conf_wdata_r2_reg[11]/D
  -------------------------------------------------------------------    -------------------

                         (clock timer_clk_clk_pll rise edge)
                                                      0.000     0.000 r  
    AC19                                              0.000     0.000 r  clk (IN)
                         net (fo=0)                   0.000     0.000    pll.clk_pll/inst/clk_in1
    AC19                 IBUF (Prop_ibuf_I_O)         0.441     0.441 r  pll.clk_pll/inst/clkin1_ibufg/O
                         net (fo=1, routed)           0.620     1.061    pll.clk_pll/inst/clk_in1_clk_pll
    PLLE2_ADV_X0Y2       PLLE2_ADV (Prop_plle2_adv_CLKIN1_CLKOUT1)
                                                     -2.851    -1.790 r  pll.clk_pll/inst/plle2_adv_inst/CLKOUT1
                         net (fo=1, routed)           0.611    -1.180    pll.clk_pll/inst/timer_clk_clk_pll
    BUFGCTRL_X0Y1        BUFG (Prop_bufg_I_O)         0.029    -1.151 r  pll.clk_pll/inst/clkout2_buf/O
                         net (fo=99, routed)          0.849    -0.302    u_confreg/timer_clk
    SLICE_X59Y135        FDRE                                         r  u_confreg/conf_wdata_r2_reg[11]/C
                         clock pessimism             -0.239    -0.541    
    SLICE_X59Y135        FDRE (Hold_fdre_C_D)         0.075    -0.466    u_confreg/conf_wdata_r2_reg[11]
  -------------------------------------------------------------------
                         required time                          0.466    
                         arrival time                          -0.344    
  -------------------------------------------------------------------
                         slack                                  0.122    

Slack (MET) :             0.126ns  (arrival time - required time)
  Source:                 u_confreg/conf_wdata_r1_reg[1]/C
                            (rising edge-triggered cell FDRE clocked by timer_clk_clk_pll  {rise@0.000ns fall@5.000ns period=10.000ns})
  Destination:            u_confreg/conf_wdata_r2_reg[1]/D
                            (rising edge-triggered cell FDRE clocked by timer_clk_clk_pll  {rise@0.000ns fall@5.000ns period=10.000ns})
  Path Group:             timer_clk_clk_pll
  Path Type:              Hold (Min at Fast Process Corner)
  Requirement:            0.000ns  (timer_clk_clk_pll rise@0.000ns - timer_clk_clk_pll rise@0.000ns)
  Data Path Delay:        0.197ns  (logic 0.141ns (71.611%)  route 0.056ns (28.389%))
  Logic Levels:           0  
  Clock Path Skew:        0.000ns (DCD - SCD - CPR)
    Destination Clock Delay (DCD):    -0.301ns
    Source Clock Delay      (SCD):    -0.538ns
    Clock Pessimism Removal (CPR):    0.237ns

    Location             Delay type                Incr(ns)  Path(ns)    Netlist Resource(s)
  -------------------------------------------------------------------    -------------------
                         (clock timer_clk_clk_pll rise edge)
                                                      0.000     0.000 r  
    AC19                                              0.000     0.000 r  clk (IN)
                         net (fo=0)                   0.000     0.000    pll.clk_pll/inst/clk_in1
    AC19                 IBUF (Prop_ibuf_I_O)         0.253     0.253 r  pll.clk_pll/inst/clkin1_ibufg/O
                         net (fo=1, routed)           0.565     0.818    pll.clk_pll/inst/clk_in1_clk_pll
    PLLE2_ADV_X0Y2       PLLE2_ADV (Prop_plle2_adv_CLKIN1_CLKOUT1)
                                                     -2.523    -1.705 r  pll.clk_pll/inst/plle2_adv_inst/CLKOUT1
                         net (fo=1, routed)           0.560    -1.146    pll.clk_pll/inst/timer_clk_clk_pll
    BUFGCTRL_X0Y1        BUFG (Prop_bufg_I_O)         0.026    -1.120 r  pll.clk_pll/inst/clkout2_buf/O
                         net (fo=99, routed)          0.582    -0.538    u_confreg/timer_clk
    SLICE_X53Y134        FDRE                                         r  u_confreg/conf_wdata_r1_reg[1]/C
  -------------------------------------------------------------------    -------------------
    SLICE_X53Y134        FDRE (Prop_fdre_C_Q)         0.141    -0.397 r  u_confreg/conf_wdata_r1_reg[1]/Q
                         net (fo=1, routed)           0.056    -0.341    u_confreg/conf_wdata_r1[1]
    SLICE_X53Y134        FDRE                                         r  u_confreg/conf_wdata_r2_reg[1]/D
  -------------------------------------------------------------------    -------------------

                         (clock timer_clk_clk_pll rise edge)
                                                      0.000     0.000 r  
    AC19                                              0.000     0.000 r  clk (IN)
                         net (fo=0)                   0.000     0.000    pll.clk_pll/inst/clk_in1
    AC19                 IBUF (Prop_ibuf_I_O)         0.441     0.441 r  pll.clk_pll/inst/clkin1_ibufg/O
                         net (fo=1, routed)           0.620     1.061    pll.clk_pll/inst/clk_in1_clk_pll
    PLLE2_ADV_X0Y2       PLLE2_ADV (Prop_plle2_adv_CLKIN1_CLKOUT1)
                                                     -2.851    -1.790 r  pll.clk_pll/inst/plle2_adv_inst/CLKOUT1
                         net (fo=1, routed)           0.611    -1.180    pll.clk_pll/inst/timer_clk_clk_pll
    BUFGCTRL_X0Y1        BUFG (Prop_bufg_I_O)         0.029    -1.151 r  pll.clk_pll/inst/clkout2_buf/O
                         net (fo=99, routed)          0.850    -0.301    u_confreg/timer_clk
    SLICE_X53Y134        FDRE                                         r  u_confreg/conf_wdata_r2_reg[1]/C
                         clock pessimism             -0.237    -0.538    
    SLICE_X53Y134        FDRE (Hold_fdre_C_D)         0.071    -0.467    u_confreg/conf_wdata_r2_reg[1]
  -------------------------------------------------------------------
                         required time                          0.467    
                         arrival time                          -0.341    
  -------------------------------------------------------------------
                         slack                                  0.126    

Slack (MET) :             0.126ns  (arrival time - required time)
  Source:                 u_confreg/conf_wdata_r1_reg[5]/C
                            (rising edge-triggered cell FDRE clocked by timer_clk_clk_pll  {rise@0.000ns fall@5.000ns period=10.000ns})
  Destination:            u_confreg/conf_wdata_r2_reg[5]/D
                            (rising edge-triggered cell FDRE clocked by timer_clk_clk_pll  {rise@0.000ns fall@5.000ns period=10.000ns})
  Path Group:             timer_clk_clk_pll
  Path Type:              Hold (Min at Fast Process Corner)
  Requirement:            0.000ns  (timer_clk_clk_pll rise@0.000ns - timer_clk_clk_pll rise@0.000ns)
  Data Path Delay:        0.197ns  (logic 0.141ns (71.611%)  route 0.056ns (28.389%))
  Logic Levels:           0  
  Clock Path Skew:        0.000ns (DCD - SCD - CPR)
    Destination Clock Delay (DCD):    -0.302ns
    Source Clock Delay      (SCD):    -0.541ns
    Clock Pessimism Removal (CPR):    0.239ns

    Location             Delay type                Incr(ns)  Path(ns)    Netlist Resource(s)
  -------------------------------------------------------------------    -------------------
                         (clock timer_clk_clk_pll rise edge)
                                                      0.000     0.000 r  
    AC19                                              0.000     0.000 r  clk (IN)
                         net (fo=0)                   0.000     0.000    pll.clk_pll/inst/clk_in1
    AC19                 IBUF (Prop_ibuf_I_O)         0.253     0.253 r  pll.clk_pll/inst/clkin1_ibufg/O
                         net (fo=1, routed)           0.565     0.818    pll.clk_pll/inst/clk_in1_clk_pll
    PLLE2_ADV_X0Y2       PLLE2_ADV (Prop_plle2_adv_CLKIN1_CLKOUT1)
                                                     -2.523    -1.705 r  pll.clk_pll/inst/plle2_adv_inst/CLKOUT1
                         net (fo=1, routed)           0.560    -1.146    pll.clk_pll/inst/timer_clk_clk_pll
    BUFGCTRL_X0Y1        BUFG (Prop_bufg_I_O)         0.026    -1.120 r  pll.clk_pll/inst/clkout2_buf/O
                         net (fo=99, routed)          0.579    -0.541    u_confreg/timer_clk
    SLICE_X59Y135        FDRE                                         r  u_confreg/conf_wdata_r1_reg[5]/C
  -------------------------------------------------------------------    -------------------
    SLICE_X59Y135        FDRE (Prop_fdre_C_Q)         0.141    -0.400 r  u_confreg/conf_wdata_r1_reg[5]/Q
                         net (fo=1, routed)           0.056    -0.344    u_confreg/conf_wdata_r1[5]
    SLICE_X59Y135        FDRE                                         r  u_confreg/conf_wdata_r2_reg[5]/D
  -------------------------------------------------------------------    -------------------

                         (clock timer_clk_clk_pll rise edge)
                                                      0.000     0.000 r  
    AC19                                              0.000     0.000 r  clk (IN)
                         net (fo=0)                   0.000     0.000    pll.clk_pll/inst/clk_in1
    AC19                 IBUF (Prop_ibuf_I_O)         0.441     0.441 r  pll.clk_pll/inst/clkin1_ibufg/O
                         net (fo=1, routed)           0.620     1.061    pll.clk_pll/inst/clk_in1_clk_pll
    PLLE2_ADV_X0Y2       PLLE2_ADV (Prop_plle2_adv_CLKIN1_CLKOUT1)
                                                     -2.851    -1.790 r  pll.clk_pll/inst/plle2_adv_inst/CLKOUT1
                         net (fo=1, routed)           0.611    -1.180    pll.clk_pll/inst/timer_clk_clk_pll
    BUFGCTRL_X0Y1        BUFG (Prop_bufg_I_O)         0.029    -1.151 r  pll.clk_pll/inst/clkout2_buf/O
                         net (fo=99, routed)          0.849    -0.302    u_confreg/timer_clk
    SLICE_X59Y135        FDRE                                         r  u_confreg/conf_wdata_r2_reg[5]/C
                         clock pessimism             -0.239    -0.541    
    SLICE_X59Y135        FDRE (Hold_fdre_C_D)         0.071    -0.470    u_confreg/conf_wdata_r2_reg[5]
  -------------------------------------------------------------------
                         required time                          0.470    
                         arrival time                          -0.344    
  -------------------------------------------------------------------
                         slack                                  0.126    

Slack (MET) :             0.156ns  (arrival time - required time)
  Source:                 u_confreg/conf_wdata_r1_reg[28]/C
                            (rising edge-triggered cell FDRE clocked by timer_clk_clk_pll  {rise@0.000ns fall@5.000ns period=10.000ns})
  Destination:            u_confreg/conf_wdata_r2_reg[28]/D
                            (rising edge-triggered cell FDRE clocked by timer_clk_clk_pll  {rise@0.000ns fall@5.000ns period=10.000ns})
  Path Group:             timer_clk_clk_pll
  Path Type:              Hold (Min at Fast Process Corner)
  Requirement:            0.000ns  (timer_clk_clk_pll rise@0.000ns - timer_clk_clk_pll rise@0.000ns)
  Data Path Delay:        0.220ns  (logic 0.164ns (74.580%)  route 0.056ns (25.420%))
  Logic Levels:           0  
  Clock Path Skew:        0.000ns (DCD - SCD - CPR)
    Destination Clock Delay (DCD):    -0.298ns
    Source Clock Delay      (SCD):    -0.538ns
    Clock Pessimism Removal (CPR):    0.240ns

    Location             Delay type                Incr(ns)  Path(ns)    Netlist Resource(s)
  -------------------------------------------------------------------    -------------------
                         (clock timer_clk_clk_pll rise edge)
                                                      0.000     0.000 r  
    AC19                                              0.000     0.000 r  clk (IN)
                         net (fo=0)                   0.000     0.000    pll.clk_pll/inst/clk_in1
    AC19                 IBUF (Prop_ibuf_I_O)         0.253     0.253 r  pll.clk_pll/inst/clkin1_ibufg/O
                         net (fo=1, routed)           0.565     0.818    pll.clk_pll/inst/clk_in1_clk_pll
    PLLE2_ADV_X0Y2       PLLE2_ADV (Prop_plle2_adv_CLKIN1_CLKOUT1)
                                                     -2.523    -1.705 r  pll.clk_pll/inst/plle2_adv_inst/CLKOUT1
                         net (fo=1, routed)           0.560    -1.146    pll.clk_pll/inst/timer_clk_clk_pll
    BUFGCTRL_X0Y1        BUFG (Prop_bufg_I_O)         0.026    -1.120 r  pll.clk_pll/inst/clkout2_buf/O
                         net (fo=99, routed)          0.582    -0.538    u_confreg/timer_clk
    SLICE_X60Y140        FDRE                                         r  u_confreg/conf_wdata_r1_reg[28]/C
  -------------------------------------------------------------------    -------------------
    SLICE_X60Y140        FDRE (Prop_fdre_C_Q)         0.164    -0.374 r  u_confreg/conf_wdata_r1_reg[28]/Q
                         net (fo=1, routed)           0.056    -0.318    u_confreg/conf_wdata_r1[28]
    SLICE_X60Y140        FDRE                                         r  u_confreg/conf_wdata_r2_reg[28]/D
  -------------------------------------------------------------------    -------------------

                         (clock timer_clk_clk_pll rise edge)
                                                      0.000     0.000 r  
    AC19                                              0.000     0.000 r  clk (IN)
                         net (fo=0)                   0.000     0.000    pll.clk_pll/inst/clk_in1
    AC19                 IBUF (Prop_ibuf_I_O)         0.441     0.441 r  pll.clk_pll/inst/clkin1_ibufg/O
                         net (fo=1, routed)           0.620     1.061    pll.clk_pll/inst/clk_in1_clk_pll
    PLLE2_ADV_X0Y2       PLLE2_ADV (Prop_plle2_adv_CLKIN1_CLKOUT1)
                                                     -2.851    -1.790 r  pll.clk_pll/inst/plle2_adv_inst/CLKOUT1
                         net (fo=1, routed)           0.611    -1.180    pll.clk_pll/inst/timer_clk_clk_pll
    BUFGCTRL_X0Y1        BUFG (Prop_bufg_I_O)         0.029    -1.151 r  pll.clk_pll/inst/clkout2_buf/O
                         net (fo=99, routed)          0.853    -0.298    u_confreg/timer_clk
    SLICE_X60Y140        FDRE                                         r  u_confreg/conf_wdata_r2_reg[28]/C
                         clock pessimism             -0.240    -0.538    
    SLICE_X60Y140        FDRE (Hold_fdre_C_D)         0.064    -0.474    u_confreg/conf_wdata_r2_reg[28]
  -------------------------------------------------------------------
                         required time                          0.474    
                         arrival time                          -0.318    
  -------------------------------------------------------------------
                         slack                                  0.156    

Slack (MET) :             0.156ns  (arrival time - required time)
  Source:                 u_confreg/conf_wdata_r1_reg[29]/C
                            (rising edge-triggered cell FDRE clocked by timer_clk_clk_pll  {rise@0.000ns fall@5.000ns period=10.000ns})
  Destination:            u_confreg/conf_wdata_r2_reg[29]/D
                            (rising edge-triggered cell FDRE clocked by timer_clk_clk_pll  {rise@0.000ns fall@5.000ns period=10.000ns})
  Path Group:             timer_clk_clk_pll
  Path Type:              Hold (Min at Fast Process Corner)
  Requirement:            0.000ns  (timer_clk_clk_pll rise@0.000ns - timer_clk_clk_pll rise@0.000ns)
  Data Path Delay:        0.220ns  (logic 0.164ns (74.580%)  route 0.056ns (25.420%))
  Logic Levels:           0  
  Clock Path Skew:        0.000ns (DCD - SCD - CPR)
    Destination Clock Delay (DCD):    -0.298ns
    Source Clock Delay      (SCD):    -0.538ns
    Clock Pessimism Removal (CPR):    0.240ns

    Location             Delay type                Incr(ns)  Path(ns)    Netlist Resource(s)
  -------------------------------------------------------------------    -------------------
                         (clock timer_clk_clk_pll rise edge)
                                                      0.000     0.000 r  
    AC19                                              0.000     0.000 r  clk (IN)
                         net (fo=0)                   0.000     0.000    pll.clk_pll/inst/clk_in1
    AC19                 IBUF (Prop_ibuf_I_O)         0.253     0.253 r  pll.clk_pll/inst/clkin1_ibufg/O
                         net (fo=1, routed)           0.565     0.818    pll.clk_pll/inst/clk_in1_clk_pll
    PLLE2_ADV_X0Y2       PLLE2_ADV (Prop_plle2_adv_CLKIN1_CLKOUT1)
                                                     -2.523    -1.705 r  pll.clk_pll/inst/plle2_adv_inst/CLKOUT1
                         net (fo=1, routed)           0.560    -1.146    pll.clk_pll/inst/timer_clk_clk_pll
    BUFGCTRL_X0Y1        BUFG (Prop_bufg_I_O)         0.026    -1.120 r  pll.clk_pll/inst/clkout2_buf/O
                         net (fo=99, routed)          0.582    -0.538    u_confreg/timer_clk
    SLICE_X60Y140        FDRE                                         r  u_confreg/conf_wdata_r1_reg[29]/C
  -------------------------------------------------------------------    -------------------
    SLICE_X60Y140        FDRE (Prop_fdre_C_Q)         0.164    -0.374 r  u_confreg/conf_wdata_r1_reg[29]/Q
                         net (fo=1, routed)           0.056    -0.318    u_confreg/conf_wdata_r1[29]
    SLICE_X60Y140        FDRE                                         r  u_confreg/conf_wdata_r2_reg[29]/D
  -------------------------------------------------------------------    -------------------

                         (clock timer_clk_clk_pll rise edge)
                                                      0.000     0.000 r  
    AC19                                              0.000     0.000 r  clk (IN)
                         net (fo=0)                   0.000     0.000    pll.clk_pll/inst/clk_in1
    AC19                 IBUF (Prop_ibuf_I_O)         0.441     0.441 r  pll.clk_pll/inst/clkin1_ibufg/O
                         net (fo=1, routed)           0.620     1.061    pll.clk_pll/inst/clk_in1_clk_pll
    PLLE2_ADV_X0Y2       PLLE2_ADV (Prop_plle2_adv_CLKIN1_CLKOUT1)
                                                     -2.851    -1.790 r  pll.clk_pll/inst/plle2_adv_inst/CLKOUT1
                         net (fo=1, routed)           0.611    -1.180    pll.clk_pll/inst/timer_clk_clk_pll
    BUFGCTRL_X0Y1        BUFG (Prop_bufg_I_O)         0.029    -1.151 r  pll.clk_pll/inst/clkout2_buf/O
                         net (fo=99, routed)          0.853    -0.298    u_confreg/timer_clk
    SLICE_X60Y140        FDRE                                         r  u_confreg/conf_wdata_r2_reg[29]/C
                         clock pessimism             -0.240    -0.538    
    SLICE_X60Y140        FDRE (Hold_fdre_C_D)         0.064    -0.474    u_confreg/conf_wdata_r2_reg[29]
  -------------------------------------------------------------------
                         required time                          0.474    
                         arrival time                          -0.318    
  -------------------------------------------------------------------
                         slack                                  0.156    





Pulse Width Checks
--------------------------------------------------------------------------------------
Clock Name:         timer_clk_clk_pll
Waveform(ns):       { 0.000 5.000 }
Period(ns):         10.000
Sources:            { pll.clk_pll/inst/plle2_adv_inst/CLKOUT1 }

Check Type        Corner  Lib Pin            Reference Pin  Required(ns)  Actual(ns)  Slack(ns)  Location        Pin
Min Period        n/a     BUFG/I             n/a            2.155         10.000      7.845      BUFGCTRL_X0Y1   pll.clk_pll/inst/clkout2_buf/I
Min Period        n/a     PLLE2_ADV/CLKOUT1  n/a            1.249         10.000      8.751      PLLE2_ADV_X0Y2  pll.clk_pll/inst/plle2_adv_inst/CLKOUT1
Min Period        n/a     FDRE/C             n/a            1.000         10.000      9.000      SLICE_X53Y134   u_confreg/conf_wdata_r1_reg[0]/C
Min Period        n/a     FDRE/C             n/a            1.000         10.000      9.000      SLICE_X51Y136   u_confreg/conf_wdata_r1_reg[10]/C
Min Period        n/a     FDRE/C             n/a            1.000         10.000      9.000      SLICE_X59Y135   u_confreg/conf_wdata_r1_reg[11]/C
Min Period        n/a     FDRE/C             n/a            1.000         10.000      9.000      SLICE_X58Y140   u_confreg/conf_wdata_r1_reg[12]/C
Min Period        n/a     FDRE/C             n/a            1.000         10.000      9.000      SLICE_X53Y139   u_confreg/conf_wdata_r1_reg[13]/C
Min Period        n/a     FDRE/C             n/a            1.000         10.000      9.000      SLICE_X58Y140   u_confreg/conf_wdata_r1_reg[14]/C
Min Period        n/a     FDRE/C             n/a            1.000         10.000      9.000      SLICE_X51Y136   u_confreg/conf_wdata_r1_reg[15]/C
Min Period        n/a     FDRE/C             n/a            1.000         10.000      9.000      SLICE_X53Y139   u_confreg/conf_wdata_r1_reg[16]/C
Max Period        n/a     PLLE2_ADV/CLKOUT1  n/a            160.000       10.000      150.000    PLLE2_ADV_X0Y2  pll.clk_pll/inst/plle2_adv_inst/CLKOUT1
Low Pulse Width   Slow    FDRE/C             n/a            0.500         5.000       4.500      SLICE_X53Y134   u_confreg/conf_wdata_r1_reg[0]/C
Low Pulse Width   Fast    FDRE/C             n/a            0.500         5.000       4.500      SLICE_X53Y134   u_confreg/conf_wdata_r1_reg[0]/C
Low Pulse Width   Slow    FDRE/C             n/a            0.500         5.000       4.500      SLICE_X51Y136   u_confreg/conf_wdata_r1_reg[10]/C
Low Pulse Width   Fast    FDRE/C             n/a            0.500         5.000       4.500      SLICE_X51Y136   u_confreg/conf_wdata_r1_reg[10]/C
Low Pulse Width   Slow    FDRE/C             n/a            0.500         5.000       4.500      SLICE_X59Y135   u_confreg/conf_wdata_r1_reg[11]/C
Low Pulse Width   Fast    FDRE/C             n/a            0.500         5.000       4.500      SLICE_X59Y135   u_confreg/conf_wdata_r1_reg[11]/C
Low Pulse Width   Slow    FDRE/C             n/a            0.500         5.000       4.500      SLICE_X58Y140   u_confreg/conf_wdata_r1_reg[12]/C
Low Pulse Width   Fast    FDRE/C             n/a            0.500         5.000       4.500      SLICE_X58Y140   u_confreg/conf_wdata_r1_reg[12]/C
Low Pulse Width   Slow    FDRE/C             n/a            0.500         5.000       4.500      SLICE_X53Y139   u_confreg/conf_wdata_r1_reg[13]/C
Low Pulse Width   Fast    FDRE/C             n/a            0.500         5.000       4.500      SLICE_X53Y139   u_confreg/conf_wdata_r1_reg[13]/C
High Pulse Width  Slow    FDRE/C             n/a            0.500         5.000       4.500      SLICE_X53Y134   u_confreg/conf_wdata_r1_reg[0]/C
High Pulse Width  Fast    FDRE/C             n/a            0.500         5.000       4.500      SLICE_X53Y134   u_confreg/conf_wdata_r1_reg[0]/C
High Pulse Width  Slow    FDRE/C             n/a            0.500         5.000       4.500      SLICE_X51Y136   u_confreg/conf_wdata_r1_reg[10]/C
High Pulse Width  Fast    FDRE/C             n/a            0.500         5.000       4.500      SLICE_X51Y136   u_confreg/conf_wdata_r1_reg[10]/C
High Pulse Width  Slow    FDRE/C             n/a            0.500         5.000       4.500      SLICE_X59Y135   u_confreg/conf_wdata_r1_reg[11]/C
High Pulse Width  Fast    FDRE/C             n/a            0.500         5.000       4.500      SLICE_X59Y135   u_confreg/conf_wdata_r1_reg[11]/C
High Pulse Width  Slow    FDRE/C             n/a            0.500         5.000       4.500      SLICE_X58Y140   u_confreg/conf_wdata_r1_reg[12]/C
High Pulse Width  Fast    FDRE/C             n/a            0.500         5.000       4.500      SLICE_X58Y140   u_confreg/conf_wdata_r1_reg[12]/C
High Pulse Width  Slow    FDRE/C             n/a            0.500         5.000       4.500      SLICE_X53Y139   u_confreg/conf_wdata_r1_reg[13]/C
High Pulse Width  Fast    FDRE/C             n/a            0.500         5.000       4.500      SLICE_X53Y139   u_confreg/conf_wdata_r1_reg[13]/C



--------------------------------------------------------------------------------------
Path Group:  (none)
From Clock:  timer_clk_clk_pll
  To Clock:  cpu_clk_clk_pll

Max Delay            33 Endpoints
Min Delay            33 Endpoints
--------------------------------------------------------------------------------------


Max Delay Paths
--------------------------------------------------------------------------------------
Slack:                    inf
  Source:                 u_confreg/timer_reg[9]/C
                            (rising edge-triggered cell FDRE clocked by timer_clk_clk_pll  {rise@0.000ns fall@5.000ns period=10.000ns})
  Destination:            u_confreg/timer_r1_reg[9]/D
                            (rising edge-triggered cell FDRE clocked by cpu_clk_clk_pll  {rise@0.000ns fall@16.667ns period=33.333ns})
  Path Group:             (none)
  Path Type:              Setup (Max at Fast Process Corner)
  Data Path Delay:        0.623ns  (logic 0.175ns (28.103%)  route 0.448ns (71.897%))
  Logic Levels:           0  
  Clock Path Skew:        -0.239ns (DCD - SCD + CPR)
    Destination Clock Delay (DCD):    -0.541ns
    Source Clock Delay      (SCD):    -0.302ns
    Clock Pessimism Removal (CPR):    0.000ns
  Clock Uncertainty:      0.215ns  ((TSJ^2 + DJ^2)^1/2) / 2 + PE
    Total System Jitter     (TSJ):    0.071ns
    Discrete Jitter          (DJ):    0.177ns
    Phase Error              (PE):    0.120ns
  Timing Exception:       False Path

    Location             Delay type                Incr(ns)  Path(ns)    Netlist Resource(s)
  -------------------------------------------------------------------    -------------------
                         (clock timer_clk_clk_pll rise edge)
                                                      0.000     0.000 r  
    AC19                                              0.000     0.000 r  clk (IN)
                         net (fo=0)                   0.000     0.000    pll.clk_pll/inst/clk_in1
    AC19                 IBUF (Prop_ibuf_I_O)         0.441     0.441 r  pll.clk_pll/inst/clkin1_ibufg/O
                         net (fo=1, routed)           0.620     1.061    pll.clk_pll/inst/clk_in1_clk_pll
    PLLE2_ADV_X0Y2       PLLE2_ADV (Prop_plle2_adv_CLKIN1_CLKOUT1)
                                                     -2.851    -1.790 r  pll.clk_pll/inst/plle2_adv_inst/CLKOUT1
                         net (fo=1, routed)           0.611    -1.180    pll.clk_pll/inst/timer_clk_clk_pll
    BUFGCTRL_X0Y1        BUFG (Prop_bufg_I_O)         0.029    -1.151 r  pll.clk_pll/inst/clkout2_buf/O
                         net (fo=99, routed)          0.849    -0.302    u_confreg/timer_clk
    SLICE_X61Y136        FDRE                                         r  u_confreg/timer_reg[9]/C
  -------------------------------------------------------------------    -------------------
    SLICE_X61Y136        FDRE (Prop_fdre_C_Q)         0.175    -0.127 r  u_confreg/timer_reg[9]/Q
                         net (fo=2, routed)           0.448     0.321    u_confreg/timer_reg[9]
    SLICE_X63Y138        FDRE                                         r  u_confreg/timer_r1_reg[9]/D
  -------------------------------------------------------------------    -------------------

                         (clock cpu_clk_clk_pll rise edge)
                                                      0.000     0.000 r  
    AC19                                              0.000     0.000 r  clk (IN)
                         net (fo=0)                   0.000     0.000    pll.clk_pll/inst/clk_in1
    AC19                 IBUF (Prop_ibuf_I_O)         0.253     0.253 r  pll.clk_pll/inst/clkin1_ibufg/O
                         net (fo=1, routed)           0.565     0.818    pll.clk_pll/inst/clk_in1_clk_pll
    PLLE2_ADV_X0Y2       PLLE2_ADV (Prop_plle2_adv_CLKIN1_CLKOUT0)
                                                     -2.523    -1.705 r  pll.clk_pll/inst/plle2_adv_inst/CLKOUT0
                         net (fo=1, routed)           0.560    -1.146    pll.clk_pll/inst/cpu_clk_clk_pll
    BUFGCTRL_X0Y0        BUFG (Prop_bufg_I_O)         0.026    -1.120 r  pll.clk_pll/inst/clkout1_buf/O
                         net (fo=12248, routed)       0.579    -0.541    u_confreg/cpu_clk
    SLICE_X63Y138        FDRE                                         r  u_confreg/timer_r1_reg[9]/C

Slack:                    inf
  Source:                 u_confreg/timer_reg[4]/C
                            (rising edge-triggered cell FDRE clocked by timer_clk_clk_pll  {rise@0.000ns fall@5.000ns period=10.000ns})
  Destination:            u_confreg/timer_r1_reg[4]/D
                            (rising edge-triggered cell FDRE clocked by cpu_clk_clk_pll  {rise@0.000ns fall@16.667ns period=33.333ns})
  Path Group:             (none)
  Path Type:              Setup (Max at Fast Process Corner)
  Data Path Delay:        0.612ns  (logic 0.175ns (28.600%)  route 0.437ns (71.400%))
  Logic Levels:           0  
  Clock Path Skew:        -0.239ns (DCD - SCD + CPR)
    Destination Clock Delay (DCD):    -0.541ns
    Source Clock Delay      (SCD):    -0.302ns
    Clock Pessimism Removal (CPR):    0.000ns
  Clock Uncertainty:      0.215ns  ((TSJ^2 + DJ^2)^1/2) / 2 + PE
    Total System Jitter     (TSJ):    0.071ns
    Discrete Jitter          (DJ):    0.177ns
    Phase Error              (PE):    0.120ns
  Timing Exception:       False Path

    Location             Delay type                Incr(ns)  Path(ns)    Netlist Resource(s)
  -------------------------------------------------------------------    -------------------
                         (clock timer_clk_clk_pll rise edge)
                                                      0.000     0.000 r  
    AC19                                              0.000     0.000 r  clk (IN)
                         net (fo=0)                   0.000     0.000    pll.clk_pll/inst/clk_in1
    AC19                 IBUF (Prop_ibuf_I_O)         0.441     0.441 r  pll.clk_pll/inst/clkin1_ibufg/O
                         net (fo=1, routed)           0.620     1.061    pll.clk_pll/inst/clk_in1_clk_pll
    PLLE2_ADV_X0Y2       PLLE2_ADV (Prop_plle2_adv_CLKIN1_CLKOUT1)
                                                     -2.851    -1.790 r  pll.clk_pll/inst/plle2_adv_inst/CLKOUT1
                         net (fo=1, routed)           0.611    -1.180    pll.clk_pll/inst/timer_clk_clk_pll
    BUFGCTRL_X0Y1        BUFG (Prop_bufg_I_O)         0.029    -1.151 r  pll.clk_pll/inst/clkout2_buf/O
                         net (fo=99, routed)          0.849    -0.302    u_confreg/timer_clk
    SLICE_X61Y135        FDRE                                         r  u_confreg/timer_reg[4]/C
  -------------------------------------------------------------------    -------------------
    SLICE_X61Y135        FDRE (Prop_fdre_C_Q)         0.175    -0.127 r  u_confreg/timer_reg[4]/Q
                         net (fo=2, routed)           0.437     0.310    u_confreg/timer_reg[4]
    SLICE_X60Y135        FDRE                                         r  u_confreg/timer_r1_reg[4]/D
  -------------------------------------------------------------------    -------------------

                         (clock cpu_clk_clk_pll rise edge)
                                                      0.000     0.000 r  
    AC19                                              0.000     0.000 r  clk (IN)
                         net (fo=0)                   0.000     0.000    pll.clk_pll/inst/clk_in1
    AC19                 IBUF (Prop_ibuf_I_O)         0.253     0.253 r  pll.clk_pll/inst/clkin1_ibufg/O
                         net (fo=1, routed)           0.565     0.818    pll.clk_pll/inst/clk_in1_clk_pll
    PLLE2_ADV_X0Y2       PLLE2_ADV (Prop_plle2_adv_CLKIN1_CLKOUT0)
                                                     -2.523    -1.705 r  pll.clk_pll/inst/plle2_adv_inst/CLKOUT0
                         net (fo=1, routed)           0.560    -1.146    pll.clk_pll/inst/cpu_clk_clk_pll
    BUFGCTRL_X0Y0        BUFG (Prop_bufg_I_O)         0.026    -1.120 r  pll.clk_pll/inst/clkout1_buf/O
                         net (fo=12248, routed)       0.579    -0.541    u_confreg/cpu_clk
    SLICE_X60Y135        FDRE                                         r  u_confreg/timer_r1_reg[4]/C

Slack:                    inf
  Source:                 u_confreg/timer_reg[20]/C
                            (rising edge-triggered cell FDRE clocked by timer_clk_clk_pll  {rise@0.000ns fall@5.000ns period=10.000ns})
  Destination:            u_confreg/timer_r1_reg[20]/D
                            (rising edge-triggered cell FDRE clocked by cpu_clk_clk_pll  {rise@0.000ns fall@16.667ns period=33.333ns})
  Path Group:             (none)
  Path Type:              Setup (Max at Fast Process Corner)
  Data Path Delay:        0.600ns  (logic 0.175ns (29.162%)  route 0.425ns (70.838%))
  Logic Levels:           0  
  Clock Path Skew:        -0.241ns (DCD - SCD + CPR)
    Destination Clock Delay (DCD):    -0.540ns
    Source Clock Delay      (SCD):    -0.299ns
    Clock Pessimism Removal (CPR):    0.000ns
  Clock Uncertainty:      0.215ns  ((TSJ^2 + DJ^2)^1/2) / 2 + PE
    Total System Jitter     (TSJ):    0.071ns
    Discrete Jitter          (DJ):    0.177ns
    Phase Error              (PE):    0.120ns
  Timing Exception:       False Path

    Location             Delay type                Incr(ns)  Path(ns)    Netlist Resource(s)
  -------------------------------------------------------------------    -------------------
                         (clock timer_clk_clk_pll rise edge)
                                                      0.000     0.000 r  
    AC19                                              0.000     0.000 r  clk (IN)
                         net (fo=0)                   0.000     0.000    pll.clk_pll/inst/clk_in1
    AC19                 IBUF (Prop_ibuf_I_O)         0.441     0.441 r  pll.clk_pll/inst/clkin1_ibufg/O
                         net (fo=1, routed)           0.620     1.061    pll.clk_pll/inst/clk_in1_clk_pll
    PLLE2_ADV_X0Y2       PLLE2_ADV (Prop_plle2_adv_CLKIN1_CLKOUT1)
                                                     -2.851    -1.790 r  pll.clk_pll/inst/plle2_adv_inst/CLKOUT1
                         net (fo=1, routed)           0.611    -1.180    pll.clk_pll/inst/timer_clk_clk_pll
    BUFGCTRL_X0Y1        BUFG (Prop_bufg_I_O)         0.029    -1.151 r  pll.clk_pll/inst/clkout2_buf/O
                         net (fo=99, routed)          0.852    -0.299    u_confreg/timer_clk
    SLICE_X61Y139        FDRE                                         r  u_confreg/timer_reg[20]/C
  -------------------------------------------------------------------    -------------------
    SLICE_X61Y139        FDRE (Prop_fdre_C_Q)         0.175    -0.124 r  u_confreg/timer_reg[20]/Q
                         net (fo=2, routed)           0.425     0.301    u_confreg/timer_reg[20]
    SLICE_X63Y141        FDRE                                         r  u_confreg/timer_r1_reg[20]/D
  -------------------------------------------------------------------    -------------------

                         (clock cpu_clk_clk_pll rise edge)
                                                      0.000     0.000 r  
    AC19                                              0.000     0.000 r  clk (IN)
                         net (fo=0)                   0.000     0.000    pll.clk_pll/inst/clk_in1
    AC19                 IBUF (Prop_ibuf_I_O)         0.253     0.253 r  pll.clk_pll/inst/clkin1_ibufg/O
                         net (fo=1, routed)           0.565     0.818    pll.clk_pll/inst/clk_in1_clk_pll
    PLLE2_ADV_X0Y2       PLLE2_ADV (Prop_plle2_adv_CLKIN1_CLKOUT0)
                                                     -2.523    -1.705 r  pll.clk_pll/inst/plle2_adv_inst/CLKOUT0
                         net (fo=1, routed)           0.560    -1.146    pll.clk_pll/inst/cpu_clk_clk_pll
    BUFGCTRL_X0Y0        BUFG (Prop_bufg_I_O)         0.026    -1.120 r  pll.clk_pll/inst/clkout1_buf/O
                         net (fo=12248, routed)       0.580    -0.540    u_confreg/cpu_clk
    SLICE_X63Y141        FDRE                                         r  u_confreg/timer_r1_reg[20]/C

Slack:                    inf
  Source:                 u_confreg/timer_reg[15]/C
                            (rising edge-triggered cell FDRE clocked by timer_clk_clk_pll  {rise@0.000ns fall@5.000ns period=10.000ns})
  Destination:            u_confreg/timer_r1_reg[15]/D
                            (rising edge-triggered cell FDRE clocked by cpu_clk_clk_pll  {rise@0.000ns fall@16.667ns period=33.333ns})
  Path Group:             (none)
  Path Type:              Setup (Max at Fast Process Corner)
  Data Path Delay:        0.587ns  (logic 0.175ns (29.797%)  route 0.412ns (70.202%))
  Logic Levels:           0  
  Clock Path Skew:        -0.239ns (DCD - SCD + CPR)
    Destination Clock Delay (DCD):    -0.540ns
    Source Clock Delay      (SCD):    -0.301ns
    Clock Pessimism Removal (CPR):    0.000ns
  Clock Uncertainty:      0.215ns  ((TSJ^2 + DJ^2)^1/2) / 2 + PE
    Total System Jitter     (TSJ):    0.071ns
    Discrete Jitter          (DJ):    0.177ns
    Phase Error              (PE):    0.120ns
  Timing Exception:       False Path

    Location             Delay type                Incr(ns)  Path(ns)    Netlist Resource(s)
  -------------------------------------------------------------------    -------------------
                         (clock timer_clk_clk_pll rise edge)
                                                      0.000     0.000 r  
    AC19                                              0.000     0.000 r  clk (IN)
                         net (fo=0)                   0.000     0.000    pll.clk_pll/inst/clk_in1
    AC19                 IBUF (Prop_ibuf_I_O)         0.441     0.441 r  pll.clk_pll/inst/clkin1_ibufg/O
                         net (fo=1, routed)           0.620     1.061    pll.clk_pll/inst/clk_in1_clk_pll
    PLLE2_ADV_X0Y2       PLLE2_ADV (Prop_plle2_adv_CLKIN1_CLKOUT1)
                                                     -2.851    -1.790 r  pll.clk_pll/inst/plle2_adv_inst/CLKOUT1
                         net (fo=1, routed)           0.611    -1.180    pll.clk_pll/inst/timer_clk_clk_pll
    BUFGCTRL_X0Y1        BUFG (Prop_bufg_I_O)         0.029    -1.151 r  pll.clk_pll/inst/clkout2_buf/O
                         net (fo=99, routed)          0.850    -0.301    u_confreg/timer_clk
    SLICE_X61Y137        FDRE                                         r  u_confreg/timer_reg[15]/C
  -------------------------------------------------------------------    -------------------
    SLICE_X61Y137        FDRE (Prop_fdre_C_Q)         0.175    -0.126 r  u_confreg/timer_reg[15]/Q
                         net (fo=2, routed)           0.412     0.286    u_confreg/timer_reg[15]
    SLICE_X62Y141        FDRE                                         r  u_confreg/timer_r1_reg[15]/D
  -------------------------------------------------------------------    -------------------

                         (clock cpu_clk_clk_pll rise edge)
                                                      0.000     0.000 r  
    AC19                                              0.000     0.000 r  clk (IN)
                         net (fo=0)                   0.000     0.000    pll.clk_pll/inst/clk_in1
    AC19                 IBUF (Prop_ibuf_I_O)         0.253     0.253 r  pll.clk_pll/inst/clkin1_ibufg/O
                         net (fo=1, routed)           0.565     0.818    pll.clk_pll/inst/clk_in1_clk_pll
    PLLE2_ADV_X0Y2       PLLE2_ADV (Prop_plle2_adv_CLKIN1_CLKOUT0)
                                                     -2.523    -1.705 r  pll.clk_pll/inst/plle2_adv_inst/CLKOUT0
                         net (fo=1, routed)           0.560    -1.146    pll.clk_pll/inst/cpu_clk_clk_pll
    BUFGCTRL_X0Y0        BUFG (Prop_bufg_I_O)         0.026    -1.120 r  pll.clk_pll/inst/clkout1_buf/O
                         net (fo=12248, routed)       0.580    -0.540    u_confreg/cpu_clk
    SLICE_X62Y141        FDRE                                         r  u_confreg/timer_r1_reg[15]/C

Slack:                    inf
  Source:                 u_confreg/timer_reg[12]/C
                            (rising edge-triggered cell FDRE clocked by timer_clk_clk_pll  {rise@0.000ns fall@5.000ns period=10.000ns})
  Destination:            u_confreg/timer_r1_reg[12]/D
                            (rising edge-triggered cell FDRE clocked by cpu_clk_clk_pll  {rise@0.000ns fall@16.667ns period=33.333ns})
  Path Group:             (none)
  Path Type:              Setup (Max at Fast Process Corner)
  Data Path Delay:        0.579ns  (logic 0.175ns (30.202%)  route 0.404ns (69.798%))
  Logic Levels:           0  
  Clock Path Skew:        -0.239ns (DCD - SCD + CPR)
    Destination Clock Delay (DCD):    -0.540ns
    Source Clock Delay      (SCD):    -0.301ns
    Clock Pessimism Removal (CPR):    0.000ns
  Clock Uncertainty:      0.215ns  ((TSJ^2 + DJ^2)^1/2) / 2 + PE
    Total System Jitter     (TSJ):    0.071ns
    Discrete Jitter          (DJ):    0.177ns
    Phase Error              (PE):    0.120ns
  Timing Exception:       False Path

    Location             Delay type                Incr(ns)  Path(ns)    Netlist Resource(s)
  -------------------------------------------------------------------    -------------------
                         (clock timer_clk_clk_pll rise edge)
                                                      0.000     0.000 r  
    AC19                                              0.000     0.000 r  clk (IN)
                         net (fo=0)                   0.000     0.000    pll.clk_pll/inst/clk_in1
    AC19                 IBUF (Prop_ibuf_I_O)         0.441     0.441 r  pll.clk_pll/inst/clkin1_ibufg/O
                         net (fo=1, routed)           0.620     1.061    pll.clk_pll/inst/clk_in1_clk_pll
    PLLE2_ADV_X0Y2       PLLE2_ADV (Prop_plle2_adv_CLKIN1_CLKOUT1)
                                                     -2.851    -1.790 r  pll.clk_pll/inst/plle2_adv_inst/CLKOUT1
                         net (fo=1, routed)           0.611    -1.180    pll.clk_pll/inst/timer_clk_clk_pll
    BUFGCTRL_X0Y1        BUFG (Prop_bufg_I_O)         0.029    -1.151 r  pll.clk_pll/inst/clkout2_buf/O
                         net (fo=99, routed)          0.850    -0.301    u_confreg/timer_clk
    SLICE_X61Y137        FDRE                                         r  u_confreg/timer_reg[12]/C
  -------------------------------------------------------------------    -------------------
    SLICE_X61Y137        FDRE (Prop_fdre_C_Q)         0.175    -0.126 r  u_confreg/timer_reg[12]/Q
                         net (fo=2, routed)           0.404     0.278    u_confreg/timer_reg[12]
    SLICE_X63Y140        FDRE                                         r  u_confreg/timer_r1_reg[12]/D
  -------------------------------------------------------------------    -------------------

                         (clock cpu_clk_clk_pll rise edge)
                                                      0.000     0.000 r  
    AC19                                              0.000     0.000 r  clk (IN)
                         net (fo=0)                   0.000     0.000    pll.clk_pll/inst/clk_in1
    AC19                 IBUF (Prop_ibuf_I_O)         0.253     0.253 r  pll.clk_pll/inst/clkin1_ibufg/O
                         net (fo=1, routed)           0.565     0.818    pll.clk_pll/inst/clk_in1_clk_pll
    PLLE2_ADV_X0Y2       PLLE2_ADV (Prop_plle2_adv_CLKIN1_CLKOUT0)
                                                     -2.523    -1.705 r  pll.clk_pll/inst/plle2_adv_inst/CLKOUT0
                         net (fo=1, routed)           0.560    -1.146    pll.clk_pll/inst/cpu_clk_clk_pll
    BUFGCTRL_X0Y0        BUFG (Prop_bufg_I_O)         0.026    -1.120 r  pll.clk_pll/inst/clkout1_buf/O
                         net (fo=12248, routed)       0.580    -0.540    u_confreg/cpu_clk
    SLICE_X63Y140        FDRE                                         r  u_confreg/timer_r1_reg[12]/C

Slack:                    inf
  Source:                 u_confreg/timer_reg[28]/C
                            (rising edge-triggered cell FDRE clocked by timer_clk_clk_pll  {rise@0.000ns fall@5.000ns period=10.000ns})
  Destination:            u_confreg/timer_r1_reg[28]/D
                            (rising edge-triggered cell FDRE clocked by cpu_clk_clk_pll  {rise@0.000ns fall@16.667ns period=33.333ns})
  Path Group:             (none)
  Path Type:              Setup (Max at Fast Process Corner)
  Data Path Delay:        0.575ns  (logic 0.175ns (30.441%)  route 0.400ns (69.559%))
  Logic Levels:           0  
  Clock Path Skew:        -0.246ns (DCD - SCD + CPR)
    Destination Clock Delay (DCD):    -0.544ns
    Source Clock Delay      (SCD):    -0.298ns
    Clock Pessimism Removal (CPR):    0.000ns
  Clock Uncertainty:      0.215ns  ((TSJ^2 + DJ^2)^1/2) / 2 + PE
    Total System Jitter     (TSJ):    0.071ns
    Discrete Jitter          (DJ):    0.177ns
    Phase Error              (PE):    0.120ns
  Timing Exception:       False Path

    Location             Delay type                Incr(ns)  Path(ns)    Netlist Resource(s)
  -------------------------------------------------------------------    -------------------
                         (clock timer_clk_clk_pll rise edge)
                                                      0.000     0.000 r  
    AC19                                              0.000     0.000 r  clk (IN)
                         net (fo=0)                   0.000     0.000    pll.clk_pll/inst/clk_in1
    AC19                 IBUF (Prop_ibuf_I_O)         0.441     0.441 r  pll.clk_pll/inst/clkin1_ibufg/O
                         net (fo=1, routed)           0.620     1.061    pll.clk_pll/inst/clk_in1_clk_pll
    PLLE2_ADV_X0Y2       PLLE2_ADV (Prop_plle2_adv_CLKIN1_CLKOUT1)
                                                     -2.851    -1.790 r  pll.clk_pll/inst/plle2_adv_inst/CLKOUT1
                         net (fo=1, routed)           0.611    -1.180    pll.clk_pll/inst/timer_clk_clk_pll
    BUFGCTRL_X0Y1        BUFG (Prop_bufg_I_O)         0.029    -1.151 r  pll.clk_pll/inst/clkout2_buf/O
                         net (fo=99, routed)          0.853    -0.298    u_confreg/timer_clk
    SLICE_X61Y141        FDRE                                         r  u_confreg/timer_reg[28]/C
  -------------------------------------------------------------------    -------------------
    SLICE_X61Y141        FDRE (Prop_fdre_C_Q)         0.175    -0.123 r  u_confreg/timer_reg[28]/Q
                         net (fo=2, routed)           0.400     0.277    u_confreg/timer_reg[28]
    SLICE_X69Y139        FDRE                                         r  u_confreg/timer_r1_reg[28]/D
  -------------------------------------------------------------------    -------------------

                         (clock cpu_clk_clk_pll rise edge)
                                                      0.000     0.000 r  
    AC19                                              0.000     0.000 r  clk (IN)
                         net (fo=0)                   0.000     0.000    pll.clk_pll/inst/clk_in1
    AC19                 IBUF (Prop_ibuf_I_O)         0.253     0.253 r  pll.clk_pll/inst/clkin1_ibufg/O
                         net (fo=1, routed)           0.565     0.818    pll.clk_pll/inst/clk_in1_clk_pll
    PLLE2_ADV_X0Y2       PLLE2_ADV (Prop_plle2_adv_CLKIN1_CLKOUT0)
                                                     -2.523    -1.705 r  pll.clk_pll/inst/plle2_adv_inst/CLKOUT0
                         net (fo=1, routed)           0.560    -1.146    pll.clk_pll/inst/cpu_clk_clk_pll
    BUFGCTRL_X0Y0        BUFG (Prop_bufg_I_O)         0.026    -1.120 r  pll.clk_pll/inst/clkout1_buf/O
                         net (fo=12248, routed)       0.576    -0.544    u_confreg/cpu_clk
    SLICE_X69Y139        FDRE                                         r  u_confreg/timer_r1_reg[28]/C

Slack:                    inf
  Source:                 u_confreg/timer_reg[26]/C
                            (rising edge-triggered cell FDRE clocked by timer_clk_clk_pll  {rise@0.000ns fall@5.000ns period=10.000ns})
  Destination:            u_confreg/timer_r1_reg[26]/D
                            (rising edge-triggered cell FDRE clocked by cpu_clk_clk_pll  {rise@0.000ns fall@16.667ns period=33.333ns})
  Path Group:             (none)
  Path Type:              Setup (Max at Fast Process Corner)
  Data Path Delay:        0.549ns  (logic 0.175ns (31.893%)  route 0.374ns (68.107%))
  Logic Levels:           0  
  Clock Path Skew:        -0.245ns (DCD - SCD + CPR)
    Destination Clock Delay (DCD):    -0.543ns
    Source Clock Delay      (SCD):    -0.298ns
    Clock Pessimism Removal (CPR):    0.000ns
  Clock Uncertainty:      0.215ns  ((TSJ^2 + DJ^2)^1/2) / 2 + PE
    Total System Jitter     (TSJ):    0.071ns
    Discrete Jitter          (DJ):    0.177ns
    Phase Error              (PE):    0.120ns
  Timing Exception:       False Path

    Location             Delay type                Incr(ns)  Path(ns)    Netlist Resource(s)
  -------------------------------------------------------------------    -------------------
                         (clock timer_clk_clk_pll rise edge)
                                                      0.000     0.000 r  
    AC19                                              0.000     0.000 r  clk (IN)
                         net (fo=0)                   0.000     0.000    pll.clk_pll/inst/clk_in1
    AC19                 IBUF (Prop_ibuf_I_O)         0.441     0.441 r  pll.clk_pll/inst/clkin1_ibufg/O
                         net (fo=1, routed)           0.620     1.061    pll.clk_pll/inst/clk_in1_clk_pll
    PLLE2_ADV_X0Y2       PLLE2_ADV (Prop_plle2_adv_CLKIN1_CLKOUT1)
                                                     -2.851    -1.790 r  pll.clk_pll/inst/plle2_adv_inst/CLKOUT1
                         net (fo=1, routed)           0.611    -1.180    pll.clk_pll/inst/timer_clk_clk_pll
    BUFGCTRL_X0Y1        BUFG (Prop_bufg_I_O)         0.029    -1.151 r  pll.clk_pll/inst/clkout2_buf/O
                         net (fo=99, routed)          0.853    -0.298    u_confreg/timer_clk
    SLICE_X61Y140        FDRE                                         r  u_confreg/timer_reg[26]/C
  -------------------------------------------------------------------    -------------------
    SLICE_X61Y140        FDRE (Prop_fdre_C_Q)         0.175    -0.123 r  u_confreg/timer_reg[26]/Q
                         net (fo=2, routed)           0.374     0.251    u_confreg/timer_reg[26]
    SLICE_X67Y140        FDRE                                         r  u_confreg/timer_r1_reg[26]/D
  -------------------------------------------------------------------    -------------------

                         (clock cpu_clk_clk_pll rise edge)
                                                      0.000     0.000 r  
    AC19                                              0.000     0.000 r  clk (IN)
                         net (fo=0)                   0.000     0.000    pll.clk_pll/inst/clk_in1
    AC19                 IBUF (Prop_ibuf_I_O)         0.253     0.253 r  pll.clk_pll/inst/clkin1_ibufg/O
                         net (fo=1, routed)           0.565     0.818    pll.clk_pll/inst/clk_in1_clk_pll
    PLLE2_ADV_X0Y2       PLLE2_ADV (Prop_plle2_adv_CLKIN1_CLKOUT0)
                                                     -2.523    -1.705 r  pll.clk_pll/inst/plle2_adv_inst/CLKOUT0
                         net (fo=1, routed)           0.560    -1.146    pll.clk_pll/inst/cpu_clk_clk_pll
    BUFGCTRL_X0Y0        BUFG (Prop_bufg_I_O)         0.026    -1.120 r  pll.clk_pll/inst/clkout1_buf/O
                         net (fo=12248, routed)       0.577    -0.543    u_confreg/cpu_clk
    SLICE_X67Y140        FDRE                                         r  u_confreg/timer_r1_reg[26]/C

Slack:                    inf
  Source:                 u_confreg/timer_reg[16]/C
                            (rising edge-triggered cell FDRE clocked by timer_clk_clk_pll  {rise@0.000ns fall@5.000ns period=10.000ns})
  Destination:            u_confreg/timer_r1_reg[16]/D
                            (rising edge-triggered cell FDRE clocked by cpu_clk_clk_pll  {rise@0.000ns fall@16.667ns period=33.333ns})
  Path Group:             (none)
  Path Type:              Setup (Max at Fast Process Corner)
  Data Path Delay:        0.534ns  (logic 0.175ns (32.790%)  route 0.359ns (67.210%))
  Logic Levels:           0  
  Clock Path Skew:        -0.241ns (DCD - SCD + CPR)
    Destination Clock Delay (DCD):    -0.540ns
    Source Clock Delay      (SCD):    -0.299ns
    Clock Pessimism Removal (CPR):    0.000ns
  Clock Uncertainty:      0.215ns  ((TSJ^2 + DJ^2)^1/2) / 2 + PE
    Total System Jitter     (TSJ):    0.071ns
    Discrete Jitter          (DJ):    0.177ns
    Phase Error              (PE):    0.120ns
  Timing Exception:       False Path

    Location             Delay type                Incr(ns)  Path(ns)    Netlist Resource(s)
  -------------------------------------------------------------------    -------------------
                         (clock timer_clk_clk_pll rise edge)
                                                      0.000     0.000 r  
    AC19                                              0.000     0.000 r  clk (IN)
                         net (fo=0)                   0.000     0.000    pll.clk_pll/inst/clk_in1
    AC19                 IBUF (Prop_ibuf_I_O)         0.441     0.441 r  pll.clk_pll/inst/clkin1_ibufg/O
                         net (fo=1, routed)           0.620     1.061    pll.clk_pll/inst/clk_in1_clk_pll
    PLLE2_ADV_X0Y2       PLLE2_ADV (Prop_plle2_adv_CLKIN1_CLKOUT1)
                                                     -2.851    -1.790 r  pll.clk_pll/inst/plle2_adv_inst/CLKOUT1
                         net (fo=1, routed)           0.611    -1.180    pll.clk_pll/inst/timer_clk_clk_pll
    BUFGCTRL_X0Y1        BUFG (Prop_bufg_I_O)         0.029    -1.151 r  pll.clk_pll/inst/clkout2_buf/O
                         net (fo=99, routed)          0.852    -0.299    u_confreg/timer_clk
    SLICE_X61Y138        FDRE                                         r  u_confreg/timer_reg[16]/C
  -------------------------------------------------------------------    -------------------
    SLICE_X61Y138        FDRE (Prop_fdre_C_Q)         0.175    -0.124 r  u_confreg/timer_reg[16]/Q
                         net (fo=2, routed)           0.359     0.235    u_confreg/timer_reg[16]
    SLICE_X63Y140        FDRE                                         r  u_confreg/timer_r1_reg[16]/D
  -------------------------------------------------------------------    -------------------

                         (clock cpu_clk_clk_pll rise edge)
                                                      0.000     0.000 r  
    AC19                                              0.000     0.000 r  clk (IN)
                         net (fo=0)                   0.000     0.000    pll.clk_pll/inst/clk_in1
    AC19                 IBUF (Prop_ibuf_I_O)         0.253     0.253 r  pll.clk_pll/inst/clkin1_ibufg/O
                         net (fo=1, routed)           0.565     0.818    pll.clk_pll/inst/clk_in1_clk_pll
    PLLE2_ADV_X0Y2       PLLE2_ADV (Prop_plle2_adv_CLKIN1_CLKOUT0)
                                                     -2.523    -1.705 r  pll.clk_pll/inst/plle2_adv_inst/CLKOUT0
                         net (fo=1, routed)           0.560    -1.146    pll.clk_pll/inst/cpu_clk_clk_pll
    BUFGCTRL_X0Y0        BUFG (Prop_bufg_I_O)         0.026    -1.120 r  pll.clk_pll/inst/clkout1_buf/O
                         net (fo=12248, routed)       0.580    -0.540    u_confreg/cpu_clk
    SLICE_X63Y140        FDRE                                         r  u_confreg/timer_r1_reg[16]/C

Slack:                    inf
  Source:                 u_confreg/timer_reg[8]/C
                            (rising edge-triggered cell FDRE clocked by timer_clk_clk_pll  {rise@0.000ns fall@5.000ns period=10.000ns})
  Destination:            u_confreg/timer_r1_reg[8]/D
                            (rising edge-triggered cell FDRE clocked by cpu_clk_clk_pll  {rise@0.000ns fall@16.667ns period=33.333ns})
  Path Group:             (none)
  Path Type:              Setup (Max at Fast Process Corner)
  Data Path Delay:        0.535ns  (logic 0.175ns (32.689%)  route 0.360ns (67.311%))
  Logic Levels:           0  
  Clock Path Skew:        -0.240ns (DCD - SCD + CPR)
    Destination Clock Delay (DCD):    -0.542ns
    Source Clock Delay      (SCD):    -0.302ns
    Clock Pessimism Removal (CPR):    0.000ns
  Clock Uncertainty:      0.215ns  ((TSJ^2 + DJ^2)^1/2) / 2 + PE
    Total System Jitter     (TSJ):    0.071ns
    Discrete Jitter          (DJ):    0.177ns
    Phase Error              (PE):    0.120ns
  Timing Exception:       False Path

    Location             Delay type                Incr(ns)  Path(ns)    Netlist Resource(s)
  -------------------------------------------------------------------    -------------------
                         (clock timer_clk_clk_pll rise edge)
                                                      0.000     0.000 r  
    AC19                                              0.000     0.000 r  clk (IN)
                         net (fo=0)                   0.000     0.000    pll.clk_pll/inst/clk_in1
    AC19                 IBUF (Prop_ibuf_I_O)         0.441     0.441 r  pll.clk_pll/inst/clkin1_ibufg/O
                         net (fo=1, routed)           0.620     1.061    pll.clk_pll/inst/clk_in1_clk_pll
    PLLE2_ADV_X0Y2       PLLE2_ADV (Prop_plle2_adv_CLKIN1_CLKOUT1)
                                                     -2.851    -1.790 r  pll.clk_pll/inst/plle2_adv_inst/CLKOUT1
                         net (fo=1, routed)           0.611    -1.180    pll.clk_pll/inst/timer_clk_clk_pll
    BUFGCTRL_X0Y1        BUFG (Prop_bufg_I_O)         0.029    -1.151 r  pll.clk_pll/inst/clkout2_buf/O
                         net (fo=99, routed)          0.849    -0.302    u_confreg/timer_clk
    SLICE_X61Y136        FDRE                                         r  u_confreg/timer_reg[8]/C
  -------------------------------------------------------------------    -------------------
    SLICE_X61Y136        FDRE (Prop_fdre_C_Q)         0.175    -0.127 r  u_confreg/timer_reg[8]/Q
                         net (fo=2, routed)           0.360     0.233    u_confreg/timer_reg[8]
    SLICE_X65Y138        FDRE                                         r  u_confreg/timer_r1_reg[8]/D
  -------------------------------------------------------------------    -------------------

                         (clock cpu_clk_clk_pll rise edge)
                                                      0.000     0.000 r  
    AC19                                              0.000     0.000 r  clk (IN)
                         net (fo=0)                   0.000     0.000    pll.clk_pll/inst/clk_in1
    AC19                 IBUF (Prop_ibuf_I_O)         0.253     0.253 r  pll.clk_pll/inst/clkin1_ibufg/O
                         net (fo=1, routed)           0.565     0.818    pll.clk_pll/inst/clk_in1_clk_pll
    PLLE2_ADV_X0Y2       PLLE2_ADV (Prop_plle2_adv_CLKIN1_CLKOUT0)
                                                     -2.523    -1.705 r  pll.clk_pll/inst/plle2_adv_inst/CLKOUT0
                         net (fo=1, routed)           0.560    -1.146    pll.clk_pll/inst/cpu_clk_clk_pll
    BUFGCTRL_X0Y0        BUFG (Prop_bufg_I_O)         0.026    -1.120 r  pll.clk_pll/inst/clkout1_buf/O
                         net (fo=12248, routed)       0.578    -0.542    u_confreg/cpu_clk
    SLICE_X65Y138        FDRE                                         r  u_confreg/timer_r1_reg[8]/C

Slack:                    inf
  Source:                 u_confreg/timer_reg[25]/C
                            (rising edge-triggered cell FDRE clocked by timer_clk_clk_pll  {rise@0.000ns fall@5.000ns period=10.000ns})
  Destination:            u_confreg/timer_r1_reg[25]/D
                            (rising edge-triggered cell FDRE clocked by cpu_clk_clk_pll  {rise@0.000ns fall@16.667ns period=33.333ns})
  Path Group:             (none)
  Path Type:              Setup (Max at Fast Process Corner)
  Data Path Delay:        0.524ns  (logic 0.175ns (33.413%)  route 0.349ns (66.587%))
  Logic Levels:           0  
  Clock Path Skew:        -0.245ns (DCD - SCD + CPR)
    Destination Clock Delay (DCD):    -0.543ns
    Source Clock Delay      (SCD):    -0.298ns
    Clock Pessimism Removal (CPR):    0.000ns
  Clock Uncertainty:      0.215ns  ((TSJ^2 + DJ^2)^1/2) / 2 + PE
    Total System Jitter     (TSJ):    0.071ns
    Discrete Jitter          (DJ):    0.177ns
    Phase Error              (PE):    0.120ns
  Timing Exception:       False Path

    Location             Delay type                Incr(ns)  Path(ns)    Netlist Resource(s)
  -------------------------------------------------------------------    -------------------
                         (clock timer_clk_clk_pll rise edge)
                                                      0.000     0.000 r  
    AC19                                              0.000     0.000 r  clk (IN)
                         net (fo=0)                   0.000     0.000    pll.clk_pll/inst/clk_in1
    AC19                 IBUF (Prop_ibuf_I_O)         0.441     0.441 r  pll.clk_pll/inst/clkin1_ibufg/O
                         net (fo=1, routed)           0.620     1.061    pll.clk_pll/inst/clk_in1_clk_pll
    PLLE2_ADV_X0Y2       PLLE2_ADV (Prop_plle2_adv_CLKIN1_CLKOUT1)
                                                     -2.851    -1.790 r  pll.clk_pll/inst/plle2_adv_inst/CLKOUT1
                         net (fo=1, routed)           0.611    -1.180    pll.clk_pll/inst/timer_clk_clk_pll
    BUFGCTRL_X0Y1        BUFG (Prop_bufg_I_O)         0.029    -1.151 r  pll.clk_pll/inst/clkout2_buf/O
                         net (fo=99, routed)          0.853    -0.298    u_confreg/timer_clk
    SLICE_X61Y140        FDRE                                         r  u_confreg/timer_reg[25]/C
  -------------------------------------------------------------------    -------------------
    SLICE_X61Y140        FDRE (Prop_fdre_C_Q)         0.175    -0.123 r  u_confreg/timer_reg[25]/Q
                         net (fo=2, routed)           0.349     0.226    u_confreg/timer_reg[25]
    SLICE_X67Y140        FDRE                                         r  u_confreg/timer_r1_reg[25]/D
  -------------------------------------------------------------------    -------------------

                         (clock cpu_clk_clk_pll rise edge)
                                                      0.000     0.000 r  
    AC19                                              0.000     0.000 r  clk (IN)
                         net (fo=0)                   0.000     0.000    pll.clk_pll/inst/clk_in1
    AC19                 IBUF (Prop_ibuf_I_O)         0.253     0.253 r  pll.clk_pll/inst/clkin1_ibufg/O
                         net (fo=1, routed)           0.565     0.818    pll.clk_pll/inst/clk_in1_clk_pll
    PLLE2_ADV_X0Y2       PLLE2_ADV (Prop_plle2_adv_CLKIN1_CLKOUT0)
                                                     -2.523    -1.705 r  pll.clk_pll/inst/plle2_adv_inst/CLKOUT0
                         net (fo=1, routed)           0.560    -1.146    pll.clk_pll/inst/cpu_clk_clk_pll
    BUFGCTRL_X0Y0        BUFG (Prop_bufg_I_O)         0.026    -1.120 r  pll.clk_pll/inst/clkout1_buf/O
                         net (fo=12248, routed)       0.577    -0.543    u_confreg/cpu_clk
    SLICE_X67Y140        FDRE                                         r  u_confreg/timer_r1_reg[25]/C





Min Delay Paths
--------------------------------------------------------------------------------------
Slack:                    inf
  Source:                 u_confreg/timer_reg[2]/C
                            (rising edge-triggered cell FDRE clocked by timer_clk_clk_pll  {rise@0.000ns fall@5.000ns period=10.000ns})
  Destination:            u_confreg/timer_r1_reg[2]/D
                            (rising edge-triggered cell FDRE clocked by cpu_clk_clk_pll  {rise@0.000ns fall@16.667ns period=33.333ns})
  Path Group:             (none)
  Path Type:              Hold (Min at Slow Process Corner)
  Data Path Delay:        0.516ns  (logic 0.367ns (71.095%)  route 0.149ns (28.905%))
  Logic Levels:           0  
  Clock Path Skew:        -0.378ns (DCD - SCD - CPR)
    Destination Clock Delay (DCD):    -2.305ns
    Source Clock Delay      (SCD):    -1.927ns
    Clock Pessimism Removal (CPR):    -0.000ns
  Clock Uncertainty:      0.215ns  ((TSJ^2 + DJ^2)^1/2) / 2 + PE
    Total System Jitter     (TSJ):    0.071ns
    Discrete Jitter          (DJ):    0.177ns
    Phase Error              (PE):    0.120ns
  Timing Exception:       False Path

    Location             Delay type                Incr(ns)  Path(ns)    Netlist Resource(s)
  -------------------------------------------------------------------    -------------------
                         (clock timer_clk_clk_pll rise edge)
                                                      0.000     0.000 r  
    AC19                                              0.000     0.000 r  clk (IN)
                         net (fo=0)                   0.000     0.000    pll.clk_pll/inst/clk_in1
    AC19                 IBUF (Prop_ibuf_I_O)         1.414     1.414 r  pll.clk_pll/inst/clkin1_ibufg/O
                         net (fo=1, routed)           1.531     2.945    pll.clk_pll/inst/clk_in1_clk_pll
    PLLE2_ADV_X0Y2       PLLE2_ADV (Prop_plle2_adv_CLKIN1_CLKOUT1)
                                                     -8.262    -5.316 r  pll.clk_pll/inst/plle2_adv_inst/CLKOUT1
                         net (fo=1, routed)           1.755    -3.561    pll.clk_pll/inst/timer_clk_clk_pll
    BUFGCTRL_X0Y1        BUFG (Prop_bufg_I_O)         0.091    -3.470 r  pll.clk_pll/inst/clkout2_buf/O
                         net (fo=99, routed)          1.543    -1.927    u_confreg/timer_clk
    SLICE_X61Y134        FDRE                                         r  u_confreg/timer_reg[2]/C
  -------------------------------------------------------------------    -------------------
    SLICE_X61Y134        FDRE (Prop_fdre_C_Q)         0.367    -1.560 r  u_confreg/timer_reg[2]/Q
                         net (fo=2, routed)           0.149    -1.410    u_confreg/timer_reg[2]
    SLICE_X60Y134        FDRE                                         r  u_confreg/timer_r1_reg[2]/D
  -------------------------------------------------------------------    -------------------

                         (clock cpu_clk_clk_pll rise edge)
                                                      0.000     0.000 r  
    AC19                                              0.000     0.000 r  clk (IN)
                         net (fo=0)                   0.000     0.000    pll.clk_pll/inst/clk_in1
    AC19                 IBUF (Prop_ibuf_I_O)         1.485     1.485 r  pll.clk_pll/inst/clkin1_ibufg/O
                         net (fo=1, routed)           1.619     3.104    pll.clk_pll/inst/clk_in1_clk_pll
    PLLE2_ADV_X0Y2       PLLE2_ADV (Prop_plle2_adv_CLKIN1_CLKOUT0)
                                                     -9.006    -5.902 r  pll.clk_pll/inst/plle2_adv_inst/CLKOUT0
                         net (fo=1, routed)           1.837    -4.064    pll.clk_pll/inst/cpu_clk_clk_pll
    BUFGCTRL_X0Y0        BUFG (Prop_bufg_I_O)         0.096    -3.968 r  pll.clk_pll/inst/clkout1_buf/O
                         net (fo=12248, routed)       1.663    -2.305    u_confreg/cpu_clk
    SLICE_X60Y134        FDRE                                         r  u_confreg/timer_r1_reg[2]/C

Slack:                    inf
  Source:                 u_confreg/timer_reg[1]/C
                            (rising edge-triggered cell FDRE clocked by timer_clk_clk_pll  {rise@0.000ns fall@5.000ns period=10.000ns})
  Destination:            u_confreg/timer_r1_reg[1]/D
                            (rising edge-triggered cell FDRE clocked by cpu_clk_clk_pll  {rise@0.000ns fall@16.667ns period=33.333ns})
  Path Group:             (none)
  Path Type:              Hold (Min at Slow Process Corner)
  Data Path Delay:        0.631ns  (logic 0.367ns (58.136%)  route 0.264ns (41.864%))
  Logic Levels:           0  
  Clock Path Skew:        -0.379ns (DCD - SCD - CPR)
    Destination Clock Delay (DCD):    -2.306ns
    Source Clock Delay      (SCD):    -1.927ns
    Clock Pessimism Removal (CPR):    -0.000ns
  Clock Uncertainty:      0.215ns  ((TSJ^2 + DJ^2)^1/2) / 2 + PE
    Total System Jitter     (TSJ):    0.071ns
    Discrete Jitter          (DJ):    0.177ns
    Phase Error              (PE):    0.120ns
  Timing Exception:       False Path

    Location             Delay type                Incr(ns)  Path(ns)    Netlist Resource(s)
  -------------------------------------------------------------------    -------------------
                         (clock timer_clk_clk_pll rise edge)
                                                      0.000     0.000 r  
    AC19                                              0.000     0.000 r  clk (IN)
                         net (fo=0)                   0.000     0.000    pll.clk_pll/inst/clk_in1
    AC19                 IBUF (Prop_ibuf_I_O)         1.414     1.414 r  pll.clk_pll/inst/clkin1_ibufg/O
                         net (fo=1, routed)           1.531     2.945    pll.clk_pll/inst/clk_in1_clk_pll
    PLLE2_ADV_X0Y2       PLLE2_ADV (Prop_plle2_adv_CLKIN1_CLKOUT1)
                                                     -8.262    -5.316 r  pll.clk_pll/inst/plle2_adv_inst/CLKOUT1
                         net (fo=1, routed)           1.755    -3.561    pll.clk_pll/inst/timer_clk_clk_pll
    BUFGCTRL_X0Y1        BUFG (Prop_bufg_I_O)         0.091    -3.470 r  pll.clk_pll/inst/clkout2_buf/O
                         net (fo=99, routed)          1.543    -1.927    u_confreg/timer_clk
    SLICE_X61Y134        FDRE                                         r  u_confreg/timer_reg[1]/C
  -------------------------------------------------------------------    -------------------
    SLICE_X61Y134        FDRE (Prop_fdre_C_Q)         0.367    -1.560 r  u_confreg/timer_reg[1]/Q
                         net (fo=2, routed)           0.264    -1.295    u_confreg/timer_reg[1]
    SLICE_X61Y133        FDRE                                         r  u_confreg/timer_r1_reg[1]/D
  -------------------------------------------------------------------    -------------------

                         (clock cpu_clk_clk_pll rise edge)
                                                      0.000     0.000 r  
    AC19                                              0.000     0.000 r  clk (IN)
                         net (fo=0)                   0.000     0.000    pll.clk_pll/inst/clk_in1
    AC19                 IBUF (Prop_ibuf_I_O)         1.485     1.485 r  pll.clk_pll/inst/clkin1_ibufg/O
                         net (fo=1, routed)           1.619     3.104    pll.clk_pll/inst/clk_in1_clk_pll
    PLLE2_ADV_X0Y2       PLLE2_ADV (Prop_plle2_adv_CLKIN1_CLKOUT0)
                                                     -9.006    -5.902 r  pll.clk_pll/inst/plle2_adv_inst/CLKOUT0
                         net (fo=1, routed)           1.837    -4.064    pll.clk_pll/inst/cpu_clk_clk_pll
    BUFGCTRL_X0Y0        BUFG (Prop_bufg_I_O)         0.096    -3.968 r  pll.clk_pll/inst/clkout1_buf/O
                         net (fo=12248, routed)       1.662    -2.306    u_confreg/cpu_clk
    SLICE_X61Y133        FDRE                                         r  u_confreg/timer_r1_reg[1]/C

Slack:                    inf
  Source:                 u_confreg/timer_reg[11]/C
                            (rising edge-triggered cell FDRE clocked by timer_clk_clk_pll  {rise@0.000ns fall@5.000ns period=10.000ns})
  Destination:            u_confreg/timer_r1_reg[11]/D
                            (rising edge-triggered cell FDRE clocked by cpu_clk_clk_pll  {rise@0.000ns fall@16.667ns period=33.333ns})
  Path Group:             (none)
  Path Type:              Hold (Min at Slow Process Corner)
  Data Path Delay:        0.654ns  (logic 0.367ns (56.113%)  route 0.287ns (43.887%))
  Logic Levels:           0  
  Clock Path Skew:        -0.377ns (DCD - SCD - CPR)
    Destination Clock Delay (DCD):    -2.303ns
    Source Clock Delay      (SCD):    -1.926ns
    Clock Pessimism Removal (CPR):    -0.000ns
  Clock Uncertainty:      0.215ns  ((TSJ^2 + DJ^2)^1/2) / 2 + PE
    Total System Jitter     (TSJ):    0.071ns
    Discrete Jitter          (DJ):    0.177ns
    Phase Error              (PE):    0.120ns
  Timing Exception:       False Path

    Location             Delay type                Incr(ns)  Path(ns)    Netlist Resource(s)
  -------------------------------------------------------------------    -------------------
                         (clock timer_clk_clk_pll rise edge)
                                                      0.000     0.000 r  
    AC19                                              0.000     0.000 r  clk (IN)
                         net (fo=0)                   0.000     0.000    pll.clk_pll/inst/clk_in1
    AC19                 IBUF (Prop_ibuf_I_O)         1.414     1.414 r  pll.clk_pll/inst/clkin1_ibufg/O
                         net (fo=1, routed)           1.531     2.945    pll.clk_pll/inst/clk_in1_clk_pll
    PLLE2_ADV_X0Y2       PLLE2_ADV (Prop_plle2_adv_CLKIN1_CLKOUT1)
                                                     -8.262    -5.316 r  pll.clk_pll/inst/plle2_adv_inst/CLKOUT1
                         net (fo=1, routed)           1.755    -3.561    pll.clk_pll/inst/timer_clk_clk_pll
    BUFGCTRL_X0Y1        BUFG (Prop_bufg_I_O)         0.091    -3.470 r  pll.clk_pll/inst/clkout2_buf/O
                         net (fo=99, routed)          1.544    -1.926    u_confreg/timer_clk
    SLICE_X61Y136        FDRE                                         r  u_confreg/timer_reg[11]/C
  -------------------------------------------------------------------    -------------------
    SLICE_X61Y136        FDRE (Prop_fdre_C_Q)         0.367    -1.559 r  u_confreg/timer_reg[11]/Q
                         net (fo=2, routed)           0.287    -1.272    u_confreg/timer_reg[11]
    SLICE_X60Y136        FDRE                                         r  u_confreg/timer_r1_reg[11]/D
  -------------------------------------------------------------------    -------------------

                         (clock cpu_clk_clk_pll rise edge)
                                                      0.000     0.000 r  
    AC19                                              0.000     0.000 r  clk (IN)
                         net (fo=0)                   0.000     0.000    pll.clk_pll/inst/clk_in1
    AC19                 IBUF (Prop_ibuf_I_O)         1.485     1.485 r  pll.clk_pll/inst/clkin1_ibufg/O
                         net (fo=1, routed)           1.619     3.104    pll.clk_pll/inst/clk_in1_clk_pll
    PLLE2_ADV_X0Y2       PLLE2_ADV (Prop_plle2_adv_CLKIN1_CLKOUT0)
                                                     -9.006    -5.902 r  pll.clk_pll/inst/plle2_adv_inst/CLKOUT0
                         net (fo=1, routed)           1.837    -4.064    pll.clk_pll/inst/cpu_clk_clk_pll
    BUFGCTRL_X0Y0        BUFG (Prop_bufg_I_O)         0.096    -3.968 r  pll.clk_pll/inst/clkout1_buf/O
                         net (fo=12248, routed)       1.665    -2.303    u_confreg/cpu_clk
    SLICE_X60Y136        FDRE                                         r  u_confreg/timer_r1_reg[11]/C

Slack:                    inf
  Source:                 u_confreg/timer_reg[6]/C
                            (rising edge-triggered cell FDRE clocked by timer_clk_clk_pll  {rise@0.000ns fall@5.000ns period=10.000ns})
  Destination:            u_confreg/timer_r1_reg[6]/D
                            (rising edge-triggered cell FDRE clocked by cpu_clk_clk_pll  {rise@0.000ns fall@16.667ns period=33.333ns})
  Path Group:             (none)
  Path Type:              Hold (Min at Slow Process Corner)
  Data Path Delay:        0.655ns  (logic 0.367ns (56.001%)  route 0.288ns (43.999%))
  Logic Levels:           0  
  Clock Path Skew:        -0.380ns (DCD - SCD - CPR)
    Destination Clock Delay (DCD):    -2.306ns
    Source Clock Delay      (SCD):    -1.926ns
    Clock Pessimism Removal (CPR):    -0.000ns
  Clock Uncertainty:      0.215ns  ((TSJ^2 + DJ^2)^1/2) / 2 + PE
    Total System Jitter     (TSJ):    0.071ns
    Discrete Jitter          (DJ):    0.177ns
    Phase Error              (PE):    0.120ns
  Timing Exception:       False Path

    Location             Delay type                Incr(ns)  Path(ns)    Netlist Resource(s)
  -------------------------------------------------------------------    -------------------
                         (clock timer_clk_clk_pll rise edge)
                                                      0.000     0.000 r  
    AC19                                              0.000     0.000 r  clk (IN)
                         net (fo=0)                   0.000     0.000    pll.clk_pll/inst/clk_in1
    AC19                 IBUF (Prop_ibuf_I_O)         1.414     1.414 r  pll.clk_pll/inst/clkin1_ibufg/O
                         net (fo=1, routed)           1.531     2.945    pll.clk_pll/inst/clk_in1_clk_pll
    PLLE2_ADV_X0Y2       PLLE2_ADV (Prop_plle2_adv_CLKIN1_CLKOUT1)
                                                     -8.262    -5.316 r  pll.clk_pll/inst/plle2_adv_inst/CLKOUT1
                         net (fo=1, routed)           1.755    -3.561    pll.clk_pll/inst/timer_clk_clk_pll
    BUFGCTRL_X0Y1        BUFG (Prop_bufg_I_O)         0.091    -3.470 r  pll.clk_pll/inst/clkout2_buf/O
                         net (fo=99, routed)          1.544    -1.926    u_confreg/timer_clk
    SLICE_X61Y135        FDRE                                         r  u_confreg/timer_reg[6]/C
  -------------------------------------------------------------------    -------------------
    SLICE_X61Y135        FDRE (Prop_fdre_C_Q)         0.367    -1.559 r  u_confreg/timer_reg[6]/Q
                         net (fo=2, routed)           0.288    -1.270    u_confreg/timer_reg[6]
    SLICE_X61Y133        FDRE                                         r  u_confreg/timer_r1_reg[6]/D
  -------------------------------------------------------------------    -------------------

                         (clock cpu_clk_clk_pll rise edge)
                                                      0.000     0.000 r  
    AC19                                              0.000     0.000 r  clk (IN)
                         net (fo=0)                   0.000     0.000    pll.clk_pll/inst/clk_in1
    AC19                 IBUF (Prop_ibuf_I_O)         1.485     1.485 r  pll.clk_pll/inst/clkin1_ibufg/O
                         net (fo=1, routed)           1.619     3.104    pll.clk_pll/inst/clk_in1_clk_pll
    PLLE2_ADV_X0Y2       PLLE2_ADV (Prop_plle2_adv_CLKIN1_CLKOUT0)
                                                     -9.006    -5.902 r  pll.clk_pll/inst/plle2_adv_inst/CLKOUT0
                         net (fo=1, routed)           1.837    -4.064    pll.clk_pll/inst/cpu_clk_clk_pll
    BUFGCTRL_X0Y0        BUFG (Prop_bufg_I_O)         0.096    -3.968 r  pll.clk_pll/inst/clkout1_buf/O
                         net (fo=12248, routed)       1.662    -2.306    u_confreg/cpu_clk
    SLICE_X61Y133        FDRE                                         r  u_confreg/timer_r1_reg[6]/C

Slack:                    inf
  Source:                 u_confreg/timer_reg[7]/C
                            (rising edge-triggered cell FDRE clocked by timer_clk_clk_pll  {rise@0.000ns fall@5.000ns period=10.000ns})
  Destination:            u_confreg/timer_r1_reg[7]/D
                            (rising edge-triggered cell FDRE clocked by cpu_clk_clk_pll  {rise@0.000ns fall@16.667ns period=33.333ns})
  Path Group:             (none)
  Path Type:              Hold (Min at Slow Process Corner)
  Data Path Delay:        0.749ns  (logic 0.367ns (48.993%)  route 0.382ns (51.007%))
  Logic Levels:           0  
  Clock Path Skew:        -0.379ns (DCD - SCD - CPR)
    Destination Clock Delay (DCD):    -2.305ns
    Source Clock Delay      (SCD):    -1.926ns
    Clock Pessimism Removal (CPR):    -0.000ns
  Clock Uncertainty:      0.215ns  ((TSJ^2 + DJ^2)^1/2) / 2 + PE
    Total System Jitter     (TSJ):    0.071ns
    Discrete Jitter          (DJ):    0.177ns
    Phase Error              (PE):    0.120ns
  Timing Exception:       False Path

    Location             Delay type                Incr(ns)  Path(ns)    Netlist Resource(s)
  -------------------------------------------------------------------    -------------------
                         (clock timer_clk_clk_pll rise edge)
                                                      0.000     0.000 r  
    AC19                                              0.000     0.000 r  clk (IN)
                         net (fo=0)                   0.000     0.000    pll.clk_pll/inst/clk_in1
    AC19                 IBUF (Prop_ibuf_I_O)         1.414     1.414 r  pll.clk_pll/inst/clkin1_ibufg/O
                         net (fo=1, routed)           1.531     2.945    pll.clk_pll/inst/clk_in1_clk_pll
    PLLE2_ADV_X0Y2       PLLE2_ADV (Prop_plle2_adv_CLKIN1_CLKOUT1)
                                                     -8.262    -5.316 r  pll.clk_pll/inst/plle2_adv_inst/CLKOUT1
                         net (fo=1, routed)           1.755    -3.561    pll.clk_pll/inst/timer_clk_clk_pll
    BUFGCTRL_X0Y1        BUFG (Prop_bufg_I_O)         0.091    -3.470 r  pll.clk_pll/inst/clkout2_buf/O
                         net (fo=99, routed)          1.544    -1.926    u_confreg/timer_clk
    SLICE_X61Y135        FDRE                                         r  u_confreg/timer_reg[7]/C
  -------------------------------------------------------------------    -------------------
    SLICE_X61Y135        FDRE (Prop_fdre_C_Q)         0.367    -1.559 r  u_confreg/timer_reg[7]/Q
                         net (fo=2, routed)           0.382    -1.177    u_confreg/timer_reg[7]
    SLICE_X60Y134        FDRE                                         r  u_confreg/timer_r1_reg[7]/D
  -------------------------------------------------------------------    -------------------

                         (clock cpu_clk_clk_pll rise edge)
                                                      0.000     0.000 r  
    AC19                                              0.000     0.000 r  clk (IN)
                         net (fo=0)                   0.000     0.000    pll.clk_pll/inst/clk_in1
    AC19                 IBUF (Prop_ibuf_I_O)         1.485     1.485 r  pll.clk_pll/inst/clkin1_ibufg/O
                         net (fo=1, routed)           1.619     3.104    pll.clk_pll/inst/clk_in1_clk_pll
    PLLE2_ADV_X0Y2       PLLE2_ADV (Prop_plle2_adv_CLKIN1_CLKOUT0)
                                                     -9.006    -5.902 r  pll.clk_pll/inst/plle2_adv_inst/CLKOUT0
                         net (fo=1, routed)           1.837    -4.064    pll.clk_pll/inst/cpu_clk_clk_pll
    BUFGCTRL_X0Y0        BUFG (Prop_bufg_I_O)         0.096    -3.968 r  pll.clk_pll/inst/clkout1_buf/O
                         net (fo=12248, routed)       1.663    -2.305    u_confreg/cpu_clk
    SLICE_X60Y134        FDRE                                         r  u_confreg/timer_r1_reg[7]/C

Slack:                    inf
  Source:                 u_confreg/timer_reg[29]/C
                            (rising edge-triggered cell FDRE clocked by timer_clk_clk_pll  {rise@0.000ns fall@5.000ns period=10.000ns})
  Destination:            u_confreg/timer_r1_reg[29]/D
                            (rising edge-triggered cell FDRE clocked by cpu_clk_clk_pll  {rise@0.000ns fall@16.667ns period=33.333ns})
  Path Group:             (none)
  Path Type:              Hold (Min at Slow Process Corner)
  Data Path Delay:        0.745ns  (logic 0.367ns (49.254%)  route 0.378ns (50.746%))
  Logic Levels:           0  
  Clock Path Skew:        -0.382ns (DCD - SCD - CPR)
    Destination Clock Delay (DCD):    -2.304ns
    Source Clock Delay      (SCD):    -1.922ns
    Clock Pessimism Removal (CPR):    -0.000ns
  Clock Uncertainty:      0.215ns  ((TSJ^2 + DJ^2)^1/2) / 2 + PE
    Total System Jitter     (TSJ):    0.071ns
    Discrete Jitter          (DJ):    0.177ns
    Phase Error              (PE):    0.120ns
  Timing Exception:       False Path

    Location             Delay type                Incr(ns)  Path(ns)    Netlist Resource(s)
  -------------------------------------------------------------------    -------------------
                         (clock timer_clk_clk_pll rise edge)
                                                      0.000     0.000 r  
    AC19                                              0.000     0.000 r  clk (IN)
                         net (fo=0)                   0.000     0.000    pll.clk_pll/inst/clk_in1
    AC19                 IBUF (Prop_ibuf_I_O)         1.414     1.414 r  pll.clk_pll/inst/clkin1_ibufg/O
                         net (fo=1, routed)           1.531     2.945    pll.clk_pll/inst/clk_in1_clk_pll
    PLLE2_ADV_X0Y2       PLLE2_ADV (Prop_plle2_adv_CLKIN1_CLKOUT1)
                                                     -8.262    -5.316 r  pll.clk_pll/inst/plle2_adv_inst/CLKOUT1
                         net (fo=1, routed)           1.755    -3.561    pll.clk_pll/inst/timer_clk_clk_pll
    BUFGCTRL_X0Y1        BUFG (Prop_bufg_I_O)         0.091    -3.470 r  pll.clk_pll/inst/clkout2_buf/O
                         net (fo=99, routed)          1.548    -1.922    u_confreg/timer_clk
    SLICE_X61Y141        FDRE                                         r  u_confreg/timer_reg[29]/C
  -------------------------------------------------------------------    -------------------
    SLICE_X61Y141        FDRE (Prop_fdre_C_Q)         0.367    -1.555 r  u_confreg/timer_reg[29]/Q
                         net (fo=2, routed)           0.378    -1.177    u_confreg/timer_reg[29]
    SLICE_X62Y141        FDRE                                         r  u_confreg/timer_r1_reg[29]/D
  -------------------------------------------------------------------    -------------------

                         (clock cpu_clk_clk_pll rise edge)
                                                      0.000     0.000 r  
    AC19                                              0.000     0.000 r  clk (IN)
                         net (fo=0)                   0.000     0.000    pll.clk_pll/inst/clk_in1
    AC19                 IBUF (Prop_ibuf_I_O)         1.485     1.485 r  pll.clk_pll/inst/clkin1_ibufg/O
                         net (fo=1, routed)           1.619     3.104    pll.clk_pll/inst/clk_in1_clk_pll
    PLLE2_ADV_X0Y2       PLLE2_ADV (Prop_plle2_adv_CLKIN1_CLKOUT0)
                                                     -9.006    -5.902 r  pll.clk_pll/inst/plle2_adv_inst/CLKOUT0
                         net (fo=1, routed)           1.837    -4.064    pll.clk_pll/inst/cpu_clk_clk_pll
    BUFGCTRL_X0Y0        BUFG (Prop_bufg_I_O)         0.096    -3.968 r  pll.clk_pll/inst/clkout1_buf/O
                         net (fo=12248, routed)       1.664    -2.304    u_confreg/cpu_clk
    SLICE_X62Y141        FDRE                                         r  u_confreg/timer_r1_reg[29]/C

Slack:                    inf
  Source:                 u_confreg/timer_reg[10]/C
                            (rising edge-triggered cell FDRE clocked by timer_clk_clk_pll  {rise@0.000ns fall@5.000ns period=10.000ns})
  Destination:            u_confreg/timer_r1_reg[10]/D
                            (rising edge-triggered cell FDRE clocked by cpu_clk_clk_pll  {rise@0.000ns fall@16.667ns period=33.333ns})
  Path Group:             (none)
  Path Type:              Hold (Min at Slow Process Corner)
  Data Path Delay:        0.772ns  (logic 0.367ns (47.540%)  route 0.405ns (52.460%))
  Logic Levels:           0  
  Clock Path Skew:        -0.375ns (DCD - SCD - CPR)
    Destination Clock Delay (DCD):    -2.301ns
    Source Clock Delay      (SCD):    -1.926ns
    Clock Pessimism Removal (CPR):    -0.000ns
  Clock Uncertainty:      0.215ns  ((TSJ^2 + DJ^2)^1/2) / 2 + PE
    Total System Jitter     (TSJ):    0.071ns
    Discrete Jitter          (DJ):    0.177ns
    Phase Error              (PE):    0.120ns
  Timing Exception:       False Path

    Location             Delay type                Incr(ns)  Path(ns)    Netlist Resource(s)
  -------------------------------------------------------------------    -------------------
                         (clock timer_clk_clk_pll rise edge)
                                                      0.000     0.000 r  
    AC19                                              0.000     0.000 r  clk (IN)
                         net (fo=0)                   0.000     0.000    pll.clk_pll/inst/clk_in1
    AC19                 IBUF (Prop_ibuf_I_O)         1.414     1.414 r  pll.clk_pll/inst/clkin1_ibufg/O
                         net (fo=1, routed)           1.531     2.945    pll.clk_pll/inst/clk_in1_clk_pll
    PLLE2_ADV_X0Y2       PLLE2_ADV (Prop_plle2_adv_CLKIN1_CLKOUT1)
                                                     -8.262    -5.316 r  pll.clk_pll/inst/plle2_adv_inst/CLKOUT1
                         net (fo=1, routed)           1.755    -3.561    pll.clk_pll/inst/timer_clk_clk_pll
    BUFGCTRL_X0Y1        BUFG (Prop_bufg_I_O)         0.091    -3.470 r  pll.clk_pll/inst/clkout2_buf/O
                         net (fo=99, routed)          1.544    -1.926    u_confreg/timer_clk
    SLICE_X61Y136        FDRE                                         r  u_confreg/timer_reg[10]/C
  -------------------------------------------------------------------    -------------------
    SLICE_X61Y136        FDRE (Prop_fdre_C_Q)         0.367    -1.559 r  u_confreg/timer_reg[10]/Q
                         net (fo=2, routed)           0.405    -1.154    u_confreg/timer_reg[10]
    SLICE_X60Y138        FDRE                                         r  u_confreg/timer_r1_reg[10]/D
  -------------------------------------------------------------------    -------------------

                         (clock cpu_clk_clk_pll rise edge)
                                                      0.000     0.000 r  
    AC19                                              0.000     0.000 r  clk (IN)
                         net (fo=0)                   0.000     0.000    pll.clk_pll/inst/clk_in1
    AC19                 IBUF (Prop_ibuf_I_O)         1.485     1.485 r  pll.clk_pll/inst/clkin1_ibufg/O
                         net (fo=1, routed)           1.619     3.104    pll.clk_pll/inst/clk_in1_clk_pll
    PLLE2_ADV_X0Y2       PLLE2_ADV (Prop_plle2_adv_CLKIN1_CLKOUT0)
                                                     -9.006    -5.902 r  pll.clk_pll/inst/plle2_adv_inst/CLKOUT0
                         net (fo=1, routed)           1.837    -4.064    pll.clk_pll/inst/cpu_clk_clk_pll
    BUFGCTRL_X0Y0        BUFG (Prop_bufg_I_O)         0.096    -3.968 r  pll.clk_pll/inst/clkout1_buf/O
                         net (fo=12248, routed)       1.667    -2.301    u_confreg/cpu_clk
    SLICE_X60Y138        FDRE                                         r  u_confreg/timer_r1_reg[10]/C

Slack:                    inf
  Source:                 u_confreg/timer_reg[13]/C
                            (rising edge-triggered cell FDRE clocked by timer_clk_clk_pll  {rise@0.000ns fall@5.000ns period=10.000ns})
  Destination:            u_confreg/timer_r1_reg[13]/D
                            (rising edge-triggered cell FDRE clocked by cpu_clk_clk_pll  {rise@0.000ns fall@16.667ns period=33.333ns})
  Path Group:             (none)
  Path Type:              Hold (Min at Slow Process Corner)
  Data Path Delay:        0.777ns  (logic 0.367ns (47.218%)  route 0.410ns (52.782%))
  Logic Levels:           0  
  Clock Path Skew:        -0.378ns (DCD - SCD - CPR)
    Destination Clock Delay (DCD):    -2.303ns
    Source Clock Delay      (SCD):    -1.925ns
    Clock Pessimism Removal (CPR):    -0.000ns
  Clock Uncertainty:      0.215ns  ((TSJ^2 + DJ^2)^1/2) / 2 + PE
    Total System Jitter     (TSJ):    0.071ns
    Discrete Jitter          (DJ):    0.177ns
    Phase Error              (PE):    0.120ns
  Timing Exception:       False Path

    Location             Delay type                Incr(ns)  Path(ns)    Netlist Resource(s)
  -------------------------------------------------------------------    -------------------
                         (clock timer_clk_clk_pll rise edge)
                                                      0.000     0.000 r  
    AC19                                              0.000     0.000 r  clk (IN)
                         net (fo=0)                   0.000     0.000    pll.clk_pll/inst/clk_in1
    AC19                 IBUF (Prop_ibuf_I_O)         1.414     1.414 r  pll.clk_pll/inst/clkin1_ibufg/O
                         net (fo=1, routed)           1.531     2.945    pll.clk_pll/inst/clk_in1_clk_pll
    PLLE2_ADV_X0Y2       PLLE2_ADV (Prop_plle2_adv_CLKIN1_CLKOUT1)
                                                     -8.262    -5.316 r  pll.clk_pll/inst/plle2_adv_inst/CLKOUT1
                         net (fo=1, routed)           1.755    -3.561    pll.clk_pll/inst/timer_clk_clk_pll
    BUFGCTRL_X0Y1        BUFG (Prop_bufg_I_O)         0.091    -3.470 r  pll.clk_pll/inst/clkout2_buf/O
                         net (fo=99, routed)          1.545    -1.925    u_confreg/timer_clk
    SLICE_X61Y137        FDRE                                         r  u_confreg/timer_reg[13]/C
  -------------------------------------------------------------------    -------------------
    SLICE_X61Y137        FDRE (Prop_fdre_C_Q)         0.367    -1.558 r  u_confreg/timer_reg[13]/Q
                         net (fo=2, routed)           0.410    -1.147    u_confreg/timer_reg[13]
    SLICE_X60Y136        FDRE                                         r  u_confreg/timer_r1_reg[13]/D
  -------------------------------------------------------------------    -------------------

                         (clock cpu_clk_clk_pll rise edge)
                                                      0.000     0.000 r  
    AC19                                              0.000     0.000 r  clk (IN)
                         net (fo=0)                   0.000     0.000    pll.clk_pll/inst/clk_in1
    AC19                 IBUF (Prop_ibuf_I_O)         1.485     1.485 r  pll.clk_pll/inst/clkin1_ibufg/O
                         net (fo=1, routed)           1.619     3.104    pll.clk_pll/inst/clk_in1_clk_pll
    PLLE2_ADV_X0Y2       PLLE2_ADV (Prop_plle2_adv_CLKIN1_CLKOUT0)
                                                     -9.006    -5.902 r  pll.clk_pll/inst/plle2_adv_inst/CLKOUT0
                         net (fo=1, routed)           1.837    -4.064    pll.clk_pll/inst/cpu_clk_clk_pll
    BUFGCTRL_X0Y0        BUFG (Prop_bufg_I_O)         0.096    -3.968 r  pll.clk_pll/inst/clkout1_buf/O
                         net (fo=12248, routed)       1.665    -2.303    u_confreg/cpu_clk
    SLICE_X60Y136        FDRE                                         r  u_confreg/timer_r1_reg[13]/C

Slack:                    inf
  Source:                 u_confreg/timer_reg[0]/C
                            (rising edge-triggered cell FDRE clocked by timer_clk_clk_pll  {rise@0.000ns fall@5.000ns period=10.000ns})
  Destination:            u_confreg/timer_r1_reg[0]/D
                            (rising edge-triggered cell FDRE clocked by cpu_clk_clk_pll  {rise@0.000ns fall@16.667ns period=33.333ns})
  Path Group:             (none)
  Path Type:              Hold (Min at Slow Process Corner)
  Data Path Delay:        0.784ns  (logic 0.367ns (46.836%)  route 0.417ns (53.164%))
  Logic Levels:           0  
  Clock Path Skew:        -0.379ns (DCD - SCD - CPR)
    Destination Clock Delay (DCD):    -2.306ns
    Source Clock Delay      (SCD):    -1.927ns
    Clock Pessimism Removal (CPR):    -0.000ns
  Clock Uncertainty:      0.215ns  ((TSJ^2 + DJ^2)^1/2) / 2 + PE
    Total System Jitter     (TSJ):    0.071ns
    Discrete Jitter          (DJ):    0.177ns
    Phase Error              (PE):    0.120ns
  Timing Exception:       False Path

    Location             Delay type                Incr(ns)  Path(ns)    Netlist Resource(s)
  -------------------------------------------------------------------    -------------------
                         (clock timer_clk_clk_pll rise edge)
                                                      0.000     0.000 r  
    AC19                                              0.000     0.000 r  clk (IN)
                         net (fo=0)                   0.000     0.000    pll.clk_pll/inst/clk_in1
    AC19                 IBUF (Prop_ibuf_I_O)         1.414     1.414 r  pll.clk_pll/inst/clkin1_ibufg/O
                         net (fo=1, routed)           1.531     2.945    pll.clk_pll/inst/clk_in1_clk_pll
    PLLE2_ADV_X0Y2       PLLE2_ADV (Prop_plle2_adv_CLKIN1_CLKOUT1)
                                                     -8.262    -5.316 r  pll.clk_pll/inst/plle2_adv_inst/CLKOUT1
                         net (fo=1, routed)           1.755    -3.561    pll.clk_pll/inst/timer_clk_clk_pll
    BUFGCTRL_X0Y1        BUFG (Prop_bufg_I_O)         0.091    -3.470 r  pll.clk_pll/inst/clkout2_buf/O
                         net (fo=99, routed)          1.543    -1.927    u_confreg/timer_clk
    SLICE_X61Y134        FDRE                                         r  u_confreg/timer_reg[0]/C
  -------------------------------------------------------------------    -------------------
    SLICE_X61Y134        FDRE (Prop_fdre_C_Q)         0.367    -1.560 r  u_confreg/timer_reg[0]/Q
                         net (fo=3, routed)           0.417    -1.143    u_confreg/timer_reg[0]
    SLICE_X61Y133        FDRE                                         r  u_confreg/timer_r1_reg[0]/D
  -------------------------------------------------------------------    -------------------

                         (clock cpu_clk_clk_pll rise edge)
                                                      0.000     0.000 r  
    AC19                                              0.000     0.000 r  clk (IN)
                         net (fo=0)                   0.000     0.000    pll.clk_pll/inst/clk_in1
    AC19                 IBUF (Prop_ibuf_I_O)         1.485     1.485 r  pll.clk_pll/inst/clkin1_ibufg/O
                         net (fo=1, routed)           1.619     3.104    pll.clk_pll/inst/clk_in1_clk_pll
    PLLE2_ADV_X0Y2       PLLE2_ADV (Prop_plle2_adv_CLKIN1_CLKOUT0)
                                                     -9.006    -5.902 r  pll.clk_pll/inst/plle2_adv_inst/CLKOUT0
                         net (fo=1, routed)           1.837    -4.064    pll.clk_pll/inst/cpu_clk_clk_pll
    BUFGCTRL_X0Y0        BUFG (Prop_bufg_I_O)         0.096    -3.968 r  pll.clk_pll/inst/clkout1_buf/O
                         net (fo=12248, routed)       1.662    -2.306    u_confreg/cpu_clk
    SLICE_X61Y133        FDRE                                         r  u_confreg/timer_r1_reg[0]/C

Slack:                    inf
  Source:                 u_confreg/write_timer_begin_r2_reg/C
                            (rising edge-triggered cell FDRE clocked by timer_clk_clk_pll  {rise@0.000ns fall@5.000ns period=10.000ns})
  Destination:            u_confreg/write_timer_end_r1_reg/D
                            (rising edge-triggered cell FDRE clocked by cpu_clk_clk_pll  {rise@0.000ns fall@16.667ns period=33.333ns})
  Path Group:             (none)
  Path Type:              Hold (Min at Slow Process Corner)
  Data Path Delay:        0.801ns  (logic 0.367ns (45.823%)  route 0.434ns (54.177%))
  Logic Levels:           0  
  Clock Path Skew:        -0.378ns (DCD - SCD - CPR)
    Destination Clock Delay (DCD):    -2.305ns
    Source Clock Delay      (SCD):    -1.927ns
    Clock Pessimism Removal (CPR):    -0.000ns
  Clock Uncertainty:      0.215ns  ((TSJ^2 + DJ^2)^1/2) / 2 + PE
    Total System Jitter     (TSJ):    0.071ns
    Discrete Jitter          (DJ):    0.177ns
    Phase Error              (PE):    0.120ns
  Timing Exception:       False Path

    Location             Delay type                Incr(ns)  Path(ns)    Netlist Resource(s)
  -------------------------------------------------------------------    -------------------
                         (clock timer_clk_clk_pll rise edge)
                                                      0.000     0.000 r  
    AC19                                              0.000     0.000 r  clk (IN)
                         net (fo=0)                   0.000     0.000    pll.clk_pll/inst/clk_in1
    AC19                 IBUF (Prop_ibuf_I_O)         1.414     1.414 r  pll.clk_pll/inst/clkin1_ibufg/O
                         net (fo=1, routed)           1.531     2.945    pll.clk_pll/inst/clk_in1_clk_pll
    PLLE2_ADV_X0Y2       PLLE2_ADV (Prop_plle2_adv_CLKIN1_CLKOUT1)
                                                     -8.262    -5.316 r  pll.clk_pll/inst/plle2_adv_inst/CLKOUT1
                         net (fo=1, routed)           1.755    -3.561    pll.clk_pll/inst/timer_clk_clk_pll
    BUFGCTRL_X0Y1        BUFG (Prop_bufg_I_O)         0.091    -3.470 r  pll.clk_pll/inst/clkout2_buf/O
                         net (fo=99, routed)          1.543    -1.927    u_confreg/timer_clk
    SLICE_X59Y134        FDRE                                         r  u_confreg/write_timer_begin_r2_reg/C
  -------------------------------------------------------------------    -------------------
    SLICE_X59Y134        FDRE (Prop_fdre_C_Q)         0.367    -1.560 r  u_confreg/write_timer_begin_r2_reg/Q
                         net (fo=35, routed)          0.434    -1.126    u_confreg/write_timer_begin_r2
    SLICE_X60Y134        FDRE                                         r  u_confreg/write_timer_end_r1_reg/D
  -------------------------------------------------------------------    -------------------

                         (clock cpu_clk_clk_pll rise edge)
                                                      0.000     0.000 r  
    AC19                                              0.000     0.000 r  clk (IN)
                         net (fo=0)                   0.000     0.000    pll.clk_pll/inst/clk_in1
    AC19                 IBUF (Prop_ibuf_I_O)         1.485     1.485 r  pll.clk_pll/inst/clkin1_ibufg/O
                         net (fo=1, routed)           1.619     3.104    pll.clk_pll/inst/clk_in1_clk_pll
    PLLE2_ADV_X0Y2       PLLE2_ADV (Prop_plle2_adv_CLKIN1_CLKOUT0)
                                                     -9.006    -5.902 r  pll.clk_pll/inst/plle2_adv_inst/CLKOUT0
                         net (fo=1, routed)           1.837    -4.064    pll.clk_pll/inst/cpu_clk_clk_pll
    BUFGCTRL_X0Y0        BUFG (Prop_bufg_I_O)         0.096    -3.968 r  pll.clk_pll/inst/clkout1_buf/O
                         net (fo=12248, routed)       1.663    -2.305    u_confreg/cpu_clk
    SLICE_X60Y134        FDRE                                         r  u_confreg/write_timer_end_r1_reg/C





--------------------------------------------------------------------------------------
Path Group:  (none)
From Clock:  cpu_clk_clk_pll
  To Clock:  timer_clk_clk_pll

Max Delay            65 Endpoints
Min Delay            65 Endpoints
--------------------------------------------------------------------------------------


Max Delay Paths
--------------------------------------------------------------------------------------
Slack:                    inf
  Source:                 cpu_resetn_reg/C
                            (rising edge-triggered cell FDRE clocked by cpu_clk_clk_pll  {rise@0.000ns fall@16.667ns period=33.333ns})
  Destination:            u_confreg/timer_reg[0]/R
                            (rising edge-triggered cell FDRE clocked by timer_clk_clk_pll  {rise@0.000ns fall@5.000ns period=10.000ns})
  Path Group:             (none)
  Path Type:              Setup (Max at Slow Process Corner)
  Data Path Delay:        10.338ns  (logic 0.642ns (6.210%)  route 9.696ns (93.790%))
  Logic Levels:           1  (LUT1=1)
  Clock Path Skew:        0.389ns (DCD - SCD + CPR)
    Destination Clock Delay (DCD):    -1.927ns
    Source Clock Delay      (SCD):    -2.315ns
    Clock Pessimism Removal (CPR):    0.000ns
  Clock Uncertainty:      0.215ns  ((TSJ^2 + DJ^2)^1/2) / 2 + PE
    Total System Jitter     (TSJ):    0.071ns
    Discrete Jitter          (DJ):    0.177ns
    Phase Error              (PE):    0.120ns
  Timing Exception:       False Path

    Location             Delay type                Incr(ns)  Path(ns)    Netlist Resource(s)
  -------------------------------------------------------------------    -------------------
                         (clock cpu_clk_clk_pll rise edge)
                                                      0.000     0.000 r  
    AC19                                              0.000     0.000 r  clk (IN)
                         net (fo=0)                   0.000     0.000    pll.clk_pll/inst/clk_in1
    AC19                 IBUF (Prop_ibuf_I_O)         1.485     1.485 r  pll.clk_pll/inst/clkin1_ibufg/O
                         net (fo=1, routed)           1.619     3.104    pll.clk_pll/inst/clk_in1_clk_pll
    PLLE2_ADV_X0Y2       PLLE2_ADV (Prop_plle2_adv_CLKIN1_CLKOUT0)
                                                     -9.006    -5.902 r  pll.clk_pll/inst/plle2_adv_inst/CLKOUT0
                         net (fo=1, routed)           1.837    -4.064    pll.clk_pll/inst/cpu_clk_clk_pll
    BUFGCTRL_X0Y0        BUFG (Prop_bufg_I_O)         0.096    -3.968 r  pll.clk_pll/inst/clkout1_buf/O
                         net (fo=12248, routed)       1.653    -2.315    cpu_clk
    SLICE_X90Y150        FDRE                                         r  cpu_resetn_reg/C
  -------------------------------------------------------------------    -------------------
    SLICE_X90Y150        FDRE (Prop_fdre_C_Q)         0.518    -1.797 f  cpu_resetn_reg/Q
                         net (fo=377, routed)         7.218     5.420    u_cpu/u_l2cache/cpu_resetn
    SLICE_X40Y155        LUT1 (Prop_lut1_I0_O)        0.124     5.544 r  u_cpu/u_l2cache/req_way_i_1/O
                         net (fo=3374, routed)        2.478     8.022    u_confreg/clear
    SLICE_X61Y134        FDRE                                         r  u_confreg/timer_reg[0]/R
  -------------------------------------------------------------------    -------------------

                         (clock timer_clk_clk_pll rise edge)
                                                      0.000     0.000 r  
    AC19                                              0.000     0.000 r  clk (IN)
                         net (fo=0)                   0.000     0.000    pll.clk_pll/inst/clk_in1
    AC19                 IBUF (Prop_ibuf_I_O)         1.414     1.414 r  pll.clk_pll/inst/clkin1_ibufg/O
                         net (fo=1, routed)           1.531     2.945    pll.clk_pll/inst/clk_in1_clk_pll
    PLLE2_ADV_X0Y2       PLLE2_ADV (Prop_plle2_adv_CLKIN1_CLKOUT1)
                                                     -8.262    -5.316 r  pll.clk_pll/inst/plle2_adv_inst/CLKOUT1
                         net (fo=1, routed)           1.755    -3.561    pll.clk_pll/inst/timer_clk_clk_pll
    BUFGCTRL_X0Y1        BUFG (Prop_bufg_I_O)         0.091    -3.470 r  pll.clk_pll/inst/clkout2_buf/O
                         net (fo=99, routed)          1.543    -1.927    u_confreg/timer_clk
    SLICE_X61Y134        FDRE                                         r  u_confreg/timer_reg[0]/C

Slack:                    inf
  Source:                 cpu_resetn_reg/C
                            (rising edge-triggered cell FDRE clocked by cpu_clk_clk_pll  {rise@0.000ns fall@16.667ns period=33.333ns})
  Destination:            u_confreg/timer_reg[1]/R
                            (rising edge-triggered cell FDRE clocked by timer_clk_clk_pll  {rise@0.000ns fall@5.000ns period=10.000ns})
  Path Group:             (none)
  Path Type:              Setup (Max at Slow Process Corner)
  Data Path Delay:        10.338ns  (logic 0.642ns (6.210%)  route 9.696ns (93.790%))
  Logic Levels:           1  (LUT1=1)
  Clock Path Skew:        0.389ns (DCD - SCD + CPR)
    Destination Clock Delay (DCD):    -1.927ns
    Source Clock Delay      (SCD):    -2.315ns
    Clock Pessimism Removal (CPR):    0.000ns
  Clock Uncertainty:      0.215ns  ((TSJ^2 + DJ^2)^1/2) / 2 + PE
    Total System Jitter     (TSJ):    0.071ns
    Discrete Jitter          (DJ):    0.177ns
    Phase Error              (PE):    0.120ns
  Timing Exception:       False Path

    Location             Delay type                Incr(ns)  Path(ns)    Netlist Resource(s)
  -------------------------------------------------------------------    -------------------
                         (clock cpu_clk_clk_pll rise edge)
                                                      0.000     0.000 r  
    AC19                                              0.000     0.000 r  clk (IN)
                         net (fo=0)                   0.000     0.000    pll.clk_pll/inst/clk_in1
    AC19                 IBUF (Prop_ibuf_I_O)         1.485     1.485 r  pll.clk_pll/inst/clkin1_ibufg/O
                         net (fo=1, routed)           1.619     3.104    pll.clk_pll/inst/clk_in1_clk_pll
    PLLE2_ADV_X0Y2       PLLE2_ADV (Prop_plle2_adv_CLKIN1_CLKOUT0)
                                                     -9.006    -5.902 r  pll.clk_pll/inst/plle2_adv_inst/CLKOUT0
                         net (fo=1, routed)           1.837    -4.064    pll.clk_pll/inst/cpu_clk_clk_pll
    BUFGCTRL_X0Y0        BUFG (Prop_bufg_I_O)         0.096    -3.968 r  pll.clk_pll/inst/clkout1_buf/O
                         net (fo=12248, routed)       1.653    -2.315    cpu_clk
    SLICE_X90Y150        FDRE                                         r  cpu_resetn_reg/C
  -------------------------------------------------------------------    -------------------
    SLICE_X90Y150        FDRE (Prop_fdre_C_Q)         0.518    -1.797 f  cpu_resetn_reg/Q
                         net (fo=377, routed)         7.218     5.420    u_cpu/u_l2cache/cpu_resetn
    SLICE_X40Y155        LUT1 (Prop_lut1_I0_O)        0.124     5.544 r  u_cpu/u_l2cache/req_way_i_1/O
                         net (fo=3374, routed)        2.478     8.022    u_confreg/clear
    SLICE_X61Y134        FDRE                                         r  u_confreg/timer_reg[1]/R
  -------------------------------------------------------------------    -------------------

                         (clock timer_clk_clk_pll rise edge)
                                                      0.000     0.000 r  
    AC19                                              0.000     0.000 r  clk (IN)
                         net (fo=0)                   0.000     0.000    pll.clk_pll/inst/clk_in1
    AC19                 IBUF (Prop_ibuf_I_O)         1.414     1.414 r  pll.clk_pll/inst/clkin1_ibufg/O
                         net (fo=1, routed)           1.531     2.945    pll.clk_pll/inst/clk_in1_clk_pll
    PLLE2_ADV_X0Y2       PLLE2_ADV (Prop_plle2_adv_CLKIN1_CLKOUT1)
                                                     -8.262    -5.316 r  pll.clk_pll/inst/plle2_adv_inst/CLKOUT1
                         net (fo=1, routed)           1.755    -3.561    pll.clk_pll/inst/timer_clk_clk_pll
    BUFGCTRL_X0Y1        BUFG (Prop_bufg_I_O)         0.091    -3.470 r  pll.clk_pll/inst/clkout2_buf/O
                         net (fo=99, routed)          1.543    -1.927    u_confreg/timer_clk
    SLICE_X61Y134        FDRE                                         r  u_confreg/timer_reg[1]/C

Slack:                    inf
  Source:                 cpu_resetn_reg/C
                            (rising edge-triggered cell FDRE clocked by cpu_clk_clk_pll  {rise@0.000ns fall@16.667ns period=33.333ns})
  Destination:            u_confreg/timer_reg[2]/R
                            (rising edge-triggered cell FDRE clocked by timer_clk_clk_pll  {rise@0.000ns fall@5.000ns period=10.000ns})
  Path Group:             (none)
  Path Type:              Setup (Max at Slow Process Corner)
  Data Path Delay:        10.338ns  (logic 0.642ns (6.210%)  route 9.696ns (93.790%))
  Logic Levels:           1  (LUT1=1)
  Clock Path Skew:        0.389ns (DCD - SCD + CPR)
    Destination Clock Delay (DCD):    -1.927ns
    Source Clock Delay      (SCD):    -2.315ns
    Clock Pessimism Removal (CPR):    0.000ns
  Clock Uncertainty:      0.215ns  ((TSJ^2 + DJ^2)^1/2) / 2 + PE
    Total System Jitter     (TSJ):    0.071ns
    Discrete Jitter          (DJ):    0.177ns
    Phase Error              (PE):    0.120ns
  Timing Exception:       False Path

    Location             Delay type                Incr(ns)  Path(ns)    Netlist Resource(s)
  -------------------------------------------------------------------    -------------------
                         (clock cpu_clk_clk_pll rise edge)
                                                      0.000     0.000 r  
    AC19                                              0.000     0.000 r  clk (IN)
                         net (fo=0)                   0.000     0.000    pll.clk_pll/inst/clk_in1
    AC19                 IBUF (Prop_ibuf_I_O)         1.485     1.485 r  pll.clk_pll/inst/clkin1_ibufg/O
                         net (fo=1, routed)           1.619     3.104    pll.clk_pll/inst/clk_in1_clk_pll
    PLLE2_ADV_X0Y2       PLLE2_ADV (Prop_plle2_adv_CLKIN1_CLKOUT0)
                                                     -9.006    -5.902 r  pll.clk_pll/inst/plle2_adv_inst/CLKOUT0
                         net (fo=1, routed)           1.837    -4.064    pll.clk_pll/inst/cpu_clk_clk_pll
    BUFGCTRL_X0Y0        BUFG (Prop_bufg_I_O)         0.096    -3.968 r  pll.clk_pll/inst/clkout1_buf/O
                         net (fo=12248, routed)       1.653    -2.315    cpu_clk
    SLICE_X90Y150        FDRE                                         r  cpu_resetn_reg/C
  -------------------------------------------------------------------    -------------------
    SLICE_X90Y150        FDRE (Prop_fdre_C_Q)         0.518    -1.797 f  cpu_resetn_reg/Q
                         net (fo=377, routed)         7.218     5.420    u_cpu/u_l2cache/cpu_resetn
    SLICE_X40Y155        LUT1 (Prop_lut1_I0_O)        0.124     5.544 r  u_cpu/u_l2cache/req_way_i_1/O
                         net (fo=3374, routed)        2.478     8.022    u_confreg/clear
    SLICE_X61Y134        FDRE                                         r  u_confreg/timer_reg[2]/R
  -------------------------------------------------------------------    -------------------

                         (clock timer_clk_clk_pll rise edge)
                                                      0.000     0.000 r  
    AC19                                              0.000     0.000 r  clk (IN)
                         net (fo=0)                   0.000     0.000    pll.clk_pll/inst/clk_in1
    AC19                 IBUF (Prop_ibuf_I_O)         1.414     1.414 r  pll.clk_pll/inst/clkin1_ibufg/O
                         net (fo=1, routed)           1.531     2.945    pll.clk_pll/inst/clk_in1_clk_pll
    PLLE2_ADV_X0Y2       PLLE2_ADV (Prop_plle2_adv_CLKIN1_CLKOUT1)
                                                     -8.262    -5.316 r  pll.clk_pll/inst/plle2_adv_inst/CLKOUT1
                         net (fo=1, routed)           1.755    -3.561    pll.clk_pll/inst/timer_clk_clk_pll
    BUFGCTRL_X0Y1        BUFG (Prop_bufg_I_O)         0.091    -3.470 r  pll.clk_pll/inst/clkout2_buf/O
                         net (fo=99, routed)          1.543    -1.927    u_confreg/timer_clk
    SLICE_X61Y134        FDRE                                         r  u_confreg/timer_reg[2]/C

Slack:                    inf
  Source:                 cpu_resetn_reg/C
                            (rising edge-triggered cell FDRE clocked by cpu_clk_clk_pll  {rise@0.000ns fall@16.667ns period=33.333ns})
  Destination:            u_confreg/timer_reg[3]/R
                            (rising edge-triggered cell FDRE clocked by timer_clk_clk_pll  {rise@0.000ns fall@5.000ns period=10.000ns})
  Path Group:             (none)
  Path Type:              Setup (Max at Slow Process Corner)
  Data Path Delay:        10.338ns  (logic 0.642ns (6.210%)  route 9.696ns (93.790%))
  Logic Levels:           1  (LUT1=1)
  Clock Path Skew:        0.389ns (DCD - SCD + CPR)
    Destination Clock Delay (DCD):    -1.927ns
    Source Clock Delay      (SCD):    -2.315ns
    Clock Pessimism Removal (CPR):    0.000ns
  Clock Uncertainty:      0.215ns  ((TSJ^2 + DJ^2)^1/2) / 2 + PE
    Total System Jitter     (TSJ):    0.071ns
    Discrete Jitter          (DJ):    0.177ns
    Phase Error              (PE):    0.120ns
  Timing Exception:       False Path

    Location             Delay type                Incr(ns)  Path(ns)    Netlist Resource(s)
  -------------------------------------------------------------------    -------------------
                         (clock cpu_clk_clk_pll rise edge)
                                                      0.000     0.000 r  
    AC19                                              0.000     0.000 r  clk (IN)
                         net (fo=0)                   0.000     0.000    pll.clk_pll/inst/clk_in1
    AC19                 IBUF (Prop_ibuf_I_O)         1.485     1.485 r  pll.clk_pll/inst/clkin1_ibufg/O
                         net (fo=1, routed)           1.619     3.104    pll.clk_pll/inst/clk_in1_clk_pll
    PLLE2_ADV_X0Y2       PLLE2_ADV (Prop_plle2_adv_CLKIN1_CLKOUT0)
                                                     -9.006    -5.902 r  pll.clk_pll/inst/plle2_adv_inst/CLKOUT0
                         net (fo=1, routed)           1.837    -4.064    pll.clk_pll/inst/cpu_clk_clk_pll
    BUFGCTRL_X0Y0        BUFG (Prop_bufg_I_O)         0.096    -3.968 r  pll.clk_pll/inst/clkout1_buf/O
                         net (fo=12248, routed)       1.653    -2.315    cpu_clk
    SLICE_X90Y150        FDRE                                         r  cpu_resetn_reg/C
  -------------------------------------------------------------------    -------------------
    SLICE_X90Y150        FDRE (Prop_fdre_C_Q)         0.518    -1.797 f  cpu_resetn_reg/Q
                         net (fo=377, routed)         7.218     5.420    u_cpu/u_l2cache/cpu_resetn
    SLICE_X40Y155        LUT1 (Prop_lut1_I0_O)        0.124     5.544 r  u_cpu/u_l2cache/req_way_i_1/O
                         net (fo=3374, routed)        2.478     8.022    u_confreg/clear
    SLICE_X61Y134        FDRE                                         r  u_confreg/timer_reg[3]/R
  -------------------------------------------------------------------    -------------------

                         (clock timer_clk_clk_pll rise edge)
                                                      0.000     0.000 r  
    AC19                                              0.000     0.000 r  clk (IN)
                         net (fo=0)                   0.000     0.000    pll.clk_pll/inst/clk_in1
    AC19                 IBUF (Prop_ibuf_I_O)         1.414     1.414 r  pll.clk_pll/inst/clkin1_ibufg/O
                         net (fo=1, routed)           1.531     2.945    pll.clk_pll/inst/clk_in1_clk_pll
    PLLE2_ADV_X0Y2       PLLE2_ADV (Prop_plle2_adv_CLKIN1_CLKOUT1)
                                                     -8.262    -5.316 r  pll.clk_pll/inst/plle2_adv_inst/CLKOUT1
                         net (fo=1, routed)           1.755    -3.561    pll.clk_pll/inst/timer_clk_clk_pll
    BUFGCTRL_X0Y1        BUFG (Prop_bufg_I_O)         0.091    -3.470 r  pll.clk_pll/inst/clkout2_buf/O
                         net (fo=99, routed)          1.543    -1.927    u_confreg/timer_clk
    SLICE_X61Y134        FDRE                                         r  u_confreg/timer_reg[3]/C

Slack:                    inf
  Source:                 cpu_resetn_reg/C
                            (rising edge-triggered cell FDRE clocked by cpu_clk_clk_pll  {rise@0.000ns fall@16.667ns period=33.333ns})
  Destination:            u_confreg/timer_reg[28]/R
                            (rising edge-triggered cell FDRE clocked by timer_clk_clk_pll  {rise@0.000ns fall@5.000ns period=10.000ns})
  Path Group:             (none)
  Path Type:              Setup (Max at Slow Process Corner)
  Data Path Delay:        10.180ns  (logic 0.642ns (6.307%)  route 9.538ns (93.693%))
  Logic Levels:           1  (LUT1=1)
  Clock Path Skew:        0.394ns (DCD - SCD + CPR)
    Destination Clock Delay (DCD):    -1.922ns
    Source Clock Delay      (SCD):    -2.315ns
    Clock Pessimism Removal (CPR):    0.000ns
  Clock Uncertainty:      0.215ns  ((TSJ^2 + DJ^2)^1/2) / 2 + PE
    Total System Jitter     (TSJ):    0.071ns
    Discrete Jitter          (DJ):    0.177ns
    Phase Error              (PE):    0.120ns
  Timing Exception:       False Path

    Location             Delay type                Incr(ns)  Path(ns)    Netlist Resource(s)
  -------------------------------------------------------------------    -------------------
                         (clock cpu_clk_clk_pll rise edge)
                                                      0.000     0.000 r  
    AC19                                              0.000     0.000 r  clk (IN)
                         net (fo=0)                   0.000     0.000    pll.clk_pll/inst/clk_in1
    AC19                 IBUF (Prop_ibuf_I_O)         1.485     1.485 r  pll.clk_pll/inst/clkin1_ibufg/O
                         net (fo=1, routed)           1.619     3.104    pll.clk_pll/inst/clk_in1_clk_pll
    PLLE2_ADV_X0Y2       PLLE2_ADV (Prop_plle2_adv_CLKIN1_CLKOUT0)
                                                     -9.006    -5.902 r  pll.clk_pll/inst/plle2_adv_inst/CLKOUT0
                         net (fo=1, routed)           1.837    -4.064    pll.clk_pll/inst/cpu_clk_clk_pll
    BUFGCTRL_X0Y0        BUFG (Prop_bufg_I_O)         0.096    -3.968 r  pll.clk_pll/inst/clkout1_buf/O
                         net (fo=12248, routed)       1.653    -2.315    cpu_clk
    SLICE_X90Y150        FDRE                                         r  cpu_resetn_reg/C
  -------------------------------------------------------------------    -------------------
    SLICE_X90Y150        FDRE (Prop_fdre_C_Q)         0.518    -1.797 f  cpu_resetn_reg/Q
                         net (fo=377, routed)         7.218     5.420    u_cpu/u_l2cache/cpu_resetn
    SLICE_X40Y155        LUT1 (Prop_lut1_I0_O)        0.124     5.544 r  u_cpu/u_l2cache/req_way_i_1/O
                         net (fo=3374, routed)        2.320     7.864    u_confreg/clear
    SLICE_X61Y141        FDRE                                         r  u_confreg/timer_reg[28]/R
  -------------------------------------------------------------------    -------------------

                         (clock timer_clk_clk_pll rise edge)
                                                      0.000     0.000 r  
    AC19                                              0.000     0.000 r  clk (IN)
                         net (fo=0)                   0.000     0.000    pll.clk_pll/inst/clk_in1
    AC19                 IBUF (Prop_ibuf_I_O)         1.414     1.414 r  pll.clk_pll/inst/clkin1_ibufg/O
                         net (fo=1, routed)           1.531     2.945    pll.clk_pll/inst/clk_in1_clk_pll
    PLLE2_ADV_X0Y2       PLLE2_ADV (Prop_plle2_adv_CLKIN1_CLKOUT1)
                                                     -8.262    -5.316 r  pll.clk_pll/inst/plle2_adv_inst/CLKOUT1
                         net (fo=1, routed)           1.755    -3.561    pll.clk_pll/inst/timer_clk_clk_pll
    BUFGCTRL_X0Y1        BUFG (Prop_bufg_I_O)         0.091    -3.470 r  pll.clk_pll/inst/clkout2_buf/O
                         net (fo=99, routed)          1.548    -1.922    u_confreg/timer_clk
    SLICE_X61Y141        FDRE                                         r  u_confreg/timer_reg[28]/C

Slack:                    inf
  Source:                 cpu_resetn_reg/C
                            (rising edge-triggered cell FDRE clocked by cpu_clk_clk_pll  {rise@0.000ns fall@16.667ns period=33.333ns})
  Destination:            u_confreg/timer_reg[29]/R
                            (rising edge-triggered cell FDRE clocked by timer_clk_clk_pll  {rise@0.000ns fall@5.000ns period=10.000ns})
  Path Group:             (none)
  Path Type:              Setup (Max at Slow Process Corner)
  Data Path Delay:        10.180ns  (logic 0.642ns (6.307%)  route 9.538ns (93.693%))
  Logic Levels:           1  (LUT1=1)
  Clock Path Skew:        0.394ns (DCD - SCD + CPR)
    Destination Clock Delay (DCD):    -1.922ns
    Source Clock Delay      (SCD):    -2.315ns
    Clock Pessimism Removal (CPR):    0.000ns
  Clock Uncertainty:      0.215ns  ((TSJ^2 + DJ^2)^1/2) / 2 + PE
    Total System Jitter     (TSJ):    0.071ns
    Discrete Jitter          (DJ):    0.177ns
    Phase Error              (PE):    0.120ns
  Timing Exception:       False Path

    Location             Delay type                Incr(ns)  Path(ns)    Netlist Resource(s)
  -------------------------------------------------------------------    -------------------
                         (clock cpu_clk_clk_pll rise edge)
                                                      0.000     0.000 r  
    AC19                                              0.000     0.000 r  clk (IN)
                         net (fo=0)                   0.000     0.000    pll.clk_pll/inst/clk_in1
    AC19                 IBUF (Prop_ibuf_I_O)         1.485     1.485 r  pll.clk_pll/inst/clkin1_ibufg/O
                         net (fo=1, routed)           1.619     3.104    pll.clk_pll/inst/clk_in1_clk_pll
    PLLE2_ADV_X0Y2       PLLE2_ADV (Prop_plle2_adv_CLKIN1_CLKOUT0)
                                                     -9.006    -5.902 r  pll.clk_pll/inst/plle2_adv_inst/CLKOUT0
                         net (fo=1, routed)           1.837    -4.064    pll.clk_pll/inst/cpu_clk_clk_pll
    BUFGCTRL_X0Y0        BUFG (Prop_bufg_I_O)         0.096    -3.968 r  pll.clk_pll/inst/clkout1_buf/O
                         net (fo=12248, routed)       1.653    -2.315    cpu_clk
    SLICE_X90Y150        FDRE                                         r  cpu_resetn_reg/C
  -------------------------------------------------------------------    -------------------
    SLICE_X90Y150        FDRE (Prop_fdre_C_Q)         0.518    -1.797 f  cpu_resetn_reg/Q
                         net (fo=377, routed)         7.218     5.420    u_cpu/u_l2cache/cpu_resetn
    SLICE_X40Y155        LUT1 (Prop_lut1_I0_O)        0.124     5.544 r  u_cpu/u_l2cache/req_way_i_1/O
                         net (fo=3374, routed)        2.320     7.864    u_confreg/clear
    SLICE_X61Y141        FDRE                                         r  u_confreg/timer_reg[29]/R
  -------------------------------------------------------------------    -------------------

                         (clock timer_clk_clk_pll rise edge)
                                                      0.000     0.000 r  
    AC19                                              0.000     0.000 r  clk (IN)
                         net (fo=0)                   0.000     0.000    pll.clk_pll/inst/clk_in1
    AC19                 IBUF (Prop_ibuf_I_O)         1.414     1.414 r  pll.clk_pll/inst/clkin1_ibufg/O
                         net (fo=1, routed)           1.531     2.945    pll.clk_pll/inst/clk_in1_clk_pll
    PLLE2_ADV_X0Y2       PLLE2_ADV (Prop_plle2_adv_CLKIN1_CLKOUT1)
                                                     -8.262    -5.316 r  pll.clk_pll/inst/plle2_adv_inst/CLKOUT1
                         net (fo=1, routed)           1.755    -3.561    pll.clk_pll/inst/timer_clk_clk_pll
    BUFGCTRL_X0Y1        BUFG (Prop_bufg_I_O)         0.091    -3.470 r  pll.clk_pll/inst/clkout2_buf/O
                         net (fo=99, routed)          1.548    -1.922    u_confreg/timer_clk
    SLICE_X61Y141        FDRE                                         r  u_confreg/timer_reg[29]/C

Slack:                    inf
  Source:                 cpu_resetn_reg/C
                            (rising edge-triggered cell FDRE clocked by cpu_clk_clk_pll  {rise@0.000ns fall@16.667ns period=33.333ns})
  Destination:            u_confreg/timer_reg[30]/R
                            (rising edge-triggered cell FDRE clocked by timer_clk_clk_pll  {rise@0.000ns fall@5.000ns period=10.000ns})
  Path Group:             (none)
  Path Type:              Setup (Max at Slow Process Corner)
  Data Path Delay:        10.180ns  (logic 0.642ns (6.307%)  route 9.538ns (93.693%))
  Logic Levels:           1  (LUT1=1)
  Clock Path Skew:        0.394ns (DCD - SCD + CPR)
    Destination Clock Delay (DCD):    -1.922ns
    Source Clock Delay      (SCD):    -2.315ns
    Clock Pessimism Removal (CPR):    0.000ns
  Clock Uncertainty:      0.215ns  ((TSJ^2 + DJ^2)^1/2) / 2 + PE
    Total System Jitter     (TSJ):    0.071ns
    Discrete Jitter          (DJ):    0.177ns
    Phase Error              (PE):    0.120ns
  Timing Exception:       False Path

    Location             Delay type                Incr(ns)  Path(ns)    Netlist Resource(s)
  -------------------------------------------------------------------    -------------------
                         (clock cpu_clk_clk_pll rise edge)
                                                      0.000     0.000 r  
    AC19                                              0.000     0.000 r  clk (IN)
                         net (fo=0)                   0.000     0.000    pll.clk_pll/inst/clk_in1
    AC19                 IBUF (Prop_ibuf_I_O)         1.485     1.485 r  pll.clk_pll/inst/clkin1_ibufg/O
                         net (fo=1, routed)           1.619     3.104    pll.clk_pll/inst/clk_in1_clk_pll
    PLLE2_ADV_X0Y2       PLLE2_ADV (Prop_plle2_adv_CLKIN1_CLKOUT0)
                                                     -9.006    -5.902 r  pll.clk_pll/inst/plle2_adv_inst/CLKOUT0
                         net (fo=1, routed)           1.837    -4.064    pll.clk_pll/inst/cpu_clk_clk_pll
    BUFGCTRL_X0Y0        BUFG (Prop_bufg_I_O)         0.096    -3.968 r  pll.clk_pll/inst/clkout1_buf/O
                         net (fo=12248, routed)       1.653    -2.315    cpu_clk
    SLICE_X90Y150        FDRE                                         r  cpu_resetn_reg/C
  -------------------------------------------------------------------    -------------------
    SLICE_X90Y150        FDRE (Prop_fdre_C_Q)         0.518    -1.797 f  cpu_resetn_reg/Q
                         net (fo=377, routed)         7.218     5.420    u_cpu/u_l2cache/cpu_resetn
    SLICE_X40Y155        LUT1 (Prop_lut1_I0_O)        0.124     5.544 r  u_cpu/u_l2cache/req_way_i_1/O
                         net (fo=3374, routed)        2.320     7.864    u_confreg/clear
    SLICE_X61Y141        FDRE                                         r  u_confreg/timer_reg[30]/R
  -------------------------------------------------------------------    -------------------

                         (clock timer_clk_clk_pll rise edge)
                                                      0.000     0.000 r  
    AC19                                              0.000     0.000 r  clk (IN)
                         net (fo=0)                   0.000     0.000    pll.clk_pll/inst/clk_in1
    AC19                 IBUF (Prop_ibuf_I_O)         1.414     1.414 r  pll.clk_pll/inst/clkin1_ibufg/O
                         net (fo=1, routed)           1.531     2.945    pll.clk_pll/inst/clk_in1_clk_pll
    PLLE2_ADV_X0Y2       PLLE2_ADV (Prop_plle2_adv_CLKIN1_CLKOUT1)
                                                     -8.262    -5.316 r  pll.clk_pll/inst/plle2_adv_inst/CLKOUT1
                         net (fo=1, routed)           1.755    -3.561    pll.clk_pll/inst/timer_clk_clk_pll
    BUFGCTRL_X0Y1        BUFG (Prop_bufg_I_O)         0.091    -3.470 r  pll.clk_pll/inst/clkout2_buf/O
                         net (fo=99, routed)          1.548    -1.922    u_confreg/timer_clk
    SLICE_X61Y141        FDRE                                         r  u_confreg/timer_reg[30]/C

Slack:                    inf
  Source:                 cpu_resetn_reg/C
                            (rising edge-triggered cell FDRE clocked by cpu_clk_clk_pll  {rise@0.000ns fall@16.667ns period=33.333ns})
  Destination:            u_confreg/timer_reg[31]/R
                            (rising edge-triggered cell FDRE clocked by timer_clk_clk_pll  {rise@0.000ns fall@5.000ns period=10.000ns})
  Path Group:             (none)
  Path Type:              Setup (Max at Slow Process Corner)
  Data Path Delay:        10.180ns  (logic 0.642ns (6.307%)  route 9.538ns (93.693%))
  Logic Levels:           1  (LUT1=1)
  Clock Path Skew:        0.394ns (DCD - SCD + CPR)
    Destination Clock Delay (DCD):    -1.922ns
    Source Clock Delay      (SCD):    -2.315ns
    Clock Pessimism Removal (CPR):    0.000ns
  Clock Uncertainty:      0.215ns  ((TSJ^2 + DJ^2)^1/2) / 2 + PE
    Total System Jitter     (TSJ):    0.071ns
    Discrete Jitter          (DJ):    0.177ns
    Phase Error              (PE):    0.120ns
  Timing Exception:       False Path

    Location             Delay type                Incr(ns)  Path(ns)    Netlist Resource(s)
  -------------------------------------------------------------------    -------------------
                         (clock cpu_clk_clk_pll rise edge)
                                                      0.000     0.000 r  
    AC19                                              0.000     0.000 r  clk (IN)
                         net (fo=0)                   0.000     0.000    pll.clk_pll/inst/clk_in1
    AC19                 IBUF (Prop_ibuf_I_O)         1.485     1.485 r  pll.clk_pll/inst/clkin1_ibufg/O
                         net (fo=1, routed)           1.619     3.104    pll.clk_pll/inst/clk_in1_clk_pll
    PLLE2_ADV_X0Y2       PLLE2_ADV (Prop_plle2_adv_CLKIN1_CLKOUT0)
                                                     -9.006    -5.902 r  pll.clk_pll/inst/plle2_adv_inst/CLKOUT0
                         net (fo=1, routed)           1.837    -4.064    pll.clk_pll/inst/cpu_clk_clk_pll
    BUFGCTRL_X0Y0        BUFG (Prop_bufg_I_O)         0.096    -3.968 r  pll.clk_pll/inst/clkout1_buf/O
                         net (fo=12248, routed)       1.653    -2.315    cpu_clk
    SLICE_X90Y150        FDRE                                         r  cpu_resetn_reg/C
  -------------------------------------------------------------------    -------------------
    SLICE_X90Y150        FDRE (Prop_fdre_C_Q)         0.518    -1.797 f  cpu_resetn_reg/Q
                         net (fo=377, routed)         7.218     5.420    u_cpu/u_l2cache/cpu_resetn
    SLICE_X40Y155        LUT1 (Prop_lut1_I0_O)        0.124     5.544 r  u_cpu/u_l2cache/req_way_i_1/O
                         net (fo=3374, routed)        2.320     7.864    u_confreg/clear
    SLICE_X61Y141        FDRE                                         r  u_confreg/timer_reg[31]/R
  -------------------------------------------------------------------    -------------------

                         (clock timer_clk_clk_pll rise edge)
                                                      0.000     0.000 r  
    AC19                                              0.000     0.000 r  clk (IN)
                         net (fo=0)                   0.000     0.000    pll.clk_pll/inst/clk_in1
    AC19                 IBUF (Prop_ibuf_I_O)         1.414     1.414 r  pll.clk_pll/inst/clkin1_ibufg/O
                         net (fo=1, routed)           1.531     2.945    pll.clk_pll/inst/clk_in1_clk_pll
    PLLE2_ADV_X0Y2       PLLE2_ADV (Prop_plle2_adv_CLKIN1_CLKOUT1)
                                                     -8.262    -5.316 r  pll.clk_pll/inst/plle2_adv_inst/CLKOUT1
                         net (fo=1, routed)           1.755    -3.561    pll.clk_pll/inst/timer_clk_clk_pll
    BUFGCTRL_X0Y1        BUFG (Prop_bufg_I_O)         0.091    -3.470 r  pll.clk_pll/inst/clkout2_buf/O
                         net (fo=99, routed)          1.548    -1.922    u_confreg/timer_clk
    SLICE_X61Y141        FDRE                                         r  u_confreg/timer_reg[31]/C

Slack:                    inf
  Source:                 cpu_resetn_reg/C
                            (rising edge-triggered cell FDRE clocked by cpu_clk_clk_pll  {rise@0.000ns fall@16.667ns period=33.333ns})
  Destination:            u_confreg/timer_reg[4]/R
                            (rising edge-triggered cell FDRE clocked by timer_clk_clk_pll  {rise@0.000ns fall@5.000ns period=10.000ns})
  Path Group:             (none)
  Path Type:              Setup (Max at Slow Process Corner)
  Data Path Delay:        10.177ns  (logic 0.642ns (6.308%)  route 9.535ns (93.692%))
  Logic Levels:           1  (LUT1=1)
  Clock Path Skew:        0.390ns (DCD - SCD + CPR)
    Destination Clock Delay (DCD):    -1.926ns
    Source Clock Delay      (SCD):    -2.315ns
    Clock Pessimism Removal (CPR):    0.000ns
  Clock Uncertainty:      0.215ns  ((TSJ^2 + DJ^2)^1/2) / 2 + PE
    Total System Jitter     (TSJ):    0.071ns
    Discrete Jitter          (DJ):    0.177ns
    Phase Error              (PE):    0.120ns
  Timing Exception:       False Path

    Location             Delay type                Incr(ns)  Path(ns)    Netlist Resource(s)
  -------------------------------------------------------------------    -------------------
                         (clock cpu_clk_clk_pll rise edge)
                                                      0.000     0.000 r  
    AC19                                              0.000     0.000 r  clk (IN)
                         net (fo=0)                   0.000     0.000    pll.clk_pll/inst/clk_in1
    AC19                 IBUF (Prop_ibuf_I_O)         1.485     1.485 r  pll.clk_pll/inst/clkin1_ibufg/O
                         net (fo=1, routed)           1.619     3.104    pll.clk_pll/inst/clk_in1_clk_pll
    PLLE2_ADV_X0Y2       PLLE2_ADV (Prop_plle2_adv_CLKIN1_CLKOUT0)
                                                     -9.006    -5.902 r  pll.clk_pll/inst/plle2_adv_inst/CLKOUT0
                         net (fo=1, routed)           1.837    -4.064    pll.clk_pll/inst/cpu_clk_clk_pll
    BUFGCTRL_X0Y0        BUFG (Prop_bufg_I_O)         0.096    -3.968 r  pll.clk_pll/inst/clkout1_buf/O
                         net (fo=12248, routed)       1.653    -2.315    cpu_clk
    SLICE_X90Y150        FDRE                                         r  cpu_resetn_reg/C
  -------------------------------------------------------------------    -------------------
    SLICE_X90Y150        FDRE (Prop_fdre_C_Q)         0.518    -1.797 f  cpu_resetn_reg/Q
                         net (fo=377, routed)         7.218     5.420    u_cpu/u_l2cache/cpu_resetn
    SLICE_X40Y155        LUT1 (Prop_lut1_I0_O)        0.124     5.544 r  u_cpu/u_l2cache/req_way_i_1/O
                         net (fo=3374, routed)        2.318     7.862    u_confreg/clear
    SLICE_X61Y135        FDRE                                         r  u_confreg/timer_reg[4]/R
  -------------------------------------------------------------------    -------------------

                         (clock timer_clk_clk_pll rise edge)
                                                      0.000     0.000 r  
    AC19                                              0.000     0.000 r  clk (IN)
                         net (fo=0)                   0.000     0.000    pll.clk_pll/inst/clk_in1
    AC19                 IBUF (Prop_ibuf_I_O)         1.414     1.414 r  pll.clk_pll/inst/clkin1_ibufg/O
                         net (fo=1, routed)           1.531     2.945    pll.clk_pll/inst/clk_in1_clk_pll
    PLLE2_ADV_X0Y2       PLLE2_ADV (Prop_plle2_adv_CLKIN1_CLKOUT1)
                                                     -8.262    -5.316 r  pll.clk_pll/inst/plle2_adv_inst/CLKOUT1
                         net (fo=1, routed)           1.755    -3.561    pll.clk_pll/inst/timer_clk_clk_pll
    BUFGCTRL_X0Y1        BUFG (Prop_bufg_I_O)         0.091    -3.470 r  pll.clk_pll/inst/clkout2_buf/O
                         net (fo=99, routed)          1.544    -1.926    u_confreg/timer_clk
    SLICE_X61Y135        FDRE                                         r  u_confreg/timer_reg[4]/C

Slack:                    inf
  Source:                 cpu_resetn_reg/C
                            (rising edge-triggered cell FDRE clocked by cpu_clk_clk_pll  {rise@0.000ns fall@16.667ns period=33.333ns})
  Destination:            u_confreg/timer_reg[5]/R
                            (rising edge-triggered cell FDRE clocked by timer_clk_clk_pll  {rise@0.000ns fall@5.000ns period=10.000ns})
  Path Group:             (none)
  Path Type:              Setup (Max at Slow Process Corner)
  Data Path Delay:        10.177ns  (logic 0.642ns (6.308%)  route 9.535ns (93.692%))
  Logic Levels:           1  (LUT1=1)
  Clock Path Skew:        0.390ns (DCD - SCD + CPR)
    Destination Clock Delay (DCD):    -1.926ns
    Source Clock Delay      (SCD):    -2.315ns
    Clock Pessimism Removal (CPR):    0.000ns
  Clock Uncertainty:      0.215ns  ((TSJ^2 + DJ^2)^1/2) / 2 + PE
    Total System Jitter     (TSJ):    0.071ns
    Discrete Jitter          (DJ):    0.177ns
    Phase Error              (PE):    0.120ns
  Timing Exception:       False Path

    Location             Delay type                Incr(ns)  Path(ns)    Netlist Resource(s)
  -------------------------------------------------------------------    -------------------
                         (clock cpu_clk_clk_pll rise edge)
                                                      0.000     0.000 r  
    AC19                                              0.000     0.000 r  clk (IN)
                         net (fo=0)                   0.000     0.000    pll.clk_pll/inst/clk_in1
    AC19                 IBUF (Prop_ibuf_I_O)         1.485     1.485 r  pll.clk_pll/inst/clkin1_ibufg/O
                         net (fo=1, routed)           1.619     3.104    pll.clk_pll/inst/clk_in1_clk_pll
    PLLE2_ADV_X0Y2       PLLE2_ADV (Prop_plle2_adv_CLKIN1_CLKOUT0)
                                                     -9.006    -5.902 r  pll.clk_pll/inst/plle2_adv_inst/CLKOUT0
                         net (fo=1, routed)           1.837    -4.064    pll.clk_pll/inst/cpu_clk_clk_pll
    BUFGCTRL_X0Y0        BUFG (Prop_bufg_I_O)         0.096    -3.968 r  pll.clk_pll/inst/clkout1_buf/O
                         net (fo=12248, routed)       1.653    -2.315    cpu_clk
    SLICE_X90Y150        FDRE                                         r  cpu_resetn_reg/C
  -------------------------------------------------------------------    -------------------
    SLICE_X90Y150        FDRE (Prop_fdre_C_Q)         0.518    -1.797 f  cpu_resetn_reg/Q
                         net (fo=377, routed)         7.218     5.420    u_cpu/u_l2cache/cpu_resetn
    SLICE_X40Y155        LUT1 (Prop_lut1_I0_O)        0.124     5.544 r  u_cpu/u_l2cache/req_way_i_1/O
                         net (fo=3374, routed)        2.318     7.862    u_confreg/clear
    SLICE_X61Y135        FDRE                                         r  u_confreg/timer_reg[5]/R
  -------------------------------------------------------------------    -------------------

                         (clock timer_clk_clk_pll rise edge)
                                                      0.000     0.000 r  
    AC19                                              0.000     0.000 r  clk (IN)
                         net (fo=0)                   0.000     0.000    pll.clk_pll/inst/clk_in1
    AC19                 IBUF (Prop_ibuf_I_O)         1.414     1.414 r  pll.clk_pll/inst/clkin1_ibufg/O
                         net (fo=1, routed)           1.531     2.945    pll.clk_pll/inst/clk_in1_clk_pll
    PLLE2_ADV_X0Y2       PLLE2_ADV (Prop_plle2_adv_CLKIN1_CLKOUT1)
                                                     -8.262    -5.316 r  pll.clk_pll/inst/plle2_adv_inst/CLKOUT1
                         net (fo=1, routed)           1.755    -3.561    pll.clk_pll/inst/timer_clk_clk_pll
    BUFGCTRL_X0Y1        BUFG (Prop_bufg_I_O)         0.091    -3.470 r  pll.clk_pll/inst/clkout2_buf/O
                         net (fo=99, routed)          1.544    -1.926    u_confreg/timer_clk
    SLICE_X61Y135        FDRE                                         r  u_confreg/timer_reg[5]/C





Min Delay Paths
--------------------------------------------------------------------------------------
Slack:                    inf
  Source:                 u_confreg/conf_wdata_r_reg[19]/C
                            (rising edge-triggered cell FDRE clocked by cpu_clk_clk_pll  {rise@0.000ns fall@16.667ns period=33.333ns})
  Destination:            u_confreg/conf_wdata_r1_reg[19]/D
                            (rising edge-triggered cell FDRE clocked by timer_clk_clk_pll  {rise@0.000ns fall@5.000ns period=10.000ns})
  Path Group:             (none)
  Path Type:              Hold (Min at Slow Process Corner)
  Data Path Delay:        0.505ns  (logic 0.367ns (72.658%)  route 0.138ns (27.342%))
  Logic Levels:           0  
  Clock Path Skew:        -0.377ns (DCD - SCD - CPR)
    Destination Clock Delay (DCD):    -2.300ns
    Source Clock Delay      (SCD):    -1.923ns
    Clock Pessimism Removal (CPR):    -0.000ns
  Clock Uncertainty:      0.215ns  ((TSJ^2 + DJ^2)^1/2) / 2 + PE
    Total System Jitter     (TSJ):    0.071ns
    Discrete Jitter          (DJ):    0.177ns
    Phase Error              (PE):    0.120ns
  Timing Exception:       False Path

    Location             Delay type                Incr(ns)  Path(ns)    Netlist Resource(s)
  -------------------------------------------------------------------    -------------------
                         (clock cpu_clk_clk_pll rise edge)
                                                      0.000     0.000 r  
    AC19                                              0.000     0.000 r  clk (IN)
                         net (fo=0)                   0.000     0.000    pll.clk_pll/inst/clk_in1
    AC19                 IBUF (Prop_ibuf_I_O)         1.414     1.414 r  pll.clk_pll/inst/clkin1_ibufg/O
                         net (fo=1, routed)           1.531     2.945    pll.clk_pll/inst/clk_in1_clk_pll
    PLLE2_ADV_X0Y2       PLLE2_ADV (Prop_plle2_adv_CLKIN1_CLKOUT0)
                                                     -8.262    -5.316 r  pll.clk_pll/inst/plle2_adv_inst/CLKOUT0
                         net (fo=1, routed)           1.755    -3.561    pll.clk_pll/inst/cpu_clk_clk_pll
    BUFGCTRL_X0Y0        BUFG (Prop_bufg_I_O)         0.091    -3.470 r  pll.clk_pll/inst/clkout1_buf/O
                         net (fo=12248, routed)       1.547    -1.923    u_confreg/cpu_clk
    SLICE_X57Y140        FDRE                                         r  u_confreg/conf_wdata_r_reg[19]/C
  -------------------------------------------------------------------    -------------------
    SLICE_X57Y140        FDRE (Prop_fdre_C_Q)         0.367    -1.556 r  u_confreg/conf_wdata_r_reg[19]/Q
                         net (fo=1, routed)           0.138    -1.418    u_confreg/conf_wdata_r_reg_n_0_[19]
    SLICE_X56Y140        FDRE                                         r  u_confreg/conf_wdata_r1_reg[19]/D
  -------------------------------------------------------------------    -------------------

                         (clock timer_clk_clk_pll rise edge)
                                                      0.000     0.000 r  
    AC19                                              0.000     0.000 r  clk (IN)
                         net (fo=0)                   0.000     0.000    pll.clk_pll/inst/clk_in1
    AC19                 IBUF (Prop_ibuf_I_O)         1.485     1.485 r  pll.clk_pll/inst/clkin1_ibufg/O
                         net (fo=1, routed)           1.619     3.104    pll.clk_pll/inst/clk_in1_clk_pll
    PLLE2_ADV_X0Y2       PLLE2_ADV (Prop_plle2_adv_CLKIN1_CLKOUT1)
                                                     -9.006    -5.902 r  pll.clk_pll/inst/plle2_adv_inst/CLKOUT1
                         net (fo=1, routed)           1.837    -4.064    pll.clk_pll/inst/timer_clk_clk_pll
    BUFGCTRL_X0Y1        BUFG (Prop_bufg_I_O)         0.096    -3.968 r  pll.clk_pll/inst/clkout2_buf/O
                         net (fo=99, routed)          1.668    -2.300    u_confreg/timer_clk
    SLICE_X56Y140        FDRE                                         r  u_confreg/conf_wdata_r1_reg[19]/C

Slack:                    inf
  Source:                 u_confreg/conf_wdata_r_reg[29]/C
                            (rising edge-triggered cell FDRE clocked by cpu_clk_clk_pll  {rise@0.000ns fall@16.667ns period=33.333ns})
  Destination:            u_confreg/conf_wdata_r1_reg[29]/D
                            (rising edge-triggered cell FDRE clocked by timer_clk_clk_pll  {rise@0.000ns fall@5.000ns period=10.000ns})
  Path Group:             (none)
  Path Type:              Hold (Min at Slow Process Corner)
  Data Path Delay:        0.611ns  (logic 0.367ns (60.049%)  route 0.244ns (39.951%))
  Logic Levels:           0  
  Clock Path Skew:        -0.377ns (DCD - SCD - CPR)
    Destination Clock Delay (DCD):    -2.300ns
    Source Clock Delay      (SCD):    -1.923ns
    Clock Pessimism Removal (CPR):    -0.000ns
  Clock Uncertainty:      0.215ns  ((TSJ^2 + DJ^2)^1/2) / 2 + PE
    Total System Jitter     (TSJ):    0.071ns
    Discrete Jitter          (DJ):    0.177ns
    Phase Error              (PE):    0.120ns
  Timing Exception:       False Path

    Location             Delay type                Incr(ns)  Path(ns)    Netlist Resource(s)
  -------------------------------------------------------------------    -------------------
                         (clock cpu_clk_clk_pll rise edge)
                                                      0.000     0.000 r  
    AC19                                              0.000     0.000 r  clk (IN)
                         net (fo=0)                   0.000     0.000    pll.clk_pll/inst/clk_in1
    AC19                 IBUF (Prop_ibuf_I_O)         1.414     1.414 r  pll.clk_pll/inst/clkin1_ibufg/O
                         net (fo=1, routed)           1.531     2.945    pll.clk_pll/inst/clk_in1_clk_pll
    PLLE2_ADV_X0Y2       PLLE2_ADV (Prop_plle2_adv_CLKIN1_CLKOUT0)
                                                     -8.262    -5.316 r  pll.clk_pll/inst/plle2_adv_inst/CLKOUT0
                         net (fo=1, routed)           1.755    -3.561    pll.clk_pll/inst/cpu_clk_clk_pll
    BUFGCTRL_X0Y0        BUFG (Prop_bufg_I_O)         0.091    -3.470 r  pll.clk_pll/inst/clkout1_buf/O
                         net (fo=12248, routed)       1.547    -1.923    u_confreg/cpu_clk
    SLICE_X59Y140        FDRE                                         r  u_confreg/conf_wdata_r_reg[29]/C
  -------------------------------------------------------------------    -------------------
    SLICE_X59Y140        FDRE (Prop_fdre_C_Q)         0.367    -1.556 r  u_confreg/conf_wdata_r_reg[29]/Q
                         net (fo=1, routed)           0.244    -1.311    u_confreg/conf_wdata_r_reg_n_0_[29]
    SLICE_X60Y140        FDRE                                         r  u_confreg/conf_wdata_r1_reg[29]/D
  -------------------------------------------------------------------    -------------------

                         (clock timer_clk_clk_pll rise edge)
                                                      0.000     0.000 r  
    AC19                                              0.000     0.000 r  clk (IN)
                         net (fo=0)                   0.000     0.000    pll.clk_pll/inst/clk_in1
    AC19                 IBUF (Prop_ibuf_I_O)         1.485     1.485 r  pll.clk_pll/inst/clkin1_ibufg/O
                         net (fo=1, routed)           1.619     3.104    pll.clk_pll/inst/clk_in1_clk_pll
    PLLE2_ADV_X0Y2       PLLE2_ADV (Prop_plle2_adv_CLKIN1_CLKOUT1)
                                                     -9.006    -5.902 r  pll.clk_pll/inst/plle2_adv_inst/CLKOUT1
                         net (fo=1, routed)           1.837    -4.064    pll.clk_pll/inst/timer_clk_clk_pll
    BUFGCTRL_X0Y1        BUFG (Prop_bufg_I_O)         0.096    -3.968 r  pll.clk_pll/inst/clkout2_buf/O
                         net (fo=99, routed)          1.668    -2.300    u_confreg/timer_clk
    SLICE_X60Y140        FDRE                                         r  u_confreg/conf_wdata_r1_reg[29]/C

Slack:                    inf
  Source:                 u_confreg/conf_wdata_r_reg[11]/C
                            (rising edge-triggered cell FDRE clocked by cpu_clk_clk_pll  {rise@0.000ns fall@16.667ns period=33.333ns})
  Destination:            u_confreg/conf_wdata_r1_reg[11]/D
                            (rising edge-triggered cell FDRE clocked by timer_clk_clk_pll  {rise@0.000ns fall@5.000ns period=10.000ns})
  Path Group:             (none)
  Path Type:              Hold (Min at Slow Process Corner)
  Data Path Delay:        0.618ns  (logic 0.367ns (59.409%)  route 0.251ns (40.591%))
  Logic Levels:           0  
  Clock Path Skew:        -0.377ns (DCD - SCD - CPR)
    Destination Clock Delay (DCD):    -2.303ns
    Source Clock Delay      (SCD):    -1.926ns
    Clock Pessimism Removal (CPR):    -0.000ns
  Clock Uncertainty:      0.215ns  ((TSJ^2 + DJ^2)^1/2) / 2 + PE
    Total System Jitter     (TSJ):    0.071ns
    Discrete Jitter          (DJ):    0.177ns
    Phase Error              (PE):    0.120ns
  Timing Exception:       False Path

    Location             Delay type                Incr(ns)  Path(ns)    Netlist Resource(s)
  -------------------------------------------------------------------    -------------------
                         (clock cpu_clk_clk_pll rise edge)
                                                      0.000     0.000 r  
    AC19                                              0.000     0.000 r  clk (IN)
                         net (fo=0)                   0.000     0.000    pll.clk_pll/inst/clk_in1
    AC19                 IBUF (Prop_ibuf_I_O)         1.414     1.414 r  pll.clk_pll/inst/clkin1_ibufg/O
                         net (fo=1, routed)           1.531     2.945    pll.clk_pll/inst/clk_in1_clk_pll
    PLLE2_ADV_X0Y2       PLLE2_ADV (Prop_plle2_adv_CLKIN1_CLKOUT0)
                                                     -8.262    -5.316 r  pll.clk_pll/inst/plle2_adv_inst/CLKOUT0
                         net (fo=1, routed)           1.755    -3.561    pll.clk_pll/inst/cpu_clk_clk_pll
    BUFGCTRL_X0Y0        BUFG (Prop_bufg_I_O)         0.091    -3.470 r  pll.clk_pll/inst/clkout1_buf/O
                         net (fo=12248, routed)       1.544    -1.926    u_confreg/cpu_clk
    SLICE_X58Y135        FDRE                                         r  u_confreg/conf_wdata_r_reg[11]/C
  -------------------------------------------------------------------    -------------------
    SLICE_X58Y135        FDRE (Prop_fdre_C_Q)         0.367    -1.559 r  u_confreg/conf_wdata_r_reg[11]/Q
                         net (fo=1, routed)           0.251    -1.308    u_confreg/conf_wdata_r_reg_n_0_[11]
    SLICE_X59Y135        FDRE                                         r  u_confreg/conf_wdata_r1_reg[11]/D
  -------------------------------------------------------------------    -------------------

                         (clock timer_clk_clk_pll rise edge)
                                                      0.000     0.000 r  
    AC19                                              0.000     0.000 r  clk (IN)
                         net (fo=0)                   0.000     0.000    pll.clk_pll/inst/clk_in1
    AC19                 IBUF (Prop_ibuf_I_O)         1.485     1.485 r  pll.clk_pll/inst/clkin1_ibufg/O
                         net (fo=1, routed)           1.619     3.104    pll.clk_pll/inst/clk_in1_clk_pll
    PLLE2_ADV_X0Y2       PLLE2_ADV (Prop_plle2_adv_CLKIN1_CLKOUT1)
                                                     -9.006    -5.902 r  pll.clk_pll/inst/plle2_adv_inst/CLKOUT1
                         net (fo=1, routed)           1.837    -4.064    pll.clk_pll/inst/timer_clk_clk_pll
    BUFGCTRL_X0Y1        BUFG (Prop_bufg_I_O)         0.096    -3.968 r  pll.clk_pll/inst/clkout2_buf/O
                         net (fo=99, routed)          1.665    -2.303    u_confreg/timer_clk
    SLICE_X59Y135        FDRE                                         r  u_confreg/conf_wdata_r1_reg[11]/C

Slack:                    inf
  Source:                 u_confreg/conf_wdata_r_reg[8]/C
                            (rising edge-triggered cell FDRE clocked by cpu_clk_clk_pll  {rise@0.000ns fall@16.667ns period=33.333ns})
  Destination:            u_confreg/conf_wdata_r1_reg[8]/D
                            (rising edge-triggered cell FDRE clocked by timer_clk_clk_pll  {rise@0.000ns fall@5.000ns period=10.000ns})
  Path Group:             (none)
  Path Type:              Hold (Min at Slow Process Corner)
  Data Path Delay:        0.618ns  (logic 0.367ns (59.385%)  route 0.251ns (40.615%))
  Logic Levels:           0  
  Clock Path Skew:        -0.377ns (DCD - SCD - CPR)
    Destination Clock Delay (DCD):    -2.303ns
    Source Clock Delay      (SCD):    -1.926ns
    Clock Pessimism Removal (CPR):    -0.000ns
  Clock Uncertainty:      0.215ns  ((TSJ^2 + DJ^2)^1/2) / 2 + PE
    Total System Jitter     (TSJ):    0.071ns
    Discrete Jitter          (DJ):    0.177ns
    Phase Error              (PE):    0.120ns
  Timing Exception:       False Path

    Location             Delay type                Incr(ns)  Path(ns)    Netlist Resource(s)
  -------------------------------------------------------------------    -------------------
                         (clock cpu_clk_clk_pll rise edge)
                                                      0.000     0.000 r  
    AC19                                              0.000     0.000 r  clk (IN)
                         net (fo=0)                   0.000     0.000    pll.clk_pll/inst/clk_in1
    AC19                 IBUF (Prop_ibuf_I_O)         1.414     1.414 r  pll.clk_pll/inst/clkin1_ibufg/O
                         net (fo=1, routed)           1.531     2.945    pll.clk_pll/inst/clk_in1_clk_pll
    PLLE2_ADV_X0Y2       PLLE2_ADV (Prop_plle2_adv_CLKIN1_CLKOUT0)
                                                     -8.262    -5.316 r  pll.clk_pll/inst/plle2_adv_inst/CLKOUT0
                         net (fo=1, routed)           1.755    -3.561    pll.clk_pll/inst/cpu_clk_clk_pll
    BUFGCTRL_X0Y0        BUFG (Prop_bufg_I_O)         0.091    -3.470 r  pll.clk_pll/inst/clkout1_buf/O
                         net (fo=12248, routed)       1.544    -1.926    u_confreg/cpu_clk
    SLICE_X58Y135        FDRE                                         r  u_confreg/conf_wdata_r_reg[8]/C
  -------------------------------------------------------------------    -------------------
    SLICE_X58Y135        FDRE (Prop_fdre_C_Q)         0.367    -1.559 r  u_confreg/conf_wdata_r_reg[8]/Q
                         net (fo=1, routed)           0.251    -1.308    u_confreg/conf_wdata_r_reg_n_0_[8]
    SLICE_X59Y135        FDRE                                         r  u_confreg/conf_wdata_r1_reg[8]/D
  -------------------------------------------------------------------    -------------------

                         (clock timer_clk_clk_pll rise edge)
                                                      0.000     0.000 r  
    AC19                                              0.000     0.000 r  clk (IN)
                         net (fo=0)                   0.000     0.000    pll.clk_pll/inst/clk_in1
    AC19                 IBUF (Prop_ibuf_I_O)         1.485     1.485 r  pll.clk_pll/inst/clkin1_ibufg/O
                         net (fo=1, routed)           1.619     3.104    pll.clk_pll/inst/clk_in1_clk_pll
    PLLE2_ADV_X0Y2       PLLE2_ADV (Prop_plle2_adv_CLKIN1_CLKOUT1)
                                                     -9.006    -5.902 r  pll.clk_pll/inst/plle2_adv_inst/CLKOUT1
                         net (fo=1, routed)           1.837    -4.064    pll.clk_pll/inst/timer_clk_clk_pll
    BUFGCTRL_X0Y1        BUFG (Prop_bufg_I_O)         0.096    -3.968 r  pll.clk_pll/inst/clkout2_buf/O
                         net (fo=99, routed)          1.665    -2.303    u_confreg/timer_clk
    SLICE_X59Y135        FDRE                                         r  u_confreg/conf_wdata_r1_reg[8]/C

Slack:                    inf
  Source:                 u_confreg/conf_wdata_r_reg[10]/C
                            (rising edge-triggered cell FDRE clocked by cpu_clk_clk_pll  {rise@0.000ns fall@16.667ns period=33.333ns})
  Destination:            u_confreg/conf_wdata_r1_reg[10]/D
                            (rising edge-triggered cell FDRE clocked by timer_clk_clk_pll  {rise@0.000ns fall@5.000ns period=10.000ns})
  Path Group:             (none)
  Path Type:              Hold (Min at Slow Process Corner)
  Data Path Delay:        0.618ns  (logic 0.367ns (59.409%)  route 0.251ns (40.591%))
  Logic Levels:           0  
  Clock Path Skew:        -0.377ns (DCD - SCD - CPR)
    Destination Clock Delay (DCD):    -2.302ns
    Source Clock Delay      (SCD):    -1.925ns
    Clock Pessimism Removal (CPR):    -0.000ns
  Clock Uncertainty:      0.215ns  ((TSJ^2 + DJ^2)^1/2) / 2 + PE
    Total System Jitter     (TSJ):    0.071ns
    Discrete Jitter          (DJ):    0.177ns
    Phase Error              (PE):    0.120ns
  Timing Exception:       False Path

    Location             Delay type                Incr(ns)  Path(ns)    Netlist Resource(s)
  -------------------------------------------------------------------    -------------------
                         (clock cpu_clk_clk_pll rise edge)
                                                      0.000     0.000 r  
    AC19                                              0.000     0.000 r  clk (IN)
                         net (fo=0)                   0.000     0.000    pll.clk_pll/inst/clk_in1
    AC19                 IBUF (Prop_ibuf_I_O)         1.414     1.414 r  pll.clk_pll/inst/clkin1_ibufg/O
                         net (fo=1, routed)           1.531     2.945    pll.clk_pll/inst/clk_in1_clk_pll
    PLLE2_ADV_X0Y2       PLLE2_ADV (Prop_plle2_adv_CLKIN1_CLKOUT0)
                                                     -8.262    -5.316 r  pll.clk_pll/inst/plle2_adv_inst/CLKOUT0
                         net (fo=1, routed)           1.755    -3.561    pll.clk_pll/inst/cpu_clk_clk_pll
    BUFGCTRL_X0Y0        BUFG (Prop_bufg_I_O)         0.091    -3.470 r  pll.clk_pll/inst/clkout1_buf/O
                         net (fo=12248, routed)       1.545    -1.925    u_confreg/cpu_clk
    SLICE_X50Y136        FDRE                                         r  u_confreg/conf_wdata_r_reg[10]/C
  -------------------------------------------------------------------    -------------------
    SLICE_X50Y136        FDRE (Prop_fdre_C_Q)         0.367    -1.558 r  u_confreg/conf_wdata_r_reg[10]/Q
                         net (fo=1, routed)           0.251    -1.307    u_confreg/conf_wdata_r_reg_n_0_[10]
    SLICE_X51Y136        FDRE                                         r  u_confreg/conf_wdata_r1_reg[10]/D
  -------------------------------------------------------------------    -------------------

                         (clock timer_clk_clk_pll rise edge)
                                                      0.000     0.000 r  
    AC19                                              0.000     0.000 r  clk (IN)
                         net (fo=0)                   0.000     0.000    pll.clk_pll/inst/clk_in1
    AC19                 IBUF (Prop_ibuf_I_O)         1.485     1.485 r  pll.clk_pll/inst/clkin1_ibufg/O
                         net (fo=1, routed)           1.619     3.104    pll.clk_pll/inst/clk_in1_clk_pll
    PLLE2_ADV_X0Y2       PLLE2_ADV (Prop_plle2_adv_CLKIN1_CLKOUT1)
                                                     -9.006    -5.902 r  pll.clk_pll/inst/plle2_adv_inst/CLKOUT1
                         net (fo=1, routed)           1.837    -4.064    pll.clk_pll/inst/timer_clk_clk_pll
    BUFGCTRL_X0Y1        BUFG (Prop_bufg_I_O)         0.096    -3.968 r  pll.clk_pll/inst/clkout2_buf/O
                         net (fo=99, routed)          1.666    -2.302    u_confreg/timer_clk
    SLICE_X51Y136        FDRE                                         r  u_confreg/conf_wdata_r1_reg[10]/C

Slack:                    inf
  Source:                 u_confreg/conf_wdata_r_reg[21]/C
                            (rising edge-triggered cell FDRE clocked by cpu_clk_clk_pll  {rise@0.000ns fall@16.667ns period=33.333ns})
  Destination:            u_confreg/conf_wdata_r1_reg[21]/D
                            (rising edge-triggered cell FDRE clocked by timer_clk_clk_pll  {rise@0.000ns fall@5.000ns period=10.000ns})
  Path Group:             (none)
  Path Type:              Hold (Min at Slow Process Corner)
  Data Path Delay:        0.618ns  (logic 0.367ns (59.369%)  route 0.251ns (40.631%))
  Logic Levels:           0  
  Clock Path Skew:        -0.377ns (DCD - SCD - CPR)
    Destination Clock Delay (DCD):    -2.300ns
    Source Clock Delay      (SCD):    -1.923ns
    Clock Pessimism Removal (CPR):    -0.000ns
  Clock Uncertainty:      0.215ns  ((TSJ^2 + DJ^2)^1/2) / 2 + PE
    Total System Jitter     (TSJ):    0.071ns
    Discrete Jitter          (DJ):    0.177ns
    Phase Error              (PE):    0.120ns
  Timing Exception:       False Path

    Location             Delay type                Incr(ns)  Path(ns)    Netlist Resource(s)
  -------------------------------------------------------------------    -------------------
                         (clock cpu_clk_clk_pll rise edge)
                                                      0.000     0.000 r  
    AC19                                              0.000     0.000 r  clk (IN)
                         net (fo=0)                   0.000     0.000    pll.clk_pll/inst/clk_in1
    AC19                 IBUF (Prop_ibuf_I_O)         1.414     1.414 r  pll.clk_pll/inst/clkin1_ibufg/O
                         net (fo=1, routed)           1.531     2.945    pll.clk_pll/inst/clk_in1_clk_pll
    PLLE2_ADV_X0Y2       PLLE2_ADV (Prop_plle2_adv_CLKIN1_CLKOUT0)
                                                     -8.262    -5.316 r  pll.clk_pll/inst/plle2_adv_inst/CLKOUT0
                         net (fo=1, routed)           1.755    -3.561    pll.clk_pll/inst/cpu_clk_clk_pll
    BUFGCTRL_X0Y0        BUFG (Prop_bufg_I_O)         0.091    -3.470 r  pll.clk_pll/inst/clkout1_buf/O
                         net (fo=12248, routed)       1.547    -1.923    u_confreg/cpu_clk
    SLICE_X59Y140        FDRE                                         r  u_confreg/conf_wdata_r_reg[21]/C
  -------------------------------------------------------------------    -------------------
    SLICE_X59Y140        FDRE (Prop_fdre_C_Q)         0.367    -1.556 r  u_confreg/conf_wdata_r_reg[21]/Q
                         net (fo=1, routed)           0.251    -1.304    u_confreg/conf_wdata_r_reg_n_0_[21]
    SLICE_X60Y140        FDRE                                         r  u_confreg/conf_wdata_r1_reg[21]/D
  -------------------------------------------------------------------    -------------------

                         (clock timer_clk_clk_pll rise edge)
                                                      0.000     0.000 r  
    AC19                                              0.000     0.000 r  clk (IN)
                         net (fo=0)                   0.000     0.000    pll.clk_pll/inst/clk_in1
    AC19                 IBUF (Prop_ibuf_I_O)         1.485     1.485 r  pll.clk_pll/inst/clkin1_ibufg/O
                         net (fo=1, routed)           1.619     3.104    pll.clk_pll/inst/clk_in1_clk_pll
    PLLE2_ADV_X0Y2       PLLE2_ADV (Prop_plle2_adv_CLKIN1_CLKOUT1)
                                                     -9.006    -5.902 r  pll.clk_pll/inst/plle2_adv_inst/CLKOUT1
                         net (fo=1, routed)           1.837    -4.064    pll.clk_pll/inst/timer_clk_clk_pll
    BUFGCTRL_X0Y1        BUFG (Prop_bufg_I_O)         0.096    -3.968 r  pll.clk_pll/inst/clkout2_buf/O
                         net (fo=99, routed)          1.668    -2.300    u_confreg/timer_clk
    SLICE_X60Y140        FDRE                                         r  u_confreg/conf_wdata_r1_reg[21]/C

Slack:                    inf
  Source:                 u_confreg/conf_wdata_r_reg[12]/C
                            (rising edge-triggered cell FDRE clocked by cpu_clk_clk_pll  {rise@0.000ns fall@16.667ns period=33.333ns})
  Destination:            u_confreg/conf_wdata_r1_reg[12]/D
                            (rising edge-triggered cell FDRE clocked by timer_clk_clk_pll  {rise@0.000ns fall@5.000ns period=10.000ns})
  Path Group:             (none)
  Path Type:              Hold (Min at Slow Process Corner)
  Data Path Delay:        0.631ns  (logic 0.367ns (58.133%)  route 0.264ns (41.867%))
  Logic Levels:           0  
  Clock Path Skew:        -0.377ns (DCD - SCD - CPR)
    Destination Clock Delay (DCD):    -2.300ns
    Source Clock Delay      (SCD):    -1.923ns
    Clock Pessimism Removal (CPR):    -0.000ns
  Clock Uncertainty:      0.215ns  ((TSJ^2 + DJ^2)^1/2) / 2 + PE
    Total System Jitter     (TSJ):    0.071ns
    Discrete Jitter          (DJ):    0.177ns
    Phase Error              (PE):    0.120ns
  Timing Exception:       False Path

    Location             Delay type                Incr(ns)  Path(ns)    Netlist Resource(s)
  -------------------------------------------------------------------    -------------------
                         (clock cpu_clk_clk_pll rise edge)
                                                      0.000     0.000 r  
    AC19                                              0.000     0.000 r  clk (IN)
                         net (fo=0)                   0.000     0.000    pll.clk_pll/inst/clk_in1
    AC19                 IBUF (Prop_ibuf_I_O)         1.414     1.414 r  pll.clk_pll/inst/clkin1_ibufg/O
                         net (fo=1, routed)           1.531     2.945    pll.clk_pll/inst/clk_in1_clk_pll
    PLLE2_ADV_X0Y2       PLLE2_ADV (Prop_plle2_adv_CLKIN1_CLKOUT0)
                                                     -8.262    -5.316 r  pll.clk_pll/inst/plle2_adv_inst/CLKOUT0
                         net (fo=1, routed)           1.755    -3.561    pll.clk_pll/inst/cpu_clk_clk_pll
    BUFGCTRL_X0Y0        BUFG (Prop_bufg_I_O)         0.091    -3.470 r  pll.clk_pll/inst/clkout1_buf/O
                         net (fo=12248, routed)       1.547    -1.923    u_confreg/cpu_clk
    SLICE_X57Y140        FDRE                                         r  u_confreg/conf_wdata_r_reg[12]/C
  -------------------------------------------------------------------    -------------------
    SLICE_X57Y140        FDRE (Prop_fdre_C_Q)         0.367    -1.556 r  u_confreg/conf_wdata_r_reg[12]/Q
                         net (fo=1, routed)           0.264    -1.291    u_confreg/conf_wdata_r_reg_n_0_[12]
    SLICE_X58Y140        FDRE                                         r  u_confreg/conf_wdata_r1_reg[12]/D
  -------------------------------------------------------------------    -------------------

                         (clock timer_clk_clk_pll rise edge)
                                                      0.000     0.000 r  
    AC19                                              0.000     0.000 r  clk (IN)
                         net (fo=0)                   0.000     0.000    pll.clk_pll/inst/clk_in1
    AC19                 IBUF (Prop_ibuf_I_O)         1.485     1.485 r  pll.clk_pll/inst/clkin1_ibufg/O
                         net (fo=1, routed)           1.619     3.104    pll.clk_pll/inst/clk_in1_clk_pll
    PLLE2_ADV_X0Y2       PLLE2_ADV (Prop_plle2_adv_CLKIN1_CLKOUT1)
                                                     -9.006    -5.902 r  pll.clk_pll/inst/plle2_adv_inst/CLKOUT1
                         net (fo=1, routed)           1.837    -4.064    pll.clk_pll/inst/timer_clk_clk_pll
    BUFGCTRL_X0Y1        BUFG (Prop_bufg_I_O)         0.096    -3.968 r  pll.clk_pll/inst/clkout2_buf/O
                         net (fo=99, routed)          1.668    -2.300    u_confreg/timer_clk
    SLICE_X58Y140        FDRE                                         r  u_confreg/conf_wdata_r1_reg[12]/C

Slack:                    inf
  Source:                 u_confreg/write_timer_begin_reg/C
                            (rising edge-triggered cell FDRE clocked by cpu_clk_clk_pll  {rise@0.000ns fall@16.667ns period=33.333ns})
  Destination:            u_confreg/write_timer_begin_r1_reg/D
                            (rising edge-triggered cell FDRE clocked by timer_clk_clk_pll  {rise@0.000ns fall@5.000ns period=10.000ns})
  Path Group:             (none)
  Path Type:              Hold (Min at Slow Process Corner)
  Data Path Delay:        0.656ns  (logic 0.367ns (55.936%)  route 0.289ns (44.064%))
  Logic Levels:           0  
  Clock Path Skew:        -0.377ns (DCD - SCD - CPR)
    Destination Clock Delay (DCD):    -2.305ns
    Source Clock Delay      (SCD):    -1.928ns
    Clock Pessimism Removal (CPR):    -0.000ns
  Clock Uncertainty:      0.215ns  ((TSJ^2 + DJ^2)^1/2) / 2 + PE
    Total System Jitter     (TSJ):    0.071ns
    Discrete Jitter          (DJ):    0.177ns
    Phase Error              (PE):    0.120ns
  Timing Exception:       False Path

    Location             Delay type                Incr(ns)  Path(ns)    Netlist Resource(s)
  -------------------------------------------------------------------    -------------------
                         (clock cpu_clk_clk_pll rise edge)
                                                      0.000     0.000 r  
    AC19                                              0.000     0.000 r  clk (IN)
                         net (fo=0)                   0.000     0.000    pll.clk_pll/inst/clk_in1
    AC19                 IBUF (Prop_ibuf_I_O)         1.414     1.414 r  pll.clk_pll/inst/clkin1_ibufg/O
                         net (fo=1, routed)           1.531     2.945    pll.clk_pll/inst/clk_in1_clk_pll
    PLLE2_ADV_X0Y2       PLLE2_ADV (Prop_plle2_adv_CLKIN1_CLKOUT0)
                                                     -8.262    -5.316 r  pll.clk_pll/inst/plle2_adv_inst/CLKOUT0
                         net (fo=1, routed)           1.755    -3.561    pll.clk_pll/inst/cpu_clk_clk_pll
    BUFGCTRL_X0Y0        BUFG (Prop_bufg_I_O)         0.091    -3.470 r  pll.clk_pll/inst/clkout1_buf/O
                         net (fo=12248, routed)       1.542    -1.928    u_confreg/cpu_clk
    SLICE_X59Y133        FDRE                                         r  u_confreg/write_timer_begin_reg/C
  -------------------------------------------------------------------    -------------------
    SLICE_X59Y133        FDRE (Prop_fdre_C_Q)         0.367    -1.561 r  u_confreg/write_timer_begin_reg/Q
                         net (fo=2, routed)           0.289    -1.272    u_confreg/write_timer_begin
    SLICE_X59Y134        FDRE                                         r  u_confreg/write_timer_begin_r1_reg/D
  -------------------------------------------------------------------    -------------------

                         (clock timer_clk_clk_pll rise edge)
                                                      0.000     0.000 r  
    AC19                                              0.000     0.000 r  clk (IN)
                         net (fo=0)                   0.000     0.000    pll.clk_pll/inst/clk_in1
    AC19                 IBUF (Prop_ibuf_I_O)         1.485     1.485 r  pll.clk_pll/inst/clkin1_ibufg/O
                         net (fo=1, routed)           1.619     3.104    pll.clk_pll/inst/clk_in1_clk_pll
    PLLE2_ADV_X0Y2       PLLE2_ADV (Prop_plle2_adv_CLKIN1_CLKOUT1)
                                                     -9.006    -5.902 r  pll.clk_pll/inst/plle2_adv_inst/CLKOUT1
                         net (fo=1, routed)           1.837    -4.064    pll.clk_pll/inst/timer_clk_clk_pll
    BUFGCTRL_X0Y1        BUFG (Prop_bufg_I_O)         0.096    -3.968 r  pll.clk_pll/inst/clkout2_buf/O
                         net (fo=99, routed)          1.663    -2.305    u_confreg/timer_clk
    SLICE_X59Y134        FDRE                                         r  u_confreg/write_timer_begin_r1_reg/C

Slack:                    inf
  Source:                 u_confreg/conf_wdata_r_reg[25]/C
                            (rising edge-triggered cell FDRE clocked by cpu_clk_clk_pll  {rise@0.000ns fall@16.667ns period=33.333ns})
  Destination:            u_confreg/conf_wdata_r1_reg[25]/D
                            (rising edge-triggered cell FDRE clocked by timer_clk_clk_pll  {rise@0.000ns fall@5.000ns period=10.000ns})
  Path Group:             (none)
  Path Type:              Hold (Min at Slow Process Corner)
  Data Path Delay:        0.654ns  (logic 0.367ns (56.079%)  route 0.287ns (43.921%))
  Logic Levels:           0  
  Clock Path Skew:        -0.377ns (DCD - SCD - CPR)
    Destination Clock Delay (DCD):    -2.299ns
    Source Clock Delay      (SCD):    -1.922ns
    Clock Pessimism Removal (CPR):    -0.000ns
  Clock Uncertainty:      0.215ns  ((TSJ^2 + DJ^2)^1/2) / 2 + PE
    Total System Jitter     (TSJ):    0.071ns
    Discrete Jitter          (DJ):    0.177ns
    Phase Error              (PE):    0.120ns
  Timing Exception:       False Path

    Location             Delay type                Incr(ns)  Path(ns)    Netlist Resource(s)
  -------------------------------------------------------------------    -------------------
                         (clock cpu_clk_clk_pll rise edge)
                                                      0.000     0.000 r  
    AC19                                              0.000     0.000 r  clk (IN)
                         net (fo=0)                   0.000     0.000    pll.clk_pll/inst/clk_in1
    AC19                 IBUF (Prop_ibuf_I_O)         1.414     1.414 r  pll.clk_pll/inst/clkin1_ibufg/O
                         net (fo=1, routed)           1.531     2.945    pll.clk_pll/inst/clk_in1_clk_pll
    PLLE2_ADV_X0Y2       PLLE2_ADV (Prop_plle2_adv_CLKIN1_CLKOUT0)
                                                     -8.262    -5.316 r  pll.clk_pll/inst/plle2_adv_inst/CLKOUT0
                         net (fo=1, routed)           1.755    -3.561    pll.clk_pll/inst/cpu_clk_clk_pll
    BUFGCTRL_X0Y0        BUFG (Prop_bufg_I_O)         0.091    -3.470 r  pll.clk_pll/inst/clkout1_buf/O
                         net (fo=12248, routed)       1.548    -1.922    u_confreg/cpu_clk
    SLICE_X50Y139        FDRE                                         r  u_confreg/conf_wdata_r_reg[25]/C
  -------------------------------------------------------------------    -------------------
    SLICE_X50Y139        FDRE (Prop_fdre_C_Q)         0.367    -1.555 r  u_confreg/conf_wdata_r_reg[25]/Q
                         net (fo=1, routed)           0.287    -1.267    u_confreg/conf_wdata_r_reg_n_0_[25]
    SLICE_X50Y140        FDRE                                         r  u_confreg/conf_wdata_r1_reg[25]/D
  -------------------------------------------------------------------    -------------------

                         (clock timer_clk_clk_pll rise edge)
                                                      0.000     0.000 r  
    AC19                                              0.000     0.000 r  clk (IN)
                         net (fo=0)                   0.000     0.000    pll.clk_pll/inst/clk_in1
    AC19                 IBUF (Prop_ibuf_I_O)         1.485     1.485 r  pll.clk_pll/inst/clkin1_ibufg/O
                         net (fo=1, routed)           1.619     3.104    pll.clk_pll/inst/clk_in1_clk_pll
    PLLE2_ADV_X0Y2       PLLE2_ADV (Prop_plle2_adv_CLKIN1_CLKOUT1)
                                                     -9.006    -5.902 r  pll.clk_pll/inst/plle2_adv_inst/CLKOUT1
                         net (fo=1, routed)           1.837    -4.064    pll.clk_pll/inst/timer_clk_clk_pll
    BUFGCTRL_X0Y1        BUFG (Prop_bufg_I_O)         0.096    -3.968 r  pll.clk_pll/inst/clkout2_buf/O
                         net (fo=99, routed)          1.669    -2.299    u_confreg/timer_clk
    SLICE_X50Y140        FDRE                                         r  u_confreg/conf_wdata_r1_reg[25]/C

Slack:                    inf
  Source:                 u_confreg/conf_wdata_r_reg[0]/C
                            (rising edge-triggered cell FDRE clocked by cpu_clk_clk_pll  {rise@0.000ns fall@16.667ns period=33.333ns})
  Destination:            u_confreg/conf_wdata_r1_reg[0]/D
                            (rising edge-triggered cell FDRE clocked by timer_clk_clk_pll  {rise@0.000ns fall@5.000ns period=10.000ns})
  Path Group:             (none)
  Path Type:              Hold (Min at Slow Process Corner)
  Data Path Delay:        0.665ns  (logic 0.418ns (62.841%)  route 0.247ns (37.159%))
  Logic Levels:           0  
  Clock Path Skew:        -0.378ns (DCD - SCD - CPR)
    Destination Clock Delay (DCD):    -2.304ns
    Source Clock Delay      (SCD):    -1.926ns
    Clock Pessimism Removal (CPR):    -0.000ns
  Clock Uncertainty:      0.215ns  ((TSJ^2 + DJ^2)^1/2) / 2 + PE
    Total System Jitter     (TSJ):    0.071ns
    Discrete Jitter          (DJ):    0.177ns
    Phase Error              (PE):    0.120ns
  Timing Exception:       False Path

    Location             Delay type                Incr(ns)  Path(ns)    Netlist Resource(s)
  -------------------------------------------------------------------    -------------------
                         (clock cpu_clk_clk_pll rise edge)
                                                      0.000     0.000 r  
    AC19                                              0.000     0.000 r  clk (IN)
                         net (fo=0)                   0.000     0.000    pll.clk_pll/inst/clk_in1
    AC19                 IBUF (Prop_ibuf_I_O)         1.414     1.414 r  pll.clk_pll/inst/clkin1_ibufg/O
                         net (fo=1, routed)           1.531     2.945    pll.clk_pll/inst/clk_in1_clk_pll
    PLLE2_ADV_X0Y2       PLLE2_ADV (Prop_plle2_adv_CLKIN1_CLKOUT0)
                                                     -8.262    -5.316 r  pll.clk_pll/inst/plle2_adv_inst/CLKOUT0
                         net (fo=1, routed)           1.755    -3.561    pll.clk_pll/inst/cpu_clk_clk_pll
    BUFGCTRL_X0Y0        BUFG (Prop_bufg_I_O)         0.091    -3.470 r  pll.clk_pll/inst/clkout1_buf/O
                         net (fo=12248, routed)       1.544    -1.926    u_confreg/cpu_clk
    SLICE_X52Y134        FDRE                                         r  u_confreg/conf_wdata_r_reg[0]/C
  -------------------------------------------------------------------    -------------------
    SLICE_X52Y134        FDRE (Prop_fdre_C_Q)         0.418    -1.508 r  u_confreg/conf_wdata_r_reg[0]/Q
                         net (fo=1, routed)           0.247    -1.260    u_confreg/conf_wdata_r_reg_n_0_[0]
    SLICE_X53Y134        FDRE                                         r  u_confreg/conf_wdata_r1_reg[0]/D
  -------------------------------------------------------------------    -------------------

                         (clock timer_clk_clk_pll rise edge)
                                                      0.000     0.000 r  
    AC19                                              0.000     0.000 r  clk (IN)
                         net (fo=0)                   0.000     0.000    pll.clk_pll/inst/clk_in1
    AC19                 IBUF (Prop_ibuf_I_O)         1.485     1.485 r  pll.clk_pll/inst/clkin1_ibufg/O
                         net (fo=1, routed)           1.619     3.104    pll.clk_pll/inst/clk_in1_clk_pll
    PLLE2_ADV_X0Y2       PLLE2_ADV (Prop_plle2_adv_CLKIN1_CLKOUT1)
                                                     -9.006    -5.902 r  pll.clk_pll/inst/plle2_adv_inst/CLKOUT1
                         net (fo=1, routed)           1.837    -4.064    pll.clk_pll/inst/timer_clk_clk_pll
    BUFGCTRL_X0Y1        BUFG (Prop_bufg_I_O)         0.096    -3.968 r  pll.clk_pll/inst/clkout2_buf/O
                         net (fo=99, routed)          1.664    -2.304    u_confreg/timer_clk
    SLICE_X53Y134        FDRE                                         r  u_confreg/conf_wdata_r1_reg[0]/C





--------------------------------------------------------------------------------------
Path Group:  (none)
From Clock:  clkfbout_clk_pll
  To Clock:  

Max Delay             1 Endpoint
Min Delay             1 Endpoint
--------------------------------------------------------------------------------------


Max Delay Paths
--------------------------------------------------------------------------------------
Slack:                    inf
  Source:                 pll.clk_pll/inst/plle2_adv_inst/CLKFBOUT
                            (clock source 'clkfbout_clk_pll'  {rise@0.000ns fall@5.000ns period=10.000ns})
  Destination:            pll.clk_pll/inst/plle2_adv_inst/CLKFBIN
  Path Group:             (none)
  Path Type:              Max at Fast Process Corner
  Data Path Delay:        1.523ns  (logic 0.029ns (1.904%)  route 1.494ns (98.096%))
  Logic Levels:           1  (BUFG=1)
  Clock Uncertainty:      0.158ns  ((TSJ^2 + DJ^2)^1/2) / 2 + PE
    Total System Jitter     (TSJ):    0.050ns
    Discrete Jitter          (DJ):    0.091ns
    Phase Error              (PE):    0.105ns

    Location             Delay type                Incr(ns)  Path(ns)    Netlist Resource(s)
  -------------------------------------------------------------------    -------------------
                         (clock clkfbout_clk_pll fall edge)
                                                      5.000     5.000 f  
    AC19                                              0.000     5.000 f  clk (IN)
                         net (fo=0)                   0.000     5.000    pll.clk_pll/inst/clk_in1
    AC19                 IBUF (Prop_ibuf_I_O)         0.441     5.441 f  pll.clk_pll/inst/clkin1_ibufg/O
                         net (fo=1, routed)           0.620     6.061    pll.clk_pll/inst/clk_in1_clk_pll
  -------------------------------------------------------------------    -------------------
    PLLE2_ADV_X0Y2       PLLE2_ADV (Prop_plle2_adv_CLKIN1_CLKFBOUT)
                                                     -2.851     3.210 f  pll.clk_pll/inst/plle2_adv_inst/CLKFBOUT
                         net (fo=1, routed)           0.611     3.820    pll.clk_pll/inst/clkfbout_clk_pll
    BUFGCTRL_X0Y2        BUFG (Prop_bufg_I_O)         0.029     3.849 f  pll.clk_pll/inst/clkf_buf/O
                         net (fo=1, routed)           0.884     4.733    pll.clk_pll/inst/clkfbout_buf_clk_pll
    PLLE2_ADV_X0Y2       PLLE2_ADV                                    f  pll.clk_pll/inst/plle2_adv_inst/CLKFBIN
  -------------------------------------------------------------------    -------------------





Min Delay Paths
--------------------------------------------------------------------------------------
Slack:                    inf
  Source:                 pll.clk_pll/inst/plle2_adv_inst/CLKFBOUT
                            (clock source 'clkfbout_clk_pll'  {rise@0.000ns fall@5.000ns period=10.000ns})
  Destination:            pll.clk_pll/inst/plle2_adv_inst/CLKFBIN
  Path Group:             (none)
  Path Type:              Min at Slow Process Corner
  Data Path Delay:        3.512ns  (logic 0.091ns (2.591%)  route 3.420ns (97.409%))
  Logic Levels:           1  (BUFG=1)
  Clock Uncertainty:      0.158ns  ((TSJ^2 + DJ^2)^1/2) / 2 + PE
    Total System Jitter     (TSJ):    0.050ns
    Discrete Jitter          (DJ):    0.091ns
    Phase Error              (PE):    0.105ns

    Location             Delay type                Incr(ns)  Path(ns)    Netlist Resource(s)
  -------------------------------------------------------------------    -------------------
                         (clock clkfbout_clk_pll rise edge)
                                                      0.000     0.000 r  
    AC19                                              0.000     0.000 r  clk (IN)
                         net (fo=0)                   0.000     0.000    pll.clk_pll/inst/clk_in1
    AC19                 IBUF (Prop_ibuf_I_O)         1.414     1.414 r  pll.clk_pll/inst/clkin1_ibufg/O
                         net (fo=1, routed)           1.531     2.945    pll.clk_pll/inst/clk_in1_clk_pll
  -------------------------------------------------------------------    -------------------
    PLLE2_ADV_X0Y2       PLLE2_ADV (Prop_plle2_adv_CLKIN1_CLKFBOUT)
                                                     -8.262    -5.316 r  pll.clk_pll/inst/plle2_adv_inst/CLKFBOUT
                         net (fo=1, routed)           1.755    -3.561    pll.clk_pll/inst/clkfbout_clk_pll
    BUFGCTRL_X0Y2        BUFG (Prop_bufg_I_O)         0.091    -3.470 r  pll.clk_pll/inst/clkf_buf/O
                         net (fo=1, routed)           1.665    -1.805    pll.clk_pll/inst/clkfbout_buf_clk_pll
    PLLE2_ADV_X0Y2       PLLE2_ADV                                    r  pll.clk_pll/inst/plle2_adv_inst/CLKFBIN
  -------------------------------------------------------------------    -------------------





--------------------------------------------------------------------------------------
Path Group:  (none)
From Clock:  cpu_clk_clk_pll
  To Clock:  

Max Delay            71 Endpoints
Min Delay            71 Endpoints
--------------------------------------------------------------------------------------


Max Delay Paths
--------------------------------------------------------------------------------------
Slack:                    inf
  Source:                 u_confreg/FSM_onehot_state_reg[5]/C
                            (rising edge-triggered cell FDRE clocked by cpu_clk_clk_pll  {rise@0.000ns fall@16.667ns period=33.333ns})
  Destination:            btn_key_col[1]
                            (output port)
  Path Group:             (none)
  Path Type:              Max at Slow Process Corner
  Data Path Delay:        12.533ns  (logic 4.142ns (33.048%)  route 8.391ns (66.952%))
  Logic Levels:           2  (LUT3=1 OBUF=1)
  Clock Uncertainty:      0.197ns  ((TSJ^2 + DJ^2)^1/2) / 2 + PE
    Total System Jitter     (TSJ):    0.050ns
    Discrete Jitter          (DJ):    0.177ns
    Phase Error              (PE):    0.105ns

    Location             Delay type                Incr(ns)  Path(ns)    Netlist Resource(s)
  -------------------------------------------------------------------    -------------------
                         (clock cpu_clk_clk_pll rise edge)
                                                      0.000     0.000 r  
    AC19                                              0.000     0.000 r  clk (IN)
                         net (fo=0)                   0.000     0.000    pll.clk_pll/inst/clk_in1
    AC19                 IBUF (Prop_ibuf_I_O)         1.485     1.485 r  pll.clk_pll/inst/clkin1_ibufg/O
                         net (fo=1, routed)           1.619     3.104    pll.clk_pll/inst/clk_in1_clk_pll
    PLLE2_ADV_X0Y2       PLLE2_ADV (Prop_plle2_adv_CLKIN1_CLKOUT0)
                                                     -9.006    -5.902 r  pll.clk_pll/inst/plle2_adv_inst/CLKOUT0
                         net (fo=1, routed)           1.837    -4.064    pll.clk_pll/inst/cpu_clk_clk_pll
    BUFGCTRL_X0Y0        BUFG (Prop_bufg_I_O)         0.096    -3.968 r  pll.clk_pll/inst/clkout1_buf/O
                         net (fo=12248, routed)       1.654    -2.314    u_confreg/cpu_clk
    SLICE_X74Y141        FDRE                                         r  u_confreg/FSM_onehot_state_reg[5]/C
  -------------------------------------------------------------------    -------------------
    SLICE_X74Y141        FDRE (Prop_fdre_C_Q)         0.518    -1.796 r  u_confreg/FSM_onehot_state_reg[5]/Q
                         net (fo=17, routed)          1.051    -0.744    u_confreg/p_1_in12_in
    SLICE_X75Y138        LUT3 (Prop_lut3_I2_O)        0.124    -0.620 r  u_confreg/btn_key_col_OBUF[1]_inst_i_1/O
                         net (fo=1, routed)           7.340     6.719    btn_key_col_OBUF[1]
    V9                   OBUF (Prop_obuf_I_O)         3.500    10.219 r  btn_key_col_OBUF[1]_inst/O
                         net (fo=0)                   0.000    10.219    btn_key_col[1]
    V9                                                                r  btn_key_col[1] (OUT)
  -------------------------------------------------------------------    -------------------

Slack:                    inf
  Source:                 u_confreg/FSM_onehot_state_reg[5]/C
                            (rising edge-triggered cell FDRE clocked by cpu_clk_clk_pll  {rise@0.000ns fall@16.667ns period=33.333ns})
  Destination:            btn_key_col[2]
                            (output port)
  Path Group:             (none)
  Path Type:              Max at Slow Process Corner
  Data Path Delay:        12.333ns  (logic 4.365ns (35.397%)  route 7.967ns (64.602%))
  Logic Levels:           2  (LUT3=1 OBUF=1)
  Clock Uncertainty:      0.197ns  ((TSJ^2 + DJ^2)^1/2) / 2 + PE
    Total System Jitter     (TSJ):    0.050ns
    Discrete Jitter          (DJ):    0.177ns
    Phase Error              (PE):    0.105ns

    Location             Delay type                Incr(ns)  Path(ns)    Netlist Resource(s)
  -------------------------------------------------------------------    -------------------
                         (clock cpu_clk_clk_pll rise edge)
                                                      0.000     0.000 r  
    AC19                                              0.000     0.000 r  clk (IN)
                         net (fo=0)                   0.000     0.000    pll.clk_pll/inst/clk_in1
    AC19                 IBUF (Prop_ibuf_I_O)         1.485     1.485 r  pll.clk_pll/inst/clkin1_ibufg/O
                         net (fo=1, routed)           1.619     3.104    pll.clk_pll/inst/clk_in1_clk_pll
    PLLE2_ADV_X0Y2       PLLE2_ADV (Prop_plle2_adv_CLKIN1_CLKOUT0)
                                                     -9.006    -5.902 r  pll.clk_pll/inst/plle2_adv_inst/CLKOUT0
                         net (fo=1, routed)           1.837    -4.064    pll.clk_pll/inst/cpu_clk_clk_pll
    BUFGCTRL_X0Y0        BUFG (Prop_bufg_I_O)         0.096    -3.968 r  pll.clk_pll/inst/clkout1_buf/O
                         net (fo=12248, routed)       1.654    -2.314    u_confreg/cpu_clk
    SLICE_X74Y141        FDRE                                         r  u_confreg/FSM_onehot_state_reg[5]/C
  -------------------------------------------------------------------    -------------------
    SLICE_X74Y141        FDRE (Prop_fdre_C_Q)         0.518    -1.796 r  u_confreg/FSM_onehot_state_reg[5]/Q
                         net (fo=17, routed)          1.051    -0.744    u_confreg/p_1_in12_in
    SLICE_X75Y138        LUT3 (Prop_lut3_I2_O)        0.119    -0.625 r  u_confreg/btn_key_col_OBUF[2]_inst_i_1/O
                         net (fo=1, routed)           6.916     6.290    btn_key_col_OBUF[2]
    Y8                   OBUF (Prop_obuf_I_O)         3.728    10.019 r  btn_key_col_OBUF[2]_inst/O
                         net (fo=0)                   0.000    10.019    btn_key_col[2]
    Y8                                                                r  btn_key_col[2] (OUT)
  -------------------------------------------------------------------    -------------------

Slack:                    inf
  Source:                 u_confreg/FSM_onehot_state_reg[3]/C
                            (rising edge-triggered cell FDRE clocked by cpu_clk_clk_pll  {rise@0.000ns fall@16.667ns period=33.333ns})
  Destination:            btn_key_col[0]
                            (output port)
  Path Group:             (none)
  Path Type:              Max at Slow Process Corner
  Data Path Delay:        11.942ns  (logic 4.160ns (34.832%)  route 7.783ns (65.168%))
  Logic Levels:           2  (LUT3=1 OBUF=1)
  Clock Uncertainty:      0.197ns  ((TSJ^2 + DJ^2)^1/2) / 2 + PE
    Total System Jitter     (TSJ):    0.050ns
    Discrete Jitter          (DJ):    0.177ns
    Phase Error              (PE):    0.105ns

    Location             Delay type                Incr(ns)  Path(ns)    Netlist Resource(s)
  -------------------------------------------------------------------    -------------------
                         (clock cpu_clk_clk_pll rise edge)
                                                      0.000     0.000 r  
    AC19                                              0.000     0.000 r  clk (IN)
                         net (fo=0)                   0.000     0.000    pll.clk_pll/inst/clk_in1
    AC19                 IBUF (Prop_ibuf_I_O)         1.485     1.485 r  pll.clk_pll/inst/clkin1_ibufg/O
                         net (fo=1, routed)           1.619     3.104    pll.clk_pll/inst/clk_in1_clk_pll
    PLLE2_ADV_X0Y2       PLLE2_ADV (Prop_plle2_adv_CLKIN1_CLKOUT0)
                                                     -9.006    -5.902 r  pll.clk_pll/inst/plle2_adv_inst/CLKOUT0
                         net (fo=1, routed)           1.837    -4.064    pll.clk_pll/inst/cpu_clk_clk_pll
    BUFGCTRL_X0Y0        BUFG (Prop_bufg_I_O)         0.096    -3.968 r  pll.clk_pll/inst/clkout1_buf/O
                         net (fo=12248, routed)       1.654    -2.314    u_confreg/cpu_clk
    SLICE_X74Y141        FDRE                                         r  u_confreg/FSM_onehot_state_reg[3]/C
  -------------------------------------------------------------------    -------------------
    SLICE_X74Y141        FDRE (Prop_fdre_C_Q)         0.518    -1.796 r  u_confreg/FSM_onehot_state_reg[3]/Q
                         net (fo=17, routed)          0.923    -0.873    u_confreg/p_1_in10_in
    SLICE_X75Y138        LUT3 (Prop_lut3_I0_O)        0.124    -0.749 r  u_confreg/btn_key_col_OBUF[0]_inst_i_1/O
                         net (fo=1, routed)           6.860     6.111    btn_key_col_OBUF[0]
    V8                   OBUF (Prop_obuf_I_O)         3.518     9.628 r  btn_key_col_OBUF[0]_inst/O
                         net (fo=0)                   0.000     9.628    btn_key_col[0]
    V8                                                                r  btn_key_col[0] (OUT)
  -------------------------------------------------------------------    -------------------

Slack:                    inf
  Source:                 u_confreg/FSM_onehot_state_reg[5]/C
                            (rising edge-triggered cell FDRE clocked by cpu_clk_clk_pll  {rise@0.000ns fall@16.667ns period=33.333ns})
  Destination:            btn_key_col[3]
                            (output port)
  Path Group:             (none)
  Path Type:              Max at Slow Process Corner
  Data Path Delay:        11.611ns  (logic 4.376ns (37.686%)  route 7.235ns (62.314%))
  Logic Levels:           2  (LUT3=1 OBUF=1)
  Clock Uncertainty:      0.197ns  ((TSJ^2 + DJ^2)^1/2) / 2 + PE
    Total System Jitter     (TSJ):    0.050ns
    Discrete Jitter          (DJ):    0.177ns
    Phase Error              (PE):    0.105ns

    Location             Delay type                Incr(ns)  Path(ns)    Netlist Resource(s)
  -------------------------------------------------------------------    -------------------
                         (clock cpu_clk_clk_pll rise edge)
                                                      0.000     0.000 r  
    AC19                                              0.000     0.000 r  clk (IN)
                         net (fo=0)                   0.000     0.000    pll.clk_pll/inst/clk_in1
    AC19                 IBUF (Prop_ibuf_I_O)         1.485     1.485 r  pll.clk_pll/inst/clkin1_ibufg/O
                         net (fo=1, routed)           1.619     3.104    pll.clk_pll/inst/clk_in1_clk_pll
    PLLE2_ADV_X0Y2       PLLE2_ADV (Prop_plle2_adv_CLKIN1_CLKOUT0)
                                                     -9.006    -5.902 r  pll.clk_pll/inst/plle2_adv_inst/CLKOUT0
                         net (fo=1, routed)           1.837    -4.064    pll.clk_pll/inst/cpu_clk_clk_pll
    BUFGCTRL_X0Y0        BUFG (Prop_bufg_I_O)         0.096    -3.968 r  pll.clk_pll/inst/clkout1_buf/O
                         net (fo=12248, routed)       1.654    -2.314    u_confreg/cpu_clk
    SLICE_X74Y141        FDRE                                         r  u_confreg/FSM_onehot_state_reg[5]/C
  -------------------------------------------------------------------    -------------------
    SLICE_X74Y141        FDRE (Prop_fdre_C_Q)         0.518    -1.796 r  u_confreg/FSM_onehot_state_reg[5]/Q
                         net (fo=17, routed)          1.047    -0.748    u_confreg/p_1_in12_in
    SLICE_X75Y138        LUT3 (Prop_lut3_I2_O)        0.118    -0.630 r  u_confreg/btn_key_col_OBUF[3]_inst_i_1/O
                         net (fo=2, routed)           6.188     5.558    btn_key_col_OBUF[3]
    V7                   OBUF (Prop_obuf_I_O)         3.740     9.297 r  btn_key_col_OBUF[3]_inst/O
                         net (fo=0)                   0.000     9.297    btn_key_col[3]
    V7                                                                r  btn_key_col[3] (OUT)
  -------------------------------------------------------------------    -------------------

Slack:                    inf
  Source:                 u_confreg/led_data_reg[7]_lopt_replica/C
                            (rising edge-triggered cell FDRE clocked by cpu_clk_clk_pll  {rise@0.000ns fall@16.667ns period=33.333ns})
  Destination:            led[7]
                            (output port)
  Path Group:             (none)
  Path Type:              Max at Slow Process Corner
  Data Path Delay:        10.698ns  (logic 3.957ns (36.990%)  route 6.741ns (63.010%))
  Logic Levels:           1  (OBUF=1)
  Clock Uncertainty:      0.197ns  ((TSJ^2 + DJ^2)^1/2) / 2 + PE
    Total System Jitter     (TSJ):    0.050ns
    Discrete Jitter          (DJ):    0.177ns
    Phase Error              (PE):    0.105ns

    Location             Delay type                Incr(ns)  Path(ns)    Netlist Resource(s)
  -------------------------------------------------------------------    -------------------
                         (clock cpu_clk_clk_pll rise edge)
                                                      0.000     0.000 r  
    AC19                                              0.000     0.000 r  clk (IN)
                         net (fo=0)                   0.000     0.000    pll.clk_pll/inst/clk_in1
    AC19                 IBUF (Prop_ibuf_I_O)         1.485     1.485 r  pll.clk_pll/inst/clkin1_ibufg/O
                         net (fo=1, routed)           1.619     3.104    pll.clk_pll/inst/clk_in1_clk_pll
    PLLE2_ADV_X0Y2       PLLE2_ADV (Prop_plle2_adv_CLKIN1_CLKOUT0)
                                                     -9.006    -5.902 r  pll.clk_pll/inst/plle2_adv_inst/CLKOUT0
                         net (fo=1, routed)           1.837    -4.064    pll.clk_pll/inst/cpu_clk_clk_pll
    BUFGCTRL_X0Y0        BUFG (Prop_bufg_I_O)         0.096    -3.968 r  pll.clk_pll/inst/clkout1_buf/O
                         net (fo=12248, routed)       1.661    -2.307    u_confreg/cpu_clk
    SLICE_X63Y137        FDRE                                         r  u_confreg/led_data_reg[7]_lopt_replica/C
  -------------------------------------------------------------------    -------------------
    SLICE_X63Y137        FDRE (Prop_fdre_C_Q)         0.456    -1.851 r  u_confreg/led_data_reg[7]_lopt_replica/Q
                         net (fo=1, routed)           6.741     4.890    lopt_13
    J8                   OBUF (Prop_obuf_I_O)         3.501     8.392 r  led_OBUF[7]_inst/O
                         net (fo=0)                   0.000     8.392    led[7]
    J8                                                                r  led[7] (OUT)
  -------------------------------------------------------------------    -------------------

Slack:                    inf
  Source:                 u_confreg/led_data_reg[4]_lopt_replica/C
                            (rising edge-triggered cell FDRE clocked by cpu_clk_clk_pll  {rise@0.000ns fall@16.667ns period=33.333ns})
  Destination:            led[4]
                            (output port)
  Path Group:             (none)
  Path Type:              Max at Slow Process Corner
  Data Path Delay:        10.139ns  (logic 3.999ns (39.444%)  route 6.140ns (60.556%))
  Logic Levels:           1  (OBUF=1)
  Clock Uncertainty:      0.197ns  ((TSJ^2 + DJ^2)^1/2) / 2 + PE
    Total System Jitter     (TSJ):    0.050ns
    Discrete Jitter          (DJ):    0.177ns
    Phase Error              (PE):    0.105ns

    Location             Delay type                Incr(ns)  Path(ns)    Netlist Resource(s)
  -------------------------------------------------------------------    -------------------
                         (clock cpu_clk_clk_pll rise edge)
                                                      0.000     0.000 r  
    AC19                                              0.000     0.000 r  clk (IN)
                         net (fo=0)                   0.000     0.000    pll.clk_pll/inst/clk_in1
    AC19                 IBUF (Prop_ibuf_I_O)         1.485     1.485 r  pll.clk_pll/inst/clkin1_ibufg/O
                         net (fo=1, routed)           1.619     3.104    pll.clk_pll/inst/clk_in1_clk_pll
    PLLE2_ADV_X0Y2       PLLE2_ADV (Prop_plle2_adv_CLKIN1_CLKOUT0)
                                                     -9.006    -5.902 r  pll.clk_pll/inst/plle2_adv_inst/CLKOUT0
                         net (fo=1, routed)           1.837    -4.064    pll.clk_pll/inst/cpu_clk_clk_pll
    BUFGCTRL_X0Y0        BUFG (Prop_bufg_I_O)         0.096    -3.968 r  pll.clk_pll/inst/clkout1_buf/O
                         net (fo=12248, routed)       1.664    -2.304    u_confreg/cpu_clk
    SLICE_X65Y144        FDRE                                         r  u_confreg/led_data_reg[4]_lopt_replica/C
  -------------------------------------------------------------------    -------------------
    SLICE_X65Y144        FDRE (Prop_fdre_C_Q)         0.456    -1.848 r  u_confreg/led_data_reg[4]_lopt_replica/Q
                         net (fo=1, routed)           6.140     4.292    lopt_10
    G9                   OBUF (Prop_obuf_I_O)         3.543     7.836 r  led_OBUF[4]_inst/O
                         net (fo=0)                   0.000     7.836    led[4]
    G9                                                                r  led[4] (OUT)
  -------------------------------------------------------------------    -------------------

Slack:                    inf
  Source:                 u_confreg/num_a_g_reg[1]/C
                            (rising edge-triggered cell FDRE clocked by cpu_clk_clk_pll  {rise@0.000ns fall@16.667ns period=33.333ns})
  Destination:            num_a_g[1]
                            (output port)
  Path Group:             (none)
  Path Type:              Max at Slow Process Corner
  Data Path Delay:        9.860ns  (logic 4.143ns (42.015%)  route 5.717ns (57.985%))
  Logic Levels:           1  (OBUF=1)
  Clock Uncertainty:      0.197ns  ((TSJ^2 + DJ^2)^1/2) / 2 + PE
    Total System Jitter     (TSJ):    0.050ns
    Discrete Jitter          (DJ):    0.177ns
    Phase Error              (PE):    0.105ns

    Location             Delay type                Incr(ns)  Path(ns)    Netlist Resource(s)
  -------------------------------------------------------------------    -------------------
                         (clock cpu_clk_clk_pll rise edge)
                                                      0.000     0.000 r  
    AC19                                              0.000     0.000 r  clk (IN)
                         net (fo=0)                   0.000     0.000    pll.clk_pll/inst/clk_in1
    AC19                 IBUF (Prop_ibuf_I_O)         1.485     1.485 r  pll.clk_pll/inst/clkin1_ibufg/O
                         net (fo=1, routed)           1.619     3.104    pll.clk_pll/inst/clk_in1_clk_pll
    PLLE2_ADV_X0Y2       PLLE2_ADV (Prop_plle2_adv_CLKIN1_CLKOUT0)
                                                     -9.006    -5.902 r  pll.clk_pll/inst/plle2_adv_inst/CLKOUT0
                         net (fo=1, routed)           1.837    -4.064    pll.clk_pll/inst/cpu_clk_clk_pll
    BUFGCTRL_X0Y0        BUFG (Prop_bufg_I_O)         0.096    -3.968 r  pll.clk_pll/inst/clkout1_buf/O
                         net (fo=12248, routed)       1.663    -2.305    u_confreg/cpu_clk
    SLICE_X67Y148        FDRE                                         r  u_confreg/num_a_g_reg[1]/C
  -------------------------------------------------------------------    -------------------
    SLICE_X67Y148        FDRE (Prop_fdre_C_Q)         0.419    -1.886 r  u_confreg/num_a_g_reg[1]/Q
                         net (fo=1, routed)           5.717     3.831    num_a_g_OBUF[1]
    E6                   OBUF (Prop_obuf_I_O)         3.724     7.555 r  num_a_g_OBUF[1]_inst/O
                         net (fo=0)                   0.000     7.555    num_a_g[1]
    E6                                                                r  num_a_g[1] (OUT)
  -------------------------------------------------------------------    -------------------

Slack:                    inf
  Source:                 u_confreg/led_rg1_data_reg[1]_lopt_replica/C
                            (rising edge-triggered cell FDRE clocked by cpu_clk_clk_pll  {rise@0.000ns fall@16.667ns period=33.333ns})
  Destination:            led_rg1[1]
                            (output port)
  Path Group:             (none)
  Path Type:              Max at Slow Process Corner
  Data Path Delay:        9.878ns  (logic 4.014ns (40.641%)  route 5.863ns (59.359%))
  Logic Levels:           1  (OBUF=1)
  Clock Uncertainty:      0.197ns  ((TSJ^2 + DJ^2)^1/2) / 2 + PE
    Total System Jitter     (TSJ):    0.050ns
    Discrete Jitter          (DJ):    0.177ns
    Phase Error              (PE):    0.105ns

    Location             Delay type                Incr(ns)  Path(ns)    Netlist Resource(s)
  -------------------------------------------------------------------    -------------------
                         (clock cpu_clk_clk_pll rise edge)
                                                      0.000     0.000 r  
    AC19                                              0.000     0.000 r  clk (IN)
                         net (fo=0)                   0.000     0.000    pll.clk_pll/inst/clk_in1
    AC19                 IBUF (Prop_ibuf_I_O)         1.485     1.485 r  pll.clk_pll/inst/clkin1_ibufg/O
                         net (fo=1, routed)           1.619     3.104    pll.clk_pll/inst/clk_in1_clk_pll
    PLLE2_ADV_X0Y2       PLLE2_ADV (Prop_plle2_adv_CLKIN1_CLKOUT0)
                                                     -9.006    -5.902 r  pll.clk_pll/inst/plle2_adv_inst/CLKOUT0
                         net (fo=1, routed)           1.837    -4.064    pll.clk_pll/inst/cpu_clk_clk_pll
    BUFGCTRL_X0Y0        BUFG (Prop_bufg_I_O)         0.096    -3.968 r  pll.clk_pll/inst/clkout1_buf/O
                         net (fo=12248, routed)       1.644    -2.324    u_confreg/cpu_clk
    SLICE_X79Y143        FDRE                                         r  u_confreg/led_rg1_data_reg[1]_lopt_replica/C
  -------------------------------------------------------------------    -------------------
    SLICE_X79Y143        FDRE (Prop_fdre_C_Q)         0.456    -1.868 r  u_confreg/led_rg1_data_reg[1]_lopt_replica/Q
                         net (fo=1, routed)           5.863     3.995    lopt_19
    D6                   OBUF (Prop_obuf_I_O)         3.558     7.554 r  led_rg1_OBUF[1]_inst/O
                         net (fo=0)                   0.000     7.554    led_rg1[1]
    D6                                                                r  led_rg1[1] (OUT)
  -------------------------------------------------------------------    -------------------

Slack:                    inf
  Source:                 u_confreg/led_data_reg[15]_lopt_replica/C
                            (rising edge-triggered cell FDRE clocked by cpu_clk_clk_pll  {rise@0.000ns fall@16.667ns period=33.333ns})
  Destination:            led[15]
                            (output port)
  Path Group:             (none)
  Path Type:              Max at Slow Process Corner
  Data Path Delay:        9.852ns  (logic 4.043ns (41.038%)  route 5.809ns (58.962%))
  Logic Levels:           1  (OBUF=1)
  Clock Uncertainty:      0.197ns  ((TSJ^2 + DJ^2)^1/2) / 2 + PE
    Total System Jitter     (TSJ):    0.050ns
    Discrete Jitter          (DJ):    0.177ns
    Phase Error              (PE):    0.105ns

    Location             Delay type                Incr(ns)  Path(ns)    Netlist Resource(s)
  -------------------------------------------------------------------    -------------------
                         (clock cpu_clk_clk_pll rise edge)
                                                      0.000     0.000 r  
    AC19                                              0.000     0.000 r  clk (IN)
                         net (fo=0)                   0.000     0.000    pll.clk_pll/inst/clk_in1
    AC19                 IBUF (Prop_ibuf_I_O)         1.485     1.485 r  pll.clk_pll/inst/clkin1_ibufg/O
                         net (fo=1, routed)           1.619     3.104    pll.clk_pll/inst/clk_in1_clk_pll
    PLLE2_ADV_X0Y2       PLLE2_ADV (Prop_plle2_adv_CLKIN1_CLKOUT0)
                                                     -9.006    -5.902 r  pll.clk_pll/inst/plle2_adv_inst/CLKOUT0
                         net (fo=1, routed)           1.837    -4.064    pll.clk_pll/inst/cpu_clk_clk_pll
    BUFGCTRL_X0Y0        BUFG (Prop_bufg_I_O)         0.096    -3.968 r  pll.clk_pll/inst/clkout1_buf/O
                         net (fo=12248, routed)       1.653    -2.315    u_confreg/cpu_clk
    SLICE_X76Y144        FDRE                                         r  u_confreg/led_data_reg[15]_lopt_replica/C
  -------------------------------------------------------------------    -------------------
    SLICE_X76Y144        FDRE (Prop_fdre_C_Q)         0.518    -1.797 r  u_confreg/led_data_reg[15]_lopt_replica/Q
                         net (fo=1, routed)           5.809     4.012    lopt_6
    H7                   OBUF (Prop_obuf_I_O)         3.525     7.537 r  led_OBUF[15]_inst/O
                         net (fo=0)                   0.000     7.537    led[15]
    H7                                                                r  led[15] (OUT)
  -------------------------------------------------------------------    -------------------

Slack:                    inf
  Source:                 u_confreg/led_data_reg[8]_lopt_replica/C
                            (rising edge-triggered cell FDRE clocked by cpu_clk_clk_pll  {rise@0.000ns fall@16.667ns period=33.333ns})
  Destination:            led[8]
                            (output port)
  Path Group:             (none)
  Path Type:              Max at Slow Process Corner
  Data Path Delay:        9.733ns  (logic 3.979ns (40.884%)  route 5.754ns (59.116%))
  Logic Levels:           1  (OBUF=1)
  Clock Uncertainty:      0.197ns  ((TSJ^2 + DJ^2)^1/2) / 2 + PE
    Total System Jitter     (TSJ):    0.050ns
    Discrete Jitter          (DJ):    0.177ns
    Phase Error              (PE):    0.105ns

    Location             Delay type                Incr(ns)  Path(ns)    Netlist Resource(s)
  -------------------------------------------------------------------    -------------------
                         (clock cpu_clk_clk_pll rise edge)
                                                      0.000     0.000 r  
    AC19                                              0.000     0.000 r  clk (IN)
                         net (fo=0)                   0.000     0.000    pll.clk_pll/inst/clk_in1
    AC19                 IBUF (Prop_ibuf_I_O)         1.485     1.485 r  pll.clk_pll/inst/clkin1_ibufg/O
                         net (fo=1, routed)           1.619     3.104    pll.clk_pll/inst/clk_in1_clk_pll
    PLLE2_ADV_X0Y2       PLLE2_ADV (Prop_plle2_adv_CLKIN1_CLKOUT0)
                                                     -9.006    -5.902 r  pll.clk_pll/inst/plle2_adv_inst/CLKOUT0
                         net (fo=1, routed)           1.837    -4.064    pll.clk_pll/inst/cpu_clk_clk_pll
    BUFGCTRL_X0Y0        BUFG (Prop_bufg_I_O)         0.096    -3.968 r  pll.clk_pll/inst/clkout1_buf/O
                         net (fo=12248, routed)       1.643    -2.325    u_confreg/cpu_clk
    SLICE_X79Y142        FDRE                                         r  u_confreg/led_data_reg[8]_lopt_replica/C
  -------------------------------------------------------------------    -------------------
    SLICE_X79Y142        FDRE (Prop_fdre_C_Q)         0.456    -1.869 r  u_confreg/led_data_reg[8]_lopt_replica/Q
                         net (fo=1, routed)           5.754     3.885    lopt_14
    H8                   OBUF (Prop_obuf_I_O)         3.523     7.409 r  led_OBUF[8]_inst/O
                         net (fo=0)                   0.000     7.409    led[8]
    H8                                                                r  led[8] (OUT)
  -------------------------------------------------------------------    -------------------





Min Delay Paths
--------------------------------------------------------------------------------------
Slack:                    inf
  Source:                 u_confreg/num_data_reg[23]_lopt_replica/C
                            (rising edge-triggered cell FDRE clocked by cpu_clk_clk_pll  {rise@0.000ns fall@16.667ns period=33.333ns})
  Destination:            num_data[23]
                            (output port)
  Path Group:             (none)
  Path Type:              Min at Fast Process Corner
  Data Path Delay:        2.241ns  (logic 1.356ns (60.522%)  route 0.885ns (39.478%))
  Logic Levels:           1  (OBUF=1)
  Clock Uncertainty:      0.197ns  ((TSJ^2 + DJ^2)^1/2) / 2 + PE
    Total System Jitter     (TSJ):    0.050ns
    Discrete Jitter          (DJ):    0.177ns
    Phase Error              (PE):    0.105ns

    Location             Delay type                Incr(ns)  Path(ns)    Netlist Resource(s)
  -------------------------------------------------------------------    -------------------
                         (clock cpu_clk_clk_pll rise edge)
                                                      0.000     0.000 r  
    AC19                                              0.000     0.000 r  clk (IN)
                         net (fo=0)                   0.000     0.000    pll.clk_pll/inst/clk_in1
    AC19                 IBUF (Prop_ibuf_I_O)         0.253     0.253 r  pll.clk_pll/inst/clkin1_ibufg/O
                         net (fo=1, routed)           0.565     0.818    pll.clk_pll/inst/clk_in1_clk_pll
    PLLE2_ADV_X0Y2       PLLE2_ADV (Prop_plle2_adv_CLKIN1_CLKOUT0)
                                                     -2.523    -1.705 r  pll.clk_pll/inst/plle2_adv_inst/CLKOUT0
                         net (fo=1, routed)           0.560    -1.146    pll.clk_pll/inst/cpu_clk_clk_pll
    BUFGCTRL_X0Y0        BUFG (Prop_bufg_I_O)         0.026    -1.120 r  pll.clk_pll/inst/clkout1_buf/O
                         net (fo=12248, routed)       0.676    -0.443    u_confreg/cpu_clk
    SLICE_X34Y79         FDRE                                         r  u_confreg/num_data_reg[23]_lopt_replica/C
  -------------------------------------------------------------------    -------------------
    SLICE_X34Y79         FDRE (Prop_fdre_C_Q)         0.141    -0.302 r  u_confreg/num_data_reg[23]_lopt_replica/Q
                         net (fo=1, routed)           0.885     0.582    lopt_35
    U15                  OBUF (Prop_obuf_I_O)         1.215     1.797 r  num_data_OBUF[23]_inst/O
                         net (fo=0)                   0.000     1.797    num_data[23]
    U15                                                               r  num_data[23] (OUT)
  -------------------------------------------------------------------    -------------------

Slack:                    inf
  Source:                 u_confreg/num_data_reg[18]_lopt_replica/C
                            (rising edge-triggered cell FDRE clocked by cpu_clk_clk_pll  {rise@0.000ns fall@16.667ns period=33.333ns})
  Destination:            num_data[18]
                            (output port)
  Path Group:             (none)
  Path Type:              Min at Fast Process Corner
  Data Path Delay:        2.279ns  (logic 1.396ns (61.280%)  route 0.882ns (38.720%))
  Logic Levels:           1  (OBUF=1)
  Clock Uncertainty:      0.197ns  ((TSJ^2 + DJ^2)^1/2) / 2 + PE
    Total System Jitter     (TSJ):    0.050ns
    Discrete Jitter          (DJ):    0.177ns
    Phase Error              (PE):    0.105ns

    Location             Delay type                Incr(ns)  Path(ns)    Netlist Resource(s)
  -------------------------------------------------------------------    -------------------
                         (clock cpu_clk_clk_pll rise edge)
                                                      0.000     0.000 r  
    AC19                                              0.000     0.000 r  clk (IN)
                         net (fo=0)                   0.000     0.000    pll.clk_pll/inst/clk_in1
    AC19                 IBUF (Prop_ibuf_I_O)         0.253     0.253 r  pll.clk_pll/inst/clkin1_ibufg/O
                         net (fo=1, routed)           0.565     0.818    pll.clk_pll/inst/clk_in1_clk_pll
    PLLE2_ADV_X0Y2       PLLE2_ADV (Prop_plle2_adv_CLKIN1_CLKOUT0)
                                                     -2.523    -1.705 r  pll.clk_pll/inst/plle2_adv_inst/CLKOUT0
                         net (fo=1, routed)           0.560    -1.146    pll.clk_pll/inst/cpu_clk_clk_pll
    BUFGCTRL_X0Y0        BUFG (Prop_bufg_I_O)         0.026    -1.120 r  pll.clk_pll/inst/clkout1_buf/O
                         net (fo=12248, routed)       0.676    -0.443    u_confreg/cpu_clk
    SLICE_X35Y79         FDRE                                         r  u_confreg/num_data_reg[18]_lopt_replica/C
  -------------------------------------------------------------------    -------------------
    SLICE_X35Y79         FDRE (Prop_fdre_C_Q)         0.141    -0.302 r  u_confreg/num_data_reg[18]_lopt_replica/Q
                         net (fo=1, routed)           0.882     0.580    lopt_29
    V22                  OBUF (Prop_obuf_I_O)         1.255     1.835 r  num_data_OBUF[18]_inst/O
                         net (fo=0)                   0.000     1.835    num_data[18]
    V22                                                               r  num_data[18] (OUT)
  -------------------------------------------------------------------    -------------------

Slack:                    inf
  Source:                 u_confreg/num_data_reg[17]_lopt_replica/C
                            (rising edge-triggered cell FDRE clocked by cpu_clk_clk_pll  {rise@0.000ns fall@16.667ns period=33.333ns})
  Destination:            num_data[17]
                            (output port)
  Path Group:             (none)
  Path Type:              Min at Fast Process Corner
  Data Path Delay:        2.283ns  (logic 1.398ns (61.242%)  route 0.885ns (38.758%))
  Logic Levels:           1  (OBUF=1)
  Clock Uncertainty:      0.197ns  ((TSJ^2 + DJ^2)^1/2) / 2 + PE
    Total System Jitter     (TSJ):    0.050ns
    Discrete Jitter          (DJ):    0.177ns
    Phase Error              (PE):    0.105ns

    Location             Delay type                Incr(ns)  Path(ns)    Netlist Resource(s)
  -------------------------------------------------------------------    -------------------
                         (clock cpu_clk_clk_pll rise edge)
                                                      0.000     0.000 r  
    AC19                                              0.000     0.000 r  clk (IN)
                         net (fo=0)                   0.000     0.000    pll.clk_pll/inst/clk_in1
    AC19                 IBUF (Prop_ibuf_I_O)         0.253     0.253 r  pll.clk_pll/inst/clkin1_ibufg/O
                         net (fo=1, routed)           0.565     0.818    pll.clk_pll/inst/clk_in1_clk_pll
    PLLE2_ADV_X0Y2       PLLE2_ADV (Prop_plle2_adv_CLKIN1_CLKOUT0)
                                                     -2.523    -1.705 r  pll.clk_pll/inst/plle2_adv_inst/CLKOUT0
                         net (fo=1, routed)           0.560    -1.146    pll.clk_pll/inst/cpu_clk_clk_pll
    BUFGCTRL_X0Y0        BUFG (Prop_bufg_I_O)         0.026    -1.120 r  pll.clk_pll/inst/clkout1_buf/O
                         net (fo=12248, routed)       0.676    -0.443    u_confreg/cpu_clk
    SLICE_X35Y79         FDRE                                         r  u_confreg/num_data_reg[17]_lopt_replica/C
  -------------------------------------------------------------------    -------------------
    SLICE_X35Y79         FDRE (Prop_fdre_C_Q)         0.141    -0.302 r  u_confreg/num_data_reg[17]_lopt_replica/Q
                         net (fo=1, routed)           0.885     0.583    lopt_28
    U22                  OBUF (Prop_obuf_I_O)         1.257     1.840 r  num_data_OBUF[17]_inst/O
                         net (fo=0)                   0.000     1.840    num_data[17]
    U22                                                               r  num_data[17] (OUT)
  -------------------------------------------------------------------    -------------------

Slack:                    inf
  Source:                 u_confreg/num_data_reg[2]_lopt_replica/C
                            (rising edge-triggered cell FDRE clocked by cpu_clk_clk_pll  {rise@0.000ns fall@16.667ns period=33.333ns})
  Destination:            num_data[2]
                            (output port)
  Path Group:             (none)
  Path Type:              Min at Fast Process Corner
  Data Path Delay:        2.295ns  (logic 1.406ns (61.260%)  route 0.889ns (38.740%))
  Logic Levels:           1  (OBUF=1)
  Clock Uncertainty:      0.197ns  ((TSJ^2 + DJ^2)^1/2) / 2 + PE
    Total System Jitter     (TSJ):    0.050ns
    Discrete Jitter          (DJ):    0.177ns
    Phase Error              (PE):    0.105ns

    Location             Delay type                Incr(ns)  Path(ns)    Netlist Resource(s)
  -------------------------------------------------------------------    -------------------
                         (clock cpu_clk_clk_pll rise edge)
                                                      0.000     0.000 r  
    AC19                                              0.000     0.000 r  clk (IN)
                         net (fo=0)                   0.000     0.000    pll.clk_pll/inst/clk_in1
    AC19                 IBUF (Prop_ibuf_I_O)         0.253     0.253 r  pll.clk_pll/inst/clkin1_ibufg/O
                         net (fo=1, routed)           0.565     0.818    pll.clk_pll/inst/clk_in1_clk_pll
    PLLE2_ADV_X0Y2       PLLE2_ADV (Prop_plle2_adv_CLKIN1_CLKOUT0)
                                                     -2.523    -1.705 r  pll.clk_pll/inst/plle2_adv_inst/CLKOUT0
                         net (fo=1, routed)           0.560    -1.146    pll.clk_pll/inst/cpu_clk_clk_pll
    BUFGCTRL_X0Y0        BUFG (Prop_bufg_I_O)         0.026    -1.120 r  pll.clk_pll/inst/clkout1_buf/O
                         net (fo=12248, routed)       0.686    -0.433    u_confreg/cpu_clk
    SLICE_X34Y97         FDRE                                         r  u_confreg/num_data_reg[2]_lopt_replica/C
  -------------------------------------------------------------------    -------------------
    SLICE_X34Y97         FDRE (Prop_fdre_C_Q)         0.141    -0.292 r  u_confreg/num_data_reg[2]_lopt_replica/Q
                         net (fo=1, routed)           0.889     0.597    lopt_42
    U26                  OBUF (Prop_obuf_I_O)         1.265     1.862 r  num_data_OBUF[2]_inst/O
                         net (fo=0)                   0.000     1.862    num_data[2]
    U26                                                               r  num_data[2] (OUT)
  -------------------------------------------------------------------    -------------------

Slack:                    inf
  Source:                 u_confreg/num_data_reg[6]_lopt_replica/C
                            (rising edge-triggered cell FDRE clocked by cpu_clk_clk_pll  {rise@0.000ns fall@16.667ns period=33.333ns})
  Destination:            num_data[6]
                            (output port)
  Path Group:             (none)
  Path Type:              Min at Fast Process Corner
  Data Path Delay:        2.322ns  (logic 1.432ns (61.701%)  route 0.889ns (38.299%))
  Logic Levels:           1  (OBUF=1)
  Clock Uncertainty:      0.197ns  ((TSJ^2 + DJ^2)^1/2) / 2 + PE
    Total System Jitter     (TSJ):    0.050ns
    Discrete Jitter          (DJ):    0.177ns
    Phase Error              (PE):    0.105ns

    Location             Delay type                Incr(ns)  Path(ns)    Netlist Resource(s)
  -------------------------------------------------------------------    -------------------
                         (clock cpu_clk_clk_pll rise edge)
                                                      0.000     0.000 r  
    AC19                                              0.000     0.000 r  clk (IN)
                         net (fo=0)                   0.000     0.000    pll.clk_pll/inst/clk_in1
    AC19                 IBUF (Prop_ibuf_I_O)         0.253     0.253 r  pll.clk_pll/inst/clkin1_ibufg/O
                         net (fo=1, routed)           0.565     0.818    pll.clk_pll/inst/clk_in1_clk_pll
    PLLE2_ADV_X0Y2       PLLE2_ADV (Prop_plle2_adv_CLKIN1_CLKOUT0)
                                                     -2.523    -1.705 r  pll.clk_pll/inst/plle2_adv_inst/CLKOUT0
                         net (fo=1, routed)           0.560    -1.146    pll.clk_pll/inst/cpu_clk_clk_pll
    BUFGCTRL_X0Y0        BUFG (Prop_bufg_I_O)         0.026    -1.120 r  pll.clk_pll/inst/clkout1_buf/O
                         net (fo=12248, routed)       0.685    -0.434    u_confreg/cpu_clk
    SLICE_X34Y93         FDRE                                         r  u_confreg/num_data_reg[6]_lopt_replica/C
  -------------------------------------------------------------------    -------------------
    SLICE_X34Y93         FDRE (Prop_fdre_C_Q)         0.141    -0.293 r  u_confreg/num_data_reg[6]_lopt_replica/Q
                         net (fo=1, routed)           0.889     0.596    lopt_48
    AC26                 OBUF (Prop_obuf_I_O)         1.291     1.887 r  num_data_OBUF[6]_inst/O
                         net (fo=0)                   0.000     1.887    num_data[6]
    AC26                                                              r  num_data[6] (OUT)
  -------------------------------------------------------------------    -------------------

Slack:                    inf
  Source:                 u_confreg/num_data_reg[19]_lopt_replica/C
                            (rising edge-triggered cell FDRE clocked by cpu_clk_clk_pll  {rise@0.000ns fall@16.667ns period=33.333ns})
  Destination:            num_data[19]
                            (output port)
  Path Group:             (none)
  Path Type:              Min at Fast Process Corner
  Data Path Delay:        2.335ns  (logic 1.361ns (58.294%)  route 0.974ns (41.706%))
  Logic Levels:           1  (OBUF=1)
  Clock Uncertainty:      0.197ns  ((TSJ^2 + DJ^2)^1/2) / 2 + PE
    Total System Jitter     (TSJ):    0.050ns
    Discrete Jitter          (DJ):    0.177ns
    Phase Error              (PE):    0.105ns

    Location             Delay type                Incr(ns)  Path(ns)    Netlist Resource(s)
  -------------------------------------------------------------------    -------------------
                         (clock cpu_clk_clk_pll rise edge)
                                                      0.000     0.000 r  
    AC19                                              0.000     0.000 r  clk (IN)
                         net (fo=0)                   0.000     0.000    pll.clk_pll/inst/clk_in1
    AC19                 IBUF (Prop_ibuf_I_O)         0.253     0.253 r  pll.clk_pll/inst/clkin1_ibufg/O
                         net (fo=1, routed)           0.565     0.818    pll.clk_pll/inst/clk_in1_clk_pll
    PLLE2_ADV_X0Y2       PLLE2_ADV (Prop_plle2_adv_CLKIN1_CLKOUT0)
                                                     -2.523    -1.705 r  pll.clk_pll/inst/plle2_adv_inst/CLKOUT0
                         net (fo=1, routed)           0.560    -1.146    pll.clk_pll/inst/cpu_clk_clk_pll
    BUFGCTRL_X0Y0        BUFG (Prop_bufg_I_O)         0.026    -1.120 r  pll.clk_pll/inst/clkout1_buf/O
                         net (fo=12248, routed)       0.676    -0.443    u_confreg/cpu_clk
    SLICE_X35Y79         FDRE                                         r  u_confreg/num_data_reg[19]_lopt_replica/C
  -------------------------------------------------------------------    -------------------
    SLICE_X35Y79         FDRE (Prop_fdre_C_Q)         0.141    -0.302 r  u_confreg/num_data_reg[19]_lopt_replica/Q
                         net (fo=1, routed)           0.974     0.671    lopt_30
    U21                  OBUF (Prop_obuf_I_O)         1.220     1.891 r  num_data_OBUF[19]_inst/O
                         net (fo=0)                   0.000     1.891    num_data[19]
    U21                                                               r  num_data[19] (OUT)
  -------------------------------------------------------------------    -------------------

Slack:                    inf
  Source:                 u_confreg/num_data_reg[0]_lopt_replica/C
                            (rising edge-triggered cell FDRE clocked by cpu_clk_clk_pll  {rise@0.000ns fall@16.667ns period=33.333ns})
  Destination:            num_data[0]
                            (output port)
  Path Group:             (none)
  Path Type:              Min at Fast Process Corner
  Data Path Delay:        2.326ns  (logic 1.385ns (59.534%)  route 0.941ns (40.466%))
  Logic Levels:           1  (OBUF=1)
  Clock Uncertainty:      0.197ns  ((TSJ^2 + DJ^2)^1/2) / 2 + PE
    Total System Jitter     (TSJ):    0.050ns
    Discrete Jitter          (DJ):    0.177ns
    Phase Error              (PE):    0.105ns

    Location             Delay type                Incr(ns)  Path(ns)    Netlist Resource(s)
  -------------------------------------------------------------------    -------------------
                         (clock cpu_clk_clk_pll rise edge)
                                                      0.000     0.000 r  
    AC19                                              0.000     0.000 r  clk (IN)
                         net (fo=0)                   0.000     0.000    pll.clk_pll/inst/clk_in1
    AC19                 IBUF (Prop_ibuf_I_O)         0.253     0.253 r  pll.clk_pll/inst/clkin1_ibufg/O
                         net (fo=1, routed)           0.565     0.818    pll.clk_pll/inst/clk_in1_clk_pll
    PLLE2_ADV_X0Y2       PLLE2_ADV (Prop_plle2_adv_CLKIN1_CLKOUT0)
                                                     -2.523    -1.705 r  pll.clk_pll/inst/plle2_adv_inst/CLKOUT0
                         net (fo=1, routed)           0.560    -1.146    pll.clk_pll/inst/cpu_clk_clk_pll
    BUFGCTRL_X0Y0        BUFG (Prop_bufg_I_O)         0.026    -1.120 r  pll.clk_pll/inst/clkout1_buf/O
                         net (fo=12248, routed)       0.686    -0.433    u_confreg/cpu_clk
    SLICE_X34Y99         FDRE                                         r  u_confreg/num_data_reg[0]_lopt_replica/C
  -------------------------------------------------------------------    -------------------
    SLICE_X34Y99         FDRE (Prop_fdre_C_Q)         0.141    -0.292 r  u_confreg/num_data_reg[0]_lopt_replica/Q
                         net (fo=1, routed)           0.941     0.649    lopt_20
    U24                  OBUF (Prop_obuf_I_O)         1.244     1.893 r  num_data_OBUF[0]_inst/O
                         net (fo=0)                   0.000     1.893    num_data[0]
    U24                                                               r  num_data[0] (OUT)
  -------------------------------------------------------------------    -------------------

Slack:                    inf
  Source:                 u_confreg/num_data_reg[3]_lopt_replica/C
                            (rising edge-triggered cell FDRE clocked by cpu_clk_clk_pll  {rise@0.000ns fall@16.667ns period=33.333ns})
  Destination:            num_data[3]
                            (output port)
  Path Group:             (none)
  Path Type:              Min at Fast Process Corner
  Data Path Delay:        2.329ns  (logic 1.403ns (60.228%)  route 0.926ns (39.772%))
  Logic Levels:           1  (OBUF=1)
  Clock Uncertainty:      0.197ns  ((TSJ^2 + DJ^2)^1/2) / 2 + PE
    Total System Jitter     (TSJ):    0.050ns
    Discrete Jitter          (DJ):    0.177ns
    Phase Error              (PE):    0.105ns

    Location             Delay type                Incr(ns)  Path(ns)    Netlist Resource(s)
  -------------------------------------------------------------------    -------------------
                         (clock cpu_clk_clk_pll rise edge)
                                                      0.000     0.000 r  
    AC19                                              0.000     0.000 r  clk (IN)
                         net (fo=0)                   0.000     0.000    pll.clk_pll/inst/clk_in1
    AC19                 IBUF (Prop_ibuf_I_O)         0.253     0.253 r  pll.clk_pll/inst/clkin1_ibufg/O
                         net (fo=1, routed)           0.565     0.818    pll.clk_pll/inst/clk_in1_clk_pll
    PLLE2_ADV_X0Y2       PLLE2_ADV (Prop_plle2_adv_CLKIN1_CLKOUT0)
                                                     -2.523    -1.705 r  pll.clk_pll/inst/plle2_adv_inst/CLKOUT0
                         net (fo=1, routed)           0.560    -1.146    pll.clk_pll/inst/cpu_clk_clk_pll
    BUFGCTRL_X0Y0        BUFG (Prop_bufg_I_O)         0.026    -1.120 r  pll.clk_pll/inst/clkout1_buf/O
                         net (fo=12248, routed)       0.685    -0.434    u_confreg/cpu_clk
    SLICE_X34Y95         FDRE                                         r  u_confreg/num_data_reg[3]_lopt_replica/C
  -------------------------------------------------------------------    -------------------
    SLICE_X34Y95         FDRE (Prop_fdre_C_Q)         0.141    -0.293 r  u_confreg/num_data_reg[3]_lopt_replica/Q
                         net (fo=1, routed)           0.926     0.633    lopt_45
    V26                  OBUF (Prop_obuf_I_O)         1.262     1.895 r  num_data_OBUF[3]_inst/O
                         net (fo=0)                   0.000     1.895    num_data[3]
    V26                                                               r  num_data[3] (OUT)
  -------------------------------------------------------------------    -------------------

Slack:                    inf
  Source:                 u_confreg/num_data_reg[1]_lopt_replica/C
                            (rising edge-triggered cell FDRE clocked by cpu_clk_clk_pll  {rise@0.000ns fall@16.667ns period=33.333ns})
  Destination:            num_data[1]
                            (output port)
  Path Group:             (none)
  Path Type:              Min at Fast Process Corner
  Data Path Delay:        2.332ns  (logic 1.405ns (60.272%)  route 0.926ns (39.728%))
  Logic Levels:           1  (OBUF=1)
  Clock Uncertainty:      0.197ns  ((TSJ^2 + DJ^2)^1/2) / 2 + PE
    Total System Jitter     (TSJ):    0.050ns
    Discrete Jitter          (DJ):    0.177ns
    Phase Error              (PE):    0.105ns

    Location             Delay type                Incr(ns)  Path(ns)    Netlist Resource(s)
  -------------------------------------------------------------------    -------------------
                         (clock cpu_clk_clk_pll rise edge)
                                                      0.000     0.000 r  
    AC19                                              0.000     0.000 r  clk (IN)
                         net (fo=0)                   0.000     0.000    pll.clk_pll/inst/clk_in1
    AC19                 IBUF (Prop_ibuf_I_O)         0.253     0.253 r  pll.clk_pll/inst/clkin1_ibufg/O
                         net (fo=1, routed)           0.565     0.818    pll.clk_pll/inst/clk_in1_clk_pll
    PLLE2_ADV_X0Y2       PLLE2_ADV (Prop_plle2_adv_CLKIN1_CLKOUT0)
                                                     -2.523    -1.705 r  pll.clk_pll/inst/plle2_adv_inst/CLKOUT0
                         net (fo=1, routed)           0.560    -1.146    pll.clk_pll/inst/cpu_clk_clk_pll
    BUFGCTRL_X0Y0        BUFG (Prop_bufg_I_O)         0.026    -1.120 r  pll.clk_pll/inst/clkout1_buf/O
                         net (fo=12248, routed)       0.686    -0.433    u_confreg/cpu_clk
    SLICE_X34Y97         FDRE                                         r  u_confreg/num_data_reg[1]_lopt_replica/C
  -------------------------------------------------------------------    -------------------
    SLICE_X34Y97         FDRE (Prop_fdre_C_Q)         0.141    -0.292 r  u_confreg/num_data_reg[1]_lopt_replica/Q
                         net (fo=1, routed)           0.926     0.634    lopt_31
    U25                  OBUF (Prop_obuf_I_O)         1.264     1.898 r  num_data_OBUF[1]_inst/O
                         net (fo=0)                   0.000     1.898    num_data[1]
    U25                                                               r  num_data[1] (OUT)
  -------------------------------------------------------------------    -------------------

Slack:                    inf
  Source:                 u_confreg/num_data_reg[7]_lopt_replica/C
                            (rising edge-triggered cell FDRE clocked by cpu_clk_clk_pll  {rise@0.000ns fall@16.667ns period=33.333ns})
  Destination:            num_data[7]
                            (output port)
  Path Group:             (none)
  Path Type:              Min at Fast Process Corner
  Data Path Delay:        2.344ns  (logic 1.418ns (60.486%)  route 0.926ns (39.514%))
  Logic Levels:           1  (OBUF=1)
  Clock Uncertainty:      0.197ns  ((TSJ^2 + DJ^2)^1/2) / 2 + PE
    Total System Jitter     (TSJ):    0.050ns
    Discrete Jitter          (DJ):    0.177ns
    Phase Error              (PE):    0.105ns

    Location             Delay type                Incr(ns)  Path(ns)    Netlist Resource(s)
  -------------------------------------------------------------------    -------------------
                         (clock cpu_clk_clk_pll rise edge)
                                                      0.000     0.000 r  
    AC19                                              0.000     0.000 r  clk (IN)
                         net (fo=0)                   0.000     0.000    pll.clk_pll/inst/clk_in1
    AC19                 IBUF (Prop_ibuf_I_O)         0.253     0.253 r  pll.clk_pll/inst/clkin1_ibufg/O
                         net (fo=1, routed)           0.565     0.818    pll.clk_pll/inst/clk_in1_clk_pll
    PLLE2_ADV_X0Y2       PLLE2_ADV (Prop_plle2_adv_CLKIN1_CLKOUT0)
                                                     -2.523    -1.705 r  pll.clk_pll/inst/plle2_adv_inst/CLKOUT0
                         net (fo=1, routed)           0.560    -1.146    pll.clk_pll/inst/cpu_clk_clk_pll
    BUFGCTRL_X0Y0        BUFG (Prop_bufg_I_O)         0.026    -1.120 r  pll.clk_pll/inst/clkout1_buf/O
                         net (fo=12248, routed)       0.684    -0.435    u_confreg/cpu_clk
    SLICE_X34Y91         FDRE                                         r  u_confreg/num_data_reg[7]_lopt_replica/C
  -------------------------------------------------------------------    -------------------
    SLICE_X34Y91         FDRE (Prop_fdre_C_Q)         0.141    -0.294 r  u_confreg/num_data_reg[7]_lopt_replica/Q
                         net (fo=1, routed)           0.926     0.632    lopt_49
    W25                  OBUF (Prop_obuf_I_O)         1.277     1.909 r  num_data_OBUF[7]_inst/O
                         net (fo=0)                   0.000     1.909    num_data[7]
    W25                                                               r  num_data[7] (OUT)
  -------------------------------------------------------------------    -------------------





--------------------------------------------------------------------------------------
Path Group:  (none)
From Clock:  
  To Clock:  cpu_clk_clk_pll

Max Delay           187 Endpoints
Min Delay           187 Endpoints
--------------------------------------------------------------------------------------


Max Delay Paths
--------------------------------------------------------------------------------------
Slack:                    inf
  Source:                 btn_key_row[1]
                            (input port)
  Destination:            u_confreg/btn_key_r_reg[10]/D
                            (rising edge-triggered cell FDRE clocked by cpu_clk_clk_pll  {rise@0.000ns fall@16.667ns period=33.333ns})
  Path Group:             (none)
  Path Type:              Setup (Max at Slow Process Corner)
  Data Path Delay:        12.587ns  (logic 2.562ns (20.355%)  route 10.025ns (79.645%))
  Logic Levels:           6  (IBUF=1 LUT2=1 LUT4=1 LUT5=1 LUT6=2)
  Clock Path Skew:        -1.934ns (DCD - SCD + CPR)
    Destination Clock Delay (DCD):    -1.934ns
    Source Clock Delay      (SCD):    0.000ns
    Clock Pessimism Removal (CPR):    0.000ns
  Clock Uncertainty:      0.197ns  ((TSJ^2 + DJ^2)^1/2) / 2 + PE
    Total System Jitter     (TSJ):    0.050ns
    Discrete Jitter          (DJ):    0.177ns
    Phase Error              (PE):    0.105ns

    Location             Delay type                Incr(ns)  Path(ns)    Netlist Resource(s)
  -------------------------------------------------------------------    -------------------
    W8                                                0.000     0.000 r  btn_key_row[1] (IN)
                         net (fo=0)                   0.000     0.000    btn_key_row[1]
    W8                   IBUF (Prop_ibuf_I_O)         1.464     1.464 r  btn_key_row_IBUF[1]_inst/O
                         net (fo=31, routed)          5.872     7.336    u_confreg/btn_key_row_IBUF[1]
    SLICE_X74Y139        LUT4 (Prop_lut4_I2_O)        0.150     7.486 r  u_confreg/FSM_onehot_state[1]_i_3/O
                         net (fo=4, routed)           0.825     8.311    u_confreg/FSM_onehot_state[1]_i_3_n_0
    SLICE_X75Y140        LUT5 (Prop_lut5_I1_O)        0.348     8.659 r  u_confreg/btn_key_r[14]_i_9/O
                         net (fo=1, routed)           0.942     9.601    u_confreg/btn_key_r[14]_i_9_n_0
    SLICE_X75Y141        LUT6 (Prop_lut6_I4_O)        0.124     9.725 f  u_confreg/btn_key_r[14]_i_2/O
                         net (fo=17, routed)          1.252    10.977    u_confreg/btn_key_r0
    SLICE_X71Y139        LUT2 (Prop_lut2_I0_O)        0.150    11.127 f  u_confreg/btn_key_r[15]_i_2/O
                         net (fo=7, routed)           1.134    12.261    u_confreg/btn_key_r[15]_i_2_n_0
    SLICE_X72Y140        LUT6 (Prop_lut6_I5_O)        0.326    12.587 r  u_confreg/btn_key_r[10]_i_1/O
                         net (fo=1, routed)           0.000    12.587    u_confreg/btn_key_r[10]_i_1_n_0
    SLICE_X72Y140        FDRE                                         r  u_confreg/btn_key_r_reg[10]/D
  -------------------------------------------------------------------    -------------------

                         (clock cpu_clk_clk_pll rise edge)
                                                      0.000     0.000 r  
    AC19                                              0.000     0.000 r  clk (IN)
                         net (fo=0)                   0.000     0.000    pll.clk_pll/inst/clk_in1
    AC19                 IBUF (Prop_ibuf_I_O)         1.414     1.414 r  pll.clk_pll/inst/clkin1_ibufg/O
                         net (fo=1, routed)           1.531     2.945    pll.clk_pll/inst/clk_in1_clk_pll
    PLLE2_ADV_X0Y2       PLLE2_ADV (Prop_plle2_adv_CLKIN1_CLKOUT0)
                                                     -8.262    -5.316 r  pll.clk_pll/inst/plle2_adv_inst/CLKOUT0
                         net (fo=1, routed)           1.755    -3.561    pll.clk_pll/inst/cpu_clk_clk_pll
    BUFGCTRL_X0Y0        BUFG (Prop_bufg_I_O)         0.091    -3.470 r  pll.clk_pll/inst/clkout1_buf/O
                         net (fo=12248, routed)       1.536    -1.934    u_confreg/cpu_clk
    SLICE_X72Y140        FDRE                                         r  u_confreg/btn_key_r_reg[10]/C

Slack:                    inf
  Source:                 btn_key_row[1]
                            (input port)
  Destination:            u_confreg/btn_key_r_reg[14]/D
                            (rising edge-triggered cell FDRE clocked by cpu_clk_clk_pll  {rise@0.000ns fall@16.667ns period=33.333ns})
  Path Group:             (none)
  Path Type:              Setup (Max at Slow Process Corner)
  Data Path Delay:        12.516ns  (logic 2.562ns (20.470%)  route 9.954ns (79.530%))
  Logic Levels:           6  (IBUF=1 LUT2=1 LUT4=1 LUT5=1 LUT6=2)
  Clock Path Skew:        -1.934ns (DCD - SCD + CPR)
    Destination Clock Delay (DCD):    -1.934ns
    Source Clock Delay      (SCD):    0.000ns
    Clock Pessimism Removal (CPR):    0.000ns
  Clock Uncertainty:      0.197ns  ((TSJ^2 + DJ^2)^1/2) / 2 + PE
    Total System Jitter     (TSJ):    0.050ns
    Discrete Jitter          (DJ):    0.177ns
    Phase Error              (PE):    0.105ns

    Location             Delay type                Incr(ns)  Path(ns)    Netlist Resource(s)
  -------------------------------------------------------------------    -------------------
    W8                                                0.000     0.000 r  btn_key_row[1] (IN)
                         net (fo=0)                   0.000     0.000    btn_key_row[1]
    W8                   IBUF (Prop_ibuf_I_O)         1.464     1.464 r  btn_key_row_IBUF[1]_inst/O
                         net (fo=31, routed)          5.872     7.336    u_confreg/btn_key_row_IBUF[1]
    SLICE_X74Y139        LUT4 (Prop_lut4_I2_O)        0.150     7.486 r  u_confreg/FSM_onehot_state[1]_i_3/O
                         net (fo=4, routed)           0.825     8.311    u_confreg/FSM_onehot_state[1]_i_3_n_0
    SLICE_X75Y140        LUT5 (Prop_lut5_I1_O)        0.348     8.659 r  u_confreg/btn_key_r[14]_i_9/O
                         net (fo=1, routed)           0.942     9.601    u_confreg/btn_key_r[14]_i_9_n_0
    SLICE_X75Y141        LUT6 (Prop_lut6_I4_O)        0.124     9.725 f  u_confreg/btn_key_r[14]_i_2/O
                         net (fo=17, routed)          1.252    10.977    u_confreg/btn_key_r0
    SLICE_X71Y139        LUT2 (Prop_lut2_I0_O)        0.150    11.127 f  u_confreg/btn_key_r[15]_i_2/O
                         net (fo=7, routed)           1.063    12.190    u_confreg/btn_key_r[15]_i_2_n_0
    SLICE_X70Y139        LUT6 (Prop_lut6_I5_O)        0.326    12.516 r  u_confreg/btn_key_r[14]_i_1/O
                         net (fo=1, routed)           0.000    12.516    u_confreg/btn_key_r[14]_i_1_n_0
    SLICE_X70Y139        FDRE                                         r  u_confreg/btn_key_r_reg[14]/D
  -------------------------------------------------------------------    -------------------

                         (clock cpu_clk_clk_pll rise edge)
                                                      0.000     0.000 r  
    AC19                                              0.000     0.000 r  clk (IN)
                         net (fo=0)                   0.000     0.000    pll.clk_pll/inst/clk_in1
    AC19                 IBUF (Prop_ibuf_I_O)         1.414     1.414 r  pll.clk_pll/inst/clkin1_ibufg/O
                         net (fo=1, routed)           1.531     2.945    pll.clk_pll/inst/clk_in1_clk_pll
    PLLE2_ADV_X0Y2       PLLE2_ADV (Prop_plle2_adv_CLKIN1_CLKOUT0)
                                                     -8.262    -5.316 r  pll.clk_pll/inst/plle2_adv_inst/CLKOUT0
                         net (fo=1, routed)           1.755    -3.561    pll.clk_pll/inst/cpu_clk_clk_pll
    BUFGCTRL_X0Y0        BUFG (Prop_bufg_I_O)         0.091    -3.470 r  pll.clk_pll/inst/clkout1_buf/O
                         net (fo=12248, routed)       1.536    -1.934    u_confreg/cpu_clk
    SLICE_X70Y139        FDRE                                         r  u_confreg/btn_key_r_reg[14]/C

Slack:                    inf
  Source:                 btn_key_row[1]
                            (input port)
  Destination:            u_confreg/btn_key_r_reg[7]/D
                            (rising edge-triggered cell FDRE clocked by cpu_clk_clk_pll  {rise@0.000ns fall@16.667ns period=33.333ns})
  Path Group:             (none)
  Path Type:              Setup (Max at Slow Process Corner)
  Data Path Delay:        12.423ns  (logic 2.562ns (20.624%)  route 9.861ns (79.376%))
  Logic Levels:           6  (IBUF=1 LUT2=1 LUT4=1 LUT5=1 LUT6=2)
  Clock Path Skew:        -1.933ns (DCD - SCD + CPR)
    Destination Clock Delay (DCD):    -1.933ns
    Source Clock Delay      (SCD):    0.000ns
    Clock Pessimism Removal (CPR):    0.000ns
  Clock Uncertainty:      0.197ns  ((TSJ^2 + DJ^2)^1/2) / 2 + PE
    Total System Jitter     (TSJ):    0.050ns
    Discrete Jitter          (DJ):    0.177ns
    Phase Error              (PE):    0.105ns

    Location             Delay type                Incr(ns)  Path(ns)    Netlist Resource(s)
  -------------------------------------------------------------------    -------------------
    W8                                                0.000     0.000 r  btn_key_row[1] (IN)
                         net (fo=0)                   0.000     0.000    btn_key_row[1]
    W8                   IBUF (Prop_ibuf_I_O)         1.464     1.464 r  btn_key_row_IBUF[1]_inst/O
                         net (fo=31, routed)          5.872     7.336    u_confreg/btn_key_row_IBUF[1]
    SLICE_X74Y139        LUT4 (Prop_lut4_I2_O)        0.150     7.486 r  u_confreg/FSM_onehot_state[1]_i_3/O
                         net (fo=4, routed)           0.825     8.311    u_confreg/FSM_onehot_state[1]_i_3_n_0
    SLICE_X75Y140        LUT5 (Prop_lut5_I1_O)        0.348     8.659 r  u_confreg/btn_key_r[14]_i_9/O
                         net (fo=1, routed)           0.942     9.601    u_confreg/btn_key_r[14]_i_9_n_0
    SLICE_X75Y141        LUT6 (Prop_lut6_I4_O)        0.124     9.725 f  u_confreg/btn_key_r[14]_i_2/O
                         net (fo=17, routed)          1.252    10.977    u_confreg/btn_key_r0
    SLICE_X71Y139        LUT2 (Prop_lut2_I0_O)        0.150    11.127 f  u_confreg/btn_key_r[15]_i_2/O
                         net (fo=7, routed)           0.970    12.097    u_confreg/btn_key_r[15]_i_2_n_0
    SLICE_X73Y141        LUT6 (Prop_lut6_I0_O)        0.326    12.423 r  u_confreg/btn_key_r[7]_i_1/O
                         net (fo=1, routed)           0.000    12.423    u_confreg/btn_key_r[7]_i_1_n_0
    SLICE_X73Y141        FDRE                                         r  u_confreg/btn_key_r_reg[7]/D
  -------------------------------------------------------------------    -------------------

                         (clock cpu_clk_clk_pll rise edge)
                                                      0.000     0.000 r  
    AC19                                              0.000     0.000 r  clk (IN)
                         net (fo=0)                   0.000     0.000    pll.clk_pll/inst/clk_in1
    AC19                 IBUF (Prop_ibuf_I_O)         1.414     1.414 r  pll.clk_pll/inst/clkin1_ibufg/O
                         net (fo=1, routed)           1.531     2.945    pll.clk_pll/inst/clk_in1_clk_pll
    PLLE2_ADV_X0Y2       PLLE2_ADV (Prop_plle2_adv_CLKIN1_CLKOUT0)
                                                     -8.262    -5.316 r  pll.clk_pll/inst/plle2_adv_inst/CLKOUT0
                         net (fo=1, routed)           1.755    -3.561    pll.clk_pll/inst/cpu_clk_clk_pll
    BUFGCTRL_X0Y0        BUFG (Prop_bufg_I_O)         0.091    -3.470 r  pll.clk_pll/inst/clkout1_buf/O
                         net (fo=12248, routed)       1.537    -1.933    u_confreg/cpu_clk
    SLICE_X73Y141        FDRE                                         r  u_confreg/btn_key_r_reg[7]/C

Slack:                    inf
  Source:                 btn_key_row[1]
                            (input port)
  Destination:            u_confreg/btn_key_r_reg[15]/D
                            (rising edge-triggered cell FDRE clocked by cpu_clk_clk_pll  {rise@0.000ns fall@16.667ns period=33.333ns})
  Path Group:             (none)
  Path Type:              Setup (Max at Slow Process Corner)
  Data Path Delay:        12.420ns  (logic 2.562ns (20.629%)  route 9.858ns (79.371%))
  Logic Levels:           6  (IBUF=1 LUT2=1 LUT4=1 LUT5=1 LUT6=2)
  Clock Path Skew:        -1.933ns (DCD - SCD + CPR)
    Destination Clock Delay (DCD):    -1.933ns
    Source Clock Delay      (SCD):    0.000ns
    Clock Pessimism Removal (CPR):    0.000ns
  Clock Uncertainty:      0.197ns  ((TSJ^2 + DJ^2)^1/2) / 2 + PE
    Total System Jitter     (TSJ):    0.050ns
    Discrete Jitter          (DJ):    0.177ns
    Phase Error              (PE):    0.105ns

    Location             Delay type                Incr(ns)  Path(ns)    Netlist Resource(s)
  -------------------------------------------------------------------    -------------------
    W8                                                0.000     0.000 r  btn_key_row[1] (IN)
                         net (fo=0)                   0.000     0.000    btn_key_row[1]
    W8                   IBUF (Prop_ibuf_I_O)         1.464     1.464 r  btn_key_row_IBUF[1]_inst/O
                         net (fo=31, routed)          5.872     7.336    u_confreg/btn_key_row_IBUF[1]
    SLICE_X74Y139        LUT4 (Prop_lut4_I2_O)        0.150     7.486 r  u_confreg/FSM_onehot_state[1]_i_3/O
                         net (fo=4, routed)           0.825     8.311    u_confreg/FSM_onehot_state[1]_i_3_n_0
    SLICE_X75Y140        LUT5 (Prop_lut5_I1_O)        0.348     8.659 r  u_confreg/btn_key_r[14]_i_9/O
                         net (fo=1, routed)           0.942     9.601    u_confreg/btn_key_r[14]_i_9_n_0
    SLICE_X75Y141        LUT6 (Prop_lut6_I4_O)        0.124     9.725 f  u_confreg/btn_key_r[14]_i_2/O
                         net (fo=17, routed)          1.252    10.977    u_confreg/btn_key_r0
    SLICE_X71Y139        LUT2 (Prop_lut2_I0_O)        0.150    11.127 f  u_confreg/btn_key_r[15]_i_2/O
                         net (fo=7, routed)           0.967    12.094    u_confreg/btn_key_r[15]_i_2_n_0
    SLICE_X72Y141        LUT6 (Prop_lut6_I0_O)        0.326    12.420 r  u_confreg/btn_key_r[15]_i_1/O
                         net (fo=1, routed)           0.000    12.420    u_confreg/btn_key_r[15]_i_1_n_0
    SLICE_X72Y141        FDRE                                         r  u_confreg/btn_key_r_reg[15]/D
  -------------------------------------------------------------------    -------------------

                         (clock cpu_clk_clk_pll rise edge)
                                                      0.000     0.000 r  
    AC19                                              0.000     0.000 r  clk (IN)
                         net (fo=0)                   0.000     0.000    pll.clk_pll/inst/clk_in1
    AC19                 IBUF (Prop_ibuf_I_O)         1.414     1.414 r  pll.clk_pll/inst/clkin1_ibufg/O
                         net (fo=1, routed)           1.531     2.945    pll.clk_pll/inst/clk_in1_clk_pll
    PLLE2_ADV_X0Y2       PLLE2_ADV (Prop_plle2_adv_CLKIN1_CLKOUT0)
                                                     -8.262    -5.316 r  pll.clk_pll/inst/plle2_adv_inst/CLKOUT0
                         net (fo=1, routed)           1.755    -3.561    pll.clk_pll/inst/cpu_clk_clk_pll
    BUFGCTRL_X0Y0        BUFG (Prop_bufg_I_O)         0.091    -3.470 r  pll.clk_pll/inst/clkout1_buf/O
                         net (fo=12248, routed)       1.537    -1.933    u_confreg/cpu_clk
    SLICE_X72Y141        FDRE                                         r  u_confreg/btn_key_r_reg[15]/C

Slack:                    inf
  Source:                 btn_key_row[1]
                            (input port)
  Destination:            u_confreg/btn_key_r_reg[11]/D
                            (rising edge-triggered cell FDRE clocked by cpu_clk_clk_pll  {rise@0.000ns fall@16.667ns period=33.333ns})
  Path Group:             (none)
  Path Type:              Setup (Max at Slow Process Corner)
  Data Path Delay:        12.357ns  (logic 2.562ns (20.734%)  route 9.795ns (79.266%))
  Logic Levels:           6  (IBUF=1 LUT2=1 LUT4=2 LUT5=1 LUT6=1)
  Clock Path Skew:        -1.934ns (DCD - SCD + CPR)
    Destination Clock Delay (DCD):    -1.934ns
    Source Clock Delay      (SCD):    0.000ns
    Clock Pessimism Removal (CPR):    0.000ns
  Clock Uncertainty:      0.197ns  ((TSJ^2 + DJ^2)^1/2) / 2 + PE
    Total System Jitter     (TSJ):    0.050ns
    Discrete Jitter          (DJ):    0.177ns
    Phase Error              (PE):    0.105ns

    Location             Delay type                Incr(ns)  Path(ns)    Netlist Resource(s)
  -------------------------------------------------------------------    -------------------
    W8                                                0.000     0.000 r  btn_key_row[1] (IN)
                         net (fo=0)                   0.000     0.000    btn_key_row[1]
    W8                   IBUF (Prop_ibuf_I_O)         1.464     1.464 r  btn_key_row_IBUF[1]_inst/O
                         net (fo=31, routed)          5.872     7.336    u_confreg/btn_key_row_IBUF[1]
    SLICE_X74Y139        LUT4 (Prop_lut4_I2_O)        0.150     7.486 r  u_confreg/FSM_onehot_state[1]_i_3/O
                         net (fo=4, routed)           0.825     8.311    u_confreg/FSM_onehot_state[1]_i_3_n_0
    SLICE_X75Y140        LUT5 (Prop_lut5_I1_O)        0.348     8.659 r  u_confreg/btn_key_r[14]_i_9/O
                         net (fo=1, routed)           0.942     9.601    u_confreg/btn_key_r[14]_i_9_n_0
    SLICE_X75Y141        LUT6 (Prop_lut6_I4_O)        0.124     9.725 f  u_confreg/btn_key_r[14]_i_2/O
                         net (fo=17, routed)          1.252    10.977    u_confreg/btn_key_r0
    SLICE_X71Y139        LUT2 (Prop_lut2_I0_O)        0.150    11.127 f  u_confreg/btn_key_r[15]_i_2/O
                         net (fo=7, routed)           0.904    12.031    u_confreg/btn_key_r[15]_i_2_n_0
    SLICE_X73Y140        LUT4 (Prop_lut4_I0_O)        0.326    12.357 r  u_confreg/btn_key_r[11]_i_1/O
                         net (fo=1, routed)           0.000    12.357    u_confreg/btn_key_r[11]_i_1_n_0
    SLICE_X73Y140        FDRE                                         r  u_confreg/btn_key_r_reg[11]/D
  -------------------------------------------------------------------    -------------------

                         (clock cpu_clk_clk_pll rise edge)
                                                      0.000     0.000 r  
    AC19                                              0.000     0.000 r  clk (IN)
                         net (fo=0)                   0.000     0.000    pll.clk_pll/inst/clk_in1
    AC19                 IBUF (Prop_ibuf_I_O)         1.414     1.414 r  pll.clk_pll/inst/clkin1_ibufg/O
                         net (fo=1, routed)           1.531     2.945    pll.clk_pll/inst/clk_in1_clk_pll
    PLLE2_ADV_X0Y2       PLLE2_ADV (Prop_plle2_adv_CLKIN1_CLKOUT0)
                                                     -8.262    -5.316 r  pll.clk_pll/inst/plle2_adv_inst/CLKOUT0
                         net (fo=1, routed)           1.755    -3.561    pll.clk_pll/inst/cpu_clk_clk_pll
    BUFGCTRL_X0Y0        BUFG (Prop_bufg_I_O)         0.091    -3.470 r  pll.clk_pll/inst/clkout1_buf/O
                         net (fo=12248, routed)       1.536    -1.934    u_confreg/cpu_clk
    SLICE_X73Y140        FDRE                                         r  u_confreg/btn_key_r_reg[11]/C

Slack:                    inf
  Source:                 btn_key_row[1]
                            (input port)
  Destination:            u_confreg/btn_key_r_reg[3]/D
                            (rising edge-triggered cell FDRE clocked by cpu_clk_clk_pll  {rise@0.000ns fall@16.667ns period=33.333ns})
  Path Group:             (none)
  Path Type:              Setup (Max at Slow Process Corner)
  Data Path Delay:        12.316ns  (logic 2.334ns (18.951%)  route 9.982ns (81.049%))
  Logic Levels:           6  (IBUF=1 LUT4=2 LUT5=1 LUT6=2)
  Clock Path Skew:        -1.934ns (DCD - SCD + CPR)
    Destination Clock Delay (DCD):    -1.934ns
    Source Clock Delay      (SCD):    0.000ns
    Clock Pessimism Removal (CPR):    0.000ns
  Clock Uncertainty:      0.197ns  ((TSJ^2 + DJ^2)^1/2) / 2 + PE
    Total System Jitter     (TSJ):    0.050ns
    Discrete Jitter          (DJ):    0.177ns
    Phase Error              (PE):    0.105ns

    Location             Delay type                Incr(ns)  Path(ns)    Netlist Resource(s)
  -------------------------------------------------------------------    -------------------
    W8                                                0.000     0.000 f  btn_key_row[1] (IN)
                         net (fo=0)                   0.000     0.000    btn_key_row[1]
    W8                   IBUF (Prop_ibuf_I_O)         1.464     1.464 f  btn_key_row_IBUF[1]_inst/O
                         net (fo=31, routed)          5.872     7.336    u_confreg/btn_key_row_IBUF[1]
    SLICE_X74Y139        LUT4 (Prop_lut4_I2_O)        0.150     7.486 f  u_confreg/FSM_onehot_state[1]_i_3/O
                         net (fo=4, routed)           0.825     8.311    u_confreg/FSM_onehot_state[1]_i_3_n_0
    SLICE_X75Y140        LUT5 (Prop_lut5_I1_O)        0.348     8.659 f  u_confreg/btn_key_r[14]_i_9/O
                         net (fo=1, routed)           0.942     9.601    u_confreg/btn_key_r[14]_i_9_n_0
    SLICE_X75Y141        LUT6 (Prop_lut6_I4_O)        0.124     9.725 r  u_confreg/btn_key_r[14]_i_2/O
                         net (fo=17, routed)          1.674    11.399    u_confreg/btn_key_r0
    SLICE_X70Y140        LUT4 (Prop_lut4_I2_O)        0.124    11.523 r  u_confreg/btn_key_r[3]_i_2/O
                         net (fo=1, routed)           0.669    12.192    u_confreg/btn_key_r[3]_i_2_n_0
    SLICE_X70Y140        LUT6 (Prop_lut6_I3_O)        0.124    12.316 r  u_confreg/btn_key_r[3]_i_1/O
                         net (fo=1, routed)           0.000    12.316    u_confreg/btn_key_r[3]_i_1_n_0
    SLICE_X70Y140        FDRE                                         r  u_confreg/btn_key_r_reg[3]/D
  -------------------------------------------------------------------    -------------------

                         (clock cpu_clk_clk_pll rise edge)
                                                      0.000     0.000 r  
    AC19                                              0.000     0.000 r  clk (IN)
                         net (fo=0)                   0.000     0.000    pll.clk_pll/inst/clk_in1
    AC19                 IBUF (Prop_ibuf_I_O)         1.414     1.414 r  pll.clk_pll/inst/clkin1_ibufg/O
                         net (fo=1, routed)           1.531     2.945    pll.clk_pll/inst/clk_in1_clk_pll
    PLLE2_ADV_X0Y2       PLLE2_ADV (Prop_plle2_adv_CLKIN1_CLKOUT0)
                                                     -8.262    -5.316 r  pll.clk_pll/inst/plle2_adv_inst/CLKOUT0
                         net (fo=1, routed)           1.755    -3.561    pll.clk_pll/inst/cpu_clk_clk_pll
    BUFGCTRL_X0Y0        BUFG (Prop_bufg_I_O)         0.091    -3.470 r  pll.clk_pll/inst/clkout1_buf/O
                         net (fo=12248, routed)       1.536    -1.934    u_confreg/cpu_clk
    SLICE_X70Y140        FDRE                                         r  u_confreg/btn_key_r_reg[3]/C

Slack:                    inf
  Source:                 btn_key_row[1]
                            (input port)
  Destination:            u_confreg/btn_key_r_reg[6]/D
                            (rising edge-triggered cell FDRE clocked by cpu_clk_clk_pll  {rise@0.000ns fall@16.667ns period=33.333ns})
  Path Group:             (none)
  Path Type:              Setup (Max at Slow Process Corner)
  Data Path Delay:        12.192ns  (logic 2.562ns (21.015%)  route 9.630ns (78.985%))
  Logic Levels:           6  (IBUF=1 LUT2=1 LUT4=1 LUT5=1 LUT6=2)
  Clock Path Skew:        -1.934ns (DCD - SCD + CPR)
    Destination Clock Delay (DCD):    -1.934ns
    Source Clock Delay      (SCD):    0.000ns
    Clock Pessimism Removal (CPR):    0.000ns
  Clock Uncertainty:      0.197ns  ((TSJ^2 + DJ^2)^1/2) / 2 + PE
    Total System Jitter     (TSJ):    0.050ns
    Discrete Jitter          (DJ):    0.177ns
    Phase Error              (PE):    0.105ns

    Location             Delay type                Incr(ns)  Path(ns)    Netlist Resource(s)
  -------------------------------------------------------------------    -------------------
    W8                                                0.000     0.000 r  btn_key_row[1] (IN)
                         net (fo=0)                   0.000     0.000    btn_key_row[1]
    W8                   IBUF (Prop_ibuf_I_O)         1.464     1.464 r  btn_key_row_IBUF[1]_inst/O
                         net (fo=31, routed)          5.872     7.336    u_confreg/btn_key_row_IBUF[1]
    SLICE_X74Y139        LUT4 (Prop_lut4_I2_O)        0.150     7.486 r  u_confreg/FSM_onehot_state[1]_i_3/O
                         net (fo=4, routed)           0.825     8.311    u_confreg/FSM_onehot_state[1]_i_3_n_0
    SLICE_X75Y140        LUT5 (Prop_lut5_I1_O)        0.348     8.659 r  u_confreg/btn_key_r[14]_i_9/O
                         net (fo=1, routed)           0.942     9.601    u_confreg/btn_key_r[14]_i_9_n_0
    SLICE_X75Y141        LUT6 (Prop_lut6_I4_O)        0.124     9.725 f  u_confreg/btn_key_r[14]_i_2/O
                         net (fo=17, routed)          1.252    10.977    u_confreg/btn_key_r0
    SLICE_X71Y139        LUT2 (Prop_lut2_I0_O)        0.150    11.127 f  u_confreg/btn_key_r[15]_i_2/O
                         net (fo=7, routed)           0.739    11.866    u_confreg/btn_key_r[15]_i_2_n_0
    SLICE_X70Y140        LUT6 (Prop_lut6_I5_O)        0.326    12.192 r  u_confreg/btn_key_r[6]_i_1/O
                         net (fo=1, routed)           0.000    12.192    u_confreg/btn_key_r[6]_i_1_n_0
    SLICE_X70Y140        FDRE                                         r  u_confreg/btn_key_r_reg[6]/D
  -------------------------------------------------------------------    -------------------

                         (clock cpu_clk_clk_pll rise edge)
                                                      0.000     0.000 r  
    AC19                                              0.000     0.000 r  clk (IN)
                         net (fo=0)                   0.000     0.000    pll.clk_pll/inst/clk_in1
    AC19                 IBUF (Prop_ibuf_I_O)         1.414     1.414 r  pll.clk_pll/inst/clkin1_ibufg/O
                         net (fo=1, routed)           1.531     2.945    pll.clk_pll/inst/clk_in1_clk_pll
    PLLE2_ADV_X0Y2       PLLE2_ADV (Prop_plle2_adv_CLKIN1_CLKOUT0)
                                                     -8.262    -5.316 r  pll.clk_pll/inst/plle2_adv_inst/CLKOUT0
                         net (fo=1, routed)           1.755    -3.561    pll.clk_pll/inst/cpu_clk_clk_pll
    BUFGCTRL_X0Y0        BUFG (Prop_bufg_I_O)         0.091    -3.470 r  pll.clk_pll/inst/clkout1_buf/O
                         net (fo=12248, routed)       1.536    -1.934    u_confreg/cpu_clk
    SLICE_X70Y140        FDRE                                         r  u_confreg/btn_key_r_reg[6]/C

Slack:                    inf
  Source:                 btn_key_row[1]
                            (input port)
  Destination:            u_confreg/btn_key_r_reg[5]/D
                            (rising edge-triggered cell FDRE clocked by cpu_clk_clk_pll  {rise@0.000ns fall@16.667ns period=33.333ns})
  Path Group:             (none)
  Path Type:              Setup (Max at Slow Process Corner)
  Data Path Delay:        11.334ns  (logic 2.210ns (19.500%)  route 9.124ns (80.500%))
  Logic Levels:           5  (IBUF=1 LUT4=1 LUT5=1 LUT6=2)
  Clock Path Skew:        -1.934ns (DCD - SCD + CPR)
    Destination Clock Delay (DCD):    -1.934ns
    Source Clock Delay      (SCD):    0.000ns
    Clock Pessimism Removal (CPR):    0.000ns
  Clock Uncertainty:      0.197ns  ((TSJ^2 + DJ^2)^1/2) / 2 + PE
    Total System Jitter     (TSJ):    0.050ns
    Discrete Jitter          (DJ):    0.177ns
    Phase Error              (PE):    0.105ns

    Location             Delay type                Incr(ns)  Path(ns)    Netlist Resource(s)
  -------------------------------------------------------------------    -------------------
    W8                                                0.000     0.000 f  btn_key_row[1] (IN)
                         net (fo=0)                   0.000     0.000    btn_key_row[1]
    W8                   IBUF (Prop_ibuf_I_O)         1.464     1.464 f  btn_key_row_IBUF[1]_inst/O
                         net (fo=31, routed)          5.872     7.336    u_confreg/btn_key_row_IBUF[1]
    SLICE_X74Y139        LUT4 (Prop_lut4_I2_O)        0.150     7.486 f  u_confreg/FSM_onehot_state[1]_i_3/O
                         net (fo=4, routed)           0.825     8.311    u_confreg/FSM_onehot_state[1]_i_3_n_0
    SLICE_X75Y140        LUT5 (Prop_lut5_I1_O)        0.348     8.659 f  u_confreg/btn_key_r[14]_i_9/O
                         net (fo=1, routed)           0.942     9.601    u_confreg/btn_key_r[14]_i_9_n_0
    SLICE_X75Y141        LUT6 (Prop_lut6_I4_O)        0.124     9.725 r  u_confreg/btn_key_r[14]_i_2/O
                         net (fo=17, routed)          1.485    11.210    u_confreg/btn_key_r0
    SLICE_X71Y139        LUT6 (Prop_lut6_I5_O)        0.124    11.334 r  u_confreg/btn_key_r[5]_i_1/O
                         net (fo=1, routed)           0.000    11.334    u_confreg/btn_key_r[5]_i_1_n_0
    SLICE_X71Y139        FDRE                                         r  u_confreg/btn_key_r_reg[5]/D
  -------------------------------------------------------------------    -------------------

                         (clock cpu_clk_clk_pll rise edge)
                                                      0.000     0.000 r  
    AC19                                              0.000     0.000 r  clk (IN)
                         net (fo=0)                   0.000     0.000    pll.clk_pll/inst/clk_in1
    AC19                 IBUF (Prop_ibuf_I_O)         1.414     1.414 r  pll.clk_pll/inst/clkin1_ibufg/O
                         net (fo=1, routed)           1.531     2.945    pll.clk_pll/inst/clk_in1_clk_pll
    PLLE2_ADV_X0Y2       PLLE2_ADV (Prop_plle2_adv_CLKIN1_CLKOUT0)
                                                     -8.262    -5.316 r  pll.clk_pll/inst/plle2_adv_inst/CLKOUT0
                         net (fo=1, routed)           1.755    -3.561    pll.clk_pll/inst/cpu_clk_clk_pll
    BUFGCTRL_X0Y0        BUFG (Prop_bufg_I_O)         0.091    -3.470 r  pll.clk_pll/inst/clkout1_buf/O
                         net (fo=12248, routed)       1.536    -1.934    u_confreg/cpu_clk
    SLICE_X71Y139        FDRE                                         r  u_confreg/btn_key_r_reg[5]/C

Slack:                    inf
  Source:                 btn_key_row[1]
                            (input port)
  Destination:            u_confreg/btn_key_r_reg[13]/D
                            (rising edge-triggered cell FDRE clocked by cpu_clk_clk_pll  {rise@0.000ns fall@16.667ns period=33.333ns})
  Path Group:             (none)
  Path Type:              Setup (Max at Slow Process Corner)
  Data Path Delay:        11.329ns  (logic 2.210ns (19.509%)  route 9.119ns (80.491%))
  Logic Levels:           5  (IBUF=1 LUT4=1 LUT5=1 LUT6=2)
  Clock Path Skew:        -1.934ns (DCD - SCD + CPR)
    Destination Clock Delay (DCD):    -1.934ns
    Source Clock Delay      (SCD):    0.000ns
    Clock Pessimism Removal (CPR):    0.000ns
  Clock Uncertainty:      0.197ns  ((TSJ^2 + DJ^2)^1/2) / 2 + PE
    Total System Jitter     (TSJ):    0.050ns
    Discrete Jitter          (DJ):    0.177ns
    Phase Error              (PE):    0.105ns

    Location             Delay type                Incr(ns)  Path(ns)    Netlist Resource(s)
  -------------------------------------------------------------------    -------------------
    W8                                                0.000     0.000 f  btn_key_row[1] (IN)
                         net (fo=0)                   0.000     0.000    btn_key_row[1]
    W8                   IBUF (Prop_ibuf_I_O)         1.464     1.464 f  btn_key_row_IBUF[1]_inst/O
                         net (fo=31, routed)          5.872     7.336    u_confreg/btn_key_row_IBUF[1]
    SLICE_X74Y139        LUT4 (Prop_lut4_I2_O)        0.150     7.486 f  u_confreg/FSM_onehot_state[1]_i_3/O
                         net (fo=4, routed)           0.825     8.311    u_confreg/FSM_onehot_state[1]_i_3_n_0
    SLICE_X75Y140        LUT5 (Prop_lut5_I1_O)        0.348     8.659 f  u_confreg/btn_key_r[14]_i_9/O
                         net (fo=1, routed)           0.942     9.601    u_confreg/btn_key_r[14]_i_9_n_0
    SLICE_X75Y141        LUT6 (Prop_lut6_I4_O)        0.124     9.725 r  u_confreg/btn_key_r[14]_i_2/O
                         net (fo=17, routed)          1.480    11.205    u_confreg/btn_key_r0
    SLICE_X70Y139        LUT6 (Prop_lut6_I3_O)        0.124    11.329 r  u_confreg/btn_key_r[13]_i_1/O
                         net (fo=1, routed)           0.000    11.329    u_confreg/btn_key_r[13]_i_1_n_0
    SLICE_X70Y139        FDRE                                         r  u_confreg/btn_key_r_reg[13]/D
  -------------------------------------------------------------------    -------------------

                         (clock cpu_clk_clk_pll rise edge)
                                                      0.000     0.000 r  
    AC19                                              0.000     0.000 r  clk (IN)
                         net (fo=0)                   0.000     0.000    pll.clk_pll/inst/clk_in1
    AC19                 IBUF (Prop_ibuf_I_O)         1.414     1.414 r  pll.clk_pll/inst/clkin1_ibufg/O
                         net (fo=1, routed)           1.531     2.945    pll.clk_pll/inst/clk_in1_clk_pll
    PLLE2_ADV_X0Y2       PLLE2_ADV (Prop_plle2_adv_CLKIN1_CLKOUT0)
                                                     -8.262    -5.316 r  pll.clk_pll/inst/plle2_adv_inst/CLKOUT0
                         net (fo=1, routed)           1.755    -3.561    pll.clk_pll/inst/cpu_clk_clk_pll
    BUFGCTRL_X0Y0        BUFG (Prop_bufg_I_O)         0.091    -3.470 r  pll.clk_pll/inst/clkout1_buf/O
                         net (fo=12248, routed)       1.536    -1.934    u_confreg/cpu_clk
    SLICE_X70Y139        FDRE                                         r  u_confreg/btn_key_r_reg[13]/C

Slack:                    inf
  Source:                 btn_key_row[1]
                            (input port)
  Destination:            u_confreg/btn_key_r_reg[12]/D
                            (rising edge-triggered cell FDRE clocked by cpu_clk_clk_pll  {rise@0.000ns fall@16.667ns period=33.333ns})
  Path Group:             (none)
  Path Type:              Setup (Max at Slow Process Corner)
  Data Path Delay:        11.155ns  (logic 2.210ns (19.813%)  route 8.945ns (80.187%))
  Logic Levels:           5  (IBUF=1 LUT4=1 LUT5=1 LUT6=2)
  Clock Path Skew:        -1.934ns (DCD - SCD + CPR)
    Destination Clock Delay (DCD):    -1.934ns
    Source Clock Delay      (SCD):    0.000ns
    Clock Pessimism Removal (CPR):    0.000ns
  Clock Uncertainty:      0.197ns  ((TSJ^2 + DJ^2)^1/2) / 2 + PE
    Total System Jitter     (TSJ):    0.050ns
    Discrete Jitter          (DJ):    0.177ns
    Phase Error              (PE):    0.105ns

    Location             Delay type                Incr(ns)  Path(ns)    Netlist Resource(s)
  -------------------------------------------------------------------    -------------------
    W8                                                0.000     0.000 f  btn_key_row[1] (IN)
                         net (fo=0)                   0.000     0.000    btn_key_row[1]
    W8                   IBUF (Prop_ibuf_I_O)         1.464     1.464 f  btn_key_row_IBUF[1]_inst/O
                         net (fo=31, routed)          5.872     7.336    u_confreg/btn_key_row_IBUF[1]
    SLICE_X74Y139        LUT4 (Prop_lut4_I2_O)        0.150     7.486 f  u_confreg/FSM_onehot_state[1]_i_3/O
                         net (fo=4, routed)           0.825     8.311    u_confreg/FSM_onehot_state[1]_i_3_n_0
    SLICE_X75Y140        LUT5 (Prop_lut5_I1_O)        0.348     8.659 f  u_confreg/btn_key_r[14]_i_9/O
                         net (fo=1, routed)           0.942     9.601    u_confreg/btn_key_r[14]_i_9_n_0
    SLICE_X75Y141        LUT6 (Prop_lut6_I4_O)        0.124     9.725 r  u_confreg/btn_key_r[14]_i_2/O
                         net (fo=17, routed)          1.306    11.031    u_confreg/btn_key_r0
    SLICE_X73Y139        LUT6 (Prop_lut6_I5_O)        0.124    11.155 r  u_confreg/btn_key_r[12]_i_1/O
                         net (fo=1, routed)           0.000    11.155    u_confreg/btn_key_r[12]_i_1_n_0
    SLICE_X73Y139        FDRE                                         r  u_confreg/btn_key_r_reg[12]/D
  -------------------------------------------------------------------    -------------------

                         (clock cpu_clk_clk_pll rise edge)
                                                      0.000     0.000 r  
    AC19                                              0.000     0.000 r  clk (IN)
                         net (fo=0)                   0.000     0.000    pll.clk_pll/inst/clk_in1
    AC19                 IBUF (Prop_ibuf_I_O)         1.414     1.414 r  pll.clk_pll/inst/clkin1_ibufg/O
                         net (fo=1, routed)           1.531     2.945    pll.clk_pll/inst/clk_in1_clk_pll
    PLLE2_ADV_X0Y2       PLLE2_ADV (Prop_plle2_adv_CLKIN1_CLKOUT0)
                                                     -8.262    -5.316 r  pll.clk_pll/inst/plle2_adv_inst/CLKOUT0
                         net (fo=1, routed)           1.755    -3.561    pll.clk_pll/inst/cpu_clk_clk_pll
    BUFGCTRL_X0Y0        BUFG (Prop_bufg_I_O)         0.091    -3.470 r  pll.clk_pll/inst/clkout1_buf/O
                         net (fo=12248, routed)       1.536    -1.934    u_confreg/cpu_clk
    SLICE_X73Y139        FDRE                                         r  u_confreg/btn_key_r_reg[12]/C





Min Delay Paths
--------------------------------------------------------------------------------------
Slack:                    inf
  Source:                 u_cpu/u_EXEport/u_alu/u_mult_gen_0/U0/i_mult/gDSP.gDSP_only.iDSP/use_prim.appDSP[1].bppDSP[0].use_dsp.use_dsp48e1.iDSP48E1/ACOUT[0]
                            (internal pin)
  Destination:            u_cpu/u_EXEport/u_alu/u_mult_gen_0/U0/i_mult/gDSP.gDSP_only.iDSP/use_prim.appDSP[1].bppDSP[1].use_dsp.use_dsp48e1.iDSP48E1/ACIN[0]
                            (rising edge-triggered cell DSP48E1 clocked by cpu_clk_clk_pll  {rise@0.000ns fall@16.667ns period=33.333ns})
  Path Group:             (none)
  Path Type:              Hold (Min at Slow Process Corner)
  Data Path Delay:        0.002ns  (logic 0.000ns (0.000%)  route 0.002ns (100.000%))
  Logic Levels:           0  
  Clock Uncertainty:      0.197ns  ((TSJ^2 + DJ^2)^1/2) / 2 + PE
    Total System Jitter     (TSJ):    0.050ns
    Discrete Jitter          (DJ):    0.177ns
    Phase Error              (PE):    0.105ns

    Location             Delay type                Incr(ns)  Path(ns)    Netlist Resource(s)
  -------------------------------------------------------------------    -------------------
    DSP48_X6Y38          DSP48E1                      0.000     0.000 r  u_cpu/u_EXEport/u_alu/u_mult_gen_0/U0/i_mult/gDSP.gDSP_only.iDSP/use_prim.appDSP[1].bppDSP[0].use_dsp.use_dsp48e1.iDSP48E1/ACOUT[0]
                         net (fo=1, routed)           0.002     0.002    u_cpu/u_EXEport/u_alu/u_mult_gen_0/U0/i_mult/gDSP.gDSP_only.iDSP/acout[1,0][0]
    DSP48_X6Y39          DSP48E1                                      r  u_cpu/u_EXEport/u_alu/u_mult_gen_0/U0/i_mult/gDSP.gDSP_only.iDSP/use_prim.appDSP[1].bppDSP[1].use_dsp.use_dsp48e1.iDSP48E1/ACIN[0]
  -------------------------------------------------------------------    -------------------

                         (clock cpu_clk_clk_pll rise edge)
                                                      0.000     0.000 r  
    AC19                                              0.000     0.000 r  clk (IN)
                         net (fo=0)                   0.000     0.000    pll.clk_pll/inst/clk_in1
    AC19                 IBUF (Prop_ibuf_I_O)         1.485     1.485 r  pll.clk_pll/inst/clkin1_ibufg/O
                         net (fo=1, routed)           1.619     3.104    pll.clk_pll/inst/clk_in1_clk_pll
    PLLE2_ADV_X0Y2       PLLE2_ADV (Prop_plle2_adv_CLKIN1_CLKOUT0)
                                                     -9.006    -5.902 r  pll.clk_pll/inst/plle2_adv_inst/CLKOUT0
                         net (fo=1, routed)           1.837    -4.064    pll.clk_pll/inst/cpu_clk_clk_pll
    BUFGCTRL_X0Y0        BUFG (Prop_bufg_I_O)         0.096    -3.968 r  pll.clk_pll/inst/clkout1_buf/O
                         net (fo=12248, routed)       1.938    -2.030    u_cpu/u_EXEport/u_alu/u_mult_gen_0/U0/i_mult/gDSP.gDSP_only.iDSP/CLK
    DSP48_X6Y39          DSP48E1                                      r  u_cpu/u_EXEport/u_alu/u_mult_gen_0/U0/i_mult/gDSP.gDSP_only.iDSP/use_prim.appDSP[1].bppDSP[1].use_dsp.use_dsp48e1.iDSP48E1/CLK

Slack:                    inf
  Source:                 u_cpu/u_EXEport/u_alu/u_mult_gen_0/U0/i_mult/gDSP.gDSP_only.iDSP/use_prim.appDSP[1].bppDSP[0].use_dsp.use_dsp48e1.iDSP48E1/ACOUT[10]
                            (internal pin)
  Destination:            u_cpu/u_EXEport/u_alu/u_mult_gen_0/U0/i_mult/gDSP.gDSP_only.iDSP/use_prim.appDSP[1].bppDSP[1].use_dsp.use_dsp48e1.iDSP48E1/ACIN[10]
                            (rising edge-triggered cell DSP48E1 clocked by cpu_clk_clk_pll  {rise@0.000ns fall@16.667ns period=33.333ns})
  Path Group:             (none)
  Path Type:              Hold (Min at Slow Process Corner)
  Data Path Delay:        0.002ns  (logic 0.000ns (0.000%)  route 0.002ns (100.000%))
  Logic Levels:           0  
  Clock Uncertainty:      0.197ns  ((TSJ^2 + DJ^2)^1/2) / 2 + PE
    Total System Jitter     (TSJ):    0.050ns
    Discrete Jitter          (DJ):    0.177ns
    Phase Error              (PE):    0.105ns

    Location             Delay type                Incr(ns)  Path(ns)    Netlist Resource(s)
  -------------------------------------------------------------------    -------------------
    DSP48_X6Y38          DSP48E1                      0.000     0.000 r  u_cpu/u_EXEport/u_alu/u_mult_gen_0/U0/i_mult/gDSP.gDSP_only.iDSP/use_prim.appDSP[1].bppDSP[0].use_dsp.use_dsp48e1.iDSP48E1/ACOUT[10]
                         net (fo=1, routed)           0.002     0.002    u_cpu/u_EXEport/u_alu/u_mult_gen_0/U0/i_mult/gDSP.gDSP_only.iDSP/acout[1,0][10]
    DSP48_X6Y39          DSP48E1                                      r  u_cpu/u_EXEport/u_alu/u_mult_gen_0/U0/i_mult/gDSP.gDSP_only.iDSP/use_prim.appDSP[1].bppDSP[1].use_dsp.use_dsp48e1.iDSP48E1/ACIN[10]
  -------------------------------------------------------------------    -------------------

                         (clock cpu_clk_clk_pll rise edge)
                                                      0.000     0.000 r  
    AC19                                              0.000     0.000 r  clk (IN)
                         net (fo=0)                   0.000     0.000    pll.clk_pll/inst/clk_in1
    AC19                 IBUF (Prop_ibuf_I_O)         1.485     1.485 r  pll.clk_pll/inst/clkin1_ibufg/O
                         net (fo=1, routed)           1.619     3.104    pll.clk_pll/inst/clk_in1_clk_pll
    PLLE2_ADV_X0Y2       PLLE2_ADV (Prop_plle2_adv_CLKIN1_CLKOUT0)
                                                     -9.006    -5.902 r  pll.clk_pll/inst/plle2_adv_inst/CLKOUT0
                         net (fo=1, routed)           1.837    -4.064    pll.clk_pll/inst/cpu_clk_clk_pll
    BUFGCTRL_X0Y0        BUFG (Prop_bufg_I_O)         0.096    -3.968 r  pll.clk_pll/inst/clkout1_buf/O
                         net (fo=12248, routed)       1.938    -2.030    u_cpu/u_EXEport/u_alu/u_mult_gen_0/U0/i_mult/gDSP.gDSP_only.iDSP/CLK
    DSP48_X6Y39          DSP48E1                                      r  u_cpu/u_EXEport/u_alu/u_mult_gen_0/U0/i_mult/gDSP.gDSP_only.iDSP/use_prim.appDSP[1].bppDSP[1].use_dsp.use_dsp48e1.iDSP48E1/CLK

Slack:                    inf
  Source:                 u_cpu/u_EXEport/u_alu/u_mult_gen_0/U0/i_mult/gDSP.gDSP_only.iDSP/use_prim.appDSP[1].bppDSP[0].use_dsp.use_dsp48e1.iDSP48E1/ACOUT[11]
                            (internal pin)
  Destination:            u_cpu/u_EXEport/u_alu/u_mult_gen_0/U0/i_mult/gDSP.gDSP_only.iDSP/use_prim.appDSP[1].bppDSP[1].use_dsp.use_dsp48e1.iDSP48E1/ACIN[11]
                            (rising edge-triggered cell DSP48E1 clocked by cpu_clk_clk_pll  {rise@0.000ns fall@16.667ns period=33.333ns})
  Path Group:             (none)
  Path Type:              Hold (Min at Slow Process Corner)
  Data Path Delay:        0.002ns  (logic 0.000ns (0.000%)  route 0.002ns (100.000%))
  Logic Levels:           0  
  Clock Uncertainty:      0.197ns  ((TSJ^2 + DJ^2)^1/2) / 2 + PE
    Total System Jitter     (TSJ):    0.050ns
    Discrete Jitter          (DJ):    0.177ns
    Phase Error              (PE):    0.105ns

    Location             Delay type                Incr(ns)  Path(ns)    Netlist Resource(s)
  -------------------------------------------------------------------    -------------------
    DSP48_X6Y38          DSP48E1                      0.000     0.000 r  u_cpu/u_EXEport/u_alu/u_mult_gen_0/U0/i_mult/gDSP.gDSP_only.iDSP/use_prim.appDSP[1].bppDSP[0].use_dsp.use_dsp48e1.iDSP48E1/ACOUT[11]
                         net (fo=1, routed)           0.002     0.002    u_cpu/u_EXEport/u_alu/u_mult_gen_0/U0/i_mult/gDSP.gDSP_only.iDSP/acout[1,0][11]
    DSP48_X6Y39          DSP48E1                                      r  u_cpu/u_EXEport/u_alu/u_mult_gen_0/U0/i_mult/gDSP.gDSP_only.iDSP/use_prim.appDSP[1].bppDSP[1].use_dsp.use_dsp48e1.iDSP48E1/ACIN[11]
  -------------------------------------------------------------------    -------------------

                         (clock cpu_clk_clk_pll rise edge)
                                                      0.000     0.000 r  
    AC19                                              0.000     0.000 r  clk (IN)
                         net (fo=0)                   0.000     0.000    pll.clk_pll/inst/clk_in1
    AC19                 IBUF (Prop_ibuf_I_O)         1.485     1.485 r  pll.clk_pll/inst/clkin1_ibufg/O
                         net (fo=1, routed)           1.619     3.104    pll.clk_pll/inst/clk_in1_clk_pll
    PLLE2_ADV_X0Y2       PLLE2_ADV (Prop_plle2_adv_CLKIN1_CLKOUT0)
                                                     -9.006    -5.902 r  pll.clk_pll/inst/plle2_adv_inst/CLKOUT0
                         net (fo=1, routed)           1.837    -4.064    pll.clk_pll/inst/cpu_clk_clk_pll
    BUFGCTRL_X0Y0        BUFG (Prop_bufg_I_O)         0.096    -3.968 r  pll.clk_pll/inst/clkout1_buf/O
                         net (fo=12248, routed)       1.938    -2.030    u_cpu/u_EXEport/u_alu/u_mult_gen_0/U0/i_mult/gDSP.gDSP_only.iDSP/CLK
    DSP48_X6Y39          DSP48E1                                      r  u_cpu/u_EXEport/u_alu/u_mult_gen_0/U0/i_mult/gDSP.gDSP_only.iDSP/use_prim.appDSP[1].bppDSP[1].use_dsp.use_dsp48e1.iDSP48E1/CLK

Slack:                    inf
  Source:                 u_cpu/u_EXEport/u_alu/u_mult_gen_0/U0/i_mult/gDSP.gDSP_only.iDSP/use_prim.appDSP[1].bppDSP[0].use_dsp.use_dsp48e1.iDSP48E1/ACOUT[12]
                            (internal pin)
  Destination:            u_cpu/u_EXEport/u_alu/u_mult_gen_0/U0/i_mult/gDSP.gDSP_only.iDSP/use_prim.appDSP[1].bppDSP[1].use_dsp.use_dsp48e1.iDSP48E1/ACIN[12]
                            (rising edge-triggered cell DSP48E1 clocked by cpu_clk_clk_pll  {rise@0.000ns fall@16.667ns period=33.333ns})
  Path Group:             (none)
  Path Type:              Hold (Min at Slow Process Corner)
  Data Path Delay:        0.002ns  (logic 0.000ns (0.000%)  route 0.002ns (100.000%))
  Logic Levels:           0  
  Clock Uncertainty:      0.197ns  ((TSJ^2 + DJ^2)^1/2) / 2 + PE
    Total System Jitter     (TSJ):    0.050ns
    Discrete Jitter          (DJ):    0.177ns
    Phase Error              (PE):    0.105ns

    Location             Delay type                Incr(ns)  Path(ns)    Netlist Resource(s)
  -------------------------------------------------------------------    -------------------
    DSP48_X6Y38          DSP48E1                      0.000     0.000 r  u_cpu/u_EXEport/u_alu/u_mult_gen_0/U0/i_mult/gDSP.gDSP_only.iDSP/use_prim.appDSP[1].bppDSP[0].use_dsp.use_dsp48e1.iDSP48E1/ACOUT[12]
                         net (fo=1, routed)           0.002     0.002    u_cpu/u_EXEport/u_alu/u_mult_gen_0/U0/i_mult/gDSP.gDSP_only.iDSP/acout[1,0][12]
    DSP48_X6Y39          DSP48E1                                      r  u_cpu/u_EXEport/u_alu/u_mult_gen_0/U0/i_mult/gDSP.gDSP_only.iDSP/use_prim.appDSP[1].bppDSP[1].use_dsp.use_dsp48e1.iDSP48E1/ACIN[12]
  -------------------------------------------------------------------    -------------------

                         (clock cpu_clk_clk_pll rise edge)
                                                      0.000     0.000 r  
    AC19                                              0.000     0.000 r  clk (IN)
                         net (fo=0)                   0.000     0.000    pll.clk_pll/inst/clk_in1
    AC19                 IBUF (Prop_ibuf_I_O)         1.485     1.485 r  pll.clk_pll/inst/clkin1_ibufg/O
                         net (fo=1, routed)           1.619     3.104    pll.clk_pll/inst/clk_in1_clk_pll
    PLLE2_ADV_X0Y2       PLLE2_ADV (Prop_plle2_adv_CLKIN1_CLKOUT0)
                                                     -9.006    -5.902 r  pll.clk_pll/inst/plle2_adv_inst/CLKOUT0
                         net (fo=1, routed)           1.837    -4.064    pll.clk_pll/inst/cpu_clk_clk_pll
    BUFGCTRL_X0Y0        BUFG (Prop_bufg_I_O)         0.096    -3.968 r  pll.clk_pll/inst/clkout1_buf/O
                         net (fo=12248, routed)       1.938    -2.030    u_cpu/u_EXEport/u_alu/u_mult_gen_0/U0/i_mult/gDSP.gDSP_only.iDSP/CLK
    DSP48_X6Y39          DSP48E1                                      r  u_cpu/u_EXEport/u_alu/u_mult_gen_0/U0/i_mult/gDSP.gDSP_only.iDSP/use_prim.appDSP[1].bppDSP[1].use_dsp.use_dsp48e1.iDSP48E1/CLK

Slack:                    inf
  Source:                 u_cpu/u_EXEport/u_alu/u_mult_gen_0/U0/i_mult/gDSP.gDSP_only.iDSP/use_prim.appDSP[1].bppDSP[0].use_dsp.use_dsp48e1.iDSP48E1/ACOUT[13]
                            (internal pin)
  Destination:            u_cpu/u_EXEport/u_alu/u_mult_gen_0/U0/i_mult/gDSP.gDSP_only.iDSP/use_prim.appDSP[1].bppDSP[1].use_dsp.use_dsp48e1.iDSP48E1/ACIN[13]
                            (rising edge-triggered cell DSP48E1 clocked by cpu_clk_clk_pll  {rise@0.000ns fall@16.667ns period=33.333ns})
  Path Group:             (none)
  Path Type:              Hold (Min at Slow Process Corner)
  Data Path Delay:        0.002ns  (logic 0.000ns (0.000%)  route 0.002ns (100.000%))
  Logic Levels:           0  
  Clock Uncertainty:      0.197ns  ((TSJ^2 + DJ^2)^1/2) / 2 + PE
    Total System Jitter     (TSJ):    0.050ns
    Discrete Jitter          (DJ):    0.177ns
    Phase Error              (PE):    0.105ns

    Location             Delay type                Incr(ns)  Path(ns)    Netlist Resource(s)
  -------------------------------------------------------------------    -------------------
    DSP48_X6Y38          DSP48E1                      0.000     0.000 r  u_cpu/u_EXEport/u_alu/u_mult_gen_0/U0/i_mult/gDSP.gDSP_only.iDSP/use_prim.appDSP[1].bppDSP[0].use_dsp.use_dsp48e1.iDSP48E1/ACOUT[13]
                         net (fo=1, routed)           0.002     0.002    u_cpu/u_EXEport/u_alu/u_mult_gen_0/U0/i_mult/gDSP.gDSP_only.iDSP/acout[1,0][13]
    DSP48_X6Y39          DSP48E1                                      r  u_cpu/u_EXEport/u_alu/u_mult_gen_0/U0/i_mult/gDSP.gDSP_only.iDSP/use_prim.appDSP[1].bppDSP[1].use_dsp.use_dsp48e1.iDSP48E1/ACIN[13]
  -------------------------------------------------------------------    -------------------

                         (clock cpu_clk_clk_pll rise edge)
                                                      0.000     0.000 r  
    AC19                                              0.000     0.000 r  clk (IN)
                         net (fo=0)                   0.000     0.000    pll.clk_pll/inst/clk_in1
    AC19                 IBUF (Prop_ibuf_I_O)         1.485     1.485 r  pll.clk_pll/inst/clkin1_ibufg/O
                         net (fo=1, routed)           1.619     3.104    pll.clk_pll/inst/clk_in1_clk_pll
    PLLE2_ADV_X0Y2       PLLE2_ADV (Prop_plle2_adv_CLKIN1_CLKOUT0)
                                                     -9.006    -5.902 r  pll.clk_pll/inst/plle2_adv_inst/CLKOUT0
                         net (fo=1, routed)           1.837    -4.064    pll.clk_pll/inst/cpu_clk_clk_pll
    BUFGCTRL_X0Y0        BUFG (Prop_bufg_I_O)         0.096    -3.968 r  pll.clk_pll/inst/clkout1_buf/O
                         net (fo=12248, routed)       1.938    -2.030    u_cpu/u_EXEport/u_alu/u_mult_gen_0/U0/i_mult/gDSP.gDSP_only.iDSP/CLK
    DSP48_X6Y39          DSP48E1                                      r  u_cpu/u_EXEport/u_alu/u_mult_gen_0/U0/i_mult/gDSP.gDSP_only.iDSP/use_prim.appDSP[1].bppDSP[1].use_dsp.use_dsp48e1.iDSP48E1/CLK

Slack:                    inf
  Source:                 u_cpu/u_EXEport/u_alu/u_mult_gen_0/U0/i_mult/gDSP.gDSP_only.iDSP/use_prim.appDSP[1].bppDSP[0].use_dsp.use_dsp48e1.iDSP48E1/ACOUT[14]
                            (internal pin)
  Destination:            u_cpu/u_EXEport/u_alu/u_mult_gen_0/U0/i_mult/gDSP.gDSP_only.iDSP/use_prim.appDSP[1].bppDSP[1].use_dsp.use_dsp48e1.iDSP48E1/ACIN[14]
                            (rising edge-triggered cell DSP48E1 clocked by cpu_clk_clk_pll  {rise@0.000ns fall@16.667ns period=33.333ns})
  Path Group:             (none)
  Path Type:              Hold (Min at Slow Process Corner)
  Data Path Delay:        0.002ns  (logic 0.000ns (0.000%)  route 0.002ns (100.000%))
  Logic Levels:           0  
  Clock Uncertainty:      0.197ns  ((TSJ^2 + DJ^2)^1/2) / 2 + PE
    Total System Jitter     (TSJ):    0.050ns
    Discrete Jitter          (DJ):    0.177ns
    Phase Error              (PE):    0.105ns

    Location             Delay type                Incr(ns)  Path(ns)    Netlist Resource(s)
  -------------------------------------------------------------------    -------------------
    DSP48_X6Y38          DSP48E1                      0.000     0.000 r  u_cpu/u_EXEport/u_alu/u_mult_gen_0/U0/i_mult/gDSP.gDSP_only.iDSP/use_prim.appDSP[1].bppDSP[0].use_dsp.use_dsp48e1.iDSP48E1/ACOUT[14]
                         net (fo=1, routed)           0.002     0.002    u_cpu/u_EXEport/u_alu/u_mult_gen_0/U0/i_mult/gDSP.gDSP_only.iDSP/acout[1,0][14]
    DSP48_X6Y39          DSP48E1                                      r  u_cpu/u_EXEport/u_alu/u_mult_gen_0/U0/i_mult/gDSP.gDSP_only.iDSP/use_prim.appDSP[1].bppDSP[1].use_dsp.use_dsp48e1.iDSP48E1/ACIN[14]
  -------------------------------------------------------------------    -------------------

                         (clock cpu_clk_clk_pll rise edge)
                                                      0.000     0.000 r  
    AC19                                              0.000     0.000 r  clk (IN)
                         net (fo=0)                   0.000     0.000    pll.clk_pll/inst/clk_in1
    AC19                 IBUF (Prop_ibuf_I_O)         1.485     1.485 r  pll.clk_pll/inst/clkin1_ibufg/O
                         net (fo=1, routed)           1.619     3.104    pll.clk_pll/inst/clk_in1_clk_pll
    PLLE2_ADV_X0Y2       PLLE2_ADV (Prop_plle2_adv_CLKIN1_CLKOUT0)
                                                     -9.006    -5.902 r  pll.clk_pll/inst/plle2_adv_inst/CLKOUT0
                         net (fo=1, routed)           1.837    -4.064    pll.clk_pll/inst/cpu_clk_clk_pll
    BUFGCTRL_X0Y0        BUFG (Prop_bufg_I_O)         0.096    -3.968 r  pll.clk_pll/inst/clkout1_buf/O
                         net (fo=12248, routed)       1.938    -2.030    u_cpu/u_EXEport/u_alu/u_mult_gen_0/U0/i_mult/gDSP.gDSP_only.iDSP/CLK
    DSP48_X6Y39          DSP48E1                                      r  u_cpu/u_EXEport/u_alu/u_mult_gen_0/U0/i_mult/gDSP.gDSP_only.iDSP/use_prim.appDSP[1].bppDSP[1].use_dsp.use_dsp48e1.iDSP48E1/CLK

Slack:                    inf
  Source:                 u_cpu/u_EXEport/u_alu/u_mult_gen_0/U0/i_mult/gDSP.gDSP_only.iDSP/use_prim.appDSP[1].bppDSP[0].use_dsp.use_dsp48e1.iDSP48E1/ACOUT[15]
                            (internal pin)
  Destination:            u_cpu/u_EXEport/u_alu/u_mult_gen_0/U0/i_mult/gDSP.gDSP_only.iDSP/use_prim.appDSP[1].bppDSP[1].use_dsp.use_dsp48e1.iDSP48E1/ACIN[15]
                            (rising edge-triggered cell DSP48E1 clocked by cpu_clk_clk_pll  {rise@0.000ns fall@16.667ns period=33.333ns})
  Path Group:             (none)
  Path Type:              Hold (Min at Slow Process Corner)
  Data Path Delay:        0.002ns  (logic 0.000ns (0.000%)  route 0.002ns (100.000%))
  Logic Levels:           0  
  Clock Uncertainty:      0.197ns  ((TSJ^2 + DJ^2)^1/2) / 2 + PE
    Total System Jitter     (TSJ):    0.050ns
    Discrete Jitter          (DJ):    0.177ns
    Phase Error              (PE):    0.105ns

    Location             Delay type                Incr(ns)  Path(ns)    Netlist Resource(s)
  -------------------------------------------------------------------    -------------------
    DSP48_X6Y38          DSP48E1                      0.000     0.000 r  u_cpu/u_EXEport/u_alu/u_mult_gen_0/U0/i_mult/gDSP.gDSP_only.iDSP/use_prim.appDSP[1].bppDSP[0].use_dsp.use_dsp48e1.iDSP48E1/ACOUT[15]
                         net (fo=1, routed)           0.002     0.002    u_cpu/u_EXEport/u_alu/u_mult_gen_0/U0/i_mult/gDSP.gDSP_only.iDSP/acout[1,0][15]
    DSP48_X6Y39          DSP48E1                                      r  u_cpu/u_EXEport/u_alu/u_mult_gen_0/U0/i_mult/gDSP.gDSP_only.iDSP/use_prim.appDSP[1].bppDSP[1].use_dsp.use_dsp48e1.iDSP48E1/ACIN[15]
  -------------------------------------------------------------------    -------------------

                         (clock cpu_clk_clk_pll rise edge)
                                                      0.000     0.000 r  
    AC19                                              0.000     0.000 r  clk (IN)
                         net (fo=0)                   0.000     0.000    pll.clk_pll/inst/clk_in1
    AC19                 IBUF (Prop_ibuf_I_O)         1.485     1.485 r  pll.clk_pll/inst/clkin1_ibufg/O
                         net (fo=1, routed)           1.619     3.104    pll.clk_pll/inst/clk_in1_clk_pll
    PLLE2_ADV_X0Y2       PLLE2_ADV (Prop_plle2_adv_CLKIN1_CLKOUT0)
                                                     -9.006    -5.902 r  pll.clk_pll/inst/plle2_adv_inst/CLKOUT0
                         net (fo=1, routed)           1.837    -4.064    pll.clk_pll/inst/cpu_clk_clk_pll
    BUFGCTRL_X0Y0        BUFG (Prop_bufg_I_O)         0.096    -3.968 r  pll.clk_pll/inst/clkout1_buf/O
                         net (fo=12248, routed)       1.938    -2.030    u_cpu/u_EXEport/u_alu/u_mult_gen_0/U0/i_mult/gDSP.gDSP_only.iDSP/CLK
    DSP48_X6Y39          DSP48E1                                      r  u_cpu/u_EXEport/u_alu/u_mult_gen_0/U0/i_mult/gDSP.gDSP_only.iDSP/use_prim.appDSP[1].bppDSP[1].use_dsp.use_dsp48e1.iDSP48E1/CLK

Slack:                    inf
  Source:                 u_cpu/u_EXEport/u_alu/u_mult_gen_0/U0/i_mult/gDSP.gDSP_only.iDSP/use_prim.appDSP[1].bppDSP[0].use_dsp.use_dsp48e1.iDSP48E1/ACOUT[16]
                            (internal pin)
  Destination:            u_cpu/u_EXEport/u_alu/u_mult_gen_0/U0/i_mult/gDSP.gDSP_only.iDSP/use_prim.appDSP[1].bppDSP[1].use_dsp.use_dsp48e1.iDSP48E1/ACIN[16]
                            (rising edge-triggered cell DSP48E1 clocked by cpu_clk_clk_pll  {rise@0.000ns fall@16.667ns period=33.333ns})
  Path Group:             (none)
  Path Type:              Hold (Min at Slow Process Corner)
  Data Path Delay:        0.002ns  (logic 0.000ns (0.000%)  route 0.002ns (100.000%))
  Logic Levels:           0  
  Clock Uncertainty:      0.197ns  ((TSJ^2 + DJ^2)^1/2) / 2 + PE
    Total System Jitter     (TSJ):    0.050ns
    Discrete Jitter          (DJ):    0.177ns
    Phase Error              (PE):    0.105ns

    Location             Delay type                Incr(ns)  Path(ns)    Netlist Resource(s)
  -------------------------------------------------------------------    -------------------
    DSP48_X6Y38          DSP48E1                      0.000     0.000 r  u_cpu/u_EXEport/u_alu/u_mult_gen_0/U0/i_mult/gDSP.gDSP_only.iDSP/use_prim.appDSP[1].bppDSP[0].use_dsp.use_dsp48e1.iDSP48E1/ACOUT[16]
                         net (fo=1, routed)           0.002     0.002    u_cpu/u_EXEport/u_alu/u_mult_gen_0/U0/i_mult/gDSP.gDSP_only.iDSP/acout[1,0][16]
    DSP48_X6Y39          DSP48E1                                      r  u_cpu/u_EXEport/u_alu/u_mult_gen_0/U0/i_mult/gDSP.gDSP_only.iDSP/use_prim.appDSP[1].bppDSP[1].use_dsp.use_dsp48e1.iDSP48E1/ACIN[16]
  -------------------------------------------------------------------    -------------------

                         (clock cpu_clk_clk_pll rise edge)
                                                      0.000     0.000 r  
    AC19                                              0.000     0.000 r  clk (IN)
                         net (fo=0)                   0.000     0.000    pll.clk_pll/inst/clk_in1
    AC19                 IBUF (Prop_ibuf_I_O)         1.485     1.485 r  pll.clk_pll/inst/clkin1_ibufg/O
                         net (fo=1, routed)           1.619     3.104    pll.clk_pll/inst/clk_in1_clk_pll
    PLLE2_ADV_X0Y2       PLLE2_ADV (Prop_plle2_adv_CLKIN1_CLKOUT0)
                                                     -9.006    -5.902 r  pll.clk_pll/inst/plle2_adv_inst/CLKOUT0
                         net (fo=1, routed)           1.837    -4.064    pll.clk_pll/inst/cpu_clk_clk_pll
    BUFGCTRL_X0Y0        BUFG (Prop_bufg_I_O)         0.096    -3.968 r  pll.clk_pll/inst/clkout1_buf/O
                         net (fo=12248, routed)       1.938    -2.030    u_cpu/u_EXEport/u_alu/u_mult_gen_0/U0/i_mult/gDSP.gDSP_only.iDSP/CLK
    DSP48_X6Y39          DSP48E1                                      r  u_cpu/u_EXEport/u_alu/u_mult_gen_0/U0/i_mult/gDSP.gDSP_only.iDSP/use_prim.appDSP[1].bppDSP[1].use_dsp.use_dsp48e1.iDSP48E1/CLK

Slack:                    inf
  Source:                 u_cpu/u_EXEport/u_alu/u_mult_gen_0/U0/i_mult/gDSP.gDSP_only.iDSP/use_prim.appDSP[1].bppDSP[0].use_dsp.use_dsp48e1.iDSP48E1/ACOUT[17]
                            (internal pin)
  Destination:            u_cpu/u_EXEport/u_alu/u_mult_gen_0/U0/i_mult/gDSP.gDSP_only.iDSP/use_prim.appDSP[1].bppDSP[1].use_dsp.use_dsp48e1.iDSP48E1/ACIN[17]
                            (rising edge-triggered cell DSP48E1 clocked by cpu_clk_clk_pll  {rise@0.000ns fall@16.667ns period=33.333ns})
  Path Group:             (none)
  Path Type:              Hold (Min at Slow Process Corner)
  Data Path Delay:        0.002ns  (logic 0.000ns (0.000%)  route 0.002ns (100.000%))
  Logic Levels:           0  
  Clock Uncertainty:      0.197ns  ((TSJ^2 + DJ^2)^1/2) / 2 + PE
    Total System Jitter     (TSJ):    0.050ns
    Discrete Jitter          (DJ):    0.177ns
    Phase Error              (PE):    0.105ns

    Location             Delay type                Incr(ns)  Path(ns)    Netlist Resource(s)
  -------------------------------------------------------------------    -------------------
    DSP48_X6Y38          DSP48E1                      0.000     0.000 r  u_cpu/u_EXEport/u_alu/u_mult_gen_0/U0/i_mult/gDSP.gDSP_only.iDSP/use_prim.appDSP[1].bppDSP[0].use_dsp.use_dsp48e1.iDSP48E1/ACOUT[17]
                         net (fo=1, routed)           0.002     0.002    u_cpu/u_EXEport/u_alu/u_mult_gen_0/U0/i_mult/gDSP.gDSP_only.iDSP/acout[1,0][17]
    DSP48_X6Y39          DSP48E1                                      r  u_cpu/u_EXEport/u_alu/u_mult_gen_0/U0/i_mult/gDSP.gDSP_only.iDSP/use_prim.appDSP[1].bppDSP[1].use_dsp.use_dsp48e1.iDSP48E1/ACIN[17]
  -------------------------------------------------------------------    -------------------

                         (clock cpu_clk_clk_pll rise edge)
                                                      0.000     0.000 r  
    AC19                                              0.000     0.000 r  clk (IN)
                         net (fo=0)                   0.000     0.000    pll.clk_pll/inst/clk_in1
    AC19                 IBUF (Prop_ibuf_I_O)         1.485     1.485 r  pll.clk_pll/inst/clkin1_ibufg/O
                         net (fo=1, routed)           1.619     3.104    pll.clk_pll/inst/clk_in1_clk_pll
    PLLE2_ADV_X0Y2       PLLE2_ADV (Prop_plle2_adv_CLKIN1_CLKOUT0)
                                                     -9.006    -5.902 r  pll.clk_pll/inst/plle2_adv_inst/CLKOUT0
                         net (fo=1, routed)           1.837    -4.064    pll.clk_pll/inst/cpu_clk_clk_pll
    BUFGCTRL_X0Y0        BUFG (Prop_bufg_I_O)         0.096    -3.968 r  pll.clk_pll/inst/clkout1_buf/O
                         net (fo=12248, routed)       1.938    -2.030    u_cpu/u_EXEport/u_alu/u_mult_gen_0/U0/i_mult/gDSP.gDSP_only.iDSP/CLK
    DSP48_X6Y39          DSP48E1                                      r  u_cpu/u_EXEport/u_alu/u_mult_gen_0/U0/i_mult/gDSP.gDSP_only.iDSP/use_prim.appDSP[1].bppDSP[1].use_dsp.use_dsp48e1.iDSP48E1/CLK

Slack:                    inf
  Source:                 u_cpu/u_EXEport/u_alu/u_mult_gen_0/U0/i_mult/gDSP.gDSP_only.iDSP/use_prim.appDSP[1].bppDSP[0].use_dsp.use_dsp48e1.iDSP48E1/ACOUT[18]
                            (internal pin)
  Destination:            u_cpu/u_EXEport/u_alu/u_mult_gen_0/U0/i_mult/gDSP.gDSP_only.iDSP/use_prim.appDSP[1].bppDSP[1].use_dsp.use_dsp48e1.iDSP48E1/ACIN[18]
                            (rising edge-triggered cell DSP48E1 clocked by cpu_clk_clk_pll  {rise@0.000ns fall@16.667ns period=33.333ns})
  Path Group:             (none)
  Path Type:              Hold (Min at Slow Process Corner)
  Data Path Delay:        0.002ns  (logic 0.000ns (0.000%)  route 0.002ns (100.000%))
  Logic Levels:           0  
  Clock Uncertainty:      0.197ns  ((TSJ^2 + DJ^2)^1/2) / 2 + PE
    Total System Jitter     (TSJ):    0.050ns
    Discrete Jitter          (DJ):    0.177ns
    Phase Error              (PE):    0.105ns

    Location             Delay type                Incr(ns)  Path(ns)    Netlist Resource(s)
  -------------------------------------------------------------------    -------------------
    DSP48_X6Y38          DSP48E1                      0.000     0.000 r  u_cpu/u_EXEport/u_alu/u_mult_gen_0/U0/i_mult/gDSP.gDSP_only.iDSP/use_prim.appDSP[1].bppDSP[0].use_dsp.use_dsp48e1.iDSP48E1/ACOUT[18]
                         net (fo=1, routed)           0.002     0.002    u_cpu/u_EXEport/u_alu/u_mult_gen_0/U0/i_mult/gDSP.gDSP_only.iDSP/acout[1,0][18]
    DSP48_X6Y39          DSP48E1                                      r  u_cpu/u_EXEport/u_alu/u_mult_gen_0/U0/i_mult/gDSP.gDSP_only.iDSP/use_prim.appDSP[1].bppDSP[1].use_dsp.use_dsp48e1.iDSP48E1/ACIN[18]
  -------------------------------------------------------------------    -------------------

                         (clock cpu_clk_clk_pll rise edge)
                                                      0.000     0.000 r  
    AC19                                              0.000     0.000 r  clk (IN)
                         net (fo=0)                   0.000     0.000    pll.clk_pll/inst/clk_in1
    AC19                 IBUF (Prop_ibuf_I_O)         1.485     1.485 r  pll.clk_pll/inst/clkin1_ibufg/O
                         net (fo=1, routed)           1.619     3.104    pll.clk_pll/inst/clk_in1_clk_pll
    PLLE2_ADV_X0Y2       PLLE2_ADV (Prop_plle2_adv_CLKIN1_CLKOUT0)
                                                     -9.006    -5.902 r  pll.clk_pll/inst/plle2_adv_inst/CLKOUT0
                         net (fo=1, routed)           1.837    -4.064    pll.clk_pll/inst/cpu_clk_clk_pll
    BUFGCTRL_X0Y0        BUFG (Prop_bufg_I_O)         0.096    -3.968 r  pll.clk_pll/inst/clkout1_buf/O
                         net (fo=12248, routed)       1.938    -2.030    u_cpu/u_EXEport/u_alu/u_mult_gen_0/U0/i_mult/gDSP.gDSP_only.iDSP/CLK
    DSP48_X6Y39          DSP48E1                                      r  u_cpu/u_EXEport/u_alu/u_mult_gen_0/U0/i_mult/gDSP.gDSP_only.iDSP/use_prim.appDSP[1].bppDSP[1].use_dsp.use_dsp48e1.iDSP48E1/CLK





