Copyright 1986-2022 Xilinx, Inc. All Rights Reserved. Copyright 2022-2023 Advanced Micro Devices, Inc. All Rights Reserved.
---------------------------------------------------------------------------------------------------------------------------------------------------------------------------------------------------------------------------------
| Tool Version : Vivado v.2023.2 (win64) Build 4029153 Fri Oct 13 20:14:34 MDT 2023
| Date         : Wed May  6 20:16:53 2026
| Host         : 612-11 running 64-bit major release  (build 9200)
| Command      : report_timing_summary -max_paths 10 -report_unconstrained -file soc_lite_top_timing_summary_routed.rpt -pb soc_lite_top_timing_summary_routed.pb -rpx soc_lite_top_timing_summary_routed.rpx -warn_on_violation
| Design       : soc_lite_top
| Device       : 7a200t-fbg676
| Speed File   : -1  PRODUCTION 1.23 2018-06-13
| Design State : Routed
---------------------------------------------------------------------------------------------------------------------------------------------------------------------------------------------------------------------------------

Timing Summary Report

------------------------------------------------------------------------------------------------
| Timer Settings
| --------------
------------------------------------------------------------------------------------------------

  Enable Multi Corner Analysis               :  Yes
  Enable Pessimism Removal                   :  Yes
  Pessimism Removal Resolution               :  Nearest Common Node
  Enable Input Delay Default Clock           :  No
  Enable Preset / Clear Arcs                 :  No
  Disable Flight Delays                      :  No
  Ignore I/O Paths                           :  No
  Timing Early Launch at Borrowing Latches   :  No
  Borrow Time for Max Delay Exceptions       :  Yes
  Merge Timing Exceptions                    :  Yes
  Inter-SLR Compensation                     :  Conservative

  Corner  Analyze    Analyze    
  Name    Max Paths  Min Paths  
  ------  ---------  ---------  
  Slow    Yes        Yes        
  Fast    Yes        Yes        


------------------------------------------------------------------------------------------------
| Report Methodology
| ------------------
------------------------------------------------------------------------------------------------

Rule       Severity  Description                                                                                            Violations  
---------  --------  -----------------------------------------------------------------------------------------------------  ----------  
TIMING-9   Warning   Unknown CDC Logic                                                                                      1           
TIMING-10  Warning   Missing property on synchronizer                                                                       1           
TIMING-47  Warning   False path, asynchronous clock group or max delay datapath only constraint between synchronous clocks  2           
XDCC-1     Warning   Scoped Clock constraint overwritten with the same name                                                 1           
XDCC-7     Warning   Scoped Clock constraint overwritten on the same source                                                 1           

Note: This report is based on the most recent report_methodology run and may not be up-to-date. Run report_methodology on the current design for the latest report.



check_timing report

Table of Contents
-----------------
1. checking no_clock (0)
2. checking constant_clock (0)
3. checking pulse_width_clock (0)
4. checking unconstrained_internal_endpoints (0)
5. checking no_input_delay (15)
6. checking no_output_delay (71)
7. checking multiple_clock (0)
8. checking generated_clocks (0)
9. checking loops (0)
10. checking partial_input_delay (0)
11. checking partial_output_delay (0)
12. checking latch_loops (0)

1. checking no_clock (0)
------------------------
 There are 0 register/latch pins with no clock.


2. checking constant_clock (0)
------------------------------
 There are 0 register/latch pins with constant_clock.


3. checking pulse_width_clock (0)
---------------------------------
 There are 0 register/latch pins which need pulse_width check


4. checking unconstrained_internal_endpoints (0)
------------------------------------------------
 There are 0 pins that are not constrained for maximum delay.

 There are 0 pins that are not constrained for maximum delay due to constant clock.


5. checking no_input_delay (15)
-------------------------------
 There are 15 input ports with no input delay specified. (HIGH)

 There are 0 input ports with no input delay but user has a false path constraint.


6. checking no_output_delay (71)
--------------------------------
 There are 71 ports with no output delay specified. (HIGH)

 There are 0 ports with no output delay but user has a false path constraint

 There are 0 ports with no output delay but with a timing clock defined on it or propagating through it


7. checking multiple_clock (0)
------------------------------
 There are 0 register/latch pins with multiple clocks.


8. checking generated_clocks (0)
--------------------------------
 There are 0 generated clocks that are not connected to a clock source.


9. checking loops (0)
---------------------
 There are 0 combinational loops in the design.


10. checking partial_input_delay (0)
------------------------------------
 There are 0 input ports with partial input delay specified.


11. checking partial_output_delay (0)
-------------------------------------
 There are 0 ports with partial output delay specified.


12. checking latch_loops (0)
----------------------------
 There are 0 combinational latch loops in the design through latch input



------------------------------------------------------------------------------------------------
| Design Timing Summary
| ---------------------
------------------------------------------------------------------------------------------------

    WNS(ns)      TNS(ns)  TNS Failing Endpoints  TNS Total Endpoints      WHS(ns)      THS(ns)  THS Failing Endpoints  THS Total Endpoints     WPWS(ns)     TPWS(ns)  TPWS Failing Endpoints  TPWS Total Endpoints  
    -------      -------  ---------------------  -------------------      -------      -------  ---------------------  -------------------     --------     --------  ----------------------  --------------------  
      0.395        0.000                      0                36028        0.019        0.000                      0                36028        3.000        0.000                       0                 12274  


All user specified timing constraints are met.


------------------------------------------------------------------------------------------------
| Clock Summary
| -------------
------------------------------------------------------------------------------------------------

Clock                Waveform(ns)       Period(ns)      Frequency(MHz)
-----                ------------       ----------      --------------
clk                  {0.000 5.000}      10.000          100.000         
  clkfbout_clk_pll   {0.000 5.000}      10.000          100.000         
  cpu_clk_clk_pll    {0.000 16.667}     33.333          30.000          
  timer_clk_clk_pll  {0.000 5.000}      10.000          100.000         


------------------------------------------------------------------------------------------------
| Intra Clock Table
| -----------------
------------------------------------------------------------------------------------------------

Clock                    WNS(ns)      TNS(ns)  TNS Failing Endpoints  TNS Total Endpoints      WHS(ns)      THS(ns)  THS Failing Endpoints  THS Total Endpoints     WPWS(ns)     TPWS(ns)  TPWS Failing Endpoints  TPWS Total Endpoints  
-----                    -------      -------  ---------------------  -------------------      -------      -------  ---------------------  -------------------     --------     --------  ----------------------  --------------------  
clk                                                                                                                                                                    3.000        0.000                       0                     1  
  clkfbout_clk_pll                                                                                                                                                     7.845        0.000                       0                     3  
  cpu_clk_clk_pll          0.395        0.000                      0                35962        0.019        0.000                      0                35962       15.417        0.000                       0                 12169  
  timer_clk_clk_pll        6.358        0.000                      0                   66        0.119        0.000                      0                   66        4.500        0.000                       0                   101  


------------------------------------------------------------------------------------------------
| Inter Clock Table
| -----------------
------------------------------------------------------------------------------------------------

From Clock    To Clock          WNS(ns)      TNS(ns)  TNS Failing Endpoints  TNS Total Endpoints      WHS(ns)      THS(ns)  THS Failing Endpoints  THS Total Endpoints  
----------    --------          -------      -------  ---------------------  -------------------      -------      -------  ---------------------  -------------------  


------------------------------------------------------------------------------------------------
| Other Path Groups Table
| -----------------------
------------------------------------------------------------------------------------------------

Path Group    From Clock    To Clock          WNS(ns)      TNS(ns)  TNS Failing Endpoints  TNS Total Endpoints      WHS(ns)      THS(ns)  THS Failing Endpoints  THS Total Endpoints  
----------    ----------    --------          -------      -------  ---------------------  -------------------      -------      -------  ---------------------  -------------------  


------------------------------------------------------------------------------------------------
| User Ignored Path Table
| -----------------------
------------------------------------------------------------------------------------------------

Path Group         From Clock         To Clock         
----------         ----------         --------         
(none)             timer_clk_clk_pll  cpu_clk_clk_pll    
(none)             cpu_clk_clk_pll    timer_clk_clk_pll  


------------------------------------------------------------------------------------------------
| Unconstrained Path Table
| ------------------------
------------------------------------------------------------------------------------------------

Path Group        From Clock        To Clock        
----------        ----------        --------        
(none)            clkfbout_clk_pll                    
(none)            cpu_clk_clk_pll                     
(none)                              cpu_clk_clk_pll   


------------------------------------------------------------------------------------------------
| Timing Details
| --------------
------------------------------------------------------------------------------------------------


---------------------------------------------------------------------------------------------------
From Clock:  clk
  To Clock:  clk

Setup :           NA  Failing Endpoints,  Worst Slack           NA  ,  Total Violation           NA
Hold  :           NA  Failing Endpoints,  Worst Slack           NA  ,  Total Violation           NA
PW    :            0  Failing Endpoints,  Worst Slack        3.000ns,  Total Violation        0.000ns
---------------------------------------------------------------------------------------------------


Pulse Width Checks
--------------------------------------------------------------------------------------
Clock Name:         clk
Waveform(ns):       { 0.000 5.000 }
Period(ns):         10.000
Sources:            { clk }

Check Type        Corner  Lib Pin           Reference Pin  Required(ns)  Actual(ns)  Slack(ns)  Location        Pin
Min Period        n/a     PLLE2_ADV/CLKIN1  n/a            1.249         10.000      8.751      PLLE2_ADV_X0Y2  pll.clk_pll/inst/plle2_adv_inst/CLKIN1
Max Period        n/a     PLLE2_ADV/CLKIN1  n/a            52.633        10.000      42.633     PLLE2_ADV_X0Y2  pll.clk_pll/inst/plle2_adv_inst/CLKIN1
Low Pulse Width   Slow    PLLE2_ADV/CLKIN1  n/a            2.000         5.000       3.000      PLLE2_ADV_X0Y2  pll.clk_pll/inst/plle2_adv_inst/CLKIN1
Low Pulse Width   Fast    PLLE2_ADV/CLKIN1  n/a            2.000         5.000       3.000      PLLE2_ADV_X0Y2  pll.clk_pll/inst/plle2_adv_inst/CLKIN1
High Pulse Width  Slow    PLLE2_ADV/CLKIN1  n/a            2.000         5.000       3.000      PLLE2_ADV_X0Y2  pll.clk_pll/inst/plle2_adv_inst/CLKIN1
High Pulse Width  Fast    PLLE2_ADV/CLKIN1  n/a            2.000         5.000       3.000      PLLE2_ADV_X0Y2  pll.clk_pll/inst/plle2_adv_inst/CLKIN1



---------------------------------------------------------------------------------------------------
From Clock:  clkfbout_clk_pll
  To Clock:  clkfbout_clk_pll

Setup :           NA  Failing Endpoints,  Worst Slack           NA  ,  Total Violation           NA
Hold  :           NA  Failing Endpoints,  Worst Slack           NA  ,  Total Violation           NA
PW    :            0  Failing Endpoints,  Worst Slack        7.845ns,  Total Violation        0.000ns
---------------------------------------------------------------------------------------------------


Pulse Width Checks
--------------------------------------------------------------------------------------
Clock Name:         clkfbout_clk_pll
Waveform(ns):       { 0.000 5.000 }
Period(ns):         10.000
Sources:            { pll.clk_pll/inst/plle2_adv_inst/CLKFBOUT }

Check Type  Corner  Lib Pin             Reference Pin  Required(ns)  Actual(ns)  Slack(ns)  Location        Pin
Min Period  n/a     BUFG/I              n/a            2.155         10.000      7.845      BUFGCTRL_X0Y2   pll.clk_pll/inst/clkf_buf/I
Min Period  n/a     PLLE2_ADV/CLKFBOUT  n/a            1.249         10.000      8.751      PLLE2_ADV_X0Y2  pll.clk_pll/inst/plle2_adv_inst/CLKFBOUT
Min Period  n/a     PLLE2_ADV/CLKFBIN   n/a            1.249         10.000      8.751      PLLE2_ADV_X0Y2  pll.clk_pll/inst/plle2_adv_inst/CLKFBIN
Max Period  n/a     PLLE2_ADV/CLKFBIN   n/a            52.633        10.000      42.633     PLLE2_ADV_X0Y2  pll.clk_pll/inst/plle2_adv_inst/CLKFBIN
Max Period  n/a     PLLE2_ADV/CLKFBOUT  n/a            160.000       10.000      150.000    PLLE2_ADV_X0Y2  pll.clk_pll/inst/plle2_adv_inst/CLKFBOUT



---------------------------------------------------------------------------------------------------
From Clock:  cpu_clk_clk_pll
  To Clock:  cpu_clk_clk_pll

Setup :            0  Failing Endpoints,  Worst Slack        0.395ns,  Total Violation        0.000ns
Hold  :            0  Failing Endpoints,  Worst Slack        0.019ns,  Total Violation        0.000ns
PW    :            0  Failing Endpoints,  Worst Slack       15.417ns,  Total Violation        0.000ns
---------------------------------------------------------------------------------------------------


Max Delay Paths
--------------------------------------------------------------------------------------
Slack (MET) :             0.395ns  (required time - arrival time)
  Source:                 u_cpu/u_EXE_MEM_reg/data_raddr_out_from_EXE_reg[21]/C
                            (rising edge-triggered cell FDRE clocked by cpu_clk_clk_pll  {rise@0.000ns fall@16.667ns period=33.333ns})
  Destination:            u_cpu/u_axi_line_bridge/rd_buf_reg[15]/CE
                            (rising edge-triggered cell FDRE clocked by cpu_clk_clk_pll  {rise@0.000ns fall@16.667ns period=33.333ns})
  Path Group:             cpu_clk_clk_pll
  Path Type:              Setup (Max at Slow Process Corner)
  Requirement:            33.333ns  (cpu_clk_clk_pll rise@33.333ns - cpu_clk_clk_pll rise@0.000ns)
  Data Path Delay:        32.609ns  (logic 6.940ns (21.282%)  route 25.669ns (78.718%))
  Logic Levels:           36  (CARRY4=2 LUT2=2 LUT3=4 LUT4=6 LUT5=3 LUT6=17 MUXF7=1 MUXF8=1)
  Clock Path Skew:        -0.029ns (DCD - SCD + CPR)
    Destination Clock Delay (DCD):    -1.754ns = ( 31.579 - 33.333 ) 
    Source Clock Delay      (SCD):    -2.135ns
    Clock Pessimism Removal (CPR):    -0.410ns
  Clock Uncertainty:      0.095ns  ((TSJ^2 + DJ^2)^1/2) / 2 + PE
    Total System Jitter     (TSJ):    0.071ns
    Discrete Jitter          (DJ):    0.177ns
    Phase Error              (PE):    0.000ns

    Location             Delay type                Incr(ns)  Path(ns)    Netlist Resource(s)
  -------------------------------------------------------------------    -------------------
                         (clock cpu_clk_clk_pll rise edge)
                                                      0.000     0.000 r  
    AC19                                              0.000     0.000 r  clk (IN)
                         net (fo=0)                   0.000     0.000    pll.clk_pll/inst/clk_in1
    AC19                 IBUF (Prop_ibuf_I_O)         1.485     1.485 r  pll.clk_pll/inst/clkin1_ibufg/O
                         net (fo=1, routed)           1.619     3.104    pll.clk_pll/inst/clk_in1_clk_pll
    PLLE2_ADV_X0Y2       PLLE2_ADV (Prop_plle2_adv_CLKIN1_CLKOUT0)
                                                     -9.006    -5.902 r  pll.clk_pll/inst/plle2_adv_inst/CLKOUT0
                         net (fo=1, routed)           1.837    -4.064    pll.clk_pll/inst/cpu_clk_clk_pll
    BUFGCTRL_X0Y0        BUFG (Prop_bufg_I_O)         0.096    -3.968 r  pll.clk_pll/inst/clkout1_buf/O
                         net (fo=12170, routed)       1.833    -2.135    u_cpu/u_EXE_MEM_reg/cpu_clk
    SLICE_X88Y91         FDRE                                         r  u_cpu/u_EXE_MEM_reg/data_raddr_out_from_EXE_reg[21]/C
  -------------------------------------------------------------------    -------------------
    SLICE_X88Y91         FDRE (Prop_fdre_C_Q)         0.478    -1.657 r  u_cpu/u_EXE_MEM_reg/data_raddr_out_from_EXE_reg[21]/Q
                         net (fo=2, routed)           1.010    -0.647    u_cpu/u_EXE_MEM_reg/em_data_raddr[21]
    SLICE_X90Y95         LUT6 (Prop_lut6_I5_O)        0.295    -0.352 r  u_cpu/u_EXE_MEM_reg/tlb_vaddr_out[21]_i_2/O
                         net (fo=66, routed)          1.456     1.104    u_cpu/u_tlb_manager/u_tlb/data_tlb_ex_vaddr[8]
    SLICE_X86Y104        LUT6 (Prop_lut6_I2_O)        0.124     1.228 r  u_cpu/u_tlb_manager/u_tlb/tlb_ex_valid_out[5]_i_612/O
                         net (fo=1, routed)           0.000     1.228    u_cpu/u_tlb_manager/u_tlb/tlb_ex_valid_out[5]_i_612_n_0
    SLICE_X86Y104        CARRY4 (Prop_carry4_S[2]_CO[3])
                                                      0.398     1.626 r  u_cpu/u_tlb_manager/u_tlb/tlb_ex_valid_out_reg[5]_i_379/CO[3]
                         net (fo=1, routed)           0.000     1.626    u_cpu/u_tlb_manager/u_tlb/tlb_ex_valid_out_reg[5]_i_379_n_0
    SLICE_X86Y105        CARRY4 (Prop_carry4_CI_CO[2])
                                                      0.228     1.854 r  u_cpu/u_tlb_manager/u_tlb/tlb_ex_valid_out_reg[5]_i_112/CO[2]
                         net (fo=1, routed)           0.892     2.746    u_cpu/u_tlb_manager/u_tlb/tlb_ex_valid_out_reg[5]_i_112_n_1
    SLICE_X91Y104        LUT6 (Prop_lut6_I2_O)        0.313     3.059 r  u_cpu/u_tlb_manager/u_tlb/tlb_ex_valid_out[5]_i_41/O
                         net (fo=3, routed)           1.038     4.097    u_cpu/u_tlb_manager/u_tlb/tlb_ex_valid_out[5]_i_41_n_0
    SLICE_X92Y102        LUT4 (Prop_lut4_I3_O)        0.148     4.245 r  u_cpu/u_tlb_manager/u_tlb/tlb_ex_valid_out[5]_i_16/O
                         net (fo=7, routed)           0.842     5.087    u_cpu/u_tlb_manager/u_tlb/tlb_ex_valid_out[5]_i_16_n_0
    SLICE_X95Y103        LUT6 (Prop_lut6_I1_O)        0.328     5.415 r  u_cpu/u_tlb_manager/u_tlb/tlb_ex_valid_out[5]_i_9/O
                         net (fo=9, routed)           0.926     6.340    u_cpu/u_tlb_manager/u_tlb/tlb_ex_valid_out[5]_i_9_n_0
    SLICE_X105Y103       LUT6 (Prop_lut6_I2_O)        0.124     6.464 r  u_cpu/u_tlb_manager/u_tlb/tlb_ex_valid_out[3]_i_119/O
                         net (fo=5, routed)           0.735     7.199    u_cpu/u_tlb_manager/u_tlb/tlb_ex_valid_out[3]_i_119_n_0
    SLICE_X107Y104       LUT3 (Prop_lut3_I0_O)        0.153     7.352 r  u_cpu/u_tlb_manager/u_tlb/tlb_ex_valid_out[3]_i_74__0/O
                         net (fo=6, routed)           0.376     7.728    u_cpu/u_tlb_manager/u_tlb/tlb_ex_valid_out[3]_i_74__0_n_0
    SLICE_X109Y104       LUT4 (Prop_lut4_I3_O)        0.327     8.055 f  u_cpu/u_tlb_manager/u_tlb/tlb_ex_valid_out[3]_i_28/O
                         net (fo=5, routed)           0.850     8.905    u_cpu/u_tlb_manager/u_tlb/tlb_ex_valid_out[3]_i_28_n_0
    SLICE_X109Y103       LUT6 (Prop_lut6_I5_O)        0.124     9.029 r  u_cpu/u_tlb_manager/u_tlb/req_addr[12]_i_32/O
                         net (fo=104, routed)         1.083    10.112    u_cpu/u_tlb_manager/u_tlb/req_addr[12]_i_32_n_0
    SLICE_X103Y105       MUXF7 (Prop_muxf7_S_O)       0.296    10.408 r  u_cpu/u_tlb_manager/u_tlb/req_addr_reg[12]_i_61/O
                         net (fo=1, routed)           0.000    10.408    u_cpu/u_tlb_manager/u_tlb/req_addr_reg[12]_i_61_n_0
    SLICE_X103Y105       MUXF8 (Prop_muxf8_I0_O)      0.104    10.512 r  u_cpu/u_tlb_manager/u_tlb/req_addr_reg[12]_i_26/O
                         net (fo=1, routed)           1.098    11.610    u_cpu/u_tlb_manager/u_tlb/req_addr_reg[12]_i_26_n_0
    SLICE_X107Y103       LUT6 (Prop_lut6_I2_O)        0.316    11.926 f  u_cpu/u_tlb_manager/u_tlb/req_addr[12]_i_10/O
                         net (fo=1, routed)           0.585    12.511    u_cpu/u_tlb_manager/u_tlb/req_addr[12]_i_10_n_0
    SLICE_X106Y102       LUT3 (Prop_lut3_I1_O)        0.124    12.635 r  u_cpu/u_tlb_manager/u_tlb/req_addr[12]_i_5/O
                         net (fo=10, routed)          0.829    13.464    u_cpu/u_csr_exception_commit_handler/req_addr_reg[12]
    SLICE_X104Y94        LUT6 (Prop_lut6_I4_O)        0.124    13.588 f  u_cpu/u_csr_exception_commit_handler/req_addr[21]_i_3/O
                         net (fo=5, routed)           0.607    14.195    u_cpu/u_csr_exception_commit_handler/tlbm_data_paddr[9]
    SLICE_X105Y93        LUT4 (Prop_lut4_I3_O)        0.124    14.319 f  u_cpu/u_csr_exception_commit_handler/uncached_r_i_31/O
                         net (fo=1, routed)           0.588    14.907    u_cpu/u_csr_exception_commit_handler/uncached_r_i_31_n_0
    SLICE_X103Y90        LUT5 (Prop_lut5_I4_O)        0.124    15.031 f  u_cpu/u_csr_exception_commit_handler/uncached_r_i_19/O
                         net (fo=1, routed)           0.571    15.602    u_cpu/u_csr_exception_commit_handler/uncached_r_i_19_n_0
    SLICE_X102Y89        LUT6 (Prop_lut6_I0_O)        0.124    15.726 f  u_cpu/u_csr_exception_commit_handler/uncached_r_i_12/O
                         net (fo=1, routed)           0.446    16.171    u_cpu/u_csr_exception_commit_handler/uncached_r_i_12_n_0
    SLICE_X101Y88        LUT6 (Prop_lut6_I1_O)        0.124    16.295 r  u_cpu/u_csr_exception_commit_handler/uncached_r_i_6/O
                         net (fo=2, routed)           0.667    16.962    u_cpu/u_csr_exception_commit_handler/uncached_r_i_6_n_0
    SLICE_X100Y87        LUT3 (Prop_lut3_I2_O)        0.150    17.112 f  u_cpu/u_csr_exception_commit_handler/uncached_r_i_3/O
                         net (fo=3, routed)           0.685    17.797    u_cpu/u_csr_exception_commit_handler/dcache_req_mat[0]
    SLICE_X92Y82         LUT6 (Prop_lut6_I1_O)        0.355    18.152 f  u_cpu/u_csr_exception_commit_handler/load_rdata_hold[31]_i_13/O
                         net (fo=2, routed)           0.670    18.822    u_cpu/u_csr_exception_commit_handler/load_rdata_hold[31]_i_13_n_0
    SLICE_X89Y80         LUT3 (Prop_lut3_I0_O)        0.124    18.946 f  u_cpu/u_csr_exception_commit_handler/load_rdata_hold[31]_i_9/O
                         net (fo=137, routed)         0.753    19.699    u_cpu/u_csr_exception_commit_handler/FSM_sequential_state_reg[1]_0
    SLICE_X88Y79         LUT2 (Prop_lut2_I1_O)        0.124    19.823 r  u_cpu/u_csr_exception_commit_handler/load_rdata_hold[31]_i_5/O
                         net (fo=136, routed)         0.596    20.419    u_cpu/u_dcache/FSM_sequential_state_reg[0]_4
    SLICE_X86Y80         LUT2 (Prop_lut2_I1_O)        0.124    20.543 f  u_cpu/u_dcache/dcache_resp_pending_i_2/O
                         net (fo=3, routed)           0.441    20.984    u_cpu/u_mem_req_tracker/dcache_mem_data_ok
    SLICE_X86Y81         LUT6 (Prop_lut6_I2_O)        0.124    21.108 f  u_cpu/u_mem_req_tracker/ld_req_accepted_pending_i_2/O
                         net (fo=2, routed)           0.313    21.421    u_cpu/u_mem_req_tracker/ld_req_accepted_pending_i_2_n_0
    SLICE_X84Y81         LUT5 (Prop_lut5_I3_O)        0.124    21.545 f  u_cpu/u_mem_req_tracker/load_rdata_hold[31]_i_7/O
                         net (fo=60, routed)          1.231    22.777    u_cpu/u_EXE_MEM_reg/data_r_complete_qual_mem
    SLICE_X77Y84         LUT4 (Prop_lut4_I3_O)        0.124    22.901 f  u_cpu/u_EXE_MEM_reg/exe_alu_or_addr_out[31]_i_3/O
                         net (fo=8, routed)           0.695    23.596    u_cpu/u_pipeline_controller/MEM_allowIn
    SLICE_X70Y82         LUT6 (Prop_lut6_I1_O)        0.124    23.720 f  u_cpu/u_pipeline_controller/cache_op_valid_out[1]_i_7/O
                         net (fo=7, routed)           0.589    24.309    u_cpu/u_pipeline_controller/MEM_valid_reg_rep_2
    SLICE_X67Y80         LUT6 (Prop_lut6_I3_O)        0.124    24.433 f  u_cpu/u_pipeline_controller/tlb_ex_valid_out[3]_i_4__0/O
                         net (fo=5, routed)           0.477    24.910    u_cpu/u_csr_exception_commit_handler/inst_req_in0
    SLICE_X65Y80         LUT6 (Prop_lut6_I5_O)        0.124    25.034 f  u_cpu/u_csr_exception_commit_handler/tlb_ex_valid_out[3]_i_8__0/O
                         net (fo=1, routed)           0.427    25.461    u_cpu/u_tlb_manager/u_tlb/p_15_in
    SLICE_X64Y79         LUT6 (Prop_lut6_I5_O)        0.124    25.585 f  u_cpu/u_tlb_manager/u_tlb/tlb_ex_valid_out[3]_i_3__0/O
                         net (fo=6, routed)           0.450    26.035    u_cpu/u_csr_exception_commit_handler/tlbm_inst_ex_ppi
    SLICE_X65Y77         LUT6 (Prop_lut6_I2_O)        0.124    26.159 f  u_cpu/u_csr_exception_commit_handler/rd_is_ic_i_3/O
                         net (fo=13, routed)          0.314    26.473    u_cpu/u_icache/icache_tlb_excp_cancel_req
    SLICE_X65Y77         LUT4 (Prop_lut4_I0_O)        0.120    26.594 r  u_cpu/u_icache/rd_is_line_i_3/O
                         net (fo=1, routed)           1.171    27.765    u_cpu/u_dcache/axi_ic_rd_req
    SLICE_X76Y78         LUT5 (Prop_lut5_I0_O)        0.327    28.092 r  u_cpu/u_dcache/rd_is_line_i_1/O
                         net (fo=40, routed)          0.783    28.875    u_cpu/u_axi_line_bridge/rd_word_sel
    SLICE_X82Y77         LUT4 (Prop_lut4_I3_O)        0.124    28.999 r  u_cpu/u_axi_line_bridge/rd_buf[127]_i_1/O
                         net (fo=128, routed)         1.476    30.474    u_cpu/u_axi_line_bridge/rd_buf[127]_i_1_n_0
    SLICE_X106Y78        FDRE                                         r  u_cpu/u_axi_line_bridge/rd_buf_reg[15]/CE
  -------------------------------------------------------------------    -------------------

                         (clock cpu_clk_clk_pll rise edge)
                                                     33.333    33.333 r  
    AC19                                              0.000    33.333 r  clk (IN)
                         net (fo=0)                   0.000    33.333    pll.clk_pll/inst/clk_in1
    AC19                 IBUF (Prop_ibuf_I_O)         1.414    34.748 r  pll.clk_pll/inst/clkin1_ibufg/O
                         net (fo=1, routed)           1.531    36.279    pll.clk_pll/inst/clk_in1_clk_pll
    PLLE2_ADV_X0Y2       PLLE2_ADV (Prop_plle2_adv_CLKIN1_CLKOUT0)
                                                     -8.262    28.017 r  pll.clk_pll/inst/plle2_adv_inst/CLKOUT0
                         net (fo=1, routed)           1.755    29.772    pll.clk_pll/inst/cpu_clk_clk_pll
    BUFGCTRL_X0Y0        BUFG (Prop_bufg_I_O)         0.091    29.863 r  pll.clk_pll/inst/clkout1_buf/O
                         net (fo=12170, routed)       1.716    31.579    u_cpu/u_axi_line_bridge/cpu_clk
    SLICE_X106Y78        FDRE                                         r  u_cpu/u_axi_line_bridge/rd_buf_reg[15]/C
                         clock pessimism             -0.410    31.170    
                         clock uncertainty           -0.095    31.074    
    SLICE_X106Y78        FDRE (Setup_fdre_C_CE)      -0.205    30.869    u_cpu/u_axi_line_bridge/rd_buf_reg[15]
  -------------------------------------------------------------------
                         required time                         30.869    
                         arrival time                         -30.474    
  -------------------------------------------------------------------
                         slack                                  0.395    

Slack (MET) :             0.395ns  (required time - arrival time)
  Source:                 u_cpu/u_EXE_MEM_reg/data_raddr_out_from_EXE_reg[21]/C
                            (rising edge-triggered cell FDRE clocked by cpu_clk_clk_pll  {rise@0.000ns fall@16.667ns period=33.333ns})
  Destination:            u_cpu/u_axi_line_bridge/rd_buf_reg[25]/CE
                            (rising edge-triggered cell FDRE clocked by cpu_clk_clk_pll  {rise@0.000ns fall@16.667ns period=33.333ns})
  Path Group:             cpu_clk_clk_pll
  Path Type:              Setup (Max at Slow Process Corner)
  Requirement:            33.333ns  (cpu_clk_clk_pll rise@33.333ns - cpu_clk_clk_pll rise@0.000ns)
  Data Path Delay:        32.609ns  (logic 6.940ns (21.282%)  route 25.669ns (78.718%))
  Logic Levels:           36  (CARRY4=2 LUT2=2 LUT3=4 LUT4=6 LUT5=3 LUT6=17 MUXF7=1 MUXF8=1)
  Clock Path Skew:        -0.029ns (DCD - SCD + CPR)
    Destination Clock Delay (DCD):    -1.754ns = ( 31.579 - 33.333 ) 
    Source Clock Delay      (SCD):    -2.135ns
    Clock Pessimism Removal (CPR):    -0.410ns
  Clock Uncertainty:      0.095ns  ((TSJ^2 + DJ^2)^1/2) / 2 + PE
    Total System Jitter     (TSJ):    0.071ns
    Discrete Jitter          (DJ):    0.177ns
    Phase Error              (PE):    0.000ns

    Location             Delay type                Incr(ns)  Path(ns)    Netlist Resource(s)
  -------------------------------------------------------------------    -------------------
                         (clock cpu_clk_clk_pll rise edge)
                                                      0.000     0.000 r  
    AC19                                              0.000     0.000 r  clk (IN)
                         net (fo=0)                   0.000     0.000    pll.clk_pll/inst/clk_in1
    AC19                 IBUF (Prop_ibuf_I_O)         1.485     1.485 r  pll.clk_pll/inst/clkin1_ibufg/O
                         net (fo=1, routed)           1.619     3.104    pll.clk_pll/inst/clk_in1_clk_pll
    PLLE2_ADV_X0Y2       PLLE2_ADV (Prop_plle2_adv_CLKIN1_CLKOUT0)
                                                     -9.006    -5.902 r  pll.clk_pll/inst/plle2_adv_inst/CLKOUT0
                         net (fo=1, routed)           1.837    -4.064    pll.clk_pll/inst/cpu_clk_clk_pll
    BUFGCTRL_X0Y0        BUFG (Prop_bufg_I_O)         0.096    -3.968 r  pll.clk_pll/inst/clkout1_buf/O
                         net (fo=12170, routed)       1.833    -2.135    u_cpu/u_EXE_MEM_reg/cpu_clk
    SLICE_X88Y91         FDRE                                         r  u_cpu/u_EXE_MEM_reg/data_raddr_out_from_EXE_reg[21]/C
  -------------------------------------------------------------------    -------------------
    SLICE_X88Y91         FDRE (Prop_fdre_C_Q)         0.478    -1.657 r  u_cpu/u_EXE_MEM_reg/data_raddr_out_from_EXE_reg[21]/Q
                         net (fo=2, routed)           1.010    -0.647    u_cpu/u_EXE_MEM_reg/em_data_raddr[21]
    SLICE_X90Y95         LUT6 (Prop_lut6_I5_O)        0.295    -0.352 r  u_cpu/u_EXE_MEM_reg/tlb_vaddr_out[21]_i_2/O
                         net (fo=66, routed)          1.456     1.104    u_cpu/u_tlb_manager/u_tlb/data_tlb_ex_vaddr[8]
    SLICE_X86Y104        LUT6 (Prop_lut6_I2_O)        0.124     1.228 r  u_cpu/u_tlb_manager/u_tlb/tlb_ex_valid_out[5]_i_612/O
                         net (fo=1, routed)           0.000     1.228    u_cpu/u_tlb_manager/u_tlb/tlb_ex_valid_out[5]_i_612_n_0
    SLICE_X86Y104        CARRY4 (Prop_carry4_S[2]_CO[3])
                                                      0.398     1.626 r  u_cpu/u_tlb_manager/u_tlb/tlb_ex_valid_out_reg[5]_i_379/CO[3]
                         net (fo=1, routed)           0.000     1.626    u_cpu/u_tlb_manager/u_tlb/tlb_ex_valid_out_reg[5]_i_379_n_0
    SLICE_X86Y105        CARRY4 (Prop_carry4_CI_CO[2])
                                                      0.228     1.854 r  u_cpu/u_tlb_manager/u_tlb/tlb_ex_valid_out_reg[5]_i_112/CO[2]
                         net (fo=1, routed)           0.892     2.746    u_cpu/u_tlb_manager/u_tlb/tlb_ex_valid_out_reg[5]_i_112_n_1
    SLICE_X91Y104        LUT6 (Prop_lut6_I2_O)        0.313     3.059 r  u_cpu/u_tlb_manager/u_tlb/tlb_ex_valid_out[5]_i_41/O
                         net (fo=3, routed)           1.038     4.097    u_cpu/u_tlb_manager/u_tlb/tlb_ex_valid_out[5]_i_41_n_0
    SLICE_X92Y102        LUT4 (Prop_lut4_I3_O)        0.148     4.245 r  u_cpu/u_tlb_manager/u_tlb/tlb_ex_valid_out[5]_i_16/O
                         net (fo=7, routed)           0.842     5.087    u_cpu/u_tlb_manager/u_tlb/tlb_ex_valid_out[5]_i_16_n_0
    SLICE_X95Y103        LUT6 (Prop_lut6_I1_O)        0.328     5.415 r  u_cpu/u_tlb_manager/u_tlb/tlb_ex_valid_out[5]_i_9/O
                         net (fo=9, routed)           0.926     6.340    u_cpu/u_tlb_manager/u_tlb/tlb_ex_valid_out[5]_i_9_n_0
    SLICE_X105Y103       LUT6 (Prop_lut6_I2_O)        0.124     6.464 r  u_cpu/u_tlb_manager/u_tlb/tlb_ex_valid_out[3]_i_119/O
                         net (fo=5, routed)           0.735     7.199    u_cpu/u_tlb_manager/u_tlb/tlb_ex_valid_out[3]_i_119_n_0
    SLICE_X107Y104       LUT3 (Prop_lut3_I0_O)        0.153     7.352 r  u_cpu/u_tlb_manager/u_tlb/tlb_ex_valid_out[3]_i_74__0/O
                         net (fo=6, routed)           0.376     7.728    u_cpu/u_tlb_manager/u_tlb/tlb_ex_valid_out[3]_i_74__0_n_0
    SLICE_X109Y104       LUT4 (Prop_lut4_I3_O)        0.327     8.055 f  u_cpu/u_tlb_manager/u_tlb/tlb_ex_valid_out[3]_i_28/O
                         net (fo=5, routed)           0.850     8.905    u_cpu/u_tlb_manager/u_tlb/tlb_ex_valid_out[3]_i_28_n_0
    SLICE_X109Y103       LUT6 (Prop_lut6_I5_O)        0.124     9.029 r  u_cpu/u_tlb_manager/u_tlb/req_addr[12]_i_32/O
                         net (fo=104, routed)         1.083    10.112    u_cpu/u_tlb_manager/u_tlb/req_addr[12]_i_32_n_0
    SLICE_X103Y105       MUXF7 (Prop_muxf7_S_O)       0.296    10.408 r  u_cpu/u_tlb_manager/u_tlb/req_addr_reg[12]_i_61/O
                         net (fo=1, routed)           0.000    10.408    u_cpu/u_tlb_manager/u_tlb/req_addr_reg[12]_i_61_n_0
    SLICE_X103Y105       MUXF8 (Prop_muxf8_I0_O)      0.104    10.512 r  u_cpu/u_tlb_manager/u_tlb/req_addr_reg[12]_i_26/O
                         net (fo=1, routed)           1.098    11.610    u_cpu/u_tlb_manager/u_tlb/req_addr_reg[12]_i_26_n_0
    SLICE_X107Y103       LUT6 (Prop_lut6_I2_O)        0.316    11.926 f  u_cpu/u_tlb_manager/u_tlb/req_addr[12]_i_10/O
                         net (fo=1, routed)           0.585    12.511    u_cpu/u_tlb_manager/u_tlb/req_addr[12]_i_10_n_0
    SLICE_X106Y102       LUT3 (Prop_lut3_I1_O)        0.124    12.635 r  u_cpu/u_tlb_manager/u_tlb/req_addr[12]_i_5/O
                         net (fo=10, routed)          0.829    13.464    u_cpu/u_csr_exception_commit_handler/req_addr_reg[12]
    SLICE_X104Y94        LUT6 (Prop_lut6_I4_O)        0.124    13.588 f  u_cpu/u_csr_exception_commit_handler/req_addr[21]_i_3/O
                         net (fo=5, routed)           0.607    14.195    u_cpu/u_csr_exception_commit_handler/tlbm_data_paddr[9]
    SLICE_X105Y93        LUT4 (Prop_lut4_I3_O)        0.124    14.319 f  u_cpu/u_csr_exception_commit_handler/uncached_r_i_31/O
                         net (fo=1, routed)           0.588    14.907    u_cpu/u_csr_exception_commit_handler/uncached_r_i_31_n_0
    SLICE_X103Y90        LUT5 (Prop_lut5_I4_O)        0.124    15.031 f  u_cpu/u_csr_exception_commit_handler/uncached_r_i_19/O
                         net (fo=1, routed)           0.571    15.602    u_cpu/u_csr_exception_commit_handler/uncached_r_i_19_n_0
    SLICE_X102Y89        LUT6 (Prop_lut6_I0_O)        0.124    15.726 f  u_cpu/u_csr_exception_commit_handler/uncached_r_i_12/O
                         net (fo=1, routed)           0.446    16.171    u_cpu/u_csr_exception_commit_handler/uncached_r_i_12_n_0
    SLICE_X101Y88        LUT6 (Prop_lut6_I1_O)        0.124    16.295 r  u_cpu/u_csr_exception_commit_handler/uncached_r_i_6/O
                         net (fo=2, routed)           0.667    16.962    u_cpu/u_csr_exception_commit_handler/uncached_r_i_6_n_0
    SLICE_X100Y87        LUT3 (Prop_lut3_I2_O)        0.150    17.112 f  u_cpu/u_csr_exception_commit_handler/uncached_r_i_3/O
                         net (fo=3, routed)           0.685    17.797    u_cpu/u_csr_exception_commit_handler/dcache_req_mat[0]
    SLICE_X92Y82         LUT6 (Prop_lut6_I1_O)        0.355    18.152 f  u_cpu/u_csr_exception_commit_handler/load_rdata_hold[31]_i_13/O
                         net (fo=2, routed)           0.670    18.822    u_cpu/u_csr_exception_commit_handler/load_rdata_hold[31]_i_13_n_0
    SLICE_X89Y80         LUT3 (Prop_lut3_I0_O)        0.124    18.946 f  u_cpu/u_csr_exception_commit_handler/load_rdata_hold[31]_i_9/O
                         net (fo=137, routed)         0.753    19.699    u_cpu/u_csr_exception_commit_handler/FSM_sequential_state_reg[1]_0
    SLICE_X88Y79         LUT2 (Prop_lut2_I1_O)        0.124    19.823 r  u_cpu/u_csr_exception_commit_handler/load_rdata_hold[31]_i_5/O
                         net (fo=136, routed)         0.596    20.419    u_cpu/u_dcache/FSM_sequential_state_reg[0]_4
    SLICE_X86Y80         LUT2 (Prop_lut2_I1_O)        0.124    20.543 f  u_cpu/u_dcache/dcache_resp_pending_i_2/O
                         net (fo=3, routed)           0.441    20.984    u_cpu/u_mem_req_tracker/dcache_mem_data_ok
    SLICE_X86Y81         LUT6 (Prop_lut6_I2_O)        0.124    21.108 f  u_cpu/u_mem_req_tracker/ld_req_accepted_pending_i_2/O
                         net (fo=2, routed)           0.313    21.421    u_cpu/u_mem_req_tracker/ld_req_accepted_pending_i_2_n_0
    SLICE_X84Y81         LUT5 (Prop_lut5_I3_O)        0.124    21.545 f  u_cpu/u_mem_req_tracker/load_rdata_hold[31]_i_7/O
                         net (fo=60, routed)          1.231    22.777    u_cpu/u_EXE_MEM_reg/data_r_complete_qual_mem
    SLICE_X77Y84         LUT4 (Prop_lut4_I3_O)        0.124    22.901 f  u_cpu/u_EXE_MEM_reg/exe_alu_or_addr_out[31]_i_3/O
                         net (fo=8, routed)           0.695    23.596    u_cpu/u_pipeline_controller/MEM_allowIn
    SLICE_X70Y82         LUT6 (Prop_lut6_I1_O)        0.124    23.720 f  u_cpu/u_pipeline_controller/cache_op_valid_out[1]_i_7/O
                         net (fo=7, routed)           0.589    24.309    u_cpu/u_pipeline_controller/MEM_valid_reg_rep_2
    SLICE_X67Y80         LUT6 (Prop_lut6_I3_O)        0.124    24.433 f  u_cpu/u_pipeline_controller/tlb_ex_valid_out[3]_i_4__0/O
                         net (fo=5, routed)           0.477    24.910    u_cpu/u_csr_exception_commit_handler/inst_req_in0
    SLICE_X65Y80         LUT6 (Prop_lut6_I5_O)        0.124    25.034 f  u_cpu/u_csr_exception_commit_handler/tlb_ex_valid_out[3]_i_8__0/O
                         net (fo=1, routed)           0.427    25.461    u_cpu/u_tlb_manager/u_tlb/p_15_in
    SLICE_X64Y79         LUT6 (Prop_lut6_I5_O)        0.124    25.585 f  u_cpu/u_tlb_manager/u_tlb/tlb_ex_valid_out[3]_i_3__0/O
                         net (fo=6, routed)           0.450    26.035    u_cpu/u_csr_exception_commit_handler/tlbm_inst_ex_ppi
    SLICE_X65Y77         LUT6 (Prop_lut6_I2_O)        0.124    26.159 f  u_cpu/u_csr_exception_commit_handler/rd_is_ic_i_3/O
                         net (fo=13, routed)          0.314    26.473    u_cpu/u_icache/icache_tlb_excp_cancel_req
    SLICE_X65Y77         LUT4 (Prop_lut4_I0_O)        0.120    26.594 r  u_cpu/u_icache/rd_is_line_i_3/O
                         net (fo=1, routed)           1.171    27.765    u_cpu/u_dcache/axi_ic_rd_req
    SLICE_X76Y78         LUT5 (Prop_lut5_I0_O)        0.327    28.092 r  u_cpu/u_dcache/rd_is_line_i_1/O
                         net (fo=40, routed)          0.783    28.875    u_cpu/u_axi_line_bridge/rd_word_sel
    SLICE_X82Y77         LUT4 (Prop_lut4_I3_O)        0.124    28.999 r  u_cpu/u_axi_line_bridge/rd_buf[127]_i_1/O
                         net (fo=128, routed)         1.476    30.474    u_cpu/u_axi_line_bridge/rd_buf[127]_i_1_n_0
    SLICE_X106Y78        FDRE                                         r  u_cpu/u_axi_line_bridge/rd_buf_reg[25]/CE
  -------------------------------------------------------------------    -------------------

                         (clock cpu_clk_clk_pll rise edge)
                                                     33.333    33.333 r  
    AC19                                              0.000    33.333 r  clk (IN)
                         net (fo=0)                   0.000    33.333    pll.clk_pll/inst/clk_in1
    AC19                 IBUF (Prop_ibuf_I_O)         1.414    34.748 r  pll.clk_pll/inst/clkin1_ibufg/O
                         net (fo=1, routed)           1.531    36.279    pll.clk_pll/inst/clk_in1_clk_pll
    PLLE2_ADV_X0Y2       PLLE2_ADV (Prop_plle2_adv_CLKIN1_CLKOUT0)
                                                     -8.262    28.017 r  pll.clk_pll/inst/plle2_adv_inst/CLKOUT0
                         net (fo=1, routed)           1.755    29.772    pll.clk_pll/inst/cpu_clk_clk_pll
    BUFGCTRL_X0Y0        BUFG (Prop_bufg_I_O)         0.091    29.863 r  pll.clk_pll/inst/clkout1_buf/O
                         net (fo=12170, routed)       1.716    31.579    u_cpu/u_axi_line_bridge/cpu_clk
    SLICE_X106Y78        FDRE                                         r  u_cpu/u_axi_line_bridge/rd_buf_reg[25]/C
                         clock pessimism             -0.410    31.170    
                         clock uncertainty           -0.095    31.074    
    SLICE_X106Y78        FDRE (Setup_fdre_C_CE)      -0.205    30.869    u_cpu/u_axi_line_bridge/rd_buf_reg[25]
  -------------------------------------------------------------------
                         required time                         30.869    
                         arrival time                         -30.474    
  -------------------------------------------------------------------
                         slack                                  0.395    

Slack (MET) :             0.395ns  (required time - arrival time)
  Source:                 u_cpu/u_EXE_MEM_reg/data_raddr_out_from_EXE_reg[21]/C
                            (rising edge-triggered cell FDRE clocked by cpu_clk_clk_pll  {rise@0.000ns fall@16.667ns period=33.333ns})
  Destination:            u_cpu/u_axi_line_bridge/rd_buf_reg[47]/CE
                            (rising edge-triggered cell FDRE clocked by cpu_clk_clk_pll  {rise@0.000ns fall@16.667ns period=33.333ns})
  Path Group:             cpu_clk_clk_pll
  Path Type:              Setup (Max at Slow Process Corner)
  Requirement:            33.333ns  (cpu_clk_clk_pll rise@33.333ns - cpu_clk_clk_pll rise@0.000ns)
  Data Path Delay:        32.609ns  (logic 6.940ns (21.282%)  route 25.669ns (78.718%))
  Logic Levels:           36  (CARRY4=2 LUT2=2 LUT3=4 LUT4=6 LUT5=3 LUT6=17 MUXF7=1 MUXF8=1)
  Clock Path Skew:        -0.029ns (DCD - SCD + CPR)
    Destination Clock Delay (DCD):    -1.754ns = ( 31.579 - 33.333 ) 
    Source Clock Delay      (SCD):    -2.135ns
    Clock Pessimism Removal (CPR):    -0.410ns
  Clock Uncertainty:      0.095ns  ((TSJ^2 + DJ^2)^1/2) / 2 + PE
    Total System Jitter     (TSJ):    0.071ns
    Discrete Jitter          (DJ):    0.177ns
    Phase Error              (PE):    0.000ns

    Location             Delay type                Incr(ns)  Path(ns)    Netlist Resource(s)
  -------------------------------------------------------------------    -------------------
                         (clock cpu_clk_clk_pll rise edge)
                                                      0.000     0.000 r  
    AC19                                              0.000     0.000 r  clk (IN)
                         net (fo=0)                   0.000     0.000    pll.clk_pll/inst/clk_in1
    AC19                 IBUF (Prop_ibuf_I_O)         1.485     1.485 r  pll.clk_pll/inst/clkin1_ibufg/O
                         net (fo=1, routed)           1.619     3.104    pll.clk_pll/inst/clk_in1_clk_pll
    PLLE2_ADV_X0Y2       PLLE2_ADV (Prop_plle2_adv_CLKIN1_CLKOUT0)
                                                     -9.006    -5.902 r  pll.clk_pll/inst/plle2_adv_inst/CLKOUT0
                         net (fo=1, routed)           1.837    -4.064    pll.clk_pll/inst/cpu_clk_clk_pll
    BUFGCTRL_X0Y0        BUFG (Prop_bufg_I_O)         0.096    -3.968 r  pll.clk_pll/inst/clkout1_buf/O
                         net (fo=12170, routed)       1.833    -2.135    u_cpu/u_EXE_MEM_reg/cpu_clk
    SLICE_X88Y91         FDRE                                         r  u_cpu/u_EXE_MEM_reg/data_raddr_out_from_EXE_reg[21]/C
  -------------------------------------------------------------------    -------------------
    SLICE_X88Y91         FDRE (Prop_fdre_C_Q)         0.478    -1.657 r  u_cpu/u_EXE_MEM_reg/data_raddr_out_from_EXE_reg[21]/Q
                         net (fo=2, routed)           1.010    -0.647    u_cpu/u_EXE_MEM_reg/em_data_raddr[21]
    SLICE_X90Y95         LUT6 (Prop_lut6_I5_O)        0.295    -0.352 r  u_cpu/u_EXE_MEM_reg/tlb_vaddr_out[21]_i_2/O
                         net (fo=66, routed)          1.456     1.104    u_cpu/u_tlb_manager/u_tlb/data_tlb_ex_vaddr[8]
    SLICE_X86Y104        LUT6 (Prop_lut6_I2_O)        0.124     1.228 r  u_cpu/u_tlb_manager/u_tlb/tlb_ex_valid_out[5]_i_612/O
                         net (fo=1, routed)           0.000     1.228    u_cpu/u_tlb_manager/u_tlb/tlb_ex_valid_out[5]_i_612_n_0
    SLICE_X86Y104        CARRY4 (Prop_carry4_S[2]_CO[3])
                                                      0.398     1.626 r  u_cpu/u_tlb_manager/u_tlb/tlb_ex_valid_out_reg[5]_i_379/CO[3]
                         net (fo=1, routed)           0.000     1.626    u_cpu/u_tlb_manager/u_tlb/tlb_ex_valid_out_reg[5]_i_379_n_0
    SLICE_X86Y105        CARRY4 (Prop_carry4_CI_CO[2])
                                                      0.228     1.854 r  u_cpu/u_tlb_manager/u_tlb/tlb_ex_valid_out_reg[5]_i_112/CO[2]
                         net (fo=1, routed)           0.892     2.746    u_cpu/u_tlb_manager/u_tlb/tlb_ex_valid_out_reg[5]_i_112_n_1
    SLICE_X91Y104        LUT6 (Prop_lut6_I2_O)        0.313     3.059 r  u_cpu/u_tlb_manager/u_tlb/tlb_ex_valid_out[5]_i_41/O
                         net (fo=3, routed)           1.038     4.097    u_cpu/u_tlb_manager/u_tlb/tlb_ex_valid_out[5]_i_41_n_0
    SLICE_X92Y102        LUT4 (Prop_lut4_I3_O)        0.148     4.245 r  u_cpu/u_tlb_manager/u_tlb/tlb_ex_valid_out[5]_i_16/O
                         net (fo=7, routed)           0.842     5.087    u_cpu/u_tlb_manager/u_tlb/tlb_ex_valid_out[5]_i_16_n_0
    SLICE_X95Y103        LUT6 (Prop_lut6_I1_O)        0.328     5.415 r  u_cpu/u_tlb_manager/u_tlb/tlb_ex_valid_out[5]_i_9/O
                         net (fo=9, routed)           0.926     6.340    u_cpu/u_tlb_manager/u_tlb/tlb_ex_valid_out[5]_i_9_n_0
    SLICE_X105Y103       LUT6 (Prop_lut6_I2_O)        0.124     6.464 r  u_cpu/u_tlb_manager/u_tlb/tlb_ex_valid_out[3]_i_119/O
                         net (fo=5, routed)           0.735     7.199    u_cpu/u_tlb_manager/u_tlb/tlb_ex_valid_out[3]_i_119_n_0
    SLICE_X107Y104       LUT3 (Prop_lut3_I0_O)        0.153     7.352 r  u_cpu/u_tlb_manager/u_tlb/tlb_ex_valid_out[3]_i_74__0/O
                         net (fo=6, routed)           0.376     7.728    u_cpu/u_tlb_manager/u_tlb/tlb_ex_valid_out[3]_i_74__0_n_0
    SLICE_X109Y104       LUT4 (Prop_lut4_I3_O)        0.327     8.055 f  u_cpu/u_tlb_manager/u_tlb/tlb_ex_valid_out[3]_i_28/O
                         net (fo=5, routed)           0.850     8.905    u_cpu/u_tlb_manager/u_tlb/tlb_ex_valid_out[3]_i_28_n_0
    SLICE_X109Y103       LUT6 (Prop_lut6_I5_O)        0.124     9.029 r  u_cpu/u_tlb_manager/u_tlb/req_addr[12]_i_32/O
                         net (fo=104, routed)         1.083    10.112    u_cpu/u_tlb_manager/u_tlb/req_addr[12]_i_32_n_0
    SLICE_X103Y105       MUXF7 (Prop_muxf7_S_O)       0.296    10.408 r  u_cpu/u_tlb_manager/u_tlb/req_addr_reg[12]_i_61/O
                         net (fo=1, routed)           0.000    10.408    u_cpu/u_tlb_manager/u_tlb/req_addr_reg[12]_i_61_n_0
    SLICE_X103Y105       MUXF8 (Prop_muxf8_I0_O)      0.104    10.512 r  u_cpu/u_tlb_manager/u_tlb/req_addr_reg[12]_i_26/O
                         net (fo=1, routed)           1.098    11.610    u_cpu/u_tlb_manager/u_tlb/req_addr_reg[12]_i_26_n_0
    SLICE_X107Y103       LUT6 (Prop_lut6_I2_O)        0.316    11.926 f  u_cpu/u_tlb_manager/u_tlb/req_addr[12]_i_10/O
                         net (fo=1, routed)           0.585    12.511    u_cpu/u_tlb_manager/u_tlb/req_addr[12]_i_10_n_0
    SLICE_X106Y102       LUT3 (Prop_lut3_I1_O)        0.124    12.635 r  u_cpu/u_tlb_manager/u_tlb/req_addr[12]_i_5/O
                         net (fo=10, routed)          0.829    13.464    u_cpu/u_csr_exception_commit_handler/req_addr_reg[12]
    SLICE_X104Y94        LUT6 (Prop_lut6_I4_O)        0.124    13.588 f  u_cpu/u_csr_exception_commit_handler/req_addr[21]_i_3/O
                         net (fo=5, routed)           0.607    14.195    u_cpu/u_csr_exception_commit_handler/tlbm_data_paddr[9]
    SLICE_X105Y93        LUT4 (Prop_lut4_I3_O)        0.124    14.319 f  u_cpu/u_csr_exception_commit_handler/uncached_r_i_31/O
                         net (fo=1, routed)           0.588    14.907    u_cpu/u_csr_exception_commit_handler/uncached_r_i_31_n_0
    SLICE_X103Y90        LUT5 (Prop_lut5_I4_O)        0.124    15.031 f  u_cpu/u_csr_exception_commit_handler/uncached_r_i_19/O
                         net (fo=1, routed)           0.571    15.602    u_cpu/u_csr_exception_commit_handler/uncached_r_i_19_n_0
    SLICE_X102Y89        LUT6 (Prop_lut6_I0_O)        0.124    15.726 f  u_cpu/u_csr_exception_commit_handler/uncached_r_i_12/O
                         net (fo=1, routed)           0.446    16.171    u_cpu/u_csr_exception_commit_handler/uncached_r_i_12_n_0
    SLICE_X101Y88        LUT6 (Prop_lut6_I1_O)        0.124    16.295 r  u_cpu/u_csr_exception_commit_handler/uncached_r_i_6/O
                         net (fo=2, routed)           0.667    16.962    u_cpu/u_csr_exception_commit_handler/uncached_r_i_6_n_0
    SLICE_X100Y87        LUT3 (Prop_lut3_I2_O)        0.150    17.112 f  u_cpu/u_csr_exception_commit_handler/uncached_r_i_3/O
                         net (fo=3, routed)           0.685    17.797    u_cpu/u_csr_exception_commit_handler/dcache_req_mat[0]
    SLICE_X92Y82         LUT6 (Prop_lut6_I1_O)        0.355    18.152 f  u_cpu/u_csr_exception_commit_handler/load_rdata_hold[31]_i_13/O
                         net (fo=2, routed)           0.670    18.822    u_cpu/u_csr_exception_commit_handler/load_rdata_hold[31]_i_13_n_0
    SLICE_X89Y80         LUT3 (Prop_lut3_I0_O)        0.124    18.946 f  u_cpu/u_csr_exception_commit_handler/load_rdata_hold[31]_i_9/O
                         net (fo=137, routed)         0.753    19.699    u_cpu/u_csr_exception_commit_handler/FSM_sequential_state_reg[1]_0
    SLICE_X88Y79         LUT2 (Prop_lut2_I1_O)        0.124    19.823 r  u_cpu/u_csr_exception_commit_handler/load_rdata_hold[31]_i_5/O
                         net (fo=136, routed)         0.596    20.419    u_cpu/u_dcache/FSM_sequential_state_reg[0]_4
    SLICE_X86Y80         LUT2 (Prop_lut2_I1_O)        0.124    20.543 f  u_cpu/u_dcache/dcache_resp_pending_i_2/O
                         net (fo=3, routed)           0.441    20.984    u_cpu/u_mem_req_tracker/dcache_mem_data_ok
    SLICE_X86Y81         LUT6 (Prop_lut6_I2_O)        0.124    21.108 f  u_cpu/u_mem_req_tracker/ld_req_accepted_pending_i_2/O
                         net (fo=2, routed)           0.313    21.421    u_cpu/u_mem_req_tracker/ld_req_accepted_pending_i_2_n_0
    SLICE_X84Y81         LUT5 (Prop_lut5_I3_O)        0.124    21.545 f  u_cpu/u_mem_req_tracker/load_rdata_hold[31]_i_7/O
                         net (fo=60, routed)          1.231    22.777    u_cpu/u_EXE_MEM_reg/data_r_complete_qual_mem
    SLICE_X77Y84         LUT4 (Prop_lut4_I3_O)        0.124    22.901 f  u_cpu/u_EXE_MEM_reg/exe_alu_or_addr_out[31]_i_3/O
                         net (fo=8, routed)           0.695    23.596    u_cpu/u_pipeline_controller/MEM_allowIn
    SLICE_X70Y82         LUT6 (Prop_lut6_I1_O)        0.124    23.720 f  u_cpu/u_pipeline_controller/cache_op_valid_out[1]_i_7/O
                         net (fo=7, routed)           0.589    24.309    u_cpu/u_pipeline_controller/MEM_valid_reg_rep_2
    SLICE_X67Y80         LUT6 (Prop_lut6_I3_O)        0.124    24.433 f  u_cpu/u_pipeline_controller/tlb_ex_valid_out[3]_i_4__0/O
                         net (fo=5, routed)           0.477    24.910    u_cpu/u_csr_exception_commit_handler/inst_req_in0
    SLICE_X65Y80         LUT6 (Prop_lut6_I5_O)        0.124    25.034 f  u_cpu/u_csr_exception_commit_handler/tlb_ex_valid_out[3]_i_8__0/O
                         net (fo=1, routed)           0.427    25.461    u_cpu/u_tlb_manager/u_tlb/p_15_in
    SLICE_X64Y79         LUT6 (Prop_lut6_I5_O)        0.124    25.585 f  u_cpu/u_tlb_manager/u_tlb/tlb_ex_valid_out[3]_i_3__0/O
                         net (fo=6, routed)           0.450    26.035    u_cpu/u_csr_exception_commit_handler/tlbm_inst_ex_ppi
    SLICE_X65Y77         LUT6 (Prop_lut6_I2_O)        0.124    26.159 f  u_cpu/u_csr_exception_commit_handler/rd_is_ic_i_3/O
                         net (fo=13, routed)          0.314    26.473    u_cpu/u_icache/icache_tlb_excp_cancel_req
    SLICE_X65Y77         LUT4 (Prop_lut4_I0_O)        0.120    26.594 r  u_cpu/u_icache/rd_is_line_i_3/O
                         net (fo=1, routed)           1.171    27.765    u_cpu/u_dcache/axi_ic_rd_req
    SLICE_X76Y78         LUT5 (Prop_lut5_I0_O)        0.327    28.092 r  u_cpu/u_dcache/rd_is_line_i_1/O
                         net (fo=40, routed)          0.783    28.875    u_cpu/u_axi_line_bridge/rd_word_sel
    SLICE_X82Y77         LUT4 (Prop_lut4_I3_O)        0.124    28.999 r  u_cpu/u_axi_line_bridge/rd_buf[127]_i_1/O
                         net (fo=128, routed)         1.476    30.474    u_cpu/u_axi_line_bridge/rd_buf[127]_i_1_n_0
    SLICE_X106Y78        FDRE                                         r  u_cpu/u_axi_line_bridge/rd_buf_reg[47]/CE
  -------------------------------------------------------------------    -------------------

                         (clock cpu_clk_clk_pll rise edge)
                                                     33.333    33.333 r  
    AC19                                              0.000    33.333 r  clk (IN)
                         net (fo=0)                   0.000    33.333    pll.clk_pll/inst/clk_in1
    AC19                 IBUF (Prop_ibuf_I_O)         1.414    34.748 r  pll.clk_pll/inst/clkin1_ibufg/O
                         net (fo=1, routed)           1.531    36.279    pll.clk_pll/inst/clk_in1_clk_pll
    PLLE2_ADV_X0Y2       PLLE2_ADV (Prop_plle2_adv_CLKIN1_CLKOUT0)
                                                     -8.262    28.017 r  pll.clk_pll/inst/plle2_adv_inst/CLKOUT0
                         net (fo=1, routed)           1.755    29.772    pll.clk_pll/inst/cpu_clk_clk_pll
    BUFGCTRL_X0Y0        BUFG (Prop_bufg_I_O)         0.091    29.863 r  pll.clk_pll/inst/clkout1_buf/O
                         net (fo=12170, routed)       1.716    31.579    u_cpu/u_axi_line_bridge/cpu_clk
    SLICE_X106Y78        FDRE                                         r  u_cpu/u_axi_line_bridge/rd_buf_reg[47]/C
                         clock pessimism             -0.410    31.170    
                         clock uncertainty           -0.095    31.074    
    SLICE_X106Y78        FDRE (Setup_fdre_C_CE)      -0.205    30.869    u_cpu/u_axi_line_bridge/rd_buf_reg[47]
  -------------------------------------------------------------------
                         required time                         30.869    
                         arrival time                         -30.474    
  -------------------------------------------------------------------
                         slack                                  0.395    

Slack (MET) :             0.410ns  (required time - arrival time)
  Source:                 u_cpu/u_EXE_MEM_reg/data_raddr_out_from_EXE_reg[21]/C
                            (rising edge-triggered cell FDRE clocked by cpu_clk_clk_pll  {rise@0.000ns fall@16.667ns period=33.333ns})
  Destination:            u_cpu/u_axi_line_bridge/rd_buf_reg[16]/CE
                            (rising edge-triggered cell FDRE clocked by cpu_clk_clk_pll  {rise@0.000ns fall@16.667ns period=33.333ns})
  Path Group:             cpu_clk_clk_pll
  Path Type:              Setup (Max at Slow Process Corner)
  Requirement:            33.333ns  (cpu_clk_clk_pll rise@33.333ns - cpu_clk_clk_pll rise@0.000ns)
  Data Path Delay:        32.626ns  (logic 6.940ns (21.271%)  route 25.686ns (78.729%))
  Logic Levels:           36  (CARRY4=2 LUT2=2 LUT3=4 LUT4=6 LUT5=3 LUT6=17 MUXF7=1 MUXF8=1)
  Clock Path Skew:        -0.033ns (DCD - SCD + CPR)
    Destination Clock Delay (DCD):    -1.758ns = ( 31.575 - 33.333 ) 
    Source Clock Delay      (SCD):    -2.135ns
    Clock Pessimism Removal (CPR):    -0.410ns
  Clock Uncertainty:      0.095ns  ((TSJ^2 + DJ^2)^1/2) / 2 + PE
    Total System Jitter     (TSJ):    0.071ns
    Discrete Jitter          (DJ):    0.177ns
    Phase Error              (PE):    0.000ns

    Location             Delay type                Incr(ns)  Path(ns)    Netlist Resource(s)
  -------------------------------------------------------------------    -------------------
                         (clock cpu_clk_clk_pll rise edge)
                                                      0.000     0.000 r  
    AC19                                              0.000     0.000 r  clk (IN)
                         net (fo=0)                   0.000     0.000    pll.clk_pll/inst/clk_in1
    AC19                 IBUF (Prop_ibuf_I_O)         1.485     1.485 r  pll.clk_pll/inst/clkin1_ibufg/O
                         net (fo=1, routed)           1.619     3.104    pll.clk_pll/inst/clk_in1_clk_pll
    PLLE2_ADV_X0Y2       PLLE2_ADV (Prop_plle2_adv_CLKIN1_CLKOUT0)
                                                     -9.006    -5.902 r  pll.clk_pll/inst/plle2_adv_inst/CLKOUT0
                         net (fo=1, routed)           1.837    -4.064    pll.clk_pll/inst/cpu_clk_clk_pll
    BUFGCTRL_X0Y0        BUFG (Prop_bufg_I_O)         0.096    -3.968 r  pll.clk_pll/inst/clkout1_buf/O
                         net (fo=12170, routed)       1.833    -2.135    u_cpu/u_EXE_MEM_reg/cpu_clk
    SLICE_X88Y91         FDRE                                         r  u_cpu/u_EXE_MEM_reg/data_raddr_out_from_EXE_reg[21]/C
  -------------------------------------------------------------------    -------------------
    SLICE_X88Y91         FDRE (Prop_fdre_C_Q)         0.478    -1.657 r  u_cpu/u_EXE_MEM_reg/data_raddr_out_from_EXE_reg[21]/Q
                         net (fo=2, routed)           1.010    -0.647    u_cpu/u_EXE_MEM_reg/em_data_raddr[21]
    SLICE_X90Y95         LUT6 (Prop_lut6_I5_O)        0.295    -0.352 r  u_cpu/u_EXE_MEM_reg/tlb_vaddr_out[21]_i_2/O
                         net (fo=66, routed)          1.456     1.104    u_cpu/u_tlb_manager/u_tlb/data_tlb_ex_vaddr[8]
    SLICE_X86Y104        LUT6 (Prop_lut6_I2_O)        0.124     1.228 r  u_cpu/u_tlb_manager/u_tlb/tlb_ex_valid_out[5]_i_612/O
                         net (fo=1, routed)           0.000     1.228    u_cpu/u_tlb_manager/u_tlb/tlb_ex_valid_out[5]_i_612_n_0
    SLICE_X86Y104        CARRY4 (Prop_carry4_S[2]_CO[3])
                                                      0.398     1.626 r  u_cpu/u_tlb_manager/u_tlb/tlb_ex_valid_out_reg[5]_i_379/CO[3]
                         net (fo=1, routed)           0.000     1.626    u_cpu/u_tlb_manager/u_tlb/tlb_ex_valid_out_reg[5]_i_379_n_0
    SLICE_X86Y105        CARRY4 (Prop_carry4_CI_CO[2])
                                                      0.228     1.854 r  u_cpu/u_tlb_manager/u_tlb/tlb_ex_valid_out_reg[5]_i_112/CO[2]
                         net (fo=1, routed)           0.892     2.746    u_cpu/u_tlb_manager/u_tlb/tlb_ex_valid_out_reg[5]_i_112_n_1
    SLICE_X91Y104        LUT6 (Prop_lut6_I2_O)        0.313     3.059 r  u_cpu/u_tlb_manager/u_tlb/tlb_ex_valid_out[5]_i_41/O
                         net (fo=3, routed)           1.038     4.097    u_cpu/u_tlb_manager/u_tlb/tlb_ex_valid_out[5]_i_41_n_0
    SLICE_X92Y102        LUT4 (Prop_lut4_I3_O)        0.148     4.245 r  u_cpu/u_tlb_manager/u_tlb/tlb_ex_valid_out[5]_i_16/O
                         net (fo=7, routed)           0.842     5.087    u_cpu/u_tlb_manager/u_tlb/tlb_ex_valid_out[5]_i_16_n_0
    SLICE_X95Y103        LUT6 (Prop_lut6_I1_O)        0.328     5.415 r  u_cpu/u_tlb_manager/u_tlb/tlb_ex_valid_out[5]_i_9/O
                         net (fo=9, routed)           0.926     6.340    u_cpu/u_tlb_manager/u_tlb/tlb_ex_valid_out[5]_i_9_n_0
    SLICE_X105Y103       LUT6 (Prop_lut6_I2_O)        0.124     6.464 r  u_cpu/u_tlb_manager/u_tlb/tlb_ex_valid_out[3]_i_119/O
                         net (fo=5, routed)           0.735     7.199    u_cpu/u_tlb_manager/u_tlb/tlb_ex_valid_out[3]_i_119_n_0
    SLICE_X107Y104       LUT3 (Prop_lut3_I0_O)        0.153     7.352 r  u_cpu/u_tlb_manager/u_tlb/tlb_ex_valid_out[3]_i_74__0/O
                         net (fo=6, routed)           0.376     7.728    u_cpu/u_tlb_manager/u_tlb/tlb_ex_valid_out[3]_i_74__0_n_0
    SLICE_X109Y104       LUT4 (Prop_lut4_I3_O)        0.327     8.055 f  u_cpu/u_tlb_manager/u_tlb/tlb_ex_valid_out[3]_i_28/O
                         net (fo=5, routed)           0.850     8.905    u_cpu/u_tlb_manager/u_tlb/tlb_ex_valid_out[3]_i_28_n_0
    SLICE_X109Y103       LUT6 (Prop_lut6_I5_O)        0.124     9.029 r  u_cpu/u_tlb_manager/u_tlb/req_addr[12]_i_32/O
                         net (fo=104, routed)         1.083    10.112    u_cpu/u_tlb_manager/u_tlb/req_addr[12]_i_32_n_0
    SLICE_X103Y105       MUXF7 (Prop_muxf7_S_O)       0.296    10.408 r  u_cpu/u_tlb_manager/u_tlb/req_addr_reg[12]_i_61/O
                         net (fo=1, routed)           0.000    10.408    u_cpu/u_tlb_manager/u_tlb/req_addr_reg[12]_i_61_n_0
    SLICE_X103Y105       MUXF8 (Prop_muxf8_I0_O)      0.104    10.512 r  u_cpu/u_tlb_manager/u_tlb/req_addr_reg[12]_i_26/O
                         net (fo=1, routed)           1.098    11.610    u_cpu/u_tlb_manager/u_tlb/req_addr_reg[12]_i_26_n_0
    SLICE_X107Y103       LUT6 (Prop_lut6_I2_O)        0.316    11.926 f  u_cpu/u_tlb_manager/u_tlb/req_addr[12]_i_10/O
                         net (fo=1, routed)           0.585    12.511    u_cpu/u_tlb_manager/u_tlb/req_addr[12]_i_10_n_0
    SLICE_X106Y102       LUT3 (Prop_lut3_I1_O)        0.124    12.635 r  u_cpu/u_tlb_manager/u_tlb/req_addr[12]_i_5/O
                         net (fo=10, routed)          0.829    13.464    u_cpu/u_csr_exception_commit_handler/req_addr_reg[12]
    SLICE_X104Y94        LUT6 (Prop_lut6_I4_O)        0.124    13.588 f  u_cpu/u_csr_exception_commit_handler/req_addr[21]_i_3/O
                         net (fo=5, routed)           0.607    14.195    u_cpu/u_csr_exception_commit_handler/tlbm_data_paddr[9]
    SLICE_X105Y93        LUT4 (Prop_lut4_I3_O)        0.124    14.319 f  u_cpu/u_csr_exception_commit_handler/uncached_r_i_31/O
                         net (fo=1, routed)           0.588    14.907    u_cpu/u_csr_exception_commit_handler/uncached_r_i_31_n_0
    SLICE_X103Y90        LUT5 (Prop_lut5_I4_O)        0.124    15.031 f  u_cpu/u_csr_exception_commit_handler/uncached_r_i_19/O
                         net (fo=1, routed)           0.571    15.602    u_cpu/u_csr_exception_commit_handler/uncached_r_i_19_n_0
    SLICE_X102Y89        LUT6 (Prop_lut6_I0_O)        0.124    15.726 f  u_cpu/u_csr_exception_commit_handler/uncached_r_i_12/O
                         net (fo=1, routed)           0.446    16.171    u_cpu/u_csr_exception_commit_handler/uncached_r_i_12_n_0
    SLICE_X101Y88        LUT6 (Prop_lut6_I1_O)        0.124    16.295 r  u_cpu/u_csr_exception_commit_handler/uncached_r_i_6/O
                         net (fo=2, routed)           0.667    16.962    u_cpu/u_csr_exception_commit_handler/uncached_r_i_6_n_0
    SLICE_X100Y87        LUT3 (Prop_lut3_I2_O)        0.150    17.112 f  u_cpu/u_csr_exception_commit_handler/uncached_r_i_3/O
                         net (fo=3, routed)           0.685    17.797    u_cpu/u_csr_exception_commit_handler/dcache_req_mat[0]
    SLICE_X92Y82         LUT6 (Prop_lut6_I1_O)        0.355    18.152 f  u_cpu/u_csr_exception_commit_handler/load_rdata_hold[31]_i_13/O
                         net (fo=2, routed)           0.670    18.822    u_cpu/u_csr_exception_commit_handler/load_rdata_hold[31]_i_13_n_0
    SLICE_X89Y80         LUT3 (Prop_lut3_I0_O)        0.124    18.946 f  u_cpu/u_csr_exception_commit_handler/load_rdata_hold[31]_i_9/O
                         net (fo=137, routed)         0.753    19.699    u_cpu/u_csr_exception_commit_handler/FSM_sequential_state_reg[1]_0
    SLICE_X88Y79         LUT2 (Prop_lut2_I1_O)        0.124    19.823 r  u_cpu/u_csr_exception_commit_handler/load_rdata_hold[31]_i_5/O
                         net (fo=136, routed)         0.596    20.419    u_cpu/u_dcache/FSM_sequential_state_reg[0]_4
    SLICE_X86Y80         LUT2 (Prop_lut2_I1_O)        0.124    20.543 f  u_cpu/u_dcache/dcache_resp_pending_i_2/O
                         net (fo=3, routed)           0.441    20.984    u_cpu/u_mem_req_tracker/dcache_mem_data_ok
    SLICE_X86Y81         LUT6 (Prop_lut6_I2_O)        0.124    21.108 f  u_cpu/u_mem_req_tracker/ld_req_accepted_pending_i_2/O
                         net (fo=2, routed)           0.313    21.421    u_cpu/u_mem_req_tracker/ld_req_accepted_pending_i_2_n_0
    SLICE_X84Y81         LUT5 (Prop_lut5_I3_O)        0.124    21.545 f  u_cpu/u_mem_req_tracker/load_rdata_hold[31]_i_7/O
                         net (fo=60, routed)          1.231    22.777    u_cpu/u_EXE_MEM_reg/data_r_complete_qual_mem
    SLICE_X77Y84         LUT4 (Prop_lut4_I3_O)        0.124    22.901 f  u_cpu/u_EXE_MEM_reg/exe_alu_or_addr_out[31]_i_3/O
                         net (fo=8, routed)           0.695    23.596    u_cpu/u_pipeline_controller/MEM_allowIn
    SLICE_X70Y82         LUT6 (Prop_lut6_I1_O)        0.124    23.720 f  u_cpu/u_pipeline_controller/cache_op_valid_out[1]_i_7/O
                         net (fo=7, routed)           0.589    24.309    u_cpu/u_pipeline_controller/MEM_valid_reg_rep_2
    SLICE_X67Y80         LUT6 (Prop_lut6_I3_O)        0.124    24.433 f  u_cpu/u_pipeline_controller/tlb_ex_valid_out[3]_i_4__0/O
                         net (fo=5, routed)           0.477    24.910    u_cpu/u_csr_exception_commit_handler/inst_req_in0
    SLICE_X65Y80         LUT6 (Prop_lut6_I5_O)        0.124    25.034 f  u_cpu/u_csr_exception_commit_handler/tlb_ex_valid_out[3]_i_8__0/O
                         net (fo=1, routed)           0.427    25.461    u_cpu/u_tlb_manager/u_tlb/p_15_in
    SLICE_X64Y79         LUT6 (Prop_lut6_I5_O)        0.124    25.585 f  u_cpu/u_tlb_manager/u_tlb/tlb_ex_valid_out[3]_i_3__0/O
                         net (fo=6, routed)           0.450    26.035    u_cpu/u_csr_exception_commit_handler/tlbm_inst_ex_ppi
    SLICE_X65Y77         LUT6 (Prop_lut6_I2_O)        0.124    26.159 f  u_cpu/u_csr_exception_commit_handler/rd_is_ic_i_3/O
                         net (fo=13, routed)          0.314    26.473    u_cpu/u_icache/icache_tlb_excp_cancel_req
    SLICE_X65Y77         LUT4 (Prop_lut4_I0_O)        0.120    26.594 r  u_cpu/u_icache/rd_is_line_i_3/O
                         net (fo=1, routed)           1.171    27.765    u_cpu/u_dcache/axi_ic_rd_req
    SLICE_X76Y78         LUT5 (Prop_lut5_I0_O)        0.327    28.092 r  u_cpu/u_dcache/rd_is_line_i_1/O
                         net (fo=40, routed)          0.783    28.875    u_cpu/u_axi_line_bridge/rd_word_sel
    SLICE_X82Y77         LUT4 (Prop_lut4_I3_O)        0.124    28.999 r  u_cpu/u_axi_line_bridge/rd_buf[127]_i_1/O
                         net (fo=128, routed)         1.493    30.491    u_cpu/u_axi_line_bridge/rd_buf[127]_i_1_n_0
    SLICE_X108Y75        FDRE                                         r  u_cpu/u_axi_line_bridge/rd_buf_reg[16]/CE
  -------------------------------------------------------------------    -------------------

                         (clock cpu_clk_clk_pll rise edge)
                                                     33.333    33.333 r  
    AC19                                              0.000    33.333 r  clk (IN)
                         net (fo=0)                   0.000    33.333    pll.clk_pll/inst/clk_in1
    AC19                 IBUF (Prop_ibuf_I_O)         1.414    34.748 r  pll.clk_pll/inst/clkin1_ibufg/O
                         net (fo=1, routed)           1.531    36.279    pll.clk_pll/inst/clk_in1_clk_pll
    PLLE2_ADV_X0Y2       PLLE2_ADV (Prop_plle2_adv_CLKIN1_CLKOUT0)
                                                     -8.262    28.017 r  pll.clk_pll/inst/plle2_adv_inst/CLKOUT0
                         net (fo=1, routed)           1.755    29.772    pll.clk_pll/inst/cpu_clk_clk_pll
    BUFGCTRL_X0Y0        BUFG (Prop_bufg_I_O)         0.091    29.863 r  pll.clk_pll/inst/clkout1_buf/O
                         net (fo=12170, routed)       1.712    31.575    u_cpu/u_axi_line_bridge/cpu_clk
    SLICE_X108Y75        FDRE                                         r  u_cpu/u_axi_line_bridge/rd_buf_reg[16]/C
                         clock pessimism             -0.410    31.166    
                         clock uncertainty           -0.095    31.070    
    SLICE_X108Y75        FDRE (Setup_fdre_C_CE)      -0.169    30.901    u_cpu/u_axi_line_bridge/rd_buf_reg[16]
  -------------------------------------------------------------------
                         required time                         30.901    
                         arrival time                         -30.491    
  -------------------------------------------------------------------
                         slack                                  0.410    

Slack (MET) :             0.410ns  (required time - arrival time)
  Source:                 u_cpu/u_EXE_MEM_reg/data_raddr_out_from_EXE_reg[21]/C
                            (rising edge-triggered cell FDRE clocked by cpu_clk_clk_pll  {rise@0.000ns fall@16.667ns period=33.333ns})
  Destination:            u_cpu/u_axi_line_bridge/rd_buf_reg[48]/CE
                            (rising edge-triggered cell FDRE clocked by cpu_clk_clk_pll  {rise@0.000ns fall@16.667ns period=33.333ns})
  Path Group:             cpu_clk_clk_pll
  Path Type:              Setup (Max at Slow Process Corner)
  Requirement:            33.333ns  (cpu_clk_clk_pll rise@33.333ns - cpu_clk_clk_pll rise@0.000ns)
  Data Path Delay:        32.626ns  (logic 6.940ns (21.271%)  route 25.686ns (78.729%))
  Logic Levels:           36  (CARRY4=2 LUT2=2 LUT3=4 LUT4=6 LUT5=3 LUT6=17 MUXF7=1 MUXF8=1)
  Clock Path Skew:        -0.033ns (DCD - SCD + CPR)
    Destination Clock Delay (DCD):    -1.758ns = ( 31.575 - 33.333 ) 
    Source Clock Delay      (SCD):    -2.135ns
    Clock Pessimism Removal (CPR):    -0.410ns
  Clock Uncertainty:      0.095ns  ((TSJ^2 + DJ^2)^1/2) / 2 + PE
    Total System Jitter     (TSJ):    0.071ns
    Discrete Jitter          (DJ):    0.177ns
    Phase Error              (PE):    0.000ns

    Location             Delay type                Incr(ns)  Path(ns)    Netlist Resource(s)
  -------------------------------------------------------------------    -------------------
                         (clock cpu_clk_clk_pll rise edge)
                                                      0.000     0.000 r  
    AC19                                              0.000     0.000 r  clk (IN)
                         net (fo=0)                   0.000     0.000    pll.clk_pll/inst/clk_in1
    AC19                 IBUF (Prop_ibuf_I_O)         1.485     1.485 r  pll.clk_pll/inst/clkin1_ibufg/O
                         net (fo=1, routed)           1.619     3.104    pll.clk_pll/inst/clk_in1_clk_pll
    PLLE2_ADV_X0Y2       PLLE2_ADV (Prop_plle2_adv_CLKIN1_CLKOUT0)
                                                     -9.006    -5.902 r  pll.clk_pll/inst/plle2_adv_inst/CLKOUT0
                         net (fo=1, routed)           1.837    -4.064    pll.clk_pll/inst/cpu_clk_clk_pll
    BUFGCTRL_X0Y0        BUFG (Prop_bufg_I_O)         0.096    -3.968 r  pll.clk_pll/inst/clkout1_buf/O
                         net (fo=12170, routed)       1.833    -2.135    u_cpu/u_EXE_MEM_reg/cpu_clk
    SLICE_X88Y91         FDRE                                         r  u_cpu/u_EXE_MEM_reg/data_raddr_out_from_EXE_reg[21]/C
  -------------------------------------------------------------------    -------------------
    SLICE_X88Y91         FDRE (Prop_fdre_C_Q)         0.478    -1.657 r  u_cpu/u_EXE_MEM_reg/data_raddr_out_from_EXE_reg[21]/Q
                         net (fo=2, routed)           1.010    -0.647    u_cpu/u_EXE_MEM_reg/em_data_raddr[21]
    SLICE_X90Y95         LUT6 (Prop_lut6_I5_O)        0.295    -0.352 r  u_cpu/u_EXE_MEM_reg/tlb_vaddr_out[21]_i_2/O
                         net (fo=66, routed)          1.456     1.104    u_cpu/u_tlb_manager/u_tlb/data_tlb_ex_vaddr[8]
    SLICE_X86Y104        LUT6 (Prop_lut6_I2_O)        0.124     1.228 r  u_cpu/u_tlb_manager/u_tlb/tlb_ex_valid_out[5]_i_612/O
                         net (fo=1, routed)           0.000     1.228    u_cpu/u_tlb_manager/u_tlb/tlb_ex_valid_out[5]_i_612_n_0
    SLICE_X86Y104        CARRY4 (Prop_carry4_S[2]_CO[3])
                                                      0.398     1.626 r  u_cpu/u_tlb_manager/u_tlb/tlb_ex_valid_out_reg[5]_i_379/CO[3]
                         net (fo=1, routed)           0.000     1.626    u_cpu/u_tlb_manager/u_tlb/tlb_ex_valid_out_reg[5]_i_379_n_0
    SLICE_X86Y105        CARRY4 (Prop_carry4_CI_CO[2])
                                                      0.228     1.854 r  u_cpu/u_tlb_manager/u_tlb/tlb_ex_valid_out_reg[5]_i_112/CO[2]
                         net (fo=1, routed)           0.892     2.746    u_cpu/u_tlb_manager/u_tlb/tlb_ex_valid_out_reg[5]_i_112_n_1
    SLICE_X91Y104        LUT6 (Prop_lut6_I2_O)        0.313     3.059 r  u_cpu/u_tlb_manager/u_tlb/tlb_ex_valid_out[5]_i_41/O
                         net (fo=3, routed)           1.038     4.097    u_cpu/u_tlb_manager/u_tlb/tlb_ex_valid_out[5]_i_41_n_0
    SLICE_X92Y102        LUT4 (Prop_lut4_I3_O)        0.148     4.245 r  u_cpu/u_tlb_manager/u_tlb/tlb_ex_valid_out[5]_i_16/O
                         net (fo=7, routed)           0.842     5.087    u_cpu/u_tlb_manager/u_tlb/tlb_ex_valid_out[5]_i_16_n_0
    SLICE_X95Y103        LUT6 (Prop_lut6_I1_O)        0.328     5.415 r  u_cpu/u_tlb_manager/u_tlb/tlb_ex_valid_out[5]_i_9/O
                         net (fo=9, routed)           0.926     6.340    u_cpu/u_tlb_manager/u_tlb/tlb_ex_valid_out[5]_i_9_n_0
    SLICE_X105Y103       LUT6 (Prop_lut6_I2_O)        0.124     6.464 r  u_cpu/u_tlb_manager/u_tlb/tlb_ex_valid_out[3]_i_119/O
                         net (fo=5, routed)           0.735     7.199    u_cpu/u_tlb_manager/u_tlb/tlb_ex_valid_out[3]_i_119_n_0
    SLICE_X107Y104       LUT3 (Prop_lut3_I0_O)        0.153     7.352 r  u_cpu/u_tlb_manager/u_tlb/tlb_ex_valid_out[3]_i_74__0/O
                         net (fo=6, routed)           0.376     7.728    u_cpu/u_tlb_manager/u_tlb/tlb_ex_valid_out[3]_i_74__0_n_0
    SLICE_X109Y104       LUT4 (Prop_lut4_I3_O)        0.327     8.055 f  u_cpu/u_tlb_manager/u_tlb/tlb_ex_valid_out[3]_i_28/O
                         net (fo=5, routed)           0.850     8.905    u_cpu/u_tlb_manager/u_tlb/tlb_ex_valid_out[3]_i_28_n_0
    SLICE_X109Y103       LUT6 (Prop_lut6_I5_O)        0.124     9.029 r  u_cpu/u_tlb_manager/u_tlb/req_addr[12]_i_32/O
                         net (fo=104, routed)         1.083    10.112    u_cpu/u_tlb_manager/u_tlb/req_addr[12]_i_32_n_0
    SLICE_X103Y105       MUXF7 (Prop_muxf7_S_O)       0.296    10.408 r  u_cpu/u_tlb_manager/u_tlb/req_addr_reg[12]_i_61/O
                         net (fo=1, routed)           0.000    10.408    u_cpu/u_tlb_manager/u_tlb/req_addr_reg[12]_i_61_n_0
    SLICE_X103Y105       MUXF8 (Prop_muxf8_I0_O)      0.104    10.512 r  u_cpu/u_tlb_manager/u_tlb/req_addr_reg[12]_i_26/O
                         net (fo=1, routed)           1.098    11.610    u_cpu/u_tlb_manager/u_tlb/req_addr_reg[12]_i_26_n_0
    SLICE_X107Y103       LUT6 (Prop_lut6_I2_O)        0.316    11.926 f  u_cpu/u_tlb_manager/u_tlb/req_addr[12]_i_10/O
                         net (fo=1, routed)           0.585    12.511    u_cpu/u_tlb_manager/u_tlb/req_addr[12]_i_10_n_0
    SLICE_X106Y102       LUT3 (Prop_lut3_I1_O)        0.124    12.635 r  u_cpu/u_tlb_manager/u_tlb/req_addr[12]_i_5/O
                         net (fo=10, routed)          0.829    13.464    u_cpu/u_csr_exception_commit_handler/req_addr_reg[12]
    SLICE_X104Y94        LUT6 (Prop_lut6_I4_O)        0.124    13.588 f  u_cpu/u_csr_exception_commit_handler/req_addr[21]_i_3/O
                         net (fo=5, routed)           0.607    14.195    u_cpu/u_csr_exception_commit_handler/tlbm_data_paddr[9]
    SLICE_X105Y93        LUT4 (Prop_lut4_I3_O)        0.124    14.319 f  u_cpu/u_csr_exception_commit_handler/uncached_r_i_31/O
                         net (fo=1, routed)           0.588    14.907    u_cpu/u_csr_exception_commit_handler/uncached_r_i_31_n_0
    SLICE_X103Y90        LUT5 (Prop_lut5_I4_O)        0.124    15.031 f  u_cpu/u_csr_exception_commit_handler/uncached_r_i_19/O
                         net (fo=1, routed)           0.571    15.602    u_cpu/u_csr_exception_commit_handler/uncached_r_i_19_n_0
    SLICE_X102Y89        LUT6 (Prop_lut6_I0_O)        0.124    15.726 f  u_cpu/u_csr_exception_commit_handler/uncached_r_i_12/O
                         net (fo=1, routed)           0.446    16.171    u_cpu/u_csr_exception_commit_handler/uncached_r_i_12_n_0
    SLICE_X101Y88        LUT6 (Prop_lut6_I1_O)        0.124    16.295 r  u_cpu/u_csr_exception_commit_handler/uncached_r_i_6/O
                         net (fo=2, routed)           0.667    16.962    u_cpu/u_csr_exception_commit_handler/uncached_r_i_6_n_0
    SLICE_X100Y87        LUT3 (Prop_lut3_I2_O)        0.150    17.112 f  u_cpu/u_csr_exception_commit_handler/uncached_r_i_3/O
                         net (fo=3, routed)           0.685    17.797    u_cpu/u_csr_exception_commit_handler/dcache_req_mat[0]
    SLICE_X92Y82         LUT6 (Prop_lut6_I1_O)        0.355    18.152 f  u_cpu/u_csr_exception_commit_handler/load_rdata_hold[31]_i_13/O
                         net (fo=2, routed)           0.670    18.822    u_cpu/u_csr_exception_commit_handler/load_rdata_hold[31]_i_13_n_0
    SLICE_X89Y80         LUT3 (Prop_lut3_I0_O)        0.124    18.946 f  u_cpu/u_csr_exception_commit_handler/load_rdata_hold[31]_i_9/O
                         net (fo=137, routed)         0.753    19.699    u_cpu/u_csr_exception_commit_handler/FSM_sequential_state_reg[1]_0
    SLICE_X88Y79         LUT2 (Prop_lut2_I1_O)        0.124    19.823 r  u_cpu/u_csr_exception_commit_handler/load_rdata_hold[31]_i_5/O
                         net (fo=136, routed)         0.596    20.419    u_cpu/u_dcache/FSM_sequential_state_reg[0]_4
    SLICE_X86Y80         LUT2 (Prop_lut2_I1_O)        0.124    20.543 f  u_cpu/u_dcache/dcache_resp_pending_i_2/O
                         net (fo=3, routed)           0.441    20.984    u_cpu/u_mem_req_tracker/dcache_mem_data_ok
    SLICE_X86Y81         LUT6 (Prop_lut6_I2_O)        0.124    21.108 f  u_cpu/u_mem_req_tracker/ld_req_accepted_pending_i_2/O
                         net (fo=2, routed)           0.313    21.421    u_cpu/u_mem_req_tracker/ld_req_accepted_pending_i_2_n_0
    SLICE_X84Y81         LUT5 (Prop_lut5_I3_O)        0.124    21.545 f  u_cpu/u_mem_req_tracker/load_rdata_hold[31]_i_7/O
                         net (fo=60, routed)          1.231    22.777    u_cpu/u_EXE_MEM_reg/data_r_complete_qual_mem
    SLICE_X77Y84         LUT4 (Prop_lut4_I3_O)        0.124    22.901 f  u_cpu/u_EXE_MEM_reg/exe_alu_or_addr_out[31]_i_3/O
                         net (fo=8, routed)           0.695    23.596    u_cpu/u_pipeline_controller/MEM_allowIn
    SLICE_X70Y82         LUT6 (Prop_lut6_I1_O)        0.124    23.720 f  u_cpu/u_pipeline_controller/cache_op_valid_out[1]_i_7/O
                         net (fo=7, routed)           0.589    24.309    u_cpu/u_pipeline_controller/MEM_valid_reg_rep_2
    SLICE_X67Y80         LUT6 (Prop_lut6_I3_O)        0.124    24.433 f  u_cpu/u_pipeline_controller/tlb_ex_valid_out[3]_i_4__0/O
                         net (fo=5, routed)           0.477    24.910    u_cpu/u_csr_exception_commit_handler/inst_req_in0
    SLICE_X65Y80         LUT6 (Prop_lut6_I5_O)        0.124    25.034 f  u_cpu/u_csr_exception_commit_handler/tlb_ex_valid_out[3]_i_8__0/O
                         net (fo=1, routed)           0.427    25.461    u_cpu/u_tlb_manager/u_tlb/p_15_in
    SLICE_X64Y79         LUT6 (Prop_lut6_I5_O)        0.124    25.585 f  u_cpu/u_tlb_manager/u_tlb/tlb_ex_valid_out[3]_i_3__0/O
                         net (fo=6, routed)           0.450    26.035    u_cpu/u_csr_exception_commit_handler/tlbm_inst_ex_ppi
    SLICE_X65Y77         LUT6 (Prop_lut6_I2_O)        0.124    26.159 f  u_cpu/u_csr_exception_commit_handler/rd_is_ic_i_3/O
                         net (fo=13, routed)          0.314    26.473    u_cpu/u_icache/icache_tlb_excp_cancel_req
    SLICE_X65Y77         LUT4 (Prop_lut4_I0_O)        0.120    26.594 r  u_cpu/u_icache/rd_is_line_i_3/O
                         net (fo=1, routed)           1.171    27.765    u_cpu/u_dcache/axi_ic_rd_req
    SLICE_X76Y78         LUT5 (Prop_lut5_I0_O)        0.327    28.092 r  u_cpu/u_dcache/rd_is_line_i_1/O
                         net (fo=40, routed)          0.783    28.875    u_cpu/u_axi_line_bridge/rd_word_sel
    SLICE_X82Y77         LUT4 (Prop_lut4_I3_O)        0.124    28.999 r  u_cpu/u_axi_line_bridge/rd_buf[127]_i_1/O
                         net (fo=128, routed)         1.493    30.491    u_cpu/u_axi_line_bridge/rd_buf[127]_i_1_n_0
    SLICE_X108Y75        FDRE                                         r  u_cpu/u_axi_line_bridge/rd_buf_reg[48]/CE
  -------------------------------------------------------------------    -------------------

                         (clock cpu_clk_clk_pll rise edge)
                                                     33.333    33.333 r  
    AC19                                              0.000    33.333 r  clk (IN)
                         net (fo=0)                   0.000    33.333    pll.clk_pll/inst/clk_in1
    AC19                 IBUF (Prop_ibuf_I_O)         1.414    34.748 r  pll.clk_pll/inst/clkin1_ibufg/O
                         net (fo=1, routed)           1.531    36.279    pll.clk_pll/inst/clk_in1_clk_pll
    PLLE2_ADV_X0Y2       PLLE2_ADV (Prop_plle2_adv_CLKIN1_CLKOUT0)
                                                     -8.262    28.017 r  pll.clk_pll/inst/plle2_adv_inst/CLKOUT0
                         net (fo=1, routed)           1.755    29.772    pll.clk_pll/inst/cpu_clk_clk_pll
    BUFGCTRL_X0Y0        BUFG (Prop_bufg_I_O)         0.091    29.863 r  pll.clk_pll/inst/clkout1_buf/O
                         net (fo=12170, routed)       1.712    31.575    u_cpu/u_axi_line_bridge/cpu_clk
    SLICE_X108Y75        FDRE                                         r  u_cpu/u_axi_line_bridge/rd_buf_reg[48]/C
                         clock pessimism             -0.410    31.166    
                         clock uncertainty           -0.095    31.070    
    SLICE_X108Y75        FDRE (Setup_fdre_C_CE)      -0.169    30.901    u_cpu/u_axi_line_bridge/rd_buf_reg[48]
  -------------------------------------------------------------------
                         required time                         30.901    
                         arrival time                         -30.491    
  -------------------------------------------------------------------
                         slack                                  0.410    

Slack (MET) :             0.415ns  (required time - arrival time)
  Source:                 u_cpu/u_EXE_MEM_reg/data_raddr_out_from_EXE_reg[21]/C
                            (rising edge-triggered cell FDRE clocked by cpu_clk_clk_pll  {rise@0.000ns fall@16.667ns period=33.333ns})
  Destination:            u_cpu/u_axi_line_bridge/rd_buf_reg[126]/CE
                            (rising edge-triggered cell FDRE clocked by cpu_clk_clk_pll  {rise@0.000ns fall@16.667ns period=33.333ns})
  Path Group:             cpu_clk_clk_pll
  Path Type:              Setup (Max at Slow Process Corner)
  Requirement:            33.333ns  (cpu_clk_clk_pll rise@33.333ns - cpu_clk_clk_pll rise@0.000ns)
  Data Path Delay:        32.583ns  (logic 6.940ns (21.300%)  route 25.643ns (78.700%))
  Logic Levels:           36  (CARRY4=2 LUT2=2 LUT3=4 LUT4=6 LUT5=3 LUT6=17 MUXF7=1 MUXF8=1)
  Clock Path Skew:        -0.035ns (DCD - SCD + CPR)
    Destination Clock Delay (DCD):    -1.760ns = ( 31.573 - 33.333 ) 
    Source Clock Delay      (SCD):    -2.135ns
    Clock Pessimism Removal (CPR):    -0.410ns
  Clock Uncertainty:      0.095ns  ((TSJ^2 + DJ^2)^1/2) / 2 + PE
    Total System Jitter     (TSJ):    0.071ns
    Discrete Jitter          (DJ):    0.177ns
    Phase Error              (PE):    0.000ns

    Location             Delay type                Incr(ns)  Path(ns)    Netlist Resource(s)
  -------------------------------------------------------------------    -------------------
                         (clock cpu_clk_clk_pll rise edge)
                                                      0.000     0.000 r  
    AC19                                              0.000     0.000 r  clk (IN)
                         net (fo=0)                   0.000     0.000    pll.clk_pll/inst/clk_in1
    AC19                 IBUF (Prop_ibuf_I_O)         1.485     1.485 r  pll.clk_pll/inst/clkin1_ibufg/O
                         net (fo=1, routed)           1.619     3.104    pll.clk_pll/inst/clk_in1_clk_pll
    PLLE2_ADV_X0Y2       PLLE2_ADV (Prop_plle2_adv_CLKIN1_CLKOUT0)
                                                     -9.006    -5.902 r  pll.clk_pll/inst/plle2_adv_inst/CLKOUT0
                         net (fo=1, routed)           1.837    -4.064    pll.clk_pll/inst/cpu_clk_clk_pll
    BUFGCTRL_X0Y0        BUFG (Prop_bufg_I_O)         0.096    -3.968 r  pll.clk_pll/inst/clkout1_buf/O
                         net (fo=12170, routed)       1.833    -2.135    u_cpu/u_EXE_MEM_reg/cpu_clk
    SLICE_X88Y91         FDRE                                         r  u_cpu/u_EXE_MEM_reg/data_raddr_out_from_EXE_reg[21]/C
  -------------------------------------------------------------------    -------------------
    SLICE_X88Y91         FDRE (Prop_fdre_C_Q)         0.478    -1.657 r  u_cpu/u_EXE_MEM_reg/data_raddr_out_from_EXE_reg[21]/Q
                         net (fo=2, routed)           1.010    -0.647    u_cpu/u_EXE_MEM_reg/em_data_raddr[21]
    SLICE_X90Y95         LUT6 (Prop_lut6_I5_O)        0.295    -0.352 r  u_cpu/u_EXE_MEM_reg/tlb_vaddr_out[21]_i_2/O
                         net (fo=66, routed)          1.456     1.104    u_cpu/u_tlb_manager/u_tlb/data_tlb_ex_vaddr[8]
    SLICE_X86Y104        LUT6 (Prop_lut6_I2_O)        0.124     1.228 r  u_cpu/u_tlb_manager/u_tlb/tlb_ex_valid_out[5]_i_612/O
                         net (fo=1, routed)           0.000     1.228    u_cpu/u_tlb_manager/u_tlb/tlb_ex_valid_out[5]_i_612_n_0
    SLICE_X86Y104        CARRY4 (Prop_carry4_S[2]_CO[3])
                                                      0.398     1.626 r  u_cpu/u_tlb_manager/u_tlb/tlb_ex_valid_out_reg[5]_i_379/CO[3]
                         net (fo=1, routed)           0.000     1.626    u_cpu/u_tlb_manager/u_tlb/tlb_ex_valid_out_reg[5]_i_379_n_0
    SLICE_X86Y105        CARRY4 (Prop_carry4_CI_CO[2])
                                                      0.228     1.854 r  u_cpu/u_tlb_manager/u_tlb/tlb_ex_valid_out_reg[5]_i_112/CO[2]
                         net (fo=1, routed)           0.892     2.746    u_cpu/u_tlb_manager/u_tlb/tlb_ex_valid_out_reg[5]_i_112_n_1
    SLICE_X91Y104        LUT6 (Prop_lut6_I2_O)        0.313     3.059 r  u_cpu/u_tlb_manager/u_tlb/tlb_ex_valid_out[5]_i_41/O
                         net (fo=3, routed)           1.038     4.097    u_cpu/u_tlb_manager/u_tlb/tlb_ex_valid_out[5]_i_41_n_0
    SLICE_X92Y102        LUT4 (Prop_lut4_I3_O)        0.148     4.245 r  u_cpu/u_tlb_manager/u_tlb/tlb_ex_valid_out[5]_i_16/O
                         net (fo=7, routed)           0.842     5.087    u_cpu/u_tlb_manager/u_tlb/tlb_ex_valid_out[5]_i_16_n_0
    SLICE_X95Y103        LUT6 (Prop_lut6_I1_O)        0.328     5.415 r  u_cpu/u_tlb_manager/u_tlb/tlb_ex_valid_out[5]_i_9/O
                         net (fo=9, routed)           0.926     6.340    u_cpu/u_tlb_manager/u_tlb/tlb_ex_valid_out[5]_i_9_n_0
    SLICE_X105Y103       LUT6 (Prop_lut6_I2_O)        0.124     6.464 r  u_cpu/u_tlb_manager/u_tlb/tlb_ex_valid_out[3]_i_119/O
                         net (fo=5, routed)           0.735     7.199    u_cpu/u_tlb_manager/u_tlb/tlb_ex_valid_out[3]_i_119_n_0
    SLICE_X107Y104       LUT3 (Prop_lut3_I0_O)        0.153     7.352 r  u_cpu/u_tlb_manager/u_tlb/tlb_ex_valid_out[3]_i_74__0/O
                         net (fo=6, routed)           0.376     7.728    u_cpu/u_tlb_manager/u_tlb/tlb_ex_valid_out[3]_i_74__0_n_0
    SLICE_X109Y104       LUT4 (Prop_lut4_I3_O)        0.327     8.055 f  u_cpu/u_tlb_manager/u_tlb/tlb_ex_valid_out[3]_i_28/O
                         net (fo=5, routed)           0.850     8.905    u_cpu/u_tlb_manager/u_tlb/tlb_ex_valid_out[3]_i_28_n_0
    SLICE_X109Y103       LUT6 (Prop_lut6_I5_O)        0.124     9.029 r  u_cpu/u_tlb_manager/u_tlb/req_addr[12]_i_32/O
                         net (fo=104, routed)         1.083    10.112    u_cpu/u_tlb_manager/u_tlb/req_addr[12]_i_32_n_0
    SLICE_X103Y105       MUXF7 (Prop_muxf7_S_O)       0.296    10.408 r  u_cpu/u_tlb_manager/u_tlb/req_addr_reg[12]_i_61/O
                         net (fo=1, routed)           0.000    10.408    u_cpu/u_tlb_manager/u_tlb/req_addr_reg[12]_i_61_n_0
    SLICE_X103Y105       MUXF8 (Prop_muxf8_I0_O)      0.104    10.512 r  u_cpu/u_tlb_manager/u_tlb/req_addr_reg[12]_i_26/O
                         net (fo=1, routed)           1.098    11.610    u_cpu/u_tlb_manager/u_tlb/req_addr_reg[12]_i_26_n_0
    SLICE_X107Y103       LUT6 (Prop_lut6_I2_O)        0.316    11.926 f  u_cpu/u_tlb_manager/u_tlb/req_addr[12]_i_10/O
                         net (fo=1, routed)           0.585    12.511    u_cpu/u_tlb_manager/u_tlb/req_addr[12]_i_10_n_0
    SLICE_X106Y102       LUT3 (Prop_lut3_I1_O)        0.124    12.635 r  u_cpu/u_tlb_manager/u_tlb/req_addr[12]_i_5/O
                         net (fo=10, routed)          0.829    13.464    u_cpu/u_csr_exception_commit_handler/req_addr_reg[12]
    SLICE_X104Y94        LUT6 (Prop_lut6_I4_O)        0.124    13.588 f  u_cpu/u_csr_exception_commit_handler/req_addr[21]_i_3/O
                         net (fo=5, routed)           0.607    14.195    u_cpu/u_csr_exception_commit_handler/tlbm_data_paddr[9]
    SLICE_X105Y93        LUT4 (Prop_lut4_I3_O)        0.124    14.319 f  u_cpu/u_csr_exception_commit_handler/uncached_r_i_31/O
                         net (fo=1, routed)           0.588    14.907    u_cpu/u_csr_exception_commit_handler/uncached_r_i_31_n_0
    SLICE_X103Y90        LUT5 (Prop_lut5_I4_O)        0.124    15.031 f  u_cpu/u_csr_exception_commit_handler/uncached_r_i_19/O
                         net (fo=1, routed)           0.571    15.602    u_cpu/u_csr_exception_commit_handler/uncached_r_i_19_n_0
    SLICE_X102Y89        LUT6 (Prop_lut6_I0_O)        0.124    15.726 f  u_cpu/u_csr_exception_commit_handler/uncached_r_i_12/O
                         net (fo=1, routed)           0.446    16.171    u_cpu/u_csr_exception_commit_handler/uncached_r_i_12_n_0
    SLICE_X101Y88        LUT6 (Prop_lut6_I1_O)        0.124    16.295 r  u_cpu/u_csr_exception_commit_handler/uncached_r_i_6/O
                         net (fo=2, routed)           0.667    16.962    u_cpu/u_csr_exception_commit_handler/uncached_r_i_6_n_0
    SLICE_X100Y87        LUT3 (Prop_lut3_I2_O)        0.150    17.112 f  u_cpu/u_csr_exception_commit_handler/uncached_r_i_3/O
                         net (fo=3, routed)           0.685    17.797    u_cpu/u_csr_exception_commit_handler/dcache_req_mat[0]
    SLICE_X92Y82         LUT6 (Prop_lut6_I1_O)        0.355    18.152 f  u_cpu/u_csr_exception_commit_handler/load_rdata_hold[31]_i_13/O
                         net (fo=2, routed)           0.670    18.822    u_cpu/u_csr_exception_commit_handler/load_rdata_hold[31]_i_13_n_0
    SLICE_X89Y80         LUT3 (Prop_lut3_I0_O)        0.124    18.946 f  u_cpu/u_csr_exception_commit_handler/load_rdata_hold[31]_i_9/O
                         net (fo=137, routed)         0.753    19.699    u_cpu/u_csr_exception_commit_handler/FSM_sequential_state_reg[1]_0
    SLICE_X88Y79         LUT2 (Prop_lut2_I1_O)        0.124    19.823 r  u_cpu/u_csr_exception_commit_handler/load_rdata_hold[31]_i_5/O
                         net (fo=136, routed)         0.596    20.419    u_cpu/u_dcache/FSM_sequential_state_reg[0]_4
    SLICE_X86Y80         LUT2 (Prop_lut2_I1_O)        0.124    20.543 f  u_cpu/u_dcache/dcache_resp_pending_i_2/O
                         net (fo=3, routed)           0.441    20.984    u_cpu/u_mem_req_tracker/dcache_mem_data_ok
    SLICE_X86Y81         LUT6 (Prop_lut6_I2_O)        0.124    21.108 f  u_cpu/u_mem_req_tracker/ld_req_accepted_pending_i_2/O
                         net (fo=2, routed)           0.313    21.421    u_cpu/u_mem_req_tracker/ld_req_accepted_pending_i_2_n_0
    SLICE_X84Y81         LUT5 (Prop_lut5_I3_O)        0.124    21.545 f  u_cpu/u_mem_req_tracker/load_rdata_hold[31]_i_7/O
                         net (fo=60, routed)          1.231    22.777    u_cpu/u_EXE_MEM_reg/data_r_complete_qual_mem
    SLICE_X77Y84         LUT4 (Prop_lut4_I3_O)        0.124    22.901 f  u_cpu/u_EXE_MEM_reg/exe_alu_or_addr_out[31]_i_3/O
                         net (fo=8, routed)           0.695    23.596    u_cpu/u_pipeline_controller/MEM_allowIn
    SLICE_X70Y82         LUT6 (Prop_lut6_I1_O)        0.124    23.720 f  u_cpu/u_pipeline_controller/cache_op_valid_out[1]_i_7/O
                         net (fo=7, routed)           0.589    24.309    u_cpu/u_pipeline_controller/MEM_valid_reg_rep_2
    SLICE_X67Y80         LUT6 (Prop_lut6_I3_O)        0.124    24.433 f  u_cpu/u_pipeline_controller/tlb_ex_valid_out[3]_i_4__0/O
                         net (fo=5, routed)           0.477    24.910    u_cpu/u_csr_exception_commit_handler/inst_req_in0
    SLICE_X65Y80         LUT6 (Prop_lut6_I5_O)        0.124    25.034 f  u_cpu/u_csr_exception_commit_handler/tlb_ex_valid_out[3]_i_8__0/O
                         net (fo=1, routed)           0.427    25.461    u_cpu/u_tlb_manager/u_tlb/p_15_in
    SLICE_X64Y79         LUT6 (Prop_lut6_I5_O)        0.124    25.585 f  u_cpu/u_tlb_manager/u_tlb/tlb_ex_valid_out[3]_i_3__0/O
                         net (fo=6, routed)           0.450    26.035    u_cpu/u_csr_exception_commit_handler/tlbm_inst_ex_ppi
    SLICE_X65Y77         LUT6 (Prop_lut6_I2_O)        0.124    26.159 f  u_cpu/u_csr_exception_commit_handler/rd_is_ic_i_3/O
                         net (fo=13, routed)          0.314    26.473    u_cpu/u_icache/icache_tlb_excp_cancel_req
    SLICE_X65Y77         LUT4 (Prop_lut4_I0_O)        0.120    26.594 r  u_cpu/u_icache/rd_is_line_i_3/O
                         net (fo=1, routed)           1.171    27.765    u_cpu/u_dcache/axi_ic_rd_req
    SLICE_X76Y78         LUT5 (Prop_lut5_I0_O)        0.327    28.092 r  u_cpu/u_dcache/rd_is_line_i_1/O
                         net (fo=40, routed)          0.783    28.875    u_cpu/u_axi_line_bridge/rd_word_sel
    SLICE_X82Y77         LUT4 (Prop_lut4_I3_O)        0.124    28.999 r  u_cpu/u_axi_line_bridge/rd_buf[127]_i_1/O
                         net (fo=128, routed)         1.449    30.448    u_cpu/u_axi_line_bridge/rd_buf[127]_i_1_n_0
    SLICE_X103Y80        FDRE                                         r  u_cpu/u_axi_line_bridge/rd_buf_reg[126]/CE
  -------------------------------------------------------------------    -------------------

                         (clock cpu_clk_clk_pll rise edge)
                                                     33.333    33.333 r  
    AC19                                              0.000    33.333 r  clk (IN)
                         net (fo=0)                   0.000    33.333    pll.clk_pll/inst/clk_in1
    AC19                 IBUF (Prop_ibuf_I_O)         1.414    34.748 r  pll.clk_pll/inst/clkin1_ibufg/O
                         net (fo=1, routed)           1.531    36.279    pll.clk_pll/inst/clk_in1_clk_pll
    PLLE2_ADV_X0Y2       PLLE2_ADV (Prop_plle2_adv_CLKIN1_CLKOUT0)
                                                     -8.262    28.017 r  pll.clk_pll/inst/plle2_adv_inst/CLKOUT0
                         net (fo=1, routed)           1.755    29.772    pll.clk_pll/inst/cpu_clk_clk_pll
    BUFGCTRL_X0Y0        BUFG (Prop_bufg_I_O)         0.091    29.863 r  pll.clk_pll/inst/clkout1_buf/O
                         net (fo=12170, routed)       1.710    31.573    u_cpu/u_axi_line_bridge/cpu_clk
    SLICE_X103Y80        FDRE                                         r  u_cpu/u_axi_line_bridge/rd_buf_reg[126]/C
                         clock pessimism             -0.410    31.164    
                         clock uncertainty           -0.095    31.068    
    SLICE_X103Y80        FDRE (Setup_fdre_C_CE)      -0.205    30.863    u_cpu/u_axi_line_bridge/rd_buf_reg[126]
  -------------------------------------------------------------------
                         required time                         30.863    
                         arrival time                         -30.448    
  -------------------------------------------------------------------
                         slack                                  0.415    

Slack (MET) :             0.416ns  (required time - arrival time)
  Source:                 u_cpu/u_EXE_MEM_reg/data_raddr_out_from_EXE_reg[21]/C
                            (rising edge-triggered cell FDRE clocked by cpu_clk_clk_pll  {rise@0.000ns fall@16.667ns period=33.333ns})
  Destination:            u_cpu/u_axi_line_bridge/rd_buf_reg[36]/CE
                            (rising edge-triggered cell FDRE clocked by cpu_clk_clk_pll  {rise@0.000ns fall@16.667ns period=33.333ns})
  Path Group:             cpu_clk_clk_pll
  Path Type:              Setup (Max at Slow Process Corner)
  Requirement:            33.333ns  (cpu_clk_clk_pll rise@33.333ns - cpu_clk_clk_pll rise@0.000ns)
  Data Path Delay:        32.622ns  (logic 6.940ns (21.274%)  route 25.682ns (78.726%))
  Logic Levels:           36  (CARRY4=2 LUT2=2 LUT3=4 LUT4=6 LUT5=3 LUT6=17 MUXF7=1 MUXF8=1)
  Clock Path Skew:        -0.031ns (DCD - SCD + CPR)
    Destination Clock Delay (DCD):    -1.756ns = ( 31.577 - 33.333 ) 
    Source Clock Delay      (SCD):    -2.135ns
    Clock Pessimism Removal (CPR):    -0.410ns
  Clock Uncertainty:      0.095ns  ((TSJ^2 + DJ^2)^1/2) / 2 + PE
    Total System Jitter     (TSJ):    0.071ns
    Discrete Jitter          (DJ):    0.177ns
    Phase Error              (PE):    0.000ns

    Location             Delay type                Incr(ns)  Path(ns)    Netlist Resource(s)
  -------------------------------------------------------------------    -------------------
                         (clock cpu_clk_clk_pll rise edge)
                                                      0.000     0.000 r  
    AC19                                              0.000     0.000 r  clk (IN)
                         net (fo=0)                   0.000     0.000    pll.clk_pll/inst/clk_in1
    AC19                 IBUF (Prop_ibuf_I_O)         1.485     1.485 r  pll.clk_pll/inst/clkin1_ibufg/O
                         net (fo=1, routed)           1.619     3.104    pll.clk_pll/inst/clk_in1_clk_pll
    PLLE2_ADV_X0Y2       PLLE2_ADV (Prop_plle2_adv_CLKIN1_CLKOUT0)
                                                     -9.006    -5.902 r  pll.clk_pll/inst/plle2_adv_inst/CLKOUT0
                         net (fo=1, routed)           1.837    -4.064    pll.clk_pll/inst/cpu_clk_clk_pll
    BUFGCTRL_X0Y0        BUFG (Prop_bufg_I_O)         0.096    -3.968 r  pll.clk_pll/inst/clkout1_buf/O
                         net (fo=12170, routed)       1.833    -2.135    u_cpu/u_EXE_MEM_reg/cpu_clk
    SLICE_X88Y91         FDRE                                         r  u_cpu/u_EXE_MEM_reg/data_raddr_out_from_EXE_reg[21]/C
  -------------------------------------------------------------------    -------------------
    SLICE_X88Y91         FDRE (Prop_fdre_C_Q)         0.478    -1.657 r  u_cpu/u_EXE_MEM_reg/data_raddr_out_from_EXE_reg[21]/Q
                         net (fo=2, routed)           1.010    -0.647    u_cpu/u_EXE_MEM_reg/em_data_raddr[21]
    SLICE_X90Y95         LUT6 (Prop_lut6_I5_O)        0.295    -0.352 r  u_cpu/u_EXE_MEM_reg/tlb_vaddr_out[21]_i_2/O
                         net (fo=66, routed)          1.456     1.104    u_cpu/u_tlb_manager/u_tlb/data_tlb_ex_vaddr[8]
    SLICE_X86Y104        LUT6 (Prop_lut6_I2_O)        0.124     1.228 r  u_cpu/u_tlb_manager/u_tlb/tlb_ex_valid_out[5]_i_612/O
                         net (fo=1, routed)           0.000     1.228    u_cpu/u_tlb_manager/u_tlb/tlb_ex_valid_out[5]_i_612_n_0
    SLICE_X86Y104        CARRY4 (Prop_carry4_S[2]_CO[3])
                                                      0.398     1.626 r  u_cpu/u_tlb_manager/u_tlb/tlb_ex_valid_out_reg[5]_i_379/CO[3]
                         net (fo=1, routed)           0.000     1.626    u_cpu/u_tlb_manager/u_tlb/tlb_ex_valid_out_reg[5]_i_379_n_0
    SLICE_X86Y105        CARRY4 (Prop_carry4_CI_CO[2])
                                                      0.228     1.854 r  u_cpu/u_tlb_manager/u_tlb/tlb_ex_valid_out_reg[5]_i_112/CO[2]
                         net (fo=1, routed)           0.892     2.746    u_cpu/u_tlb_manager/u_tlb/tlb_ex_valid_out_reg[5]_i_112_n_1
    SLICE_X91Y104        LUT6 (Prop_lut6_I2_O)        0.313     3.059 r  u_cpu/u_tlb_manager/u_tlb/tlb_ex_valid_out[5]_i_41/O
                         net (fo=3, routed)           1.038     4.097    u_cpu/u_tlb_manager/u_tlb/tlb_ex_valid_out[5]_i_41_n_0
    SLICE_X92Y102        LUT4 (Prop_lut4_I3_O)        0.148     4.245 r  u_cpu/u_tlb_manager/u_tlb/tlb_ex_valid_out[5]_i_16/O
                         net (fo=7, routed)           0.842     5.087    u_cpu/u_tlb_manager/u_tlb/tlb_ex_valid_out[5]_i_16_n_0
    SLICE_X95Y103        LUT6 (Prop_lut6_I1_O)        0.328     5.415 r  u_cpu/u_tlb_manager/u_tlb/tlb_ex_valid_out[5]_i_9/O
                         net (fo=9, routed)           0.926     6.340    u_cpu/u_tlb_manager/u_tlb/tlb_ex_valid_out[5]_i_9_n_0
    SLICE_X105Y103       LUT6 (Prop_lut6_I2_O)        0.124     6.464 r  u_cpu/u_tlb_manager/u_tlb/tlb_ex_valid_out[3]_i_119/O
                         net (fo=5, routed)           0.735     7.199    u_cpu/u_tlb_manager/u_tlb/tlb_ex_valid_out[3]_i_119_n_0
    SLICE_X107Y104       LUT3 (Prop_lut3_I0_O)        0.153     7.352 r  u_cpu/u_tlb_manager/u_tlb/tlb_ex_valid_out[3]_i_74__0/O
                         net (fo=6, routed)           0.376     7.728    u_cpu/u_tlb_manager/u_tlb/tlb_ex_valid_out[3]_i_74__0_n_0
    SLICE_X109Y104       LUT4 (Prop_lut4_I3_O)        0.327     8.055 f  u_cpu/u_tlb_manager/u_tlb/tlb_ex_valid_out[3]_i_28/O
                         net (fo=5, routed)           0.850     8.905    u_cpu/u_tlb_manager/u_tlb/tlb_ex_valid_out[3]_i_28_n_0
    SLICE_X109Y103       LUT6 (Prop_lut6_I5_O)        0.124     9.029 r  u_cpu/u_tlb_manager/u_tlb/req_addr[12]_i_32/O
                         net (fo=104, routed)         1.083    10.112    u_cpu/u_tlb_manager/u_tlb/req_addr[12]_i_32_n_0
    SLICE_X103Y105       MUXF7 (Prop_muxf7_S_O)       0.296    10.408 r  u_cpu/u_tlb_manager/u_tlb/req_addr_reg[12]_i_61/O
                         net (fo=1, routed)           0.000    10.408    u_cpu/u_tlb_manager/u_tlb/req_addr_reg[12]_i_61_n_0
    SLICE_X103Y105       MUXF8 (Prop_muxf8_I0_O)      0.104    10.512 r  u_cpu/u_tlb_manager/u_tlb/req_addr_reg[12]_i_26/O
                         net (fo=1, routed)           1.098    11.610    u_cpu/u_tlb_manager/u_tlb/req_addr_reg[12]_i_26_n_0
    SLICE_X107Y103       LUT6 (Prop_lut6_I2_O)        0.316    11.926 f  u_cpu/u_tlb_manager/u_tlb/req_addr[12]_i_10/O
                         net (fo=1, routed)           0.585    12.511    u_cpu/u_tlb_manager/u_tlb/req_addr[12]_i_10_n_0
    SLICE_X106Y102       LUT3 (Prop_lut3_I1_O)        0.124    12.635 r  u_cpu/u_tlb_manager/u_tlb/req_addr[12]_i_5/O
                         net (fo=10, routed)          0.829    13.464    u_cpu/u_csr_exception_commit_handler/req_addr_reg[12]
    SLICE_X104Y94        LUT6 (Prop_lut6_I4_O)        0.124    13.588 f  u_cpu/u_csr_exception_commit_handler/req_addr[21]_i_3/O
                         net (fo=5, routed)           0.607    14.195    u_cpu/u_csr_exception_commit_handler/tlbm_data_paddr[9]
    SLICE_X105Y93        LUT4 (Prop_lut4_I3_O)        0.124    14.319 f  u_cpu/u_csr_exception_commit_handler/uncached_r_i_31/O
                         net (fo=1, routed)           0.588    14.907    u_cpu/u_csr_exception_commit_handler/uncached_r_i_31_n_0
    SLICE_X103Y90        LUT5 (Prop_lut5_I4_O)        0.124    15.031 f  u_cpu/u_csr_exception_commit_handler/uncached_r_i_19/O
                         net (fo=1, routed)           0.571    15.602    u_cpu/u_csr_exception_commit_handler/uncached_r_i_19_n_0
    SLICE_X102Y89        LUT6 (Prop_lut6_I0_O)        0.124    15.726 f  u_cpu/u_csr_exception_commit_handler/uncached_r_i_12/O
                         net (fo=1, routed)           0.446    16.171    u_cpu/u_csr_exception_commit_handler/uncached_r_i_12_n_0
    SLICE_X101Y88        LUT6 (Prop_lut6_I1_O)        0.124    16.295 r  u_cpu/u_csr_exception_commit_handler/uncached_r_i_6/O
                         net (fo=2, routed)           0.667    16.962    u_cpu/u_csr_exception_commit_handler/uncached_r_i_6_n_0
    SLICE_X100Y87        LUT3 (Prop_lut3_I2_O)        0.150    17.112 f  u_cpu/u_csr_exception_commit_handler/uncached_r_i_3/O
                         net (fo=3, routed)           0.685    17.797    u_cpu/u_csr_exception_commit_handler/dcache_req_mat[0]
    SLICE_X92Y82         LUT6 (Prop_lut6_I1_O)        0.355    18.152 f  u_cpu/u_csr_exception_commit_handler/load_rdata_hold[31]_i_13/O
                         net (fo=2, routed)           0.670    18.822    u_cpu/u_csr_exception_commit_handler/load_rdata_hold[31]_i_13_n_0
    SLICE_X89Y80         LUT3 (Prop_lut3_I0_O)        0.124    18.946 f  u_cpu/u_csr_exception_commit_handler/load_rdata_hold[31]_i_9/O
                         net (fo=137, routed)         0.753    19.699    u_cpu/u_csr_exception_commit_handler/FSM_sequential_state_reg[1]_0
    SLICE_X88Y79         LUT2 (Prop_lut2_I1_O)        0.124    19.823 r  u_cpu/u_csr_exception_commit_handler/load_rdata_hold[31]_i_5/O
                         net (fo=136, routed)         0.596    20.419    u_cpu/u_dcache/FSM_sequential_state_reg[0]_4
    SLICE_X86Y80         LUT2 (Prop_lut2_I1_O)        0.124    20.543 f  u_cpu/u_dcache/dcache_resp_pending_i_2/O
                         net (fo=3, routed)           0.441    20.984    u_cpu/u_mem_req_tracker/dcache_mem_data_ok
    SLICE_X86Y81         LUT6 (Prop_lut6_I2_O)        0.124    21.108 f  u_cpu/u_mem_req_tracker/ld_req_accepted_pending_i_2/O
                         net (fo=2, routed)           0.313    21.421    u_cpu/u_mem_req_tracker/ld_req_accepted_pending_i_2_n_0
    SLICE_X84Y81         LUT5 (Prop_lut5_I3_O)        0.124    21.545 f  u_cpu/u_mem_req_tracker/load_rdata_hold[31]_i_7/O
                         net (fo=60, routed)          1.231    22.777    u_cpu/u_EXE_MEM_reg/data_r_complete_qual_mem
    SLICE_X77Y84         LUT4 (Prop_lut4_I3_O)        0.124    22.901 f  u_cpu/u_EXE_MEM_reg/exe_alu_or_addr_out[31]_i_3/O
                         net (fo=8, routed)           0.695    23.596    u_cpu/u_pipeline_controller/MEM_allowIn
    SLICE_X70Y82         LUT6 (Prop_lut6_I1_O)        0.124    23.720 f  u_cpu/u_pipeline_controller/cache_op_valid_out[1]_i_7/O
                         net (fo=7, routed)           0.589    24.309    u_cpu/u_pipeline_controller/MEM_valid_reg_rep_2
    SLICE_X67Y80         LUT6 (Prop_lut6_I3_O)        0.124    24.433 f  u_cpu/u_pipeline_controller/tlb_ex_valid_out[3]_i_4__0/O
                         net (fo=5, routed)           0.477    24.910    u_cpu/u_csr_exception_commit_handler/inst_req_in0
    SLICE_X65Y80         LUT6 (Prop_lut6_I5_O)        0.124    25.034 f  u_cpu/u_csr_exception_commit_handler/tlb_ex_valid_out[3]_i_8__0/O
                         net (fo=1, routed)           0.427    25.461    u_cpu/u_tlb_manager/u_tlb/p_15_in
    SLICE_X64Y79         LUT6 (Prop_lut6_I5_O)        0.124    25.585 f  u_cpu/u_tlb_manager/u_tlb/tlb_ex_valid_out[3]_i_3__0/O
                         net (fo=6, routed)           0.450    26.035    u_cpu/u_csr_exception_commit_handler/tlbm_inst_ex_ppi
    SLICE_X65Y77         LUT6 (Prop_lut6_I2_O)        0.124    26.159 f  u_cpu/u_csr_exception_commit_handler/rd_is_ic_i_3/O
                         net (fo=13, routed)          0.314    26.473    u_cpu/u_icache/icache_tlb_excp_cancel_req
    SLICE_X65Y77         LUT4 (Prop_lut4_I0_O)        0.120    26.594 r  u_cpu/u_icache/rd_is_line_i_3/O
                         net (fo=1, routed)           1.171    27.765    u_cpu/u_dcache/axi_ic_rd_req
    SLICE_X76Y78         LUT5 (Prop_lut5_I0_O)        0.327    28.092 r  u_cpu/u_dcache/rd_is_line_i_1/O
                         net (fo=40, routed)          0.783    28.875    u_cpu/u_axi_line_bridge/rd_word_sel
    SLICE_X82Y77         LUT4 (Prop_lut4_I3_O)        0.124    28.999 r  u_cpu/u_axi_line_bridge/rd_buf[127]_i_1/O
                         net (fo=128, routed)         1.489    30.487    u_cpu/u_axi_line_bridge/rd_buf[127]_i_1_n_0
    SLICE_X104Y77        FDRE                                         r  u_cpu/u_axi_line_bridge/rd_buf_reg[36]/CE
  -------------------------------------------------------------------    -------------------

                         (clock cpu_clk_clk_pll rise edge)
                                                     33.333    33.333 r  
    AC19                                              0.000    33.333 r  clk (IN)
                         net (fo=0)                   0.000    33.333    pll.clk_pll/inst/clk_in1
    AC19                 IBUF (Prop_ibuf_I_O)         1.414    34.748 r  pll.clk_pll/inst/clkin1_ibufg/O
                         net (fo=1, routed)           1.531    36.279    pll.clk_pll/inst/clk_in1_clk_pll
    PLLE2_ADV_X0Y2       PLLE2_ADV (Prop_plle2_adv_CLKIN1_CLKOUT0)
                                                     -8.262    28.017 r  pll.clk_pll/inst/plle2_adv_inst/CLKOUT0
                         net (fo=1, routed)           1.755    29.772    pll.clk_pll/inst/cpu_clk_clk_pll
    BUFGCTRL_X0Y0        BUFG (Prop_bufg_I_O)         0.091    29.863 r  pll.clk_pll/inst/clkout1_buf/O
                         net (fo=12170, routed)       1.714    31.577    u_cpu/u_axi_line_bridge/cpu_clk
    SLICE_X104Y77        FDRE                                         r  u_cpu/u_axi_line_bridge/rd_buf_reg[36]/C
                         clock pessimism             -0.410    31.168    
                         clock uncertainty           -0.095    31.072    
    SLICE_X104Y77        FDRE (Setup_fdre_C_CE)      -0.169    30.903    u_cpu/u_axi_line_bridge/rd_buf_reg[36]
  -------------------------------------------------------------------
                         required time                         30.903    
                         arrival time                         -30.487    
  -------------------------------------------------------------------
                         slack                                  0.416    

Slack (MET) :             0.416ns  (required time - arrival time)
  Source:                 u_cpu/u_EXE_MEM_reg/data_raddr_out_from_EXE_reg[21]/C
                            (rising edge-triggered cell FDRE clocked by cpu_clk_clk_pll  {rise@0.000ns fall@16.667ns period=33.333ns})
  Destination:            u_cpu/u_axi_line_bridge/rd_buf_reg[4]/CE
                            (rising edge-triggered cell FDRE clocked by cpu_clk_clk_pll  {rise@0.000ns fall@16.667ns period=33.333ns})
  Path Group:             cpu_clk_clk_pll
  Path Type:              Setup (Max at Slow Process Corner)
  Requirement:            33.333ns  (cpu_clk_clk_pll rise@33.333ns - cpu_clk_clk_pll rise@0.000ns)
  Data Path Delay:        32.622ns  (logic 6.940ns (21.274%)  route 25.682ns (78.726%))
  Logic Levels:           36  (CARRY4=2 LUT2=2 LUT3=4 LUT4=6 LUT5=3 LUT6=17 MUXF7=1 MUXF8=1)
  Clock Path Skew:        -0.031ns (DCD - SCD + CPR)
    Destination Clock Delay (DCD):    -1.756ns = ( 31.577 - 33.333 ) 
    Source Clock Delay      (SCD):    -2.135ns
    Clock Pessimism Removal (CPR):    -0.410ns
  Clock Uncertainty:      0.095ns  ((TSJ^2 + DJ^2)^1/2) / 2 + PE
    Total System Jitter     (TSJ):    0.071ns
    Discrete Jitter          (DJ):    0.177ns
    Phase Error              (PE):    0.000ns

    Location             Delay type                Incr(ns)  Path(ns)    Netlist Resource(s)
  -------------------------------------------------------------------    -------------------
                         (clock cpu_clk_clk_pll rise edge)
                                                      0.000     0.000 r  
    AC19                                              0.000     0.000 r  clk (IN)
                         net (fo=0)                   0.000     0.000    pll.clk_pll/inst/clk_in1
    AC19                 IBUF (Prop_ibuf_I_O)         1.485     1.485 r  pll.clk_pll/inst/clkin1_ibufg/O
                         net (fo=1, routed)           1.619     3.104    pll.clk_pll/inst/clk_in1_clk_pll
    PLLE2_ADV_X0Y2       PLLE2_ADV (Prop_plle2_adv_CLKIN1_CLKOUT0)
                                                     -9.006    -5.902 r  pll.clk_pll/inst/plle2_adv_inst/CLKOUT0
                         net (fo=1, routed)           1.837    -4.064    pll.clk_pll/inst/cpu_clk_clk_pll
    BUFGCTRL_X0Y0        BUFG (Prop_bufg_I_O)         0.096    -3.968 r  pll.clk_pll/inst/clkout1_buf/O
                         net (fo=12170, routed)       1.833    -2.135    u_cpu/u_EXE_MEM_reg/cpu_clk
    SLICE_X88Y91         FDRE                                         r  u_cpu/u_EXE_MEM_reg/data_raddr_out_from_EXE_reg[21]/C
  -------------------------------------------------------------------    -------------------
    SLICE_X88Y91         FDRE (Prop_fdre_C_Q)         0.478    -1.657 r  u_cpu/u_EXE_MEM_reg/data_raddr_out_from_EXE_reg[21]/Q
                         net (fo=2, routed)           1.010    -0.647    u_cpu/u_EXE_MEM_reg/em_data_raddr[21]
    SLICE_X90Y95         LUT6 (Prop_lut6_I5_O)        0.295    -0.352 r  u_cpu/u_EXE_MEM_reg/tlb_vaddr_out[21]_i_2/O
                         net (fo=66, routed)          1.456     1.104    u_cpu/u_tlb_manager/u_tlb/data_tlb_ex_vaddr[8]
    SLICE_X86Y104        LUT6 (Prop_lut6_I2_O)        0.124     1.228 r  u_cpu/u_tlb_manager/u_tlb/tlb_ex_valid_out[5]_i_612/O
                         net (fo=1, routed)           0.000     1.228    u_cpu/u_tlb_manager/u_tlb/tlb_ex_valid_out[5]_i_612_n_0
    SLICE_X86Y104        CARRY4 (Prop_carry4_S[2]_CO[3])
                                                      0.398     1.626 r  u_cpu/u_tlb_manager/u_tlb/tlb_ex_valid_out_reg[5]_i_379/CO[3]
                         net (fo=1, routed)           0.000     1.626    u_cpu/u_tlb_manager/u_tlb/tlb_ex_valid_out_reg[5]_i_379_n_0
    SLICE_X86Y105        CARRY4 (Prop_carry4_CI_CO[2])
                                                      0.228     1.854 r  u_cpu/u_tlb_manager/u_tlb/tlb_ex_valid_out_reg[5]_i_112/CO[2]
                         net (fo=1, routed)           0.892     2.746    u_cpu/u_tlb_manager/u_tlb/tlb_ex_valid_out_reg[5]_i_112_n_1
    SLICE_X91Y104        LUT6 (Prop_lut6_I2_O)        0.313     3.059 r  u_cpu/u_tlb_manager/u_tlb/tlb_ex_valid_out[5]_i_41/O
                         net (fo=3, routed)           1.038     4.097    u_cpu/u_tlb_manager/u_tlb/tlb_ex_valid_out[5]_i_41_n_0
    SLICE_X92Y102        LUT4 (Prop_lut4_I3_O)        0.148     4.245 r  u_cpu/u_tlb_manager/u_tlb/tlb_ex_valid_out[5]_i_16/O
                         net (fo=7, routed)           0.842     5.087    u_cpu/u_tlb_manager/u_tlb/tlb_ex_valid_out[5]_i_16_n_0
    SLICE_X95Y103        LUT6 (Prop_lut6_I1_O)        0.328     5.415 r  u_cpu/u_tlb_manager/u_tlb/tlb_ex_valid_out[5]_i_9/O
                         net (fo=9, routed)           0.926     6.340    u_cpu/u_tlb_manager/u_tlb/tlb_ex_valid_out[5]_i_9_n_0
    SLICE_X105Y103       LUT6 (Prop_lut6_I2_O)        0.124     6.464 r  u_cpu/u_tlb_manager/u_tlb/tlb_ex_valid_out[3]_i_119/O
                         net (fo=5, routed)           0.735     7.199    u_cpu/u_tlb_manager/u_tlb/tlb_ex_valid_out[3]_i_119_n_0
    SLICE_X107Y104       LUT3 (Prop_lut3_I0_O)        0.153     7.352 r  u_cpu/u_tlb_manager/u_tlb/tlb_ex_valid_out[3]_i_74__0/O
                         net (fo=6, routed)           0.376     7.728    u_cpu/u_tlb_manager/u_tlb/tlb_ex_valid_out[3]_i_74__0_n_0
    SLICE_X109Y104       LUT4 (Prop_lut4_I3_O)        0.327     8.055 f  u_cpu/u_tlb_manager/u_tlb/tlb_ex_valid_out[3]_i_28/O
                         net (fo=5, routed)           0.850     8.905    u_cpu/u_tlb_manager/u_tlb/tlb_ex_valid_out[3]_i_28_n_0
    SLICE_X109Y103       LUT6 (Prop_lut6_I5_O)        0.124     9.029 r  u_cpu/u_tlb_manager/u_tlb/req_addr[12]_i_32/O
                         net (fo=104, routed)         1.083    10.112    u_cpu/u_tlb_manager/u_tlb/req_addr[12]_i_32_n_0
    SLICE_X103Y105       MUXF7 (Prop_muxf7_S_O)       0.296    10.408 r  u_cpu/u_tlb_manager/u_tlb/req_addr_reg[12]_i_61/O
                         net (fo=1, routed)           0.000    10.408    u_cpu/u_tlb_manager/u_tlb/req_addr_reg[12]_i_61_n_0
    SLICE_X103Y105       MUXF8 (Prop_muxf8_I0_O)      0.104    10.512 r  u_cpu/u_tlb_manager/u_tlb/req_addr_reg[12]_i_26/O
                         net (fo=1, routed)           1.098    11.610    u_cpu/u_tlb_manager/u_tlb/req_addr_reg[12]_i_26_n_0
    SLICE_X107Y103       LUT6 (Prop_lut6_I2_O)        0.316    11.926 f  u_cpu/u_tlb_manager/u_tlb/req_addr[12]_i_10/O
                         net (fo=1, routed)           0.585    12.511    u_cpu/u_tlb_manager/u_tlb/req_addr[12]_i_10_n_0
    SLICE_X106Y102       LUT3 (Prop_lut3_I1_O)        0.124    12.635 r  u_cpu/u_tlb_manager/u_tlb/req_addr[12]_i_5/O
                         net (fo=10, routed)          0.829    13.464    u_cpu/u_csr_exception_commit_handler/req_addr_reg[12]
    SLICE_X104Y94        LUT6 (Prop_lut6_I4_O)        0.124    13.588 f  u_cpu/u_csr_exception_commit_handler/req_addr[21]_i_3/O
                         net (fo=5, routed)           0.607    14.195    u_cpu/u_csr_exception_commit_handler/tlbm_data_paddr[9]
    SLICE_X105Y93        LUT4 (Prop_lut4_I3_O)        0.124    14.319 f  u_cpu/u_csr_exception_commit_handler/uncached_r_i_31/O
                         net (fo=1, routed)           0.588    14.907    u_cpu/u_csr_exception_commit_handler/uncached_r_i_31_n_0
    SLICE_X103Y90        LUT5 (Prop_lut5_I4_O)        0.124    15.031 f  u_cpu/u_csr_exception_commit_handler/uncached_r_i_19/O
                         net (fo=1, routed)           0.571    15.602    u_cpu/u_csr_exception_commit_handler/uncached_r_i_19_n_0
    SLICE_X102Y89        LUT6 (Prop_lut6_I0_O)        0.124    15.726 f  u_cpu/u_csr_exception_commit_handler/uncached_r_i_12/O
                         net (fo=1, routed)           0.446    16.171    u_cpu/u_csr_exception_commit_handler/uncached_r_i_12_n_0
    SLICE_X101Y88        LUT6 (Prop_lut6_I1_O)        0.124    16.295 r  u_cpu/u_csr_exception_commit_handler/uncached_r_i_6/O
                         net (fo=2, routed)           0.667    16.962    u_cpu/u_csr_exception_commit_handler/uncached_r_i_6_n_0
    SLICE_X100Y87        LUT3 (Prop_lut3_I2_O)        0.150    17.112 f  u_cpu/u_csr_exception_commit_handler/uncached_r_i_3/O
                         net (fo=3, routed)           0.685    17.797    u_cpu/u_csr_exception_commit_handler/dcache_req_mat[0]
    SLICE_X92Y82         LUT6 (Prop_lut6_I1_O)        0.355    18.152 f  u_cpu/u_csr_exception_commit_handler/load_rdata_hold[31]_i_13/O
                         net (fo=2, routed)           0.670    18.822    u_cpu/u_csr_exception_commit_handler/load_rdata_hold[31]_i_13_n_0
    SLICE_X89Y80         LUT3 (Prop_lut3_I0_O)        0.124    18.946 f  u_cpu/u_csr_exception_commit_handler/load_rdata_hold[31]_i_9/O
                         net (fo=137, routed)         0.753    19.699    u_cpu/u_csr_exception_commit_handler/FSM_sequential_state_reg[1]_0
    SLICE_X88Y79         LUT2 (Prop_lut2_I1_O)        0.124    19.823 r  u_cpu/u_csr_exception_commit_handler/load_rdata_hold[31]_i_5/O
                         net (fo=136, routed)         0.596    20.419    u_cpu/u_dcache/FSM_sequential_state_reg[0]_4
    SLICE_X86Y80         LUT2 (Prop_lut2_I1_O)        0.124    20.543 f  u_cpu/u_dcache/dcache_resp_pending_i_2/O
                         net (fo=3, routed)           0.441    20.984    u_cpu/u_mem_req_tracker/dcache_mem_data_ok
    SLICE_X86Y81         LUT6 (Prop_lut6_I2_O)        0.124    21.108 f  u_cpu/u_mem_req_tracker/ld_req_accepted_pending_i_2/O
                         net (fo=2, routed)           0.313    21.421    u_cpu/u_mem_req_tracker/ld_req_accepted_pending_i_2_n_0
    SLICE_X84Y81         LUT5 (Prop_lut5_I3_O)        0.124    21.545 f  u_cpu/u_mem_req_tracker/load_rdata_hold[31]_i_7/O
                         net (fo=60, routed)          1.231    22.777    u_cpu/u_EXE_MEM_reg/data_r_complete_qual_mem
    SLICE_X77Y84         LUT4 (Prop_lut4_I3_O)        0.124    22.901 f  u_cpu/u_EXE_MEM_reg/exe_alu_or_addr_out[31]_i_3/O
                         net (fo=8, routed)           0.695    23.596    u_cpu/u_pipeline_controller/MEM_allowIn
    SLICE_X70Y82         LUT6 (Prop_lut6_I1_O)        0.124    23.720 f  u_cpu/u_pipeline_controller/cache_op_valid_out[1]_i_7/O
                         net (fo=7, routed)           0.589    24.309    u_cpu/u_pipeline_controller/MEM_valid_reg_rep_2
    SLICE_X67Y80         LUT6 (Prop_lut6_I3_O)        0.124    24.433 f  u_cpu/u_pipeline_controller/tlb_ex_valid_out[3]_i_4__0/O
                         net (fo=5, routed)           0.477    24.910    u_cpu/u_csr_exception_commit_handler/inst_req_in0
    SLICE_X65Y80         LUT6 (Prop_lut6_I5_O)        0.124    25.034 f  u_cpu/u_csr_exception_commit_handler/tlb_ex_valid_out[3]_i_8__0/O
                         net (fo=1, routed)           0.427    25.461    u_cpu/u_tlb_manager/u_tlb/p_15_in
    SLICE_X64Y79         LUT6 (Prop_lut6_I5_O)        0.124    25.585 f  u_cpu/u_tlb_manager/u_tlb/tlb_ex_valid_out[3]_i_3__0/O
                         net (fo=6, routed)           0.450    26.035    u_cpu/u_csr_exception_commit_handler/tlbm_inst_ex_ppi
    SLICE_X65Y77         LUT6 (Prop_lut6_I2_O)        0.124    26.159 f  u_cpu/u_csr_exception_commit_handler/rd_is_ic_i_3/O
                         net (fo=13, routed)          0.314    26.473    u_cpu/u_icache/icache_tlb_excp_cancel_req
    SLICE_X65Y77         LUT4 (Prop_lut4_I0_O)        0.120    26.594 r  u_cpu/u_icache/rd_is_line_i_3/O
                         net (fo=1, routed)           1.171    27.765    u_cpu/u_dcache/axi_ic_rd_req
    SLICE_X76Y78         LUT5 (Prop_lut5_I0_O)        0.327    28.092 r  u_cpu/u_dcache/rd_is_line_i_1/O
                         net (fo=40, routed)          0.783    28.875    u_cpu/u_axi_line_bridge/rd_word_sel
    SLICE_X82Y77         LUT4 (Prop_lut4_I3_O)        0.124    28.999 r  u_cpu/u_axi_line_bridge/rd_buf[127]_i_1/O
                         net (fo=128, routed)         1.489    30.487    u_cpu/u_axi_line_bridge/rd_buf[127]_i_1_n_0
    SLICE_X104Y77        FDRE                                         r  u_cpu/u_axi_line_bridge/rd_buf_reg[4]/CE
  -------------------------------------------------------------------    -------------------

                         (clock cpu_clk_clk_pll rise edge)
                                                     33.333    33.333 r  
    AC19                                              0.000    33.333 r  clk (IN)
                         net (fo=0)                   0.000    33.333    pll.clk_pll/inst/clk_in1
    AC19                 IBUF (Prop_ibuf_I_O)         1.414    34.748 r  pll.clk_pll/inst/clkin1_ibufg/O
                         net (fo=1, routed)           1.531    36.279    pll.clk_pll/inst/clk_in1_clk_pll
    PLLE2_ADV_X0Y2       PLLE2_ADV (Prop_plle2_adv_CLKIN1_CLKOUT0)
                                                     -8.262    28.017 r  pll.clk_pll/inst/plle2_adv_inst/CLKOUT0
                         net (fo=1, routed)           1.755    29.772    pll.clk_pll/inst/cpu_clk_clk_pll
    BUFGCTRL_X0Y0        BUFG (Prop_bufg_I_O)         0.091    29.863 r  pll.clk_pll/inst/clkout1_buf/O
                         net (fo=12170, routed)       1.714    31.577    u_cpu/u_axi_line_bridge/cpu_clk
    SLICE_X104Y77        FDRE                                         r  u_cpu/u_axi_line_bridge/rd_buf_reg[4]/C
                         clock pessimism             -0.410    31.168    
                         clock uncertainty           -0.095    31.072    
    SLICE_X104Y77        FDRE (Setup_fdre_C_CE)      -0.169    30.903    u_cpu/u_axi_line_bridge/rd_buf_reg[4]
  -------------------------------------------------------------------
                         required time                         30.903    
                         arrival time                         -30.487    
  -------------------------------------------------------------------
                         slack                                  0.416    

Slack (MET) :             0.416ns  (required time - arrival time)
  Source:                 u_cpu/u_EXE_MEM_reg/data_raddr_out_from_EXE_reg[21]/C
                            (rising edge-triggered cell FDRE clocked by cpu_clk_clk_pll  {rise@0.000ns fall@16.667ns period=33.333ns})
  Destination:            u_cpu/u_axi_line_bridge/rd_buf_reg[68]/CE
                            (rising edge-triggered cell FDRE clocked by cpu_clk_clk_pll  {rise@0.000ns fall@16.667ns period=33.333ns})
  Path Group:             cpu_clk_clk_pll
  Path Type:              Setup (Max at Slow Process Corner)
  Requirement:            33.333ns  (cpu_clk_clk_pll rise@33.333ns - cpu_clk_clk_pll rise@0.000ns)
  Data Path Delay:        32.622ns  (logic 6.940ns (21.274%)  route 25.682ns (78.726%))
  Logic Levels:           36  (CARRY4=2 LUT2=2 LUT3=4 LUT4=6 LUT5=3 LUT6=17 MUXF7=1 MUXF8=1)
  Clock Path Skew:        -0.031ns (DCD - SCD + CPR)
    Destination Clock Delay (DCD):    -1.756ns = ( 31.577 - 33.333 ) 
    Source Clock Delay      (SCD):    -2.135ns
    Clock Pessimism Removal (CPR):    -0.410ns
  Clock Uncertainty:      0.095ns  ((TSJ^2 + DJ^2)^1/2) / 2 + PE
    Total System Jitter     (TSJ):    0.071ns
    Discrete Jitter          (DJ):    0.177ns
    Phase Error              (PE):    0.000ns

    Location             Delay type                Incr(ns)  Path(ns)    Netlist Resource(s)
  -------------------------------------------------------------------    -------------------
                         (clock cpu_clk_clk_pll rise edge)
                                                      0.000     0.000 r  
    AC19                                              0.000     0.000 r  clk (IN)
                         net (fo=0)                   0.000     0.000    pll.clk_pll/inst/clk_in1
    AC19                 IBUF (Prop_ibuf_I_O)         1.485     1.485 r  pll.clk_pll/inst/clkin1_ibufg/O
                         net (fo=1, routed)           1.619     3.104    pll.clk_pll/inst/clk_in1_clk_pll
    PLLE2_ADV_X0Y2       PLLE2_ADV (Prop_plle2_adv_CLKIN1_CLKOUT0)
                                                     -9.006    -5.902 r  pll.clk_pll/inst/plle2_adv_inst/CLKOUT0
                         net (fo=1, routed)           1.837    -4.064    pll.clk_pll/inst/cpu_clk_clk_pll
    BUFGCTRL_X0Y0        BUFG (Prop_bufg_I_O)         0.096    -3.968 r  pll.clk_pll/inst/clkout1_buf/O
                         net (fo=12170, routed)       1.833    -2.135    u_cpu/u_EXE_MEM_reg/cpu_clk
    SLICE_X88Y91         FDRE                                         r  u_cpu/u_EXE_MEM_reg/data_raddr_out_from_EXE_reg[21]/C
  -------------------------------------------------------------------    -------------------
    SLICE_X88Y91         FDRE (Prop_fdre_C_Q)         0.478    -1.657 r  u_cpu/u_EXE_MEM_reg/data_raddr_out_from_EXE_reg[21]/Q
                         net (fo=2, routed)           1.010    -0.647    u_cpu/u_EXE_MEM_reg/em_data_raddr[21]
    SLICE_X90Y95         LUT6 (Prop_lut6_I5_O)        0.295    -0.352 r  u_cpu/u_EXE_MEM_reg/tlb_vaddr_out[21]_i_2/O
                         net (fo=66, routed)          1.456     1.104    u_cpu/u_tlb_manager/u_tlb/data_tlb_ex_vaddr[8]
    SLICE_X86Y104        LUT6 (Prop_lut6_I2_O)        0.124     1.228 r  u_cpu/u_tlb_manager/u_tlb/tlb_ex_valid_out[5]_i_612/O
                         net (fo=1, routed)           0.000     1.228    u_cpu/u_tlb_manager/u_tlb/tlb_ex_valid_out[5]_i_612_n_0
    SLICE_X86Y104        CARRY4 (Prop_carry4_S[2]_CO[3])
                                                      0.398     1.626 r  u_cpu/u_tlb_manager/u_tlb/tlb_ex_valid_out_reg[5]_i_379/CO[3]
                         net (fo=1, routed)           0.000     1.626    u_cpu/u_tlb_manager/u_tlb/tlb_ex_valid_out_reg[5]_i_379_n_0
    SLICE_X86Y105        CARRY4 (Prop_carry4_CI_CO[2])
                                                      0.228     1.854 r  u_cpu/u_tlb_manager/u_tlb/tlb_ex_valid_out_reg[5]_i_112/CO[2]
                         net (fo=1, routed)           0.892     2.746    u_cpu/u_tlb_manager/u_tlb/tlb_ex_valid_out_reg[5]_i_112_n_1
    SLICE_X91Y104        LUT6 (Prop_lut6_I2_O)        0.313     3.059 r  u_cpu/u_tlb_manager/u_tlb/tlb_ex_valid_out[5]_i_41/O
                         net (fo=3, routed)           1.038     4.097    u_cpu/u_tlb_manager/u_tlb/tlb_ex_valid_out[5]_i_41_n_0
    SLICE_X92Y102        LUT4 (Prop_lut4_I3_O)        0.148     4.245 r  u_cpu/u_tlb_manager/u_tlb/tlb_ex_valid_out[5]_i_16/O
                         net (fo=7, routed)           0.842     5.087    u_cpu/u_tlb_manager/u_tlb/tlb_ex_valid_out[5]_i_16_n_0
    SLICE_X95Y103        LUT6 (Prop_lut6_I1_O)        0.328     5.415 r  u_cpu/u_tlb_manager/u_tlb/tlb_ex_valid_out[5]_i_9/O
                         net (fo=9, routed)           0.926     6.340    u_cpu/u_tlb_manager/u_tlb/tlb_ex_valid_out[5]_i_9_n_0
    SLICE_X105Y103       LUT6 (Prop_lut6_I2_O)        0.124     6.464 r  u_cpu/u_tlb_manager/u_tlb/tlb_ex_valid_out[3]_i_119/O
                         net (fo=5, routed)           0.735     7.199    u_cpu/u_tlb_manager/u_tlb/tlb_ex_valid_out[3]_i_119_n_0
    SLICE_X107Y104       LUT3 (Prop_lut3_I0_O)        0.153     7.352 r  u_cpu/u_tlb_manager/u_tlb/tlb_ex_valid_out[3]_i_74__0/O
                         net (fo=6, routed)           0.376     7.728    u_cpu/u_tlb_manager/u_tlb/tlb_ex_valid_out[3]_i_74__0_n_0
    SLICE_X109Y104       LUT4 (Prop_lut4_I3_O)        0.327     8.055 f  u_cpu/u_tlb_manager/u_tlb/tlb_ex_valid_out[3]_i_28/O
                         net (fo=5, routed)           0.850     8.905    u_cpu/u_tlb_manager/u_tlb/tlb_ex_valid_out[3]_i_28_n_0
    SLICE_X109Y103       LUT6 (Prop_lut6_I5_O)        0.124     9.029 r  u_cpu/u_tlb_manager/u_tlb/req_addr[12]_i_32/O
                         net (fo=104, routed)         1.083    10.112    u_cpu/u_tlb_manager/u_tlb/req_addr[12]_i_32_n_0
    SLICE_X103Y105       MUXF7 (Prop_muxf7_S_O)       0.296    10.408 r  u_cpu/u_tlb_manager/u_tlb/req_addr_reg[12]_i_61/O
                         net (fo=1, routed)           0.000    10.408    u_cpu/u_tlb_manager/u_tlb/req_addr_reg[12]_i_61_n_0
    SLICE_X103Y105       MUXF8 (Prop_muxf8_I0_O)      0.104    10.512 r  u_cpu/u_tlb_manager/u_tlb/req_addr_reg[12]_i_26/O
                         net (fo=1, routed)           1.098    11.610    u_cpu/u_tlb_manager/u_tlb/req_addr_reg[12]_i_26_n_0
    SLICE_X107Y103       LUT6 (Prop_lut6_I2_O)        0.316    11.926 f  u_cpu/u_tlb_manager/u_tlb/req_addr[12]_i_10/O
                         net (fo=1, routed)           0.585    12.511    u_cpu/u_tlb_manager/u_tlb/req_addr[12]_i_10_n_0
    SLICE_X106Y102       LUT3 (Prop_lut3_I1_O)        0.124    12.635 r  u_cpu/u_tlb_manager/u_tlb/req_addr[12]_i_5/O
                         net (fo=10, routed)          0.829    13.464    u_cpu/u_csr_exception_commit_handler/req_addr_reg[12]
    SLICE_X104Y94        LUT6 (Prop_lut6_I4_O)        0.124    13.588 f  u_cpu/u_csr_exception_commit_handler/req_addr[21]_i_3/O
                         net (fo=5, routed)           0.607    14.195    u_cpu/u_csr_exception_commit_handler/tlbm_data_paddr[9]
    SLICE_X105Y93        LUT4 (Prop_lut4_I3_O)        0.124    14.319 f  u_cpu/u_csr_exception_commit_handler/uncached_r_i_31/O
                         net (fo=1, routed)           0.588    14.907    u_cpu/u_csr_exception_commit_handler/uncached_r_i_31_n_0
    SLICE_X103Y90        LUT5 (Prop_lut5_I4_O)        0.124    15.031 f  u_cpu/u_csr_exception_commit_handler/uncached_r_i_19/O
                         net (fo=1, routed)           0.571    15.602    u_cpu/u_csr_exception_commit_handler/uncached_r_i_19_n_0
    SLICE_X102Y89        LUT6 (Prop_lut6_I0_O)        0.124    15.726 f  u_cpu/u_csr_exception_commit_handler/uncached_r_i_12/O
                         net (fo=1, routed)           0.446    16.171    u_cpu/u_csr_exception_commit_handler/uncached_r_i_12_n_0
    SLICE_X101Y88        LUT6 (Prop_lut6_I1_O)        0.124    16.295 r  u_cpu/u_csr_exception_commit_handler/uncached_r_i_6/O
                         net (fo=2, routed)           0.667    16.962    u_cpu/u_csr_exception_commit_handler/uncached_r_i_6_n_0
    SLICE_X100Y87        LUT3 (Prop_lut3_I2_O)        0.150    17.112 f  u_cpu/u_csr_exception_commit_handler/uncached_r_i_3/O
                         net (fo=3, routed)           0.685    17.797    u_cpu/u_csr_exception_commit_handler/dcache_req_mat[0]
    SLICE_X92Y82         LUT6 (Prop_lut6_I1_O)        0.355    18.152 f  u_cpu/u_csr_exception_commit_handler/load_rdata_hold[31]_i_13/O
                         net (fo=2, routed)           0.670    18.822    u_cpu/u_csr_exception_commit_handler/load_rdata_hold[31]_i_13_n_0
    SLICE_X89Y80         LUT3 (Prop_lut3_I0_O)        0.124    18.946 f  u_cpu/u_csr_exception_commit_handler/load_rdata_hold[31]_i_9/O
                         net (fo=137, routed)         0.753    19.699    u_cpu/u_csr_exception_commit_handler/FSM_sequential_state_reg[1]_0
    SLICE_X88Y79         LUT2 (Prop_lut2_I1_O)        0.124    19.823 r  u_cpu/u_csr_exception_commit_handler/load_rdata_hold[31]_i_5/O
                         net (fo=136, routed)         0.596    20.419    u_cpu/u_dcache/FSM_sequential_state_reg[0]_4
    SLICE_X86Y80         LUT2 (Prop_lut2_I1_O)        0.124    20.543 f  u_cpu/u_dcache/dcache_resp_pending_i_2/O
                         net (fo=3, routed)           0.441    20.984    u_cpu/u_mem_req_tracker/dcache_mem_data_ok
    SLICE_X86Y81         LUT6 (Prop_lut6_I2_O)        0.124    21.108 f  u_cpu/u_mem_req_tracker/ld_req_accepted_pending_i_2/O
                         net (fo=2, routed)           0.313    21.421    u_cpu/u_mem_req_tracker/ld_req_accepted_pending_i_2_n_0
    SLICE_X84Y81         LUT5 (Prop_lut5_I3_O)        0.124    21.545 f  u_cpu/u_mem_req_tracker/load_rdata_hold[31]_i_7/O
                         net (fo=60, routed)          1.231    22.777    u_cpu/u_EXE_MEM_reg/data_r_complete_qual_mem
    SLICE_X77Y84         LUT4 (Prop_lut4_I3_O)        0.124    22.901 f  u_cpu/u_EXE_MEM_reg/exe_alu_or_addr_out[31]_i_3/O
                         net (fo=8, routed)           0.695    23.596    u_cpu/u_pipeline_controller/MEM_allowIn
    SLICE_X70Y82         LUT6 (Prop_lut6_I1_O)        0.124    23.720 f  u_cpu/u_pipeline_controller/cache_op_valid_out[1]_i_7/O
                         net (fo=7, routed)           0.589    24.309    u_cpu/u_pipeline_controller/MEM_valid_reg_rep_2
    SLICE_X67Y80         LUT6 (Prop_lut6_I3_O)        0.124    24.433 f  u_cpu/u_pipeline_controller/tlb_ex_valid_out[3]_i_4__0/O
                         net (fo=5, routed)           0.477    24.910    u_cpu/u_csr_exception_commit_handler/inst_req_in0
    SLICE_X65Y80         LUT6 (Prop_lut6_I5_O)        0.124    25.034 f  u_cpu/u_csr_exception_commit_handler/tlb_ex_valid_out[3]_i_8__0/O
                         net (fo=1, routed)           0.427    25.461    u_cpu/u_tlb_manager/u_tlb/p_15_in
    SLICE_X64Y79         LUT6 (Prop_lut6_I5_O)        0.124    25.585 f  u_cpu/u_tlb_manager/u_tlb/tlb_ex_valid_out[3]_i_3__0/O
                         net (fo=6, routed)           0.450    26.035    u_cpu/u_csr_exception_commit_handler/tlbm_inst_ex_ppi
    SLICE_X65Y77         LUT6 (Prop_lut6_I2_O)        0.124    26.159 f  u_cpu/u_csr_exception_commit_handler/rd_is_ic_i_3/O
                         net (fo=13, routed)          0.314    26.473    u_cpu/u_icache/icache_tlb_excp_cancel_req
    SLICE_X65Y77         LUT4 (Prop_lut4_I0_O)        0.120    26.594 r  u_cpu/u_icache/rd_is_line_i_3/O
                         net (fo=1, routed)           1.171    27.765    u_cpu/u_dcache/axi_ic_rd_req
    SLICE_X76Y78         LUT5 (Prop_lut5_I0_O)        0.327    28.092 r  u_cpu/u_dcache/rd_is_line_i_1/O
                         net (fo=40, routed)          0.783    28.875    u_cpu/u_axi_line_bridge/rd_word_sel
    SLICE_X82Y77         LUT4 (Prop_lut4_I3_O)        0.124    28.999 r  u_cpu/u_axi_line_bridge/rd_buf[127]_i_1/O
                         net (fo=128, routed)         1.489    30.487    u_cpu/u_axi_line_bridge/rd_buf[127]_i_1_n_0
    SLICE_X104Y77        FDRE                                         r  u_cpu/u_axi_line_bridge/rd_buf_reg[68]/CE
  -------------------------------------------------------------------    -------------------

                         (clock cpu_clk_clk_pll rise edge)
                                                     33.333    33.333 r  
    AC19                                              0.000    33.333 r  clk (IN)
                         net (fo=0)                   0.000    33.333    pll.clk_pll/inst/clk_in1
    AC19                 IBUF (Prop_ibuf_I_O)         1.414    34.748 r  pll.clk_pll/inst/clkin1_ibufg/O
                         net (fo=1, routed)           1.531    36.279    pll.clk_pll/inst/clk_in1_clk_pll
    PLLE2_ADV_X0Y2       PLLE2_ADV (Prop_plle2_adv_CLKIN1_CLKOUT0)
                                                     -8.262    28.017 r  pll.clk_pll/inst/plle2_adv_inst/CLKOUT0
                         net (fo=1, routed)           1.755    29.772    pll.clk_pll/inst/cpu_clk_clk_pll
    BUFGCTRL_X0Y0        BUFG (Prop_bufg_I_O)         0.091    29.863 r  pll.clk_pll/inst/clkout1_buf/O
                         net (fo=12170, routed)       1.714    31.577    u_cpu/u_axi_line_bridge/cpu_clk
    SLICE_X104Y77        FDRE                                         r  u_cpu/u_axi_line_bridge/rd_buf_reg[68]/C
                         clock pessimism             -0.410    31.168    
                         clock uncertainty           -0.095    31.072    
    SLICE_X104Y77        FDRE (Setup_fdre_C_CE)      -0.169    30.903    u_cpu/u_axi_line_bridge/rd_buf_reg[68]
  -------------------------------------------------------------------
                         required time                         30.903    
                         arrival time                         -30.487    
  -------------------------------------------------------------------
                         slack                                  0.416    

Slack (MET) :             0.435ns  (required time - arrival time)
  Source:                 u_cpu/u_EXE_MEM_reg/data_raddr_out_from_EXE_reg[21]/C
                            (rising edge-triggered cell FDRE clocked by cpu_clk_clk_pll  {rise@0.000ns fall@16.667ns period=33.333ns})
  Destination:            u_cpu/u_axi_line_bridge/rd_buf_reg[107]/CE
                            (rising edge-triggered cell FDRE clocked by cpu_clk_clk_pll  {rise@0.000ns fall@16.667ns period=33.333ns})
  Path Group:             cpu_clk_clk_pll
  Path Type:              Setup (Max at Slow Process Corner)
  Requirement:            33.333ns  (cpu_clk_clk_pll rise@33.333ns - cpu_clk_clk_pll rise@0.000ns)
  Data Path Delay:        32.557ns  (logic 6.940ns (21.316%)  route 25.617ns (78.683%))
  Logic Levels:           36  (CARRY4=2 LUT2=2 LUT3=4 LUT4=6 LUT5=3 LUT6=17 MUXF7=1 MUXF8=1)
  Clock Path Skew:        -0.041ns (DCD - SCD + CPR)
    Destination Clock Delay (DCD):    -1.766ns = ( 31.567 - 33.333 ) 
    Source Clock Delay      (SCD):    -2.135ns
    Clock Pessimism Removal (CPR):    -0.410ns
  Clock Uncertainty:      0.095ns  ((TSJ^2 + DJ^2)^1/2) / 2 + PE
    Total System Jitter     (TSJ):    0.071ns
    Discrete Jitter          (DJ):    0.177ns
    Phase Error              (PE):    0.000ns

    Location             Delay type                Incr(ns)  Path(ns)    Netlist Resource(s)
  -------------------------------------------------------------------    -------------------
                         (clock cpu_clk_clk_pll rise edge)
                                                      0.000     0.000 r  
    AC19                                              0.000     0.000 r  clk (IN)
                         net (fo=0)                   0.000     0.000    pll.clk_pll/inst/clk_in1
    AC19                 IBUF (Prop_ibuf_I_O)         1.485     1.485 r  pll.clk_pll/inst/clkin1_ibufg/O
                         net (fo=1, routed)           1.619     3.104    pll.clk_pll/inst/clk_in1_clk_pll
    PLLE2_ADV_X0Y2       PLLE2_ADV (Prop_plle2_adv_CLKIN1_CLKOUT0)
                                                     -9.006    -5.902 r  pll.clk_pll/inst/plle2_adv_inst/CLKOUT0
                         net (fo=1, routed)           1.837    -4.064    pll.clk_pll/inst/cpu_clk_clk_pll
    BUFGCTRL_X0Y0        BUFG (Prop_bufg_I_O)         0.096    -3.968 r  pll.clk_pll/inst/clkout1_buf/O
                         net (fo=12170, routed)       1.833    -2.135    u_cpu/u_EXE_MEM_reg/cpu_clk
    SLICE_X88Y91         FDRE                                         r  u_cpu/u_EXE_MEM_reg/data_raddr_out_from_EXE_reg[21]/C
  -------------------------------------------------------------------    -------------------
    SLICE_X88Y91         FDRE (Prop_fdre_C_Q)         0.478    -1.657 r  u_cpu/u_EXE_MEM_reg/data_raddr_out_from_EXE_reg[21]/Q
                         net (fo=2, routed)           1.010    -0.647    u_cpu/u_EXE_MEM_reg/em_data_raddr[21]
    SLICE_X90Y95         LUT6 (Prop_lut6_I5_O)        0.295    -0.352 r  u_cpu/u_EXE_MEM_reg/tlb_vaddr_out[21]_i_2/O
                         net (fo=66, routed)          1.456     1.104    u_cpu/u_tlb_manager/u_tlb/data_tlb_ex_vaddr[8]
    SLICE_X86Y104        LUT6 (Prop_lut6_I2_O)        0.124     1.228 r  u_cpu/u_tlb_manager/u_tlb/tlb_ex_valid_out[5]_i_612/O
                         net (fo=1, routed)           0.000     1.228    u_cpu/u_tlb_manager/u_tlb/tlb_ex_valid_out[5]_i_612_n_0
    SLICE_X86Y104        CARRY4 (Prop_carry4_S[2]_CO[3])
                                                      0.398     1.626 r  u_cpu/u_tlb_manager/u_tlb/tlb_ex_valid_out_reg[5]_i_379/CO[3]
                         net (fo=1, routed)           0.000     1.626    u_cpu/u_tlb_manager/u_tlb/tlb_ex_valid_out_reg[5]_i_379_n_0
    SLICE_X86Y105        CARRY4 (Prop_carry4_CI_CO[2])
                                                      0.228     1.854 r  u_cpu/u_tlb_manager/u_tlb/tlb_ex_valid_out_reg[5]_i_112/CO[2]
                         net (fo=1, routed)           0.892     2.746    u_cpu/u_tlb_manager/u_tlb/tlb_ex_valid_out_reg[5]_i_112_n_1
    SLICE_X91Y104        LUT6 (Prop_lut6_I2_O)        0.313     3.059 r  u_cpu/u_tlb_manager/u_tlb/tlb_ex_valid_out[5]_i_41/O
                         net (fo=3, routed)           1.038     4.097    u_cpu/u_tlb_manager/u_tlb/tlb_ex_valid_out[5]_i_41_n_0
    SLICE_X92Y102        LUT4 (Prop_lut4_I3_O)        0.148     4.245 r  u_cpu/u_tlb_manager/u_tlb/tlb_ex_valid_out[5]_i_16/O
                         net (fo=7, routed)           0.842     5.087    u_cpu/u_tlb_manager/u_tlb/tlb_ex_valid_out[5]_i_16_n_0
    SLICE_X95Y103        LUT6 (Prop_lut6_I1_O)        0.328     5.415 r  u_cpu/u_tlb_manager/u_tlb/tlb_ex_valid_out[5]_i_9/O
                         net (fo=9, routed)           0.926     6.340    u_cpu/u_tlb_manager/u_tlb/tlb_ex_valid_out[5]_i_9_n_0
    SLICE_X105Y103       LUT6 (Prop_lut6_I2_O)        0.124     6.464 r  u_cpu/u_tlb_manager/u_tlb/tlb_ex_valid_out[3]_i_119/O
                         net (fo=5, routed)           0.735     7.199    u_cpu/u_tlb_manager/u_tlb/tlb_ex_valid_out[3]_i_119_n_0
    SLICE_X107Y104       LUT3 (Prop_lut3_I0_O)        0.153     7.352 r  u_cpu/u_tlb_manager/u_tlb/tlb_ex_valid_out[3]_i_74__0/O
                         net (fo=6, routed)           0.376     7.728    u_cpu/u_tlb_manager/u_tlb/tlb_ex_valid_out[3]_i_74__0_n_0
    SLICE_X109Y104       LUT4 (Prop_lut4_I3_O)        0.327     8.055 f  u_cpu/u_tlb_manager/u_tlb/tlb_ex_valid_out[3]_i_28/O
                         net (fo=5, routed)           0.850     8.905    u_cpu/u_tlb_manager/u_tlb/tlb_ex_valid_out[3]_i_28_n_0
    SLICE_X109Y103       LUT6 (Prop_lut6_I5_O)        0.124     9.029 r  u_cpu/u_tlb_manager/u_tlb/req_addr[12]_i_32/O
                         net (fo=104, routed)         1.083    10.112    u_cpu/u_tlb_manager/u_tlb/req_addr[12]_i_32_n_0
    SLICE_X103Y105       MUXF7 (Prop_muxf7_S_O)       0.296    10.408 r  u_cpu/u_tlb_manager/u_tlb/req_addr_reg[12]_i_61/O
                         net (fo=1, routed)           0.000    10.408    u_cpu/u_tlb_manager/u_tlb/req_addr_reg[12]_i_61_n_0
    SLICE_X103Y105       MUXF8 (Prop_muxf8_I0_O)      0.104    10.512 r  u_cpu/u_tlb_manager/u_tlb/req_addr_reg[12]_i_26/O
                         net (fo=1, routed)           1.098    11.610    u_cpu/u_tlb_manager/u_tlb/req_addr_reg[12]_i_26_n_0
    SLICE_X107Y103       LUT6 (Prop_lut6_I2_O)        0.316    11.926 f  u_cpu/u_tlb_manager/u_tlb/req_addr[12]_i_10/O
                         net (fo=1, routed)           0.585    12.511    u_cpu/u_tlb_manager/u_tlb/req_addr[12]_i_10_n_0
    SLICE_X106Y102       LUT3 (Prop_lut3_I1_O)        0.124    12.635 r  u_cpu/u_tlb_manager/u_tlb/req_addr[12]_i_5/O
                         net (fo=10, routed)          0.829    13.464    u_cpu/u_csr_exception_commit_handler/req_addr_reg[12]
    SLICE_X104Y94        LUT6 (Prop_lut6_I4_O)        0.124    13.588 f  u_cpu/u_csr_exception_commit_handler/req_addr[21]_i_3/O
                         net (fo=5, routed)           0.607    14.195    u_cpu/u_csr_exception_commit_handler/tlbm_data_paddr[9]
    SLICE_X105Y93        LUT4 (Prop_lut4_I3_O)        0.124    14.319 f  u_cpu/u_csr_exception_commit_handler/uncached_r_i_31/O
                         net (fo=1, routed)           0.588    14.907    u_cpu/u_csr_exception_commit_handler/uncached_r_i_31_n_0
    SLICE_X103Y90        LUT5 (Prop_lut5_I4_O)        0.124    15.031 f  u_cpu/u_csr_exception_commit_handler/uncached_r_i_19/O
                         net (fo=1, routed)           0.571    15.602    u_cpu/u_csr_exception_commit_handler/uncached_r_i_19_n_0
    SLICE_X102Y89        LUT6 (Prop_lut6_I0_O)        0.124    15.726 f  u_cpu/u_csr_exception_commit_handler/uncached_r_i_12/O
                         net (fo=1, routed)           0.446    16.171    u_cpu/u_csr_exception_commit_handler/uncached_r_i_12_n_0
    SLICE_X101Y88        LUT6 (Prop_lut6_I1_O)        0.124    16.295 r  u_cpu/u_csr_exception_commit_handler/uncached_r_i_6/O
                         net (fo=2, routed)           0.667    16.962    u_cpu/u_csr_exception_commit_handler/uncached_r_i_6_n_0
    SLICE_X100Y87        LUT3 (Prop_lut3_I2_O)        0.150    17.112 f  u_cpu/u_csr_exception_commit_handler/uncached_r_i_3/O
                         net (fo=3, routed)           0.685    17.797    u_cpu/u_csr_exception_commit_handler/dcache_req_mat[0]
    SLICE_X92Y82         LUT6 (Prop_lut6_I1_O)        0.355    18.152 f  u_cpu/u_csr_exception_commit_handler/load_rdata_hold[31]_i_13/O
                         net (fo=2, routed)           0.670    18.822    u_cpu/u_csr_exception_commit_handler/load_rdata_hold[31]_i_13_n_0
    SLICE_X89Y80         LUT3 (Prop_lut3_I0_O)        0.124    18.946 f  u_cpu/u_csr_exception_commit_handler/load_rdata_hold[31]_i_9/O
                         net (fo=137, routed)         0.753    19.699    u_cpu/u_csr_exception_commit_handler/FSM_sequential_state_reg[1]_0
    SLICE_X88Y79         LUT2 (Prop_lut2_I1_O)        0.124    19.823 r  u_cpu/u_csr_exception_commit_handler/load_rdata_hold[31]_i_5/O
                         net (fo=136, routed)         0.596    20.419    u_cpu/u_dcache/FSM_sequential_state_reg[0]_4
    SLICE_X86Y80         LUT2 (Prop_lut2_I1_O)        0.124    20.543 f  u_cpu/u_dcache/dcache_resp_pending_i_2/O
                         net (fo=3, routed)           0.441    20.984    u_cpu/u_mem_req_tracker/dcache_mem_data_ok
    SLICE_X86Y81         LUT6 (Prop_lut6_I2_O)        0.124    21.108 f  u_cpu/u_mem_req_tracker/ld_req_accepted_pending_i_2/O
                         net (fo=2, routed)           0.313    21.421    u_cpu/u_mem_req_tracker/ld_req_accepted_pending_i_2_n_0
    SLICE_X84Y81         LUT5 (Prop_lut5_I3_O)        0.124    21.545 f  u_cpu/u_mem_req_tracker/load_rdata_hold[31]_i_7/O
                         net (fo=60, routed)          1.231    22.777    u_cpu/u_EXE_MEM_reg/data_r_complete_qual_mem
    SLICE_X77Y84         LUT4 (Prop_lut4_I3_O)        0.124    22.901 f  u_cpu/u_EXE_MEM_reg/exe_alu_or_addr_out[31]_i_3/O
                         net (fo=8, routed)           0.695    23.596    u_cpu/u_pipeline_controller/MEM_allowIn
    SLICE_X70Y82         LUT6 (Prop_lut6_I1_O)        0.124    23.720 f  u_cpu/u_pipeline_controller/cache_op_valid_out[1]_i_7/O
                         net (fo=7, routed)           0.589    24.309    u_cpu/u_pipeline_controller/MEM_valid_reg_rep_2
    SLICE_X67Y80         LUT6 (Prop_lut6_I3_O)        0.124    24.433 f  u_cpu/u_pipeline_controller/tlb_ex_valid_out[3]_i_4__0/O
                         net (fo=5, routed)           0.477    24.910    u_cpu/u_csr_exception_commit_handler/inst_req_in0
    SLICE_X65Y80         LUT6 (Prop_lut6_I5_O)        0.124    25.034 f  u_cpu/u_csr_exception_commit_handler/tlb_ex_valid_out[3]_i_8__0/O
                         net (fo=1, routed)           0.427    25.461    u_cpu/u_tlb_manager/u_tlb/p_15_in
    SLICE_X64Y79         LUT6 (Prop_lut6_I5_O)        0.124    25.585 f  u_cpu/u_tlb_manager/u_tlb/tlb_ex_valid_out[3]_i_3__0/O
                         net (fo=6, routed)           0.450    26.035    u_cpu/u_csr_exception_commit_handler/tlbm_inst_ex_ppi
    SLICE_X65Y77         LUT6 (Prop_lut6_I2_O)        0.124    26.159 f  u_cpu/u_csr_exception_commit_handler/rd_is_ic_i_3/O
                         net (fo=13, routed)          0.314    26.473    u_cpu/u_icache/icache_tlb_excp_cancel_req
    SLICE_X65Y77         LUT4 (Prop_lut4_I0_O)        0.120    26.594 r  u_cpu/u_icache/rd_is_line_i_3/O
                         net (fo=1, routed)           1.171    27.765    u_cpu/u_dcache/axi_ic_rd_req
    SLICE_X76Y78         LUT5 (Prop_lut5_I0_O)        0.327    28.092 r  u_cpu/u_dcache/rd_is_line_i_1/O
                         net (fo=40, routed)          0.783    28.875    u_cpu/u_axi_line_bridge/rd_word_sel
    SLICE_X82Y77         LUT4 (Prop_lut4_I3_O)        0.124    28.999 r  u_cpu/u_axi_line_bridge/rd_buf[127]_i_1/O
                         net (fo=128, routed)         1.424    30.422    u_cpu/u_axi_line_bridge/rd_buf[127]_i_1_n_0
    SLICE_X101Y76        FDRE                                         r  u_cpu/u_axi_line_bridge/rd_buf_reg[107]/CE
  -------------------------------------------------------------------    -------------------

                         (clock cpu_clk_clk_pll rise edge)
                                                     33.333    33.333 r  
    AC19                                              0.000    33.333 r  clk (IN)
                         net (fo=0)                   0.000    33.333    pll.clk_pll/inst/clk_in1
    AC19                 IBUF (Prop_ibuf_I_O)         1.414    34.748 r  pll.clk_pll/inst/clkin1_ibufg/O
                         net (fo=1, routed)           1.531    36.279    pll.clk_pll/inst/clk_in1_clk_pll
    PLLE2_ADV_X0Y2       PLLE2_ADV (Prop_plle2_adv_CLKIN1_CLKOUT0)
                                                     -8.262    28.017 r  pll.clk_pll/inst/plle2_adv_inst/CLKOUT0
                         net (fo=1, routed)           1.755    29.772    pll.clk_pll/inst/cpu_clk_clk_pll
    BUFGCTRL_X0Y0        BUFG (Prop_bufg_I_O)         0.091    29.863 r  pll.clk_pll/inst/clkout1_buf/O
                         net (fo=12170, routed)       1.704    31.567    u_cpu/u_axi_line_bridge/cpu_clk
    SLICE_X101Y76        FDRE                                         r  u_cpu/u_axi_line_bridge/rd_buf_reg[107]/C
                         clock pessimism             -0.410    31.158    
                         clock uncertainty           -0.095    31.062    
    SLICE_X101Y76        FDRE (Setup_fdre_C_CE)      -0.205    30.857    u_cpu/u_axi_line_bridge/rd_buf_reg[107]
  -------------------------------------------------------------------
                         required time                         30.857    
                         arrival time                         -30.422    
  -------------------------------------------------------------------
                         slack                                  0.435    





Min Delay Paths
--------------------------------------------------------------------------------------
Slack (MET) :             0.019ns  (arrival time - required time)
  Source:                 u_cpu/u_dcache/victim_line_reg[121]/C
                            (rising edge-triggered cell FDRE clocked by cpu_clk_clk_pll  {rise@0.000ns fall@16.667ns period=33.333ns})
  Destination:            u_cpu/u_axi_line_bridge/wr_data_buf_reg[121]/D
                            (rising edge-triggered cell FDRE clocked by cpu_clk_clk_pll  {rise@0.000ns fall@16.667ns period=33.333ns})
  Path Group:             cpu_clk_clk_pll
  Path Type:              Hold (Min at Fast Process Corner)
  Requirement:            0.000ns  (cpu_clk_clk_pll rise@0.000ns - cpu_clk_clk_pll rise@0.000ns)
  Data Path Delay:        0.389ns  (logic 0.190ns (48.790%)  route 0.199ns (51.210%))
  Logic Levels:           1  (LUT2=1)
  Clock Path Skew:        0.263ns (DCD - SCD - CPR)
    Destination Clock Delay (DCD):    -0.256ns
    Source Clock Delay      (SCD):    -0.496ns
    Clock Pessimism Removal (CPR):    -0.023ns

    Location             Delay type                Incr(ns)  Path(ns)    Netlist Resource(s)
  -------------------------------------------------------------------    -------------------
                         (clock cpu_clk_clk_pll rise edge)
                                                      0.000     0.000 r  
    AC19                                              0.000     0.000 r  clk (IN)
                         net (fo=0)                   0.000     0.000    pll.clk_pll/inst/clk_in1
    AC19                 IBUF (Prop_ibuf_I_O)         0.253     0.253 r  pll.clk_pll/inst/clkin1_ibufg/O
                         net (fo=1, routed)           0.565     0.818    pll.clk_pll/inst/clk_in1_clk_pll
    PLLE2_ADV_X0Y2       PLLE2_ADV (Prop_plle2_adv_CLKIN1_CLKOUT0)
                                                     -2.523    -1.705 r  pll.clk_pll/inst/plle2_adv_inst/CLKOUT0
                         net (fo=1, routed)           0.560    -1.146    pll.clk_pll/inst/cpu_clk_clk_pll
    BUFGCTRL_X0Y0        BUFG (Prop_bufg_I_O)         0.026    -1.120 r  pll.clk_pll/inst/clkout1_buf/O
                         net (fo=12170, routed)       0.623    -0.496    u_cpu/u_dcache/cpu_clk
    SLICE_X87Y70         FDRE                                         r  u_cpu/u_dcache/victim_line_reg[121]/C
  -------------------------------------------------------------------    -------------------
    SLICE_X87Y70         FDRE (Prop_fdre_C_Q)         0.141    -0.355 r  u_cpu/u_dcache/victim_line_reg[121]/Q
                         net (fo=1, routed)           0.199    -0.156    u_cpu/u_dcache/victim_line[121]
    SLICE_X79Y71         LUT2 (Prop_lut2_I0_O)        0.049    -0.107 r  u_cpu/u_dcache/wr_data_buf[121]_i_1/O
                         net (fo=1, routed)           0.000    -0.107    u_cpu/u_axi_line_bridge/wr_data_buf_reg[127]_0[121]
    SLICE_X79Y71         FDRE                                         r  u_cpu/u_axi_line_bridge/wr_data_buf_reg[121]/D
  -------------------------------------------------------------------    -------------------

                         (clock cpu_clk_clk_pll rise edge)
                                                      0.000     0.000 r  
    AC19                                              0.000     0.000 r  clk (IN)
                         net (fo=0)                   0.000     0.000    pll.clk_pll/inst/clk_in1
    AC19                 IBUF (Prop_ibuf_I_O)         0.441     0.441 r  pll.clk_pll/inst/clkin1_ibufg/O
                         net (fo=1, routed)           0.620     1.061    pll.clk_pll/inst/clk_in1_clk_pll
    PLLE2_ADV_X0Y2       PLLE2_ADV (Prop_plle2_adv_CLKIN1_CLKOUT0)
                                                     -2.851    -1.790 r  pll.clk_pll/inst/plle2_adv_inst/CLKOUT0
                         net (fo=1, routed)           0.611    -1.180    pll.clk_pll/inst/cpu_clk_clk_pll
    BUFGCTRL_X0Y0        BUFG (Prop_bufg_I_O)         0.029    -1.151 r  pll.clk_pll/inst/clkout1_buf/O
                         net (fo=12170, routed)       0.895    -0.256    u_cpu/u_axi_line_bridge/cpu_clk
    SLICE_X79Y71         FDRE                                         r  u_cpu/u_axi_line_bridge/wr_data_buf_reg[121]/C
                         clock pessimism              0.023    -0.233    
    SLICE_X79Y71         FDRE (Hold_fdre_C_D)         0.107    -0.126    u_cpu/u_axi_line_bridge/wr_data_buf_reg[121]
  -------------------------------------------------------------------
                         required time                          0.126    
                         arrival time                          -0.107    
  -------------------------------------------------------------------
                         slack                                  0.019    

Slack (MET) :             0.024ns  (arrival time - required time)
  Source:                 u_cpu/u_dcache/victim_line_reg[50]/C
                            (rising edge-triggered cell FDRE clocked by cpu_clk_clk_pll  {rise@0.000ns fall@16.667ns period=33.333ns})
  Destination:            u_cpu/u_axi_line_bridge/wr_data_buf_reg[50]/D
                            (rising edge-triggered cell FDRE clocked by cpu_clk_clk_pll  {rise@0.000ns fall@16.667ns period=33.333ns})
  Path Group:             cpu_clk_clk_pll
  Path Type:              Hold (Min at Fast Process Corner)
  Requirement:            0.000ns  (cpu_clk_clk_pll rise@0.000ns - cpu_clk_clk_pll rise@0.000ns)
  Data Path Delay:        0.380ns  (logic 0.186ns (48.919%)  route 0.194ns (51.081%))
  Logic Levels:           1  (LUT2=1)
  Clock Path Skew:        0.264ns (DCD - SCD - CPR)
    Destination Clock Delay (DCD):    -0.258ns
    Source Clock Delay      (SCD):    -0.499ns
    Clock Pessimism Removal (CPR):    -0.023ns

    Location             Delay type                Incr(ns)  Path(ns)    Netlist Resource(s)
  -------------------------------------------------------------------    -------------------
                         (clock cpu_clk_clk_pll rise edge)
                                                      0.000     0.000 r  
    AC19                                              0.000     0.000 r  clk (IN)
                         net (fo=0)                   0.000     0.000    pll.clk_pll/inst/clk_in1
    AC19                 IBUF (Prop_ibuf_I_O)         0.253     0.253 r  pll.clk_pll/inst/clkin1_ibufg/O
                         net (fo=1, routed)           0.565     0.818    pll.clk_pll/inst/clk_in1_clk_pll
    PLLE2_ADV_X0Y2       PLLE2_ADV (Prop_plle2_adv_CLKIN1_CLKOUT0)
                                                     -2.523    -1.705 r  pll.clk_pll/inst/plle2_adv_inst/CLKOUT0
                         net (fo=1, routed)           0.560    -1.146    pll.clk_pll/inst/cpu_clk_clk_pll
    BUFGCTRL_X0Y0        BUFG (Prop_bufg_I_O)         0.026    -1.120 r  pll.clk_pll/inst/clkout1_buf/O
                         net (fo=12170, routed)       0.620    -0.499    u_cpu/u_dcache/cpu_clk
    SLICE_X85Y76         FDRE                                         r  u_cpu/u_dcache/victim_line_reg[50]/C
  -------------------------------------------------------------------    -------------------
    SLICE_X85Y76         FDRE (Prop_fdre_C_Q)         0.141    -0.358 r  u_cpu/u_dcache/victim_line_reg[50]/Q
                         net (fo=1, routed)           0.194    -0.164    u_cpu/u_dcache/victim_line[50]
    SLICE_X82Y78         LUT2 (Prop_lut2_I0_O)        0.045    -0.119 r  u_cpu/u_dcache/wr_data_buf[50]_i_1/O
                         net (fo=1, routed)           0.000    -0.119    u_cpu/u_axi_line_bridge/wr_data_buf_reg[127]_0[50]
    SLICE_X82Y78         FDRE                                         r  u_cpu/u_axi_line_bridge/wr_data_buf_reg[50]/D
  -------------------------------------------------------------------    -------------------

                         (clock cpu_clk_clk_pll rise edge)
                                                      0.000     0.000 r  
    AC19                                              0.000     0.000 r  clk (IN)
                         net (fo=0)                   0.000     0.000    pll.clk_pll/inst/clk_in1
    AC19                 IBUF (Prop_ibuf_I_O)         0.441     0.441 r  pll.clk_pll/inst/clkin1_ibufg/O
                         net (fo=1, routed)           0.620     1.061    pll.clk_pll/inst/clk_in1_clk_pll
    PLLE2_ADV_X0Y2       PLLE2_ADV (Prop_plle2_adv_CLKIN1_CLKOUT0)
                                                     -2.851    -1.790 r  pll.clk_pll/inst/plle2_adv_inst/CLKOUT0
                         net (fo=1, routed)           0.611    -1.180    pll.clk_pll/inst/cpu_clk_clk_pll
    BUFGCTRL_X0Y0        BUFG (Prop_bufg_I_O)         0.029    -1.151 r  pll.clk_pll/inst/clkout1_buf/O
                         net (fo=12170, routed)       0.893    -0.258    u_cpu/u_axi_line_bridge/cpu_clk
    SLICE_X82Y78         FDRE                                         r  u_cpu/u_axi_line_bridge/wr_data_buf_reg[50]/C
                         clock pessimism              0.023    -0.235    
    SLICE_X82Y78         FDRE (Hold_fdre_C_D)         0.092    -0.143    u_cpu/u_axi_line_bridge/wr_data_buf_reg[50]
  -------------------------------------------------------------------
                         required time                          0.143    
                         arrival time                          -0.119    
  -------------------------------------------------------------------
                         slack                                  0.024    

Slack (MET) :             0.056ns  (arrival time - required time)
  Source:                 u_cpu/u_dcache/victim_line_reg[82]/C
                            (rising edge-triggered cell FDRE clocked by cpu_clk_clk_pll  {rise@0.000ns fall@16.667ns period=33.333ns})
  Destination:            u_cpu/u_axi_line_bridge/wr_data_buf_reg[82]/D
                            (rising edge-triggered cell FDRE clocked by cpu_clk_clk_pll  {rise@0.000ns fall@16.667ns period=33.333ns})
  Path Group:             cpu_clk_clk_pll
  Path Type:              Hold (Min at Fast Process Corner)
  Requirement:            0.000ns  (cpu_clk_clk_pll rise@0.000ns - cpu_clk_clk_pll rise@0.000ns)
  Data Path Delay:        0.412ns  (logic 0.186ns (45.149%)  route 0.226ns (54.851%))
  Logic Levels:           1  (LUT2=1)
  Clock Path Skew:        0.264ns (DCD - SCD - CPR)
    Destination Clock Delay (DCD):    -0.258ns
    Source Clock Delay      (SCD):    -0.499ns
    Clock Pessimism Removal (CPR):    -0.023ns

    Location             Delay type                Incr(ns)  Path(ns)    Netlist Resource(s)
  -------------------------------------------------------------------    -------------------
                         (clock cpu_clk_clk_pll rise edge)
                                                      0.000     0.000 r  
    AC19                                              0.000     0.000 r  clk (IN)
                         net (fo=0)                   0.000     0.000    pll.clk_pll/inst/clk_in1
    AC19                 IBUF (Prop_ibuf_I_O)         0.253     0.253 r  pll.clk_pll/inst/clkin1_ibufg/O
                         net (fo=1, routed)           0.565     0.818    pll.clk_pll/inst/clk_in1_clk_pll
    PLLE2_ADV_X0Y2       PLLE2_ADV (Prop_plle2_adv_CLKIN1_CLKOUT0)
                                                     -2.523    -1.705 r  pll.clk_pll/inst/plle2_adv_inst/CLKOUT0
                         net (fo=1, routed)           0.560    -1.146    pll.clk_pll/inst/cpu_clk_clk_pll
    BUFGCTRL_X0Y0        BUFG (Prop_bufg_I_O)         0.026    -1.120 r  pll.clk_pll/inst/clkout1_buf/O
                         net (fo=12170, routed)       0.620    -0.499    u_cpu/u_dcache/cpu_clk
    SLICE_X86Y76         FDRE                                         r  u_cpu/u_dcache/victim_line_reg[82]/C
  -------------------------------------------------------------------    -------------------
    SLICE_X86Y76         FDRE (Prop_fdre_C_Q)         0.141    -0.358 r  u_cpu/u_dcache/victim_line_reg[82]/Q
                         net (fo=1, routed)           0.226    -0.132    u_cpu/u_dcache/victim_line[82]
    SLICE_X82Y78         LUT2 (Prop_lut2_I0_O)        0.045    -0.087 r  u_cpu/u_dcache/wr_data_buf[82]_i_1/O
                         net (fo=1, routed)           0.000    -0.087    u_cpu/u_axi_line_bridge/wr_data_buf_reg[127]_0[82]
    SLICE_X82Y78         FDRE                                         r  u_cpu/u_axi_line_bridge/wr_data_buf_reg[82]/D
  -------------------------------------------------------------------    -------------------

                         (clock cpu_clk_clk_pll rise edge)
                                                      0.000     0.000 r  
    AC19                                              0.000     0.000 r  clk (IN)
                         net (fo=0)                   0.000     0.000    pll.clk_pll/inst/clk_in1
    AC19                 IBUF (Prop_ibuf_I_O)         0.441     0.441 r  pll.clk_pll/inst/clkin1_ibufg/O
                         net (fo=1, routed)           0.620     1.061    pll.clk_pll/inst/clk_in1_clk_pll
    PLLE2_ADV_X0Y2       PLLE2_ADV (Prop_plle2_adv_CLKIN1_CLKOUT0)
                                                     -2.851    -1.790 r  pll.clk_pll/inst/plle2_adv_inst/CLKOUT0
                         net (fo=1, routed)           0.611    -1.180    pll.clk_pll/inst/cpu_clk_clk_pll
    BUFGCTRL_X0Y0        BUFG (Prop_bufg_I_O)         0.029    -1.151 r  pll.clk_pll/inst/clkout1_buf/O
                         net (fo=12170, routed)       0.893    -0.258    u_cpu/u_axi_line_bridge/cpu_clk
    SLICE_X82Y78         FDRE                                         r  u_cpu/u_axi_line_bridge/wr_data_buf_reg[82]/C
                         clock pessimism              0.023    -0.235    
    SLICE_X82Y78         FDRE (Hold_fdre_C_D)         0.092    -0.143    u_cpu/u_axi_line_bridge/wr_data_buf_reg[82]
  -------------------------------------------------------------------
                         required time                          0.143    
                         arrival time                          -0.087    
  -------------------------------------------------------------------
                         slack                                  0.056    

Slack (MET) :             0.064ns  (arrival time - required time)
  Source:                 u_axi_ram/ram/U0/inst_blk_mem_gen/gnbram.gaxibmg.axi_wr_fsm/gaxi_bid_gen.bvalid_wr_cnt_r_reg[1]/C
                            (rising edge-triggered cell FDRE clocked by cpu_clk_clk_pll  {rise@0.000ns fall@16.667ns period=33.333ns})
  Destination:            u_axi_ram/ram/U0/inst_blk_mem_gen/gnbram.gaxibmg.axi_wr_fsm/gaxi_bid_gen.axi_bid_array_reg_0_3_0_3/RAMA/WADR1
                            (rising edge-triggered cell RAMD32 clocked by cpu_clk_clk_pll  {rise@0.000ns fall@16.667ns period=33.333ns})
  Path Group:             cpu_clk_clk_pll
  Path Type:              Hold (Min at Fast Process Corner)
  Requirement:            0.000ns  (cpu_clk_clk_pll rise@0.000ns - cpu_clk_clk_pll rise@0.000ns)
  Data Path Delay:        0.388ns  (logic 0.141ns (36.314%)  route 0.247ns (63.686%))
  Logic Levels:           0  
  Clock Path Skew:        0.015ns (DCD - SCD - CPR)
    Destination Clock Delay (DCD):    -0.302ns
    Source Clock Delay      (SCD):    -0.541ns
    Clock Pessimism Removal (CPR):    0.224ns

    Location             Delay type                Incr(ns)  Path(ns)    Netlist Resource(s)
  -------------------------------------------------------------------    -------------------
                         (clock cpu_clk_clk_pll rise edge)
                                                      0.000     0.000 r  
    AC19                                              0.000     0.000 r  clk (IN)
                         net (fo=0)                   0.000     0.000    pll.clk_pll/inst/clk_in1
    AC19                 IBUF (Prop_ibuf_I_O)         0.253     0.253 r  pll.clk_pll/inst/clkin1_ibufg/O
                         net (fo=1, routed)           0.565     0.818    pll.clk_pll/inst/clk_in1_clk_pll
    PLLE2_ADV_X0Y2       PLLE2_ADV (Prop_plle2_adv_CLKIN1_CLKOUT0)
                                                     -2.523    -1.705 r  pll.clk_pll/inst/plle2_adv_inst/CLKOUT0
                         net (fo=1, routed)           0.560    -1.146    pll.clk_pll/inst/cpu_clk_clk_pll
    BUFGCTRL_X0Y0        BUFG (Prop_bufg_I_O)         0.026    -1.120 r  pll.clk_pll/inst/clkout1_buf/O
                         net (fo=12170, routed)       0.579    -0.541    u_axi_ram/ram/U0/inst_blk_mem_gen/gnbram.gaxibmg.axi_wr_fsm/s_aclk
    SLICE_X59Y113        FDRE                                         r  u_axi_ram/ram/U0/inst_blk_mem_gen/gnbram.gaxibmg.axi_wr_fsm/gaxi_bid_gen.bvalid_wr_cnt_r_reg[1]/C
  -------------------------------------------------------------------    -------------------
    SLICE_X59Y113        FDRE (Prop_fdre_C_Q)         0.141    -0.400 r  u_axi_ram/ram/U0/inst_blk_mem_gen/gnbram.gaxibmg.axi_wr_fsm/gaxi_bid_gen.bvalid_wr_cnt_r_reg[1]/Q
                         net (fo=9, routed)           0.247    -0.153    u_axi_ram/ram/U0/inst_blk_mem_gen/gnbram.gaxibmg.axi_wr_fsm/gaxi_bid_gen.axi_bid_array_reg_0_3_0_3/ADDRD1
    SLICE_X60Y113        RAMD32                                       r  u_axi_ram/ram/U0/inst_blk_mem_gen/gnbram.gaxibmg.axi_wr_fsm/gaxi_bid_gen.axi_bid_array_reg_0_3_0_3/RAMA/WADR1
  -------------------------------------------------------------------    -------------------

                         (clock cpu_clk_clk_pll rise edge)
                                                      0.000     0.000 r  
    AC19                                              0.000     0.000 r  clk (IN)
                         net (fo=0)                   0.000     0.000    pll.clk_pll/inst/clk_in1
    AC19                 IBUF (Prop_ibuf_I_O)         0.441     0.441 r  pll.clk_pll/inst/clkin1_ibufg/O
                         net (fo=1, routed)           0.620     1.061    pll.clk_pll/inst/clk_in1_clk_pll
    PLLE2_ADV_X0Y2       PLLE2_ADV (Prop_plle2_adv_CLKIN1_CLKOUT0)
                                                     -2.851    -1.790 r  pll.clk_pll/inst/plle2_adv_inst/CLKOUT0
                         net (fo=1, routed)           0.611    -1.180    pll.clk_pll/inst/cpu_clk_clk_pll
    BUFGCTRL_X0Y0        BUFG (Prop_bufg_I_O)         0.029    -1.151 r  pll.clk_pll/inst/clkout1_buf/O
                         net (fo=12170, routed)       0.849    -0.302    u_axi_ram/ram/U0/inst_blk_mem_gen/gnbram.gaxibmg.axi_wr_fsm/gaxi_bid_gen.axi_bid_array_reg_0_3_0_3/WCLK
    SLICE_X60Y113        RAMD32                                       r  u_axi_ram/ram/U0/inst_blk_mem_gen/gnbram.gaxibmg.axi_wr_fsm/gaxi_bid_gen.axi_bid_array_reg_0_3_0_3/RAMA/CLK
                         clock pessimism             -0.224    -0.526    
    SLICE_X60Y113        RAMD32 (Hold_ramd32_CLK_WADR1)
                                                      0.309    -0.217    u_axi_ram/ram/U0/inst_blk_mem_gen/gnbram.gaxibmg.axi_wr_fsm/gaxi_bid_gen.axi_bid_array_reg_0_3_0_3/RAMA
  -------------------------------------------------------------------
                         required time                          0.217    
                         arrival time                          -0.153    
  -------------------------------------------------------------------
                         slack                                  0.064    

Slack (MET) :             0.064ns  (arrival time - required time)
  Source:                 u_axi_ram/ram/U0/inst_blk_mem_gen/gnbram.gaxibmg.axi_wr_fsm/gaxi_bid_gen.bvalid_wr_cnt_r_reg[1]/C
                            (rising edge-triggered cell FDRE clocked by cpu_clk_clk_pll  {rise@0.000ns fall@16.667ns period=33.333ns})
  Destination:            u_axi_ram/ram/U0/inst_blk_mem_gen/gnbram.gaxibmg.axi_wr_fsm/gaxi_bid_gen.axi_bid_array_reg_0_3_0_3/RAMA_D1/WADR1
                            (rising edge-triggered cell RAMD32 clocked by cpu_clk_clk_pll  {rise@0.000ns fall@16.667ns period=33.333ns})
  Path Group:             cpu_clk_clk_pll
  Path Type:              Hold (Min at Fast Process Corner)
  Requirement:            0.000ns  (cpu_clk_clk_pll rise@0.000ns - cpu_clk_clk_pll rise@0.000ns)
  Data Path Delay:        0.388ns  (logic 0.141ns (36.314%)  route 0.247ns (63.686%))
  Logic Levels:           0  
  Clock Path Skew:        0.015ns (DCD - SCD - CPR)
    Destination Clock Delay (DCD):    -0.302ns
    Source Clock Delay      (SCD):    -0.541ns
    Clock Pessimism Removal (CPR):    0.224ns

    Location             Delay type                Incr(ns)  Path(ns)    Netlist Resource(s)
  -------------------------------------------------------------------    -------------------
                         (clock cpu_clk_clk_pll rise edge)
                                                      0.000     0.000 r  
    AC19                                              0.000     0.000 r  clk (IN)
                         net (fo=0)                   0.000     0.000    pll.clk_pll/inst/clk_in1
    AC19                 IBUF (Prop_ibuf_I_O)         0.253     0.253 r  pll.clk_pll/inst/clkin1_ibufg/O
                         net (fo=1, routed)           0.565     0.818    pll.clk_pll/inst/clk_in1_clk_pll
    PLLE2_ADV_X0Y2       PLLE2_ADV (Prop_plle2_adv_CLKIN1_CLKOUT0)
                                                     -2.523    -1.705 r  pll.clk_pll/inst/plle2_adv_inst/CLKOUT0
                         net (fo=1, routed)           0.560    -1.146    pll.clk_pll/inst/cpu_clk_clk_pll
    BUFGCTRL_X0Y0        BUFG (Prop_bufg_I_O)         0.026    -1.120 r  pll.clk_pll/inst/clkout1_buf/O
                         net (fo=12170, routed)       0.579    -0.541    u_axi_ram/ram/U0/inst_blk_mem_gen/gnbram.gaxibmg.axi_wr_fsm/s_aclk
    SLICE_X59Y113        FDRE                                         r  u_axi_ram/ram/U0/inst_blk_mem_gen/gnbram.gaxibmg.axi_wr_fsm/gaxi_bid_gen.bvalid_wr_cnt_r_reg[1]/C
  -------------------------------------------------------------------    -------------------
    SLICE_X59Y113        FDRE (Prop_fdre_C_Q)         0.141    -0.400 r  u_axi_ram/ram/U0/inst_blk_mem_gen/gnbram.gaxibmg.axi_wr_fsm/gaxi_bid_gen.bvalid_wr_cnt_r_reg[1]/Q
                         net (fo=9, routed)           0.247    -0.153    u_axi_ram/ram/U0/inst_blk_mem_gen/gnbram.gaxibmg.axi_wr_fsm/gaxi_bid_gen.axi_bid_array_reg_0_3_0_3/ADDRD1
    SLICE_X60Y113        RAMD32                                       r  u_axi_ram/ram/U0/inst_blk_mem_gen/gnbram.gaxibmg.axi_wr_fsm/gaxi_bid_gen.axi_bid_array_reg_0_3_0_3/RAMA_D1/WADR1
  -------------------------------------------------------------------    -------------------

                         (clock cpu_clk_clk_pll rise edge)
                                                      0.000     0.000 r  
    AC19                                              0.000     0.000 r  clk (IN)
                         net (fo=0)                   0.000     0.000    pll.clk_pll/inst/clk_in1
    AC19                 IBUF (Prop_ibuf_I_O)         0.441     0.441 r  pll.clk_pll/inst/clkin1_ibufg/O
                         net (fo=1, routed)           0.620     1.061    pll.clk_pll/inst/clk_in1_clk_pll
    PLLE2_ADV_X0Y2       PLLE2_ADV (Prop_plle2_adv_CLKIN1_CLKOUT0)
                                                     -2.851    -1.790 r  pll.clk_pll/inst/plle2_adv_inst/CLKOUT0
                         net (fo=1, routed)           0.611    -1.180    pll.clk_pll/inst/cpu_clk_clk_pll
    BUFGCTRL_X0Y0        BUFG (Prop_bufg_I_O)         0.029    -1.151 r  pll.clk_pll/inst/clkout1_buf/O
                         net (fo=12170, routed)       0.849    -0.302    u_axi_ram/ram/U0/inst_blk_mem_gen/gnbram.gaxibmg.axi_wr_fsm/gaxi_bid_gen.axi_bid_array_reg_0_3_0_3/WCLK
    SLICE_X60Y113        RAMD32                                       r  u_axi_ram/ram/U0/inst_blk_mem_gen/gnbram.gaxibmg.axi_wr_fsm/gaxi_bid_gen.axi_bid_array_reg_0_3_0_3/RAMA_D1/CLK
                         clock pessimism             -0.224    -0.526    
    SLICE_X60Y113        RAMD32 (Hold_ramd32_CLK_WADR1)
                                                      0.309    -0.217    u_axi_ram/ram/U0/inst_blk_mem_gen/gnbram.gaxibmg.axi_wr_fsm/gaxi_bid_gen.axi_bid_array_reg_0_3_0_3/RAMA_D1
  -------------------------------------------------------------------
                         required time                          0.217    
                         arrival time                          -0.153    
  -------------------------------------------------------------------
                         slack                                  0.064    

Slack (MET) :             0.064ns  (arrival time - required time)
  Source:                 u_axi_ram/ram/U0/inst_blk_mem_gen/gnbram.gaxibmg.axi_wr_fsm/gaxi_bid_gen.bvalid_wr_cnt_r_reg[1]/C
                            (rising edge-triggered cell FDRE clocked by cpu_clk_clk_pll  {rise@0.000ns fall@16.667ns period=33.333ns})
  Destination:            u_axi_ram/ram/U0/inst_blk_mem_gen/gnbram.gaxibmg.axi_wr_fsm/gaxi_bid_gen.axi_bid_array_reg_0_3_0_3/RAMB/WADR1
                            (rising edge-triggered cell RAMD32 clocked by cpu_clk_clk_pll  {rise@0.000ns fall@16.667ns period=33.333ns})
  Path Group:             cpu_clk_clk_pll
  Path Type:              Hold (Min at Fast Process Corner)
  Requirement:            0.000ns  (cpu_clk_clk_pll rise@0.000ns - cpu_clk_clk_pll rise@0.000ns)
  Data Path Delay:        0.388ns  (logic 0.141ns (36.314%)  route 0.247ns (63.686%))
  Logic Levels:           0  
  Clock Path Skew:        0.015ns (DCD - SCD - CPR)
    Destination Clock Delay (DCD):    -0.302ns
    Source Clock Delay      (SCD):    -0.541ns
    Clock Pessimism Removal (CPR):    0.224ns

    Location             Delay type                Incr(ns)  Path(ns)    Netlist Resource(s)
  -------------------------------------------------------------------    -------------------
                         (clock cpu_clk_clk_pll rise edge)
                                                      0.000     0.000 r  
    AC19                                              0.000     0.000 r  clk (IN)
                         net (fo=0)                   0.000     0.000    pll.clk_pll/inst/clk_in1
    AC19                 IBUF (Prop_ibuf_I_O)         0.253     0.253 r  pll.clk_pll/inst/clkin1_ibufg/O
                         net (fo=1, routed)           0.565     0.818    pll.clk_pll/inst/clk_in1_clk_pll
    PLLE2_ADV_X0Y2       PLLE2_ADV (Prop_plle2_adv_CLKIN1_CLKOUT0)
                                                     -2.523    -1.705 r  pll.clk_pll/inst/plle2_adv_inst/CLKOUT0
                         net (fo=1, routed)           0.560    -1.146    pll.clk_pll/inst/cpu_clk_clk_pll
    BUFGCTRL_X0Y0        BUFG (Prop_bufg_I_O)         0.026    -1.120 r  pll.clk_pll/inst/clkout1_buf/O
                         net (fo=12170, routed)       0.579    -0.541    u_axi_ram/ram/U0/inst_blk_mem_gen/gnbram.gaxibmg.axi_wr_fsm/s_aclk
    SLICE_X59Y113        FDRE                                         r  u_axi_ram/ram/U0/inst_blk_mem_gen/gnbram.gaxibmg.axi_wr_fsm/gaxi_bid_gen.bvalid_wr_cnt_r_reg[1]/C
  -------------------------------------------------------------------    -------------------
    SLICE_X59Y113        FDRE (Prop_fdre_C_Q)         0.141    -0.400 r  u_axi_ram/ram/U0/inst_blk_mem_gen/gnbram.gaxibmg.axi_wr_fsm/gaxi_bid_gen.bvalid_wr_cnt_r_reg[1]/Q
                         net (fo=9, routed)           0.247    -0.153    u_axi_ram/ram/U0/inst_blk_mem_gen/gnbram.gaxibmg.axi_wr_fsm/gaxi_bid_gen.axi_bid_array_reg_0_3_0_3/ADDRD1
    SLICE_X60Y113        RAMD32                                       r  u_axi_ram/ram/U0/inst_blk_mem_gen/gnbram.gaxibmg.axi_wr_fsm/gaxi_bid_gen.axi_bid_array_reg_0_3_0_3/RAMB/WADR1
  -------------------------------------------------------------------    -------------------

                         (clock cpu_clk_clk_pll rise edge)
                                                      0.000     0.000 r  
    AC19                                              0.000     0.000 r  clk (IN)
                         net (fo=0)                   0.000     0.000    pll.clk_pll/inst/clk_in1
    AC19                 IBUF (Prop_ibuf_I_O)         0.441     0.441 r  pll.clk_pll/inst/clkin1_ibufg/O
                         net (fo=1, routed)           0.620     1.061    pll.clk_pll/inst/clk_in1_clk_pll
    PLLE2_ADV_X0Y2       PLLE2_ADV (Prop_plle2_adv_CLKIN1_CLKOUT0)
                                                     -2.851    -1.790 r  pll.clk_pll/inst/plle2_adv_inst/CLKOUT0
                         net (fo=1, routed)           0.611    -1.180    pll.clk_pll/inst/cpu_clk_clk_pll
    BUFGCTRL_X0Y0        BUFG (Prop_bufg_I_O)         0.029    -1.151 r  pll.clk_pll/inst/clkout1_buf/O
                         net (fo=12170, routed)       0.849    -0.302    u_axi_ram/ram/U0/inst_blk_mem_gen/gnbram.gaxibmg.axi_wr_fsm/gaxi_bid_gen.axi_bid_array_reg_0_3_0_3/WCLK
    SLICE_X60Y113        RAMD32                                       r  u_axi_ram/ram/U0/inst_blk_mem_gen/gnbram.gaxibmg.axi_wr_fsm/gaxi_bid_gen.axi_bid_array_reg_0_3_0_3/RAMB/CLK
                         clock pessimism             -0.224    -0.526    
    SLICE_X60Y113        RAMD32 (Hold_ramd32_CLK_WADR1)
                                                      0.309    -0.217    u_axi_ram/ram/U0/inst_blk_mem_gen/gnbram.gaxibmg.axi_wr_fsm/gaxi_bid_gen.axi_bid_array_reg_0_3_0_3/RAMB
  -------------------------------------------------------------------
                         required time                          0.217    
                         arrival time                          -0.153    
  -------------------------------------------------------------------
                         slack                                  0.064    

Slack (MET) :             0.064ns  (arrival time - required time)
  Source:                 u_axi_ram/ram/U0/inst_blk_mem_gen/gnbram.gaxibmg.axi_wr_fsm/gaxi_bid_gen.bvalid_wr_cnt_r_reg[1]/C
                            (rising edge-triggered cell FDRE clocked by cpu_clk_clk_pll  {rise@0.000ns fall@16.667ns period=33.333ns})
  Destination:            u_axi_ram/ram/U0/inst_blk_mem_gen/gnbram.gaxibmg.axi_wr_fsm/gaxi_bid_gen.axi_bid_array_reg_0_3_0_3/RAMB_D1/WADR1
                            (rising edge-triggered cell RAMD32 clocked by cpu_clk_clk_pll  {rise@0.000ns fall@16.667ns period=33.333ns})
  Path Group:             cpu_clk_clk_pll
  Path Type:              Hold (Min at Fast Process Corner)
  Requirement:            0.000ns  (cpu_clk_clk_pll rise@0.000ns - cpu_clk_clk_pll rise@0.000ns)
  Data Path Delay:        0.388ns  (logic 0.141ns (36.314%)  route 0.247ns (63.686%))
  Logic Levels:           0  
  Clock Path Skew:        0.015ns (DCD - SCD - CPR)
    Destination Clock Delay (DCD):    -0.302ns
    Source Clock Delay      (SCD):    -0.541ns
    Clock Pessimism Removal (CPR):    0.224ns

    Location             Delay type                Incr(ns)  Path(ns)    Netlist Resource(s)
  -------------------------------------------------------------------    -------------------
                         (clock cpu_clk_clk_pll rise edge)
                                                      0.000     0.000 r  
    AC19                                              0.000     0.000 r  clk (IN)
                         net (fo=0)                   0.000     0.000    pll.clk_pll/inst/clk_in1
    AC19                 IBUF (Prop_ibuf_I_O)         0.253     0.253 r  pll.clk_pll/inst/clkin1_ibufg/O
                         net (fo=1, routed)           0.565     0.818    pll.clk_pll/inst/clk_in1_clk_pll
    PLLE2_ADV_X0Y2       PLLE2_ADV (Prop_plle2_adv_CLKIN1_CLKOUT0)
                                                     -2.523    -1.705 r  pll.clk_pll/inst/plle2_adv_inst/CLKOUT0
                         net (fo=1, routed)           0.560    -1.146    pll.clk_pll/inst/cpu_clk_clk_pll
    BUFGCTRL_X0Y0        BUFG (Prop_bufg_I_O)         0.026    -1.120 r  pll.clk_pll/inst/clkout1_buf/O
                         net (fo=12170, routed)       0.579    -0.541    u_axi_ram/ram/U0/inst_blk_mem_gen/gnbram.gaxibmg.axi_wr_fsm/s_aclk
    SLICE_X59Y113        FDRE                                         r  u_axi_ram/ram/U0/inst_blk_mem_gen/gnbram.gaxibmg.axi_wr_fsm/gaxi_bid_gen.bvalid_wr_cnt_r_reg[1]/C
  -------------------------------------------------------------------    -------------------
    SLICE_X59Y113        FDRE (Prop_fdre_C_Q)         0.141    -0.400 r  u_axi_ram/ram/U0/inst_blk_mem_gen/gnbram.gaxibmg.axi_wr_fsm/gaxi_bid_gen.bvalid_wr_cnt_r_reg[1]/Q
                         net (fo=9, routed)           0.247    -0.153    u_axi_ram/ram/U0/inst_blk_mem_gen/gnbram.gaxibmg.axi_wr_fsm/gaxi_bid_gen.axi_bid_array_reg_0_3_0_3/ADDRD1
    SLICE_X60Y113        RAMD32                                       r  u_axi_ram/ram/U0/inst_blk_mem_gen/gnbram.gaxibmg.axi_wr_fsm/gaxi_bid_gen.axi_bid_array_reg_0_3_0_3/RAMB_D1/WADR1
  -------------------------------------------------------------------    -------------------

                         (clock cpu_clk_clk_pll rise edge)
                                                      0.000     0.000 r  
    AC19                                              0.000     0.000 r  clk (IN)
                         net (fo=0)                   0.000     0.000    pll.clk_pll/inst/clk_in1
    AC19                 IBUF (Prop_ibuf_I_O)         0.441     0.441 r  pll.clk_pll/inst/clkin1_ibufg/O
                         net (fo=1, routed)           0.620     1.061    pll.clk_pll/inst/clk_in1_clk_pll
    PLLE2_ADV_X0Y2       PLLE2_ADV (Prop_plle2_adv_CLKIN1_CLKOUT0)
                                                     -2.851    -1.790 r  pll.clk_pll/inst/plle2_adv_inst/CLKOUT0
                         net (fo=1, routed)           0.611    -1.180    pll.clk_pll/inst/cpu_clk_clk_pll
    BUFGCTRL_X0Y0        BUFG (Prop_bufg_I_O)         0.029    -1.151 r  pll.clk_pll/inst/clkout1_buf/O
                         net (fo=12170, routed)       0.849    -0.302    u_axi_ram/ram/U0/inst_blk_mem_gen/gnbram.gaxibmg.axi_wr_fsm/gaxi_bid_gen.axi_bid_array_reg_0_3_0_3/WCLK
    SLICE_X60Y113        RAMD32                                       r  u_axi_ram/ram/U0/inst_blk_mem_gen/gnbram.gaxibmg.axi_wr_fsm/gaxi_bid_gen.axi_bid_array_reg_0_3_0_3/RAMB_D1/CLK
                         clock pessimism             -0.224    -0.526    
    SLICE_X60Y113        RAMD32 (Hold_ramd32_CLK_WADR1)
                                                      0.309    -0.217    u_axi_ram/ram/U0/inst_blk_mem_gen/gnbram.gaxibmg.axi_wr_fsm/gaxi_bid_gen.axi_bid_array_reg_0_3_0_3/RAMB_D1
  -------------------------------------------------------------------
                         required time                          0.217    
                         arrival time                          -0.153    
  -------------------------------------------------------------------
                         slack                                  0.064    

Slack (MET) :             0.064ns  (arrival time - required time)
  Source:                 u_axi_ram/ram/U0/inst_blk_mem_gen/gnbram.gaxibmg.axi_wr_fsm/gaxi_bid_gen.bvalid_wr_cnt_r_reg[1]/C
                            (rising edge-triggered cell FDRE clocked by cpu_clk_clk_pll  {rise@0.000ns fall@16.667ns period=33.333ns})
  Destination:            u_axi_ram/ram/U0/inst_blk_mem_gen/gnbram.gaxibmg.axi_wr_fsm/gaxi_bid_gen.axi_bid_array_reg_0_3_0_3/RAMC/WADR1
                            (rising edge-triggered cell RAMD32 clocked by cpu_clk_clk_pll  {rise@0.000ns fall@16.667ns period=33.333ns})
  Path Group:             cpu_clk_clk_pll
  Path Type:              Hold (Min at Fast Process Corner)
  Requirement:            0.000ns  (cpu_clk_clk_pll rise@0.000ns - cpu_clk_clk_pll rise@0.000ns)
  Data Path Delay:        0.388ns  (logic 0.141ns (36.314%)  route 0.247ns (63.686%))
  Logic Levels:           0  
  Clock Path Skew:        0.015ns (DCD - SCD - CPR)
    Destination Clock Delay (DCD):    -0.302ns
    Source Clock Delay      (SCD):    -0.541ns
    Clock Pessimism Removal (CPR):    0.224ns

    Location             Delay type                Incr(ns)  Path(ns)    Netlist Resource(s)
  -------------------------------------------------------------------    -------------------
                         (clock cpu_clk_clk_pll rise edge)
                                                      0.000     0.000 r  
    AC19                                              0.000     0.000 r  clk (IN)
                         net (fo=0)                   0.000     0.000    pll.clk_pll/inst/clk_in1
    AC19                 IBUF (Prop_ibuf_I_O)         0.253     0.253 r  pll.clk_pll/inst/clkin1_ibufg/O
                         net (fo=1, routed)           0.565     0.818    pll.clk_pll/inst/clk_in1_clk_pll
    PLLE2_ADV_X0Y2       PLLE2_ADV (Prop_plle2_adv_CLKIN1_CLKOUT0)
                                                     -2.523    -1.705 r  pll.clk_pll/inst/plle2_adv_inst/CLKOUT0
                         net (fo=1, routed)           0.560    -1.146    pll.clk_pll/inst/cpu_clk_clk_pll
    BUFGCTRL_X0Y0        BUFG (Prop_bufg_I_O)         0.026    -1.120 r  pll.clk_pll/inst/clkout1_buf/O
                         net (fo=12170, routed)       0.579    -0.541    u_axi_ram/ram/U0/inst_blk_mem_gen/gnbram.gaxibmg.axi_wr_fsm/s_aclk
    SLICE_X59Y113        FDRE                                         r  u_axi_ram/ram/U0/inst_blk_mem_gen/gnbram.gaxibmg.axi_wr_fsm/gaxi_bid_gen.bvalid_wr_cnt_r_reg[1]/C
  -------------------------------------------------------------------    -------------------
    SLICE_X59Y113        FDRE (Prop_fdre_C_Q)         0.141    -0.400 r  u_axi_ram/ram/U0/inst_blk_mem_gen/gnbram.gaxibmg.axi_wr_fsm/gaxi_bid_gen.bvalid_wr_cnt_r_reg[1]/Q
                         net (fo=9, routed)           0.247    -0.153    u_axi_ram/ram/U0/inst_blk_mem_gen/gnbram.gaxibmg.axi_wr_fsm/gaxi_bid_gen.axi_bid_array_reg_0_3_0_3/ADDRD1
    SLICE_X60Y113        RAMD32                                       r  u_axi_ram/ram/U0/inst_blk_mem_gen/gnbram.gaxibmg.axi_wr_fsm/gaxi_bid_gen.axi_bid_array_reg_0_3_0_3/RAMC/WADR1
  -------------------------------------------------------------------    -------------------

                         (clock cpu_clk_clk_pll rise edge)
                                                      0.000     0.000 r  
    AC19                                              0.000     0.000 r  clk (IN)
                         net (fo=0)                   0.000     0.000    pll.clk_pll/inst/clk_in1
    AC19                 IBUF (Prop_ibuf_I_O)         0.441     0.441 r  pll.clk_pll/inst/clkin1_ibufg/O
                         net (fo=1, routed)           0.620     1.061    pll.clk_pll/inst/clk_in1_clk_pll
    PLLE2_ADV_X0Y2       PLLE2_ADV (Prop_plle2_adv_CLKIN1_CLKOUT0)
                                                     -2.851    -1.790 r  pll.clk_pll/inst/plle2_adv_inst/CLKOUT0
                         net (fo=1, routed)           0.611    -1.180    pll.clk_pll/inst/cpu_clk_clk_pll
    BUFGCTRL_X0Y0        BUFG (Prop_bufg_I_O)         0.029    -1.151 r  pll.clk_pll/inst/clkout1_buf/O
                         net (fo=12170, routed)       0.849    -0.302    u_axi_ram/ram/U0/inst_blk_mem_gen/gnbram.gaxibmg.axi_wr_fsm/gaxi_bid_gen.axi_bid_array_reg_0_3_0_3/WCLK
    SLICE_X60Y113        RAMD32                                       r  u_axi_ram/ram/U0/inst_blk_mem_gen/gnbram.gaxibmg.axi_wr_fsm/gaxi_bid_gen.axi_bid_array_reg_0_3_0_3/RAMC/CLK
                         clock pessimism             -0.224    -0.526    
    SLICE_X60Y113        RAMD32 (Hold_ramd32_CLK_WADR1)
                                                      0.309    -0.217    u_axi_ram/ram/U0/inst_blk_mem_gen/gnbram.gaxibmg.axi_wr_fsm/gaxi_bid_gen.axi_bid_array_reg_0_3_0_3/RAMC
  -------------------------------------------------------------------
                         required time                          0.217    
                         arrival time                          -0.153    
  -------------------------------------------------------------------
                         slack                                  0.064    

Slack (MET) :             0.064ns  (arrival time - required time)
  Source:                 u_axi_ram/ram/U0/inst_blk_mem_gen/gnbram.gaxibmg.axi_wr_fsm/gaxi_bid_gen.bvalid_wr_cnt_r_reg[1]/C
                            (rising edge-triggered cell FDRE clocked by cpu_clk_clk_pll  {rise@0.000ns fall@16.667ns period=33.333ns})
  Destination:            u_axi_ram/ram/U0/inst_blk_mem_gen/gnbram.gaxibmg.axi_wr_fsm/gaxi_bid_gen.axi_bid_array_reg_0_3_0_3/RAMC_D1/WADR1
                            (rising edge-triggered cell RAMD32 clocked by cpu_clk_clk_pll  {rise@0.000ns fall@16.667ns period=33.333ns})
  Path Group:             cpu_clk_clk_pll
  Path Type:              Hold (Min at Fast Process Corner)
  Requirement:            0.000ns  (cpu_clk_clk_pll rise@0.000ns - cpu_clk_clk_pll rise@0.000ns)
  Data Path Delay:        0.388ns  (logic 0.141ns (36.314%)  route 0.247ns (63.686%))
  Logic Levels:           0  
  Clock Path Skew:        0.015ns (DCD - SCD - CPR)
    Destination Clock Delay (DCD):    -0.302ns
    Source Clock Delay      (SCD):    -0.541ns
    Clock Pessimism Removal (CPR):    0.224ns

    Location             Delay type                Incr(ns)  Path(ns)    Netlist Resource(s)
  -------------------------------------------------------------------    -------------------
                         (clock cpu_clk_clk_pll rise edge)
                                                      0.000     0.000 r  
    AC19                                              0.000     0.000 r  clk (IN)
                         net (fo=0)                   0.000     0.000    pll.clk_pll/inst/clk_in1
    AC19                 IBUF (Prop_ibuf_I_O)         0.253     0.253 r  pll.clk_pll/inst/clkin1_ibufg/O
                         net (fo=1, routed)           0.565     0.818    pll.clk_pll/inst/clk_in1_clk_pll
    PLLE2_ADV_X0Y2       PLLE2_ADV (Prop_plle2_adv_CLKIN1_CLKOUT0)
                                                     -2.523    -1.705 r  pll.clk_pll/inst/plle2_adv_inst/CLKOUT0
                         net (fo=1, routed)           0.560    -1.146    pll.clk_pll/inst/cpu_clk_clk_pll
    BUFGCTRL_X0Y0        BUFG (Prop_bufg_I_O)         0.026    -1.120 r  pll.clk_pll/inst/clkout1_buf/O
                         net (fo=12170, routed)       0.579    -0.541    u_axi_ram/ram/U0/inst_blk_mem_gen/gnbram.gaxibmg.axi_wr_fsm/s_aclk
    SLICE_X59Y113        FDRE                                         r  u_axi_ram/ram/U0/inst_blk_mem_gen/gnbram.gaxibmg.axi_wr_fsm/gaxi_bid_gen.bvalid_wr_cnt_r_reg[1]/C
  -------------------------------------------------------------------    -------------------
    SLICE_X59Y113        FDRE (Prop_fdre_C_Q)         0.141    -0.400 r  u_axi_ram/ram/U0/inst_blk_mem_gen/gnbram.gaxibmg.axi_wr_fsm/gaxi_bid_gen.bvalid_wr_cnt_r_reg[1]/Q
                         net (fo=9, routed)           0.247    -0.153    u_axi_ram/ram/U0/inst_blk_mem_gen/gnbram.gaxibmg.axi_wr_fsm/gaxi_bid_gen.axi_bid_array_reg_0_3_0_3/ADDRD1
    SLICE_X60Y113        RAMD32                                       r  u_axi_ram/ram/U0/inst_blk_mem_gen/gnbram.gaxibmg.axi_wr_fsm/gaxi_bid_gen.axi_bid_array_reg_0_3_0_3/RAMC_D1/WADR1
  -------------------------------------------------------------------    -------------------

                         (clock cpu_clk_clk_pll rise edge)
                                                      0.000     0.000 r  
    AC19                                              0.000     0.000 r  clk (IN)
                         net (fo=0)                   0.000     0.000    pll.clk_pll/inst/clk_in1
    AC19                 IBUF (Prop_ibuf_I_O)         0.441     0.441 r  pll.clk_pll/inst/clkin1_ibufg/O
                         net (fo=1, routed)           0.620     1.061    pll.clk_pll/inst/clk_in1_clk_pll
    PLLE2_ADV_X0Y2       PLLE2_ADV (Prop_plle2_adv_CLKIN1_CLKOUT0)
                                                     -2.851    -1.790 r  pll.clk_pll/inst/plle2_adv_inst/CLKOUT0
                         net (fo=1, routed)           0.611    -1.180    pll.clk_pll/inst/cpu_clk_clk_pll
    BUFGCTRL_X0Y0        BUFG (Prop_bufg_I_O)         0.029    -1.151 r  pll.clk_pll/inst/clkout1_buf/O
                         net (fo=12170, routed)       0.849    -0.302    u_axi_ram/ram/U0/inst_blk_mem_gen/gnbram.gaxibmg.axi_wr_fsm/gaxi_bid_gen.axi_bid_array_reg_0_3_0_3/WCLK
    SLICE_X60Y113        RAMD32                                       r  u_axi_ram/ram/U0/inst_blk_mem_gen/gnbram.gaxibmg.axi_wr_fsm/gaxi_bid_gen.axi_bid_array_reg_0_3_0_3/RAMC_D1/CLK
                         clock pessimism             -0.224    -0.526    
    SLICE_X60Y113        RAMD32 (Hold_ramd32_CLK_WADR1)
                                                      0.309    -0.217    u_axi_ram/ram/U0/inst_blk_mem_gen/gnbram.gaxibmg.axi_wr_fsm/gaxi_bid_gen.axi_bid_array_reg_0_3_0_3/RAMC_D1
  -------------------------------------------------------------------
                         required time                          0.217    
                         arrival time                          -0.153    
  -------------------------------------------------------------------
                         slack                                  0.064    

Slack (MET) :             0.064ns  (arrival time - required time)
  Source:                 u_axi_ram/ram/U0/inst_blk_mem_gen/gnbram.gaxibmg.axi_wr_fsm/gaxi_bid_gen.bvalid_wr_cnt_r_reg[1]/C
                            (rising edge-triggered cell FDRE clocked by cpu_clk_clk_pll  {rise@0.000ns fall@16.667ns period=33.333ns})
  Destination:            u_axi_ram/ram/U0/inst_blk_mem_gen/gnbram.gaxibmg.axi_wr_fsm/gaxi_bid_gen.axi_bid_array_reg_0_3_0_3/RAMD/ADR1
                            (rising edge-triggered cell RAMS32 clocked by cpu_clk_clk_pll  {rise@0.000ns fall@16.667ns period=33.333ns})
  Path Group:             cpu_clk_clk_pll
  Path Type:              Hold (Min at Fast Process Corner)
  Requirement:            0.000ns  (cpu_clk_clk_pll rise@0.000ns - cpu_clk_clk_pll rise@0.000ns)
  Data Path Delay:        0.388ns  (logic 0.141ns (36.314%)  route 0.247ns (63.686%))
  Logic Levels:           0  
  Clock Path Skew:        0.015ns (DCD - SCD - CPR)
    Destination Clock Delay (DCD):    -0.302ns
    Source Clock Delay      (SCD):    -0.541ns
    Clock Pessimism Removal (CPR):    0.224ns

    Location             Delay type                Incr(ns)  Path(ns)    Netlist Resource(s)
  -------------------------------------------------------------------    -------------------
                         (clock cpu_clk_clk_pll rise edge)
                                                      0.000     0.000 r  
    AC19                                              0.000     0.000 r  clk (IN)
                         net (fo=0)                   0.000     0.000    pll.clk_pll/inst/clk_in1
    AC19                 IBUF (Prop_ibuf_I_O)         0.253     0.253 r  pll.clk_pll/inst/clkin1_ibufg/O
                         net (fo=1, routed)           0.565     0.818    pll.clk_pll/inst/clk_in1_clk_pll
    PLLE2_ADV_X0Y2       PLLE2_ADV (Prop_plle2_adv_CLKIN1_CLKOUT0)
                                                     -2.523    -1.705 r  pll.clk_pll/inst/plle2_adv_inst/CLKOUT0
                         net (fo=1, routed)           0.560    -1.146    pll.clk_pll/inst/cpu_clk_clk_pll
    BUFGCTRL_X0Y0        BUFG (Prop_bufg_I_O)         0.026    -1.120 r  pll.clk_pll/inst/clkout1_buf/O
                         net (fo=12170, routed)       0.579    -0.541    u_axi_ram/ram/U0/inst_blk_mem_gen/gnbram.gaxibmg.axi_wr_fsm/s_aclk
    SLICE_X59Y113        FDRE                                         r  u_axi_ram/ram/U0/inst_blk_mem_gen/gnbram.gaxibmg.axi_wr_fsm/gaxi_bid_gen.bvalid_wr_cnt_r_reg[1]/C
  -------------------------------------------------------------------    -------------------
    SLICE_X59Y113        FDRE (Prop_fdre_C_Q)         0.141    -0.400 r  u_axi_ram/ram/U0/inst_blk_mem_gen/gnbram.gaxibmg.axi_wr_fsm/gaxi_bid_gen.bvalid_wr_cnt_r_reg[1]/Q
                         net (fo=9, routed)           0.247    -0.153    u_axi_ram/ram/U0/inst_blk_mem_gen/gnbram.gaxibmg.axi_wr_fsm/gaxi_bid_gen.axi_bid_array_reg_0_3_0_3/ADDRD1
    SLICE_X60Y113        RAMS32                                       r  u_axi_ram/ram/U0/inst_blk_mem_gen/gnbram.gaxibmg.axi_wr_fsm/gaxi_bid_gen.axi_bid_array_reg_0_3_0_3/RAMD/ADR1
  -------------------------------------------------------------------    -------------------

                         (clock cpu_clk_clk_pll rise edge)
                                                      0.000     0.000 r  
    AC19                                              0.000     0.000 r  clk (IN)
                         net (fo=0)                   0.000     0.000    pll.clk_pll/inst/clk_in1
    AC19                 IBUF (Prop_ibuf_I_O)         0.441     0.441 r  pll.clk_pll/inst/clkin1_ibufg/O
                         net (fo=1, routed)           0.620     1.061    pll.clk_pll/inst/clk_in1_clk_pll
    PLLE2_ADV_X0Y2       PLLE2_ADV (Prop_plle2_adv_CLKIN1_CLKOUT0)
                                                     -2.851    -1.790 r  pll.clk_pll/inst/plle2_adv_inst/CLKOUT0
                         net (fo=1, routed)           0.611    -1.180    pll.clk_pll/inst/cpu_clk_clk_pll
    BUFGCTRL_X0Y0        BUFG (Prop_bufg_I_O)         0.029    -1.151 r  pll.clk_pll/inst/clkout1_buf/O
                         net (fo=12170, routed)       0.849    -0.302    u_axi_ram/ram/U0/inst_blk_mem_gen/gnbram.gaxibmg.axi_wr_fsm/gaxi_bid_gen.axi_bid_array_reg_0_3_0_3/WCLK
    SLICE_X60Y113        RAMS32                                       r  u_axi_ram/ram/U0/inst_blk_mem_gen/gnbram.gaxibmg.axi_wr_fsm/gaxi_bid_gen.axi_bid_array_reg_0_3_0_3/RAMD/CLK
                         clock pessimism             -0.224    -0.526    
    SLICE_X60Y113        RAMS32 (Hold_rams32_CLK_ADR1)
                                                      0.309    -0.217    u_axi_ram/ram/U0/inst_blk_mem_gen/gnbram.gaxibmg.axi_wr_fsm/gaxi_bid_gen.axi_bid_array_reg_0_3_0_3/RAMD
  -------------------------------------------------------------------
                         required time                          0.217    
                         arrival time                          -0.153    
  -------------------------------------------------------------------
                         slack                                  0.064    





Pulse Width Checks
--------------------------------------------------------------------------------------
Clock Name:         cpu_clk_clk_pll
Waveform(ns):       { 0.000 16.667 }
Period(ns):         33.333
Sources:            { pll.clk_pll/inst/plle2_adv_inst/CLKOUT0 }

Check Type        Corner  Lib Pin             Reference Pin  Required(ns)  Actual(ns)  Slack(ns)  Location        Pin
Min Period        n/a     RAMB36E1/CLKARDCLK  n/a            2.944         33.333      30.389     RAMB36_X4Y22    u_axi_ram/ram/U0/inst_blk_mem_gen/gnbram.gaxibmg.axi_blk_mem_gen/valid.cstr/ramloop[0].ram.r/prim_init.ram/DEVICE_7SERIES.NO_BMM_INFO.SDP.SIMPLE_PRIM36.ram/CLKARDCLK
Min Period        n/a     RAMB36E1/CLKBWRCLK  n/a            2.944         33.333      30.389     RAMB36_X4Y22    u_axi_ram/ram/U0/inst_blk_mem_gen/gnbram.gaxibmg.axi_blk_mem_gen/valid.cstr/ramloop[0].ram.r/prim_init.ram/DEVICE_7SERIES.NO_BMM_INFO.SDP.SIMPLE_PRIM36.ram/CLKBWRCLK
Min Period        n/a     RAMB36E1/CLKARDCLK  n/a            2.944         33.333      30.389     RAMB36_X0Y19    u_axi_ram/ram/U0/inst_blk_mem_gen/gnbram.gaxibmg.axi_blk_mem_gen/valid.cstr/ramloop[100].ram.r/prim_init.ram/DEVICE_7SERIES.NO_BMM_INFO.SDP.SIMPLE_PRIM36.ram/CLKARDCLK
Min Period        n/a     RAMB36E1/CLKBWRCLK  n/a            2.944         33.333      30.389     RAMB36_X0Y19    u_axi_ram/ram/U0/inst_blk_mem_gen/gnbram.gaxibmg.axi_blk_mem_gen/valid.cstr/ramloop[100].ram.r/prim_init.ram/DEVICE_7SERIES.NO_BMM_INFO.SDP.SIMPLE_PRIM36.ram/CLKBWRCLK
Min Period        n/a     RAMB36E1/CLKARDCLK  n/a            2.944         33.333      30.389     RAMB36_X2Y19    u_axi_ram/ram/U0/inst_blk_mem_gen/gnbram.gaxibmg.axi_blk_mem_gen/valid.cstr/ramloop[101].ram.r/prim_init.ram/DEVICE_7SERIES.NO_BMM_INFO.SDP.SIMPLE_PRIM36.ram/CLKARDCLK
Min Period        n/a     RAMB36E1/CLKBWRCLK  n/a            2.944         33.333      30.389     RAMB36_X2Y19    u_axi_ram/ram/U0/inst_blk_mem_gen/gnbram.gaxibmg.axi_blk_mem_gen/valid.cstr/ramloop[101].ram.r/prim_init.ram/DEVICE_7SERIES.NO_BMM_INFO.SDP.SIMPLE_PRIM36.ram/CLKBWRCLK
Min Period        n/a     RAMB36E1/CLKARDCLK  n/a            2.944         33.333      30.389     RAMB36_X1Y18    u_axi_ram/ram/U0/inst_blk_mem_gen/gnbram.gaxibmg.axi_blk_mem_gen/valid.cstr/ramloop[102].ram.r/prim_init.ram/DEVICE_7SERIES.NO_BMM_INFO.SDP.SIMPLE_PRIM36.ram/CLKARDCLK
Min Period        n/a     RAMB36E1/CLKBWRCLK  n/a            2.944         33.333      30.389     RAMB36_X1Y18    u_axi_ram/ram/U0/inst_blk_mem_gen/gnbram.gaxibmg.axi_blk_mem_gen/valid.cstr/ramloop[102].ram.r/prim_init.ram/DEVICE_7SERIES.NO_BMM_INFO.SDP.SIMPLE_PRIM36.ram/CLKBWRCLK
Min Period        n/a     RAMB36E1/CLKARDCLK  n/a            2.944         33.333      30.389     RAMB36_X0Y26    u_axi_ram/ram/U0/inst_blk_mem_gen/gnbram.gaxibmg.axi_blk_mem_gen/valid.cstr/ramloop[103].ram.r/prim_init.ram/DEVICE_7SERIES.NO_BMM_INFO.SDP.SIMPLE_PRIM36.ram/CLKARDCLK
Min Period        n/a     RAMB36E1/CLKBWRCLK  n/a            2.944         33.333      30.389     RAMB36_X0Y26    u_axi_ram/ram/U0/inst_blk_mem_gen/gnbram.gaxibmg.axi_blk_mem_gen/valid.cstr/ramloop[103].ram.r/prim_init.ram/DEVICE_7SERIES.NO_BMM_INFO.SDP.SIMPLE_PRIM36.ram/CLKBWRCLK
Max Period        n/a     PLLE2_ADV/CLKOUT0   n/a            160.000       33.333      126.667    PLLE2_ADV_X0Y2  pll.clk_pll/inst/plle2_adv_inst/CLKOUT0
Low Pulse Width   Slow    RAMD32/CLK          n/a            1.250         16.667      15.417     SLICE_X60Y113   u_axi_ram/ram/U0/inst_blk_mem_gen/gnbram.gaxibmg.axi_wr_fsm/gaxi_bid_gen.axi_bid_array_reg_0_3_0_3/RAMA/CLK
Low Pulse Width   Fast    RAMD32/CLK          n/a            1.250         16.667      15.417     SLICE_X60Y113   u_axi_ram/ram/U0/inst_blk_mem_gen/gnbram.gaxibmg.axi_wr_fsm/gaxi_bid_gen.axi_bid_array_reg_0_3_0_3/RAMA/CLK
Low Pulse Width   Slow    RAMD32/CLK          n/a            1.250         16.667      15.417     SLICE_X60Y113   u_axi_ram/ram/U0/inst_blk_mem_gen/gnbram.gaxibmg.axi_wr_fsm/gaxi_bid_gen.axi_bid_array_reg_0_3_0_3/RAMA_D1/CLK
Low Pulse Width   Fast    RAMD32/CLK          n/a            1.250         16.667      15.417     SLICE_X60Y113   u_axi_ram/ram/U0/inst_blk_mem_gen/gnbram.gaxibmg.axi_wr_fsm/gaxi_bid_gen.axi_bid_array_reg_0_3_0_3/RAMA_D1/CLK
Low Pulse Width   Slow    RAMD32/CLK          n/a            1.250         16.667      15.417     SLICE_X60Y113   u_axi_ram/ram/U0/inst_blk_mem_gen/gnbram.gaxibmg.axi_wr_fsm/gaxi_bid_gen.axi_bid_array_reg_0_3_0_3/RAMB/CLK
Low Pulse Width   Fast    RAMD32/CLK          n/a            1.250         16.667      15.417     SLICE_X60Y113   u_axi_ram/ram/U0/inst_blk_mem_gen/gnbram.gaxibmg.axi_wr_fsm/gaxi_bid_gen.axi_bid_array_reg_0_3_0_3/RAMB/CLK
Low Pulse Width   Slow    RAMD32/CLK          n/a            1.250         16.667      15.417     SLICE_X60Y113   u_axi_ram/ram/U0/inst_blk_mem_gen/gnbram.gaxibmg.axi_wr_fsm/gaxi_bid_gen.axi_bid_array_reg_0_3_0_3/RAMB_D1/CLK
Low Pulse Width   Fast    RAMD32/CLK          n/a            1.250         16.667      15.417     SLICE_X60Y113   u_axi_ram/ram/U0/inst_blk_mem_gen/gnbram.gaxibmg.axi_wr_fsm/gaxi_bid_gen.axi_bid_array_reg_0_3_0_3/RAMB_D1/CLK
Low Pulse Width   Slow    RAMD32/CLK          n/a            1.250         16.667      15.417     SLICE_X60Y113   u_axi_ram/ram/U0/inst_blk_mem_gen/gnbram.gaxibmg.axi_wr_fsm/gaxi_bid_gen.axi_bid_array_reg_0_3_0_3/RAMC/CLK
Low Pulse Width   Fast    RAMD32/CLK          n/a            1.250         16.667      15.417     SLICE_X60Y113   u_axi_ram/ram/U0/inst_blk_mem_gen/gnbram.gaxibmg.axi_wr_fsm/gaxi_bid_gen.axi_bid_array_reg_0_3_0_3/RAMC/CLK
High Pulse Width  Slow    RAMD32/CLK          n/a            1.250         16.667      15.417     SLICE_X60Y113   u_axi_ram/ram/U0/inst_blk_mem_gen/gnbram.gaxibmg.axi_wr_fsm/gaxi_bid_gen.axi_bid_array_reg_0_3_0_3/RAMA/CLK
High Pulse Width  Fast    RAMD32/CLK          n/a            1.250         16.667      15.417     SLICE_X60Y113   u_axi_ram/ram/U0/inst_blk_mem_gen/gnbram.gaxibmg.axi_wr_fsm/gaxi_bid_gen.axi_bid_array_reg_0_3_0_3/RAMA/CLK
High Pulse Width  Slow    RAMD32/CLK          n/a            1.250         16.667      15.417     SLICE_X60Y113   u_axi_ram/ram/U0/inst_blk_mem_gen/gnbram.gaxibmg.axi_wr_fsm/gaxi_bid_gen.axi_bid_array_reg_0_3_0_3/RAMA_D1/CLK
High Pulse Width  Fast    RAMD32/CLK          n/a            1.250         16.667      15.417     SLICE_X60Y113   u_axi_ram/ram/U0/inst_blk_mem_gen/gnbram.gaxibmg.axi_wr_fsm/gaxi_bid_gen.axi_bid_array_reg_0_3_0_3/RAMA_D1/CLK
High Pulse Width  Slow    RAMD32/CLK          n/a            1.250         16.667      15.417     SLICE_X60Y113   u_axi_ram/ram/U0/inst_blk_mem_gen/gnbram.gaxibmg.axi_wr_fsm/gaxi_bid_gen.axi_bid_array_reg_0_3_0_3/RAMB/CLK
High Pulse Width  Fast    RAMD32/CLK          n/a            1.250         16.667      15.417     SLICE_X60Y113   u_axi_ram/ram/U0/inst_blk_mem_gen/gnbram.gaxibmg.axi_wr_fsm/gaxi_bid_gen.axi_bid_array_reg_0_3_0_3/RAMB/CLK
High Pulse Width  Slow    RAMD32/CLK          n/a            1.250         16.667      15.417     SLICE_X60Y113   u_axi_ram/ram/U0/inst_blk_mem_gen/gnbram.gaxibmg.axi_wr_fsm/gaxi_bid_gen.axi_bid_array_reg_0_3_0_3/RAMB_D1/CLK
High Pulse Width  Fast    RAMD32/CLK          n/a            1.250         16.667      15.417     SLICE_X60Y113   u_axi_ram/ram/U0/inst_blk_mem_gen/gnbram.gaxibmg.axi_wr_fsm/gaxi_bid_gen.axi_bid_array_reg_0_3_0_3/RAMB_D1/CLK
High Pulse Width  Slow    RAMD32/CLK          n/a            1.250         16.667      15.417     SLICE_X60Y113   u_axi_ram/ram/U0/inst_blk_mem_gen/gnbram.gaxibmg.axi_wr_fsm/gaxi_bid_gen.axi_bid_array_reg_0_3_0_3/RAMC/CLK
High Pulse Width  Fast    RAMD32/CLK          n/a            1.250         16.667      15.417     SLICE_X60Y113   u_axi_ram/ram/U0/inst_blk_mem_gen/gnbram.gaxibmg.axi_wr_fsm/gaxi_bid_gen.axi_bid_array_reg_0_3_0_3/RAMC/CLK



---------------------------------------------------------------------------------------------------
From Clock:  timer_clk_clk_pll
  To Clock:  timer_clk_clk_pll

Setup :            0  Failing Endpoints,  Worst Slack        6.358ns,  Total Violation        0.000ns
Hold  :            0  Failing Endpoints,  Worst Slack        0.119ns,  Total Violation        0.000ns
PW    :            0  Failing Endpoints,  Worst Slack        4.500ns,  Total Violation        0.000ns
---------------------------------------------------------------------------------------------------


Max Delay Paths
--------------------------------------------------------------------------------------
Slack (MET) :             6.358ns  (required time - arrival time)
  Source:                 u_confreg/write_timer_begin_r2_reg/C
                            (rising edge-triggered cell FDRE clocked by timer_clk_clk_pll  {rise@0.000ns fall@5.000ns period=10.000ns})
  Destination:            u_confreg/timer_reg[29]/D
                            (rising edge-triggered cell FDRE clocked by timer_clk_clk_pll  {rise@0.000ns fall@5.000ns period=10.000ns})
  Path Group:             timer_clk_clk_pll
  Path Type:              Setup (Max at Slow Process Corner)
  Requirement:            10.000ns  (timer_clk_clk_pll rise@10.000ns - timer_clk_clk_pll rise@0.000ns)
  Data Path Delay:        3.641ns  (logic 1.671ns (45.894%)  route 1.970ns (54.106%))
  Logic Levels:           4  (CARRY4=3 LUT4=1)
  Clock Path Skew:        -0.033ns (DCD - SCD + CPR)
    Destination Clock Delay (DCD):    -1.933ns = ( 8.067 - 10.000 ) 
    Source Clock Delay      (SCD):    -2.318ns
    Clock Pessimism Removal (CPR):    -0.418ns
  Clock Uncertainty:      0.077ns  ((TSJ^2 + DJ^2)^1/2) / 2 + PE
    Total System Jitter     (TSJ):    0.071ns
    Discrete Jitter          (DJ):    0.138ns
    Phase Error              (PE):    0.000ns

    Location             Delay type                Incr(ns)  Path(ns)    Netlist Resource(s)
  -------------------------------------------------------------------    -------------------
                         (clock timer_clk_clk_pll rise edge)
                                                      0.000     0.000 r  
    AC19                                              0.000     0.000 r  clk (IN)
                         net (fo=0)                   0.000     0.000    pll.clk_pll/inst/clk_in1
    AC19                 IBUF (Prop_ibuf_I_O)         1.485     1.485 r  pll.clk_pll/inst/clkin1_ibufg/O
                         net (fo=1, routed)           1.619     3.104    pll.clk_pll/inst/clk_in1_clk_pll
    PLLE2_ADV_X0Y2       PLLE2_ADV (Prop_plle2_adv_CLKIN1_CLKOUT1)
                                                     -9.006    -5.902 r  pll.clk_pll/inst/plle2_adv_inst/CLKOUT1
                         net (fo=1, routed)           1.837    -4.064    pll.clk_pll/inst/timer_clk_clk_pll
    BUFGCTRL_X0Y1        BUFG (Prop_bufg_I_O)         0.096    -3.968 r  pll.clk_pll/inst/clkout2_buf/O
                         net (fo=99, routed)          1.650    -2.318    u_confreg/timer_clk
    SLICE_X61Y125        FDRE                                         r  u_confreg/write_timer_begin_r2_reg/C
  -------------------------------------------------------------------    -------------------
    SLICE_X61Y125        FDRE (Prop_fdre_C_Q)         0.419    -1.899 r  u_confreg/write_timer_begin_r2_reg/Q
                         net (fo=35, routed)          1.970     0.071    u_confreg/write_timer_begin_r2
    SLICE_X62Y130        LUT4 (Prop_lut4_I2_O)        0.299     0.370 r  u_confreg/timer[20]_i_5/O
                         net (fo=1, routed)           0.000     0.370    u_confreg/timer[20]_i_5_n_0
    SLICE_X62Y130        CARRY4 (Prop_carry4_S[0]_CO[3])
                                                      0.513     0.883 r  u_confreg/timer_reg[20]_i_1/CO[3]
                         net (fo=1, routed)           0.000     0.883    u_confreg/timer_reg[20]_i_1_n_0
    SLICE_X62Y131        CARRY4 (Prop_carry4_CI_CO[3])
                                                      0.117     1.000 r  u_confreg/timer_reg[24]_i_1/CO[3]
                         net (fo=1, routed)           0.000     1.000    u_confreg/timer_reg[24]_i_1_n_0
    SLICE_X62Y132        CARRY4 (Prop_carry4_CI_O[1])
                                                      0.323     1.323 r  u_confreg/timer_reg[28]_i_1/O[1]
                         net (fo=1, routed)           0.000     1.323    u_confreg/timer_reg[28]_i_1_n_6
    SLICE_X62Y132        FDRE                                         r  u_confreg/timer_reg[29]/D
  -------------------------------------------------------------------    -------------------

                         (clock timer_clk_clk_pll rise edge)
                                                     10.000    10.000 r  
    AC19                                              0.000    10.000 r  clk (IN)
                         net (fo=0)                   0.000    10.000    pll.clk_pll/inst/clk_in1
    AC19                 IBUF (Prop_ibuf_I_O)         1.414    11.414 r  pll.clk_pll/inst/clkin1_ibufg/O
                         net (fo=1, routed)           1.531    12.945    pll.clk_pll/inst/clk_in1_clk_pll
    PLLE2_ADV_X0Y2       PLLE2_ADV (Prop_plle2_adv_CLKIN1_CLKOUT1)
                                                     -8.262     4.684 r  pll.clk_pll/inst/plle2_adv_inst/CLKOUT1
                         net (fo=1, routed)           1.755     6.439    pll.clk_pll/inst/timer_clk_clk_pll
    BUFGCTRL_X0Y1        BUFG (Prop_bufg_I_O)         0.091     6.530 r  pll.clk_pll/inst/clkout2_buf/O
                         net (fo=99, routed)          1.537     8.067    u_confreg/timer_clk
    SLICE_X62Y132        FDRE                                         r  u_confreg/timer_reg[29]/C
                         clock pessimism             -0.418     7.649    
                         clock uncertainty           -0.077     7.572    
    SLICE_X62Y132        FDRE (Setup_fdre_C_D)        0.109     7.681    u_confreg/timer_reg[29]
  -------------------------------------------------------------------
                         required time                          7.681    
                         arrival time                          -1.323    
  -------------------------------------------------------------------
                         slack                                  6.358    

Slack (MET) :             6.366ns  (required time - arrival time)
  Source:                 u_confreg/write_timer_begin_r2_reg/C
                            (rising edge-triggered cell FDRE clocked by timer_clk_clk_pll  {rise@0.000ns fall@5.000ns period=10.000ns})
  Destination:            u_confreg/timer_reg[31]/D
                            (rising edge-triggered cell FDRE clocked by timer_clk_clk_pll  {rise@0.000ns fall@5.000ns period=10.000ns})
  Path Group:             timer_clk_clk_pll
  Path Type:              Setup (Max at Slow Process Corner)
  Requirement:            10.000ns  (timer_clk_clk_pll rise@10.000ns - timer_clk_clk_pll rise@0.000ns)
  Data Path Delay:        3.633ns  (logic 1.663ns (45.775%)  route 1.970ns (54.225%))
  Logic Levels:           4  (CARRY4=3 LUT4=1)
  Clock Path Skew:        -0.033ns (DCD - SCD + CPR)
    Destination Clock Delay (DCD):    -1.933ns = ( 8.067 - 10.000 ) 
    Source Clock Delay      (SCD):    -2.318ns
    Clock Pessimism Removal (CPR):    -0.418ns
  Clock Uncertainty:      0.077ns  ((TSJ^2 + DJ^2)^1/2) / 2 + PE
    Total System Jitter     (TSJ):    0.071ns
    Discrete Jitter          (DJ):    0.138ns
    Phase Error              (PE):    0.000ns

    Location             Delay type                Incr(ns)  Path(ns)    Netlist Resource(s)
  -------------------------------------------------------------------    -------------------
                         (clock timer_clk_clk_pll rise edge)
                                                      0.000     0.000 r  
    AC19                                              0.000     0.000 r  clk (IN)
                         net (fo=0)                   0.000     0.000    pll.clk_pll/inst/clk_in1
    AC19                 IBUF (Prop_ibuf_I_O)         1.485     1.485 r  pll.clk_pll/inst/clkin1_ibufg/O
                         net (fo=1, routed)           1.619     3.104    pll.clk_pll/inst/clk_in1_clk_pll
    PLLE2_ADV_X0Y2       PLLE2_ADV (Prop_plle2_adv_CLKIN1_CLKOUT1)
                                                     -9.006    -5.902 r  pll.clk_pll/inst/plle2_adv_inst/CLKOUT1
                         net (fo=1, routed)           1.837    -4.064    pll.clk_pll/inst/timer_clk_clk_pll
    BUFGCTRL_X0Y1        BUFG (Prop_bufg_I_O)         0.096    -3.968 r  pll.clk_pll/inst/clkout2_buf/O
                         net (fo=99, routed)          1.650    -2.318    u_confreg/timer_clk
    SLICE_X61Y125        FDRE                                         r  u_confreg/write_timer_begin_r2_reg/C
  -------------------------------------------------------------------    -------------------
    SLICE_X61Y125        FDRE (Prop_fdre_C_Q)         0.419    -1.899 r  u_confreg/write_timer_begin_r2_reg/Q
                         net (fo=35, routed)          1.970     0.071    u_confreg/write_timer_begin_r2
    SLICE_X62Y130        LUT4 (Prop_lut4_I2_O)        0.299     0.370 r  u_confreg/timer[20]_i_5/O
                         net (fo=1, routed)           0.000     0.370    u_confreg/timer[20]_i_5_n_0
    SLICE_X62Y130        CARRY4 (Prop_carry4_S[0]_CO[3])
                                                      0.513     0.883 r  u_confreg/timer_reg[20]_i_1/CO[3]
                         net (fo=1, routed)           0.000     0.883    u_confreg/timer_reg[20]_i_1_n_0
    SLICE_X62Y131        CARRY4 (Prop_carry4_CI_CO[3])
                                                      0.117     1.000 r  u_confreg/timer_reg[24]_i_1/CO[3]
                         net (fo=1, routed)           0.000     1.000    u_confreg/timer_reg[24]_i_1_n_0
    SLICE_X62Y132        CARRY4 (Prop_carry4_CI_O[3])
                                                      0.315     1.315 r  u_confreg/timer_reg[28]_i_1/O[3]
                         net (fo=1, routed)           0.000     1.315    u_confreg/timer_reg[28]_i_1_n_4
    SLICE_X62Y132        FDRE                                         r  u_confreg/timer_reg[31]/D
  -------------------------------------------------------------------    -------------------

                         (clock timer_clk_clk_pll rise edge)
                                                     10.000    10.000 r  
    AC19                                              0.000    10.000 r  clk (IN)
                         net (fo=0)                   0.000    10.000    pll.clk_pll/inst/clk_in1
    AC19                 IBUF (Prop_ibuf_I_O)         1.414    11.414 r  pll.clk_pll/inst/clkin1_ibufg/O
                         net (fo=1, routed)           1.531    12.945    pll.clk_pll/inst/clk_in1_clk_pll
    PLLE2_ADV_X0Y2       PLLE2_ADV (Prop_plle2_adv_CLKIN1_CLKOUT1)
                                                     -8.262     4.684 r  pll.clk_pll/inst/plle2_adv_inst/CLKOUT1
                         net (fo=1, routed)           1.755     6.439    pll.clk_pll/inst/timer_clk_clk_pll
    BUFGCTRL_X0Y1        BUFG (Prop_bufg_I_O)         0.091     6.530 r  pll.clk_pll/inst/clkout2_buf/O
                         net (fo=99, routed)          1.537     8.067    u_confreg/timer_clk
    SLICE_X62Y132        FDRE                                         r  u_confreg/timer_reg[31]/C
                         clock pessimism             -0.418     7.649    
                         clock uncertainty           -0.077     7.572    
    SLICE_X62Y132        FDRE (Setup_fdre_C_D)        0.109     7.681    u_confreg/timer_reg[31]
  -------------------------------------------------------------------
                         required time                          7.681    
                         arrival time                          -1.315    
  -------------------------------------------------------------------
                         slack                                  6.366    

Slack (MET) :             6.442ns  (required time - arrival time)
  Source:                 u_confreg/write_timer_begin_r2_reg/C
                            (rising edge-triggered cell FDRE clocked by timer_clk_clk_pll  {rise@0.000ns fall@5.000ns period=10.000ns})
  Destination:            u_confreg/timer_reg[30]/D
                            (rising edge-triggered cell FDRE clocked by timer_clk_clk_pll  {rise@0.000ns fall@5.000ns period=10.000ns})
  Path Group:             timer_clk_clk_pll
  Path Type:              Setup (Max at Slow Process Corner)
  Requirement:            10.000ns  (timer_clk_clk_pll rise@10.000ns - timer_clk_clk_pll rise@0.000ns)
  Data Path Delay:        3.557ns  (logic 1.587ns (44.617%)  route 1.970ns (55.383%))
  Logic Levels:           4  (CARRY4=3 LUT4=1)
  Clock Path Skew:        -0.033ns (DCD - SCD + CPR)
    Destination Clock Delay (DCD):    -1.933ns = ( 8.067 - 10.000 ) 
    Source Clock Delay      (SCD):    -2.318ns
    Clock Pessimism Removal (CPR):    -0.418ns
  Clock Uncertainty:      0.077ns  ((TSJ^2 + DJ^2)^1/2) / 2 + PE
    Total System Jitter     (TSJ):    0.071ns
    Discrete Jitter          (DJ):    0.138ns
    Phase Error              (PE):    0.000ns

    Location             Delay type                Incr(ns)  Path(ns)    Netlist Resource(s)
  -------------------------------------------------------------------    -------------------
                         (clock timer_clk_clk_pll rise edge)
                                                      0.000     0.000 r  
    AC19                                              0.000     0.000 r  clk (IN)
                         net (fo=0)                   0.000     0.000    pll.clk_pll/inst/clk_in1
    AC19                 IBUF (Prop_ibuf_I_O)         1.485     1.485 r  pll.clk_pll/inst/clkin1_ibufg/O
                         net (fo=1, routed)           1.619     3.104    pll.clk_pll/inst/clk_in1_clk_pll
    PLLE2_ADV_X0Y2       PLLE2_ADV (Prop_plle2_adv_CLKIN1_CLKOUT1)
                                                     -9.006    -5.902 r  pll.clk_pll/inst/plle2_adv_inst/CLKOUT1
                         net (fo=1, routed)           1.837    -4.064    pll.clk_pll/inst/timer_clk_clk_pll
    BUFGCTRL_X0Y1        BUFG (Prop_bufg_I_O)         0.096    -3.968 r  pll.clk_pll/inst/clkout2_buf/O
                         net (fo=99, routed)          1.650    -2.318    u_confreg/timer_clk
    SLICE_X61Y125        FDRE                                         r  u_confreg/write_timer_begin_r2_reg/C
  -------------------------------------------------------------------    -------------------
    SLICE_X61Y125        FDRE (Prop_fdre_C_Q)         0.419    -1.899 r  u_confreg/write_timer_begin_r2_reg/Q
                         net (fo=35, routed)          1.970     0.071    u_confreg/write_timer_begin_r2
    SLICE_X62Y130        LUT4 (Prop_lut4_I2_O)        0.299     0.370 r  u_confreg/timer[20]_i_5/O
                         net (fo=1, routed)           0.000     0.370    u_confreg/timer[20]_i_5_n_0
    SLICE_X62Y130        CARRY4 (Prop_carry4_S[0]_CO[3])
                                                      0.513     0.883 r  u_confreg/timer_reg[20]_i_1/CO[3]
                         net (fo=1, routed)           0.000     0.883    u_confreg/timer_reg[20]_i_1_n_0
    SLICE_X62Y131        CARRY4 (Prop_carry4_CI_CO[3])
                                                      0.117     1.000 r  u_confreg/timer_reg[24]_i_1/CO[3]
                         net (fo=1, routed)           0.000     1.000    u_confreg/timer_reg[24]_i_1_n_0
    SLICE_X62Y132        CARRY4 (Prop_carry4_CI_O[2])
                                                      0.239     1.239 r  u_confreg/timer_reg[28]_i_1/O[2]
                         net (fo=1, routed)           0.000     1.239    u_confreg/timer_reg[28]_i_1_n_5
    SLICE_X62Y132        FDRE                                         r  u_confreg/timer_reg[30]/D
  -------------------------------------------------------------------    -------------------

                         (clock timer_clk_clk_pll rise edge)
                                                     10.000    10.000 r  
    AC19                                              0.000    10.000 r  clk (IN)
                         net (fo=0)                   0.000    10.000    pll.clk_pll/inst/clk_in1
    AC19                 IBUF (Prop_ibuf_I_O)         1.414    11.414 r  pll.clk_pll/inst/clkin1_ibufg/O
                         net (fo=1, routed)           1.531    12.945    pll.clk_pll/inst/clk_in1_clk_pll
    PLLE2_ADV_X0Y2       PLLE2_ADV (Prop_plle2_adv_CLKIN1_CLKOUT1)
                                                     -8.262     4.684 r  pll.clk_pll/inst/plle2_adv_inst/CLKOUT1
                         net (fo=1, routed)           1.755     6.439    pll.clk_pll/inst/timer_clk_clk_pll
    BUFGCTRL_X0Y1        BUFG (Prop_bufg_I_O)         0.091     6.530 r  pll.clk_pll/inst/clkout2_buf/O
                         net (fo=99, routed)          1.537     8.067    u_confreg/timer_clk
    SLICE_X62Y132        FDRE                                         r  u_confreg/timer_reg[30]/C
                         clock pessimism             -0.418     7.649    
                         clock uncertainty           -0.077     7.572    
    SLICE_X62Y132        FDRE (Setup_fdre_C_D)        0.109     7.681    u_confreg/timer_reg[30]
  -------------------------------------------------------------------
                         required time                          7.681    
                         arrival time                          -1.239    
  -------------------------------------------------------------------
                         slack                                  6.442    

Slack (MET) :             6.462ns  (required time - arrival time)
  Source:                 u_confreg/write_timer_begin_r2_reg/C
                            (rising edge-triggered cell FDRE clocked by timer_clk_clk_pll  {rise@0.000ns fall@5.000ns period=10.000ns})
  Destination:            u_confreg/timer_reg[28]/D
                            (rising edge-triggered cell FDRE clocked by timer_clk_clk_pll  {rise@0.000ns fall@5.000ns period=10.000ns})
  Path Group:             timer_clk_clk_pll
  Path Type:              Setup (Max at Slow Process Corner)
  Requirement:            10.000ns  (timer_clk_clk_pll rise@10.000ns - timer_clk_clk_pll rise@0.000ns)
  Data Path Delay:        3.537ns  (logic 1.567ns (44.303%)  route 1.970ns (55.697%))
  Logic Levels:           4  (CARRY4=3 LUT4=1)
  Clock Path Skew:        -0.033ns (DCD - SCD + CPR)
    Destination Clock Delay (DCD):    -1.933ns = ( 8.067 - 10.000 ) 
    Source Clock Delay      (SCD):    -2.318ns
    Clock Pessimism Removal (CPR):    -0.418ns
  Clock Uncertainty:      0.077ns  ((TSJ^2 + DJ^2)^1/2) / 2 + PE
    Total System Jitter     (TSJ):    0.071ns
    Discrete Jitter          (DJ):    0.138ns
    Phase Error              (PE):    0.000ns

    Location             Delay type                Incr(ns)  Path(ns)    Netlist Resource(s)
  -------------------------------------------------------------------    -------------------
                         (clock timer_clk_clk_pll rise edge)
                                                      0.000     0.000 r  
    AC19                                              0.000     0.000 r  clk (IN)
                         net (fo=0)                   0.000     0.000    pll.clk_pll/inst/clk_in1
    AC19                 IBUF (Prop_ibuf_I_O)         1.485     1.485 r  pll.clk_pll/inst/clkin1_ibufg/O
                         net (fo=1, routed)           1.619     3.104    pll.clk_pll/inst/clk_in1_clk_pll
    PLLE2_ADV_X0Y2       PLLE2_ADV (Prop_plle2_adv_CLKIN1_CLKOUT1)
                                                     -9.006    -5.902 r  pll.clk_pll/inst/plle2_adv_inst/CLKOUT1
                         net (fo=1, routed)           1.837    -4.064    pll.clk_pll/inst/timer_clk_clk_pll
    BUFGCTRL_X0Y1        BUFG (Prop_bufg_I_O)         0.096    -3.968 r  pll.clk_pll/inst/clkout2_buf/O
                         net (fo=99, routed)          1.650    -2.318    u_confreg/timer_clk
    SLICE_X61Y125        FDRE                                         r  u_confreg/write_timer_begin_r2_reg/C
  -------------------------------------------------------------------    -------------------
    SLICE_X61Y125        FDRE (Prop_fdre_C_Q)         0.419    -1.899 r  u_confreg/write_timer_begin_r2_reg/Q
                         net (fo=35, routed)          1.970     0.071    u_confreg/write_timer_begin_r2
    SLICE_X62Y130        LUT4 (Prop_lut4_I2_O)        0.299     0.370 r  u_confreg/timer[20]_i_5/O
                         net (fo=1, routed)           0.000     0.370    u_confreg/timer[20]_i_5_n_0
    SLICE_X62Y130        CARRY4 (Prop_carry4_S[0]_CO[3])
                                                      0.513     0.883 r  u_confreg/timer_reg[20]_i_1/CO[3]
                         net (fo=1, routed)           0.000     0.883    u_confreg/timer_reg[20]_i_1_n_0
    SLICE_X62Y131        CARRY4 (Prop_carry4_CI_CO[3])
                                                      0.117     1.000 r  u_confreg/timer_reg[24]_i_1/CO[3]
                         net (fo=1, routed)           0.000     1.000    u_confreg/timer_reg[24]_i_1_n_0
    SLICE_X62Y132        CARRY4 (Prop_carry4_CI_O[0])
                                                      0.219     1.219 r  u_confreg/timer_reg[28]_i_1/O[0]
                         net (fo=1, routed)           0.000     1.219    u_confreg/timer_reg[28]_i_1_n_7
    SLICE_X62Y132        FDRE                                         r  u_confreg/timer_reg[28]/D
  -------------------------------------------------------------------    -------------------

                         (clock timer_clk_clk_pll rise edge)
                                                     10.000    10.000 r  
    AC19                                              0.000    10.000 r  clk (IN)
                         net (fo=0)                   0.000    10.000    pll.clk_pll/inst/clk_in1
    AC19                 IBUF (Prop_ibuf_I_O)         1.414    11.414 r  pll.clk_pll/inst/clkin1_ibufg/O
                         net (fo=1, routed)           1.531    12.945    pll.clk_pll/inst/clk_in1_clk_pll
    PLLE2_ADV_X0Y2       PLLE2_ADV (Prop_plle2_adv_CLKIN1_CLKOUT1)
                                                     -8.262     4.684 r  pll.clk_pll/inst/plle2_adv_inst/CLKOUT1
                         net (fo=1, routed)           1.755     6.439    pll.clk_pll/inst/timer_clk_clk_pll
    BUFGCTRL_X0Y1        BUFG (Prop_bufg_I_O)         0.091     6.530 r  pll.clk_pll/inst/clkout2_buf/O
                         net (fo=99, routed)          1.537     8.067    u_confreg/timer_clk
    SLICE_X62Y132        FDRE                                         r  u_confreg/timer_reg[28]/C
                         clock pessimism             -0.418     7.649    
                         clock uncertainty           -0.077     7.572    
    SLICE_X62Y132        FDRE (Setup_fdre_C_D)        0.109     7.681    u_confreg/timer_reg[28]
  -------------------------------------------------------------------
                         required time                          7.681    
                         arrival time                          -1.219    
  -------------------------------------------------------------------
                         slack                                  6.462    

Slack (MET) :             6.473ns  (required time - arrival time)
  Source:                 u_confreg/write_timer_begin_r2_reg/C
                            (rising edge-triggered cell FDRE clocked by timer_clk_clk_pll  {rise@0.000ns fall@5.000ns period=10.000ns})
  Destination:            u_confreg/timer_reg[25]/D
                            (rising edge-triggered cell FDRE clocked by timer_clk_clk_pll  {rise@0.000ns fall@5.000ns period=10.000ns})
  Path Group:             timer_clk_clk_pll
  Path Type:              Setup (Max at Slow Process Corner)
  Requirement:            10.000ns  (timer_clk_clk_pll rise@10.000ns - timer_clk_clk_pll rise@0.000ns)
  Data Path Delay:        3.524ns  (logic 1.554ns (44.098%)  route 1.970ns (55.902%))
  Logic Levels:           3  (CARRY4=2 LUT4=1)
  Clock Path Skew:        -0.035ns (DCD - SCD + CPR)
    Destination Clock Delay (DCD):    -1.935ns = ( 8.065 - 10.000 ) 
    Source Clock Delay      (SCD):    -2.318ns
    Clock Pessimism Removal (CPR):    -0.418ns
  Clock Uncertainty:      0.077ns  ((TSJ^2 + DJ^2)^1/2) / 2 + PE
    Total System Jitter     (TSJ):    0.071ns
    Discrete Jitter          (DJ):    0.138ns
    Phase Error              (PE):    0.000ns

    Location             Delay type                Incr(ns)  Path(ns)    Netlist Resource(s)
  -------------------------------------------------------------------    -------------------
                         (clock timer_clk_clk_pll rise edge)
                                                      0.000     0.000 r  
    AC19                                              0.000     0.000 r  clk (IN)
                         net (fo=0)                   0.000     0.000    pll.clk_pll/inst/clk_in1
    AC19                 IBUF (Prop_ibuf_I_O)         1.485     1.485 r  pll.clk_pll/inst/clkin1_ibufg/O
                         net (fo=1, routed)           1.619     3.104    pll.clk_pll/inst/clk_in1_clk_pll
    PLLE2_ADV_X0Y2       PLLE2_ADV (Prop_plle2_adv_CLKIN1_CLKOUT1)
                                                     -9.006    -5.902 r  pll.clk_pll/inst/plle2_adv_inst/CLKOUT1
                         net (fo=1, routed)           1.837    -4.064    pll.clk_pll/inst/timer_clk_clk_pll
    BUFGCTRL_X0Y1        BUFG (Prop_bufg_I_O)         0.096    -3.968 r  pll.clk_pll/inst/clkout2_buf/O
                         net (fo=99, routed)          1.650    -2.318    u_confreg/timer_clk
    SLICE_X61Y125        FDRE                                         r  u_confreg/write_timer_begin_r2_reg/C
  -------------------------------------------------------------------    -------------------
    SLICE_X61Y125        FDRE (Prop_fdre_C_Q)         0.419    -1.899 r  u_confreg/write_timer_begin_r2_reg/Q
                         net (fo=35, routed)          1.970     0.071    u_confreg/write_timer_begin_r2
    SLICE_X62Y130        LUT4 (Prop_lut4_I2_O)        0.299     0.370 r  u_confreg/timer[20]_i_5/O
                         net (fo=1, routed)           0.000     0.370    u_confreg/timer[20]_i_5_n_0
    SLICE_X62Y130        CARRY4 (Prop_carry4_S[0]_CO[3])
                                                      0.513     0.883 r  u_confreg/timer_reg[20]_i_1/CO[3]
                         net (fo=1, routed)           0.000     0.883    u_confreg/timer_reg[20]_i_1_n_0
    SLICE_X62Y131        CARRY4 (Prop_carry4_CI_O[1])
                                                      0.323     1.206 r  u_confreg/timer_reg[24]_i_1/O[1]
                         net (fo=1, routed)           0.000     1.206    u_confreg/timer_reg[24]_i_1_n_6
    SLICE_X62Y131        FDRE                                         r  u_confreg/timer_reg[25]/D
  -------------------------------------------------------------------    -------------------

                         (clock timer_clk_clk_pll rise edge)
                                                     10.000    10.000 r  
    AC19                                              0.000    10.000 r  clk (IN)
                         net (fo=0)                   0.000    10.000    pll.clk_pll/inst/clk_in1
    AC19                 IBUF (Prop_ibuf_I_O)         1.414    11.414 r  pll.clk_pll/inst/clkin1_ibufg/O
                         net (fo=1, routed)           1.531    12.945    pll.clk_pll/inst/clk_in1_clk_pll
    PLLE2_ADV_X0Y2       PLLE2_ADV (Prop_plle2_adv_CLKIN1_CLKOUT1)
                                                     -8.262     4.684 r  pll.clk_pll/inst/plle2_adv_inst/CLKOUT1
                         net (fo=1, routed)           1.755     6.439    pll.clk_pll/inst/timer_clk_clk_pll
    BUFGCTRL_X0Y1        BUFG (Prop_bufg_I_O)         0.091     6.530 r  pll.clk_pll/inst/clkout2_buf/O
                         net (fo=99, routed)          1.535     8.065    u_confreg/timer_clk
    SLICE_X62Y131        FDRE                                         r  u_confreg/timer_reg[25]/C
                         clock pessimism             -0.418     7.647    
                         clock uncertainty           -0.077     7.570    
    SLICE_X62Y131        FDRE (Setup_fdre_C_D)        0.109     7.679    u_confreg/timer_reg[25]
  -------------------------------------------------------------------
                         required time                          7.679    
                         arrival time                          -1.206    
  -------------------------------------------------------------------
                         slack                                  6.473    

Slack (MET) :             6.481ns  (required time - arrival time)
  Source:                 u_confreg/write_timer_begin_r2_reg/C
                            (rising edge-triggered cell FDRE clocked by timer_clk_clk_pll  {rise@0.000ns fall@5.000ns period=10.000ns})
  Destination:            u_confreg/timer_reg[27]/D
                            (rising edge-triggered cell FDRE clocked by timer_clk_clk_pll  {rise@0.000ns fall@5.000ns period=10.000ns})
  Path Group:             timer_clk_clk_pll
  Path Type:              Setup (Max at Slow Process Corner)
  Requirement:            10.000ns  (timer_clk_clk_pll rise@10.000ns - timer_clk_clk_pll rise@0.000ns)
  Data Path Delay:        3.516ns  (logic 1.546ns (43.971%)  route 1.970ns (56.029%))
  Logic Levels:           3  (CARRY4=2 LUT4=1)
  Clock Path Skew:        -0.035ns (DCD - SCD + CPR)
    Destination Clock Delay (DCD):    -1.935ns = ( 8.065 - 10.000 ) 
    Source Clock Delay      (SCD):    -2.318ns
    Clock Pessimism Removal (CPR):    -0.418ns
  Clock Uncertainty:      0.077ns  ((TSJ^2 + DJ^2)^1/2) / 2 + PE
    Total System Jitter     (TSJ):    0.071ns
    Discrete Jitter          (DJ):    0.138ns
    Phase Error              (PE):    0.000ns

    Location             Delay type                Incr(ns)  Path(ns)    Netlist Resource(s)
  -------------------------------------------------------------------    -------------------
                         (clock timer_clk_clk_pll rise edge)
                                                      0.000     0.000 r  
    AC19                                              0.000     0.000 r  clk (IN)
                         net (fo=0)                   0.000     0.000    pll.clk_pll/inst/clk_in1
    AC19                 IBUF (Prop_ibuf_I_O)         1.485     1.485 r  pll.clk_pll/inst/clkin1_ibufg/O
                         net (fo=1, routed)           1.619     3.104    pll.clk_pll/inst/clk_in1_clk_pll
    PLLE2_ADV_X0Y2       PLLE2_ADV (Prop_plle2_adv_CLKIN1_CLKOUT1)
                                                     -9.006    -5.902 r  pll.clk_pll/inst/plle2_adv_inst/CLKOUT1
                         net (fo=1, routed)           1.837    -4.064    pll.clk_pll/inst/timer_clk_clk_pll
    BUFGCTRL_X0Y1        BUFG (Prop_bufg_I_O)         0.096    -3.968 r  pll.clk_pll/inst/clkout2_buf/O
                         net (fo=99, routed)          1.650    -2.318    u_confreg/timer_clk
    SLICE_X61Y125        FDRE                                         r  u_confreg/write_timer_begin_r2_reg/C
  -------------------------------------------------------------------    -------------------
    SLICE_X61Y125        FDRE (Prop_fdre_C_Q)         0.419    -1.899 r  u_confreg/write_timer_begin_r2_reg/Q
                         net (fo=35, routed)          1.970     0.071    u_confreg/write_timer_begin_r2
    SLICE_X62Y130        LUT4 (Prop_lut4_I2_O)        0.299     0.370 r  u_confreg/timer[20]_i_5/O
                         net (fo=1, routed)           0.000     0.370    u_confreg/timer[20]_i_5_n_0
    SLICE_X62Y130        CARRY4 (Prop_carry4_S[0]_CO[3])
                                                      0.513     0.883 r  u_confreg/timer_reg[20]_i_1/CO[3]
                         net (fo=1, routed)           0.000     0.883    u_confreg/timer_reg[20]_i_1_n_0
    SLICE_X62Y131        CARRY4 (Prop_carry4_CI_O[3])
                                                      0.315     1.198 r  u_confreg/timer_reg[24]_i_1/O[3]
                         net (fo=1, routed)           0.000     1.198    u_confreg/timer_reg[24]_i_1_n_4
    SLICE_X62Y131        FDRE                                         r  u_confreg/timer_reg[27]/D
  -------------------------------------------------------------------    -------------------

                         (clock timer_clk_clk_pll rise edge)
                                                     10.000    10.000 r  
    AC19                                              0.000    10.000 r  clk (IN)
                         net (fo=0)                   0.000    10.000    pll.clk_pll/inst/clk_in1
    AC19                 IBUF (Prop_ibuf_I_O)         1.414    11.414 r  pll.clk_pll/inst/clkin1_ibufg/O
                         net (fo=1, routed)           1.531    12.945    pll.clk_pll/inst/clk_in1_clk_pll
    PLLE2_ADV_X0Y2       PLLE2_ADV (Prop_plle2_adv_CLKIN1_CLKOUT1)
                                                     -8.262     4.684 r  pll.clk_pll/inst/plle2_adv_inst/CLKOUT1
                         net (fo=1, routed)           1.755     6.439    pll.clk_pll/inst/timer_clk_clk_pll
    BUFGCTRL_X0Y1        BUFG (Prop_bufg_I_O)         0.091     6.530 r  pll.clk_pll/inst/clkout2_buf/O
                         net (fo=99, routed)          1.535     8.065    u_confreg/timer_clk
    SLICE_X62Y131        FDRE                                         r  u_confreg/timer_reg[27]/C
                         clock pessimism             -0.418     7.647    
                         clock uncertainty           -0.077     7.570    
    SLICE_X62Y131        FDRE (Setup_fdre_C_D)        0.109     7.679    u_confreg/timer_reg[27]
  -------------------------------------------------------------------
                         required time                          7.679    
                         arrival time                          -1.198    
  -------------------------------------------------------------------
                         slack                                  6.481    

Slack (MET) :             6.557ns  (required time - arrival time)
  Source:                 u_confreg/write_timer_begin_r2_reg/C
                            (rising edge-triggered cell FDRE clocked by timer_clk_clk_pll  {rise@0.000ns fall@5.000ns period=10.000ns})
  Destination:            u_confreg/timer_reg[26]/D
                            (rising edge-triggered cell FDRE clocked by timer_clk_clk_pll  {rise@0.000ns fall@5.000ns period=10.000ns})
  Path Group:             timer_clk_clk_pll
  Path Type:              Setup (Max at Slow Process Corner)
  Requirement:            10.000ns  (timer_clk_clk_pll rise@10.000ns - timer_clk_clk_pll rise@0.000ns)
  Data Path Delay:        3.440ns  (logic 1.470ns (42.733%)  route 1.970ns (57.267%))
  Logic Levels:           3  (CARRY4=2 LUT4=1)
  Clock Path Skew:        -0.035ns (DCD - SCD + CPR)
    Destination Clock Delay (DCD):    -1.935ns = ( 8.065 - 10.000 ) 
    Source Clock Delay      (SCD):    -2.318ns
    Clock Pessimism Removal (CPR):    -0.418ns
  Clock Uncertainty:      0.077ns  ((TSJ^2 + DJ^2)^1/2) / 2 + PE
    Total System Jitter     (TSJ):    0.071ns
    Discrete Jitter          (DJ):    0.138ns
    Phase Error              (PE):    0.000ns

    Location             Delay type                Incr(ns)  Path(ns)    Netlist Resource(s)
  -------------------------------------------------------------------    -------------------
                         (clock timer_clk_clk_pll rise edge)
                                                      0.000     0.000 r  
    AC19                                              0.000     0.000 r  clk (IN)
                         net (fo=0)                   0.000     0.000    pll.clk_pll/inst/clk_in1
    AC19                 IBUF (Prop_ibuf_I_O)         1.485     1.485 r  pll.clk_pll/inst/clkin1_ibufg/O
                         net (fo=1, routed)           1.619     3.104    pll.clk_pll/inst/clk_in1_clk_pll
    PLLE2_ADV_X0Y2       PLLE2_ADV (Prop_plle2_adv_CLKIN1_CLKOUT1)
                                                     -9.006    -5.902 r  pll.clk_pll/inst/plle2_adv_inst/CLKOUT1
                         net (fo=1, routed)           1.837    -4.064    pll.clk_pll/inst/timer_clk_clk_pll
    BUFGCTRL_X0Y1        BUFG (Prop_bufg_I_O)         0.096    -3.968 r  pll.clk_pll/inst/clkout2_buf/O
                         net (fo=99, routed)          1.650    -2.318    u_confreg/timer_clk
    SLICE_X61Y125        FDRE                                         r  u_confreg/write_timer_begin_r2_reg/C
  -------------------------------------------------------------------    -------------------
    SLICE_X61Y125        FDRE (Prop_fdre_C_Q)         0.419    -1.899 r  u_confreg/write_timer_begin_r2_reg/Q
                         net (fo=35, routed)          1.970     0.071    u_confreg/write_timer_begin_r2
    SLICE_X62Y130        LUT4 (Prop_lut4_I2_O)        0.299     0.370 r  u_confreg/timer[20]_i_5/O
                         net (fo=1, routed)           0.000     0.370    u_confreg/timer[20]_i_5_n_0
    SLICE_X62Y130        CARRY4 (Prop_carry4_S[0]_CO[3])
                                                      0.513     0.883 r  u_confreg/timer_reg[20]_i_1/CO[3]
                         net (fo=1, routed)           0.000     0.883    u_confreg/timer_reg[20]_i_1_n_0
    SLICE_X62Y131        CARRY4 (Prop_carry4_CI_O[2])
                                                      0.239     1.122 r  u_confreg/timer_reg[24]_i_1/O[2]
                         net (fo=1, routed)           0.000     1.122    u_confreg/timer_reg[24]_i_1_n_5
    SLICE_X62Y131        FDRE                                         r  u_confreg/timer_reg[26]/D
  -------------------------------------------------------------------    -------------------

                         (clock timer_clk_clk_pll rise edge)
                                                     10.000    10.000 r  
    AC19                                              0.000    10.000 r  clk (IN)
                         net (fo=0)                   0.000    10.000    pll.clk_pll/inst/clk_in1
    AC19                 IBUF (Prop_ibuf_I_O)         1.414    11.414 r  pll.clk_pll/inst/clkin1_ibufg/O
                         net (fo=1, routed)           1.531    12.945    pll.clk_pll/inst/clk_in1_clk_pll
    PLLE2_ADV_X0Y2       PLLE2_ADV (Prop_plle2_adv_CLKIN1_CLKOUT1)
                                                     -8.262     4.684 r  pll.clk_pll/inst/plle2_adv_inst/CLKOUT1
                         net (fo=1, routed)           1.755     6.439    pll.clk_pll/inst/timer_clk_clk_pll
    BUFGCTRL_X0Y1        BUFG (Prop_bufg_I_O)         0.091     6.530 r  pll.clk_pll/inst/clkout2_buf/O
                         net (fo=99, routed)          1.535     8.065    u_confreg/timer_clk
    SLICE_X62Y131        FDRE                                         r  u_confreg/timer_reg[26]/C
                         clock pessimism             -0.418     7.647    
                         clock uncertainty           -0.077     7.570    
    SLICE_X62Y131        FDRE (Setup_fdre_C_D)        0.109     7.679    u_confreg/timer_reg[26]
  -------------------------------------------------------------------
                         required time                          7.679    
                         arrival time                          -1.122    
  -------------------------------------------------------------------
                         slack                                  6.557    

Slack (MET) :             6.577ns  (required time - arrival time)
  Source:                 u_confreg/write_timer_begin_r2_reg/C
                            (rising edge-triggered cell FDRE clocked by timer_clk_clk_pll  {rise@0.000ns fall@5.000ns period=10.000ns})
  Destination:            u_confreg/timer_reg[24]/D
                            (rising edge-triggered cell FDRE clocked by timer_clk_clk_pll  {rise@0.000ns fall@5.000ns period=10.000ns})
  Path Group:             timer_clk_clk_pll
  Path Type:              Setup (Max at Slow Process Corner)
  Requirement:            10.000ns  (timer_clk_clk_pll rise@10.000ns - timer_clk_clk_pll rise@0.000ns)
  Data Path Delay:        3.420ns  (logic 1.450ns (42.398%)  route 1.970ns (57.602%))
  Logic Levels:           3  (CARRY4=2 LUT4=1)
  Clock Path Skew:        -0.035ns (DCD - SCD + CPR)
    Destination Clock Delay (DCD):    -1.935ns = ( 8.065 - 10.000 ) 
    Source Clock Delay      (SCD):    -2.318ns
    Clock Pessimism Removal (CPR):    -0.418ns
  Clock Uncertainty:      0.077ns  ((TSJ^2 + DJ^2)^1/2) / 2 + PE
    Total System Jitter     (TSJ):    0.071ns
    Discrete Jitter          (DJ):    0.138ns
    Phase Error              (PE):    0.000ns

    Location             Delay type                Incr(ns)  Path(ns)    Netlist Resource(s)
  -------------------------------------------------------------------    -------------------
                         (clock timer_clk_clk_pll rise edge)
                                                      0.000     0.000 r  
    AC19                                              0.000     0.000 r  clk (IN)
                         net (fo=0)                   0.000     0.000    pll.clk_pll/inst/clk_in1
    AC19                 IBUF (Prop_ibuf_I_O)         1.485     1.485 r  pll.clk_pll/inst/clkin1_ibufg/O
                         net (fo=1, routed)           1.619     3.104    pll.clk_pll/inst/clk_in1_clk_pll
    PLLE2_ADV_X0Y2       PLLE2_ADV (Prop_plle2_adv_CLKIN1_CLKOUT1)
                                                     -9.006    -5.902 r  pll.clk_pll/inst/plle2_adv_inst/CLKOUT1
                         net (fo=1, routed)           1.837    -4.064    pll.clk_pll/inst/timer_clk_clk_pll
    BUFGCTRL_X0Y1        BUFG (Prop_bufg_I_O)         0.096    -3.968 r  pll.clk_pll/inst/clkout2_buf/O
                         net (fo=99, routed)          1.650    -2.318    u_confreg/timer_clk
    SLICE_X61Y125        FDRE                                         r  u_confreg/write_timer_begin_r2_reg/C
  -------------------------------------------------------------------    -------------------
    SLICE_X61Y125        FDRE (Prop_fdre_C_Q)         0.419    -1.899 r  u_confreg/write_timer_begin_r2_reg/Q
                         net (fo=35, routed)          1.970     0.071    u_confreg/write_timer_begin_r2
    SLICE_X62Y130        LUT4 (Prop_lut4_I2_O)        0.299     0.370 r  u_confreg/timer[20]_i_5/O
                         net (fo=1, routed)           0.000     0.370    u_confreg/timer[20]_i_5_n_0
    SLICE_X62Y130        CARRY4 (Prop_carry4_S[0]_CO[3])
                                                      0.513     0.883 r  u_confreg/timer_reg[20]_i_1/CO[3]
                         net (fo=1, routed)           0.000     0.883    u_confreg/timer_reg[20]_i_1_n_0
    SLICE_X62Y131        CARRY4 (Prop_carry4_CI_O[0])
                                                      0.219     1.102 r  u_confreg/timer_reg[24]_i_1/O[0]
                         net (fo=1, routed)           0.000     1.102    u_confreg/timer_reg[24]_i_1_n_7
    SLICE_X62Y131        FDRE                                         r  u_confreg/timer_reg[24]/D
  -------------------------------------------------------------------    -------------------

                         (clock timer_clk_clk_pll rise edge)
                                                     10.000    10.000 r  
    AC19                                              0.000    10.000 r  clk (IN)
                         net (fo=0)                   0.000    10.000    pll.clk_pll/inst/clk_in1
    AC19                 IBUF (Prop_ibuf_I_O)         1.414    11.414 r  pll.clk_pll/inst/clkin1_ibufg/O
                         net (fo=1, routed)           1.531    12.945    pll.clk_pll/inst/clk_in1_clk_pll
    PLLE2_ADV_X0Y2       PLLE2_ADV (Prop_plle2_adv_CLKIN1_CLKOUT1)
                                                     -8.262     4.684 r  pll.clk_pll/inst/plle2_adv_inst/CLKOUT1
                         net (fo=1, routed)           1.755     6.439    pll.clk_pll/inst/timer_clk_clk_pll
    BUFGCTRL_X0Y1        BUFG (Prop_bufg_I_O)         0.091     6.530 r  pll.clk_pll/inst/clkout2_buf/O
                         net (fo=99, routed)          1.535     8.065    u_confreg/timer_clk
    SLICE_X62Y131        FDRE                                         r  u_confreg/timer_reg[24]/C
                         clock pessimism             -0.418     7.647    
                         clock uncertainty           -0.077     7.570    
    SLICE_X62Y131        FDRE (Setup_fdre_C_D)        0.109     7.679    u_confreg/timer_reg[24]
  -------------------------------------------------------------------
                         required time                          7.679    
                         arrival time                          -1.102    
  -------------------------------------------------------------------
                         slack                                  6.577    

Slack (MET) :             6.700ns  (required time - arrival time)
  Source:                 u_confreg/write_timer_begin_r2_reg/C
                            (rising edge-triggered cell FDRE clocked by timer_clk_clk_pll  {rise@0.000ns fall@5.000ns period=10.000ns})
  Destination:            u_confreg/timer_reg[23]/D
                            (rising edge-triggered cell FDRE clocked by timer_clk_clk_pll  {rise@0.000ns fall@5.000ns period=10.000ns})
  Path Group:             timer_clk_clk_pll
  Path Type:              Setup (Max at Slow Process Corner)
  Requirement:            10.000ns  (timer_clk_clk_pll rise@10.000ns - timer_clk_clk_pll rise@0.000ns)
  Data Path Delay:        3.296ns  (logic 1.326ns (40.231%)  route 1.970ns (59.769%))
  Logic Levels:           2  (CARRY4=1 LUT4=1)
  Clock Path Skew:        -0.036ns (DCD - SCD + CPR)
    Destination Clock Delay (DCD):    -1.936ns = ( 8.064 - 10.000 ) 
    Source Clock Delay      (SCD):    -2.318ns
    Clock Pessimism Removal (CPR):    -0.418ns
  Clock Uncertainty:      0.077ns  ((TSJ^2 + DJ^2)^1/2) / 2 + PE
    Total System Jitter     (TSJ):    0.071ns
    Discrete Jitter          (DJ):    0.138ns
    Phase Error              (PE):    0.000ns

    Location             Delay type                Incr(ns)  Path(ns)    Netlist Resource(s)
  -------------------------------------------------------------------    -------------------
                         (clock timer_clk_clk_pll rise edge)
                                                      0.000     0.000 r  
    AC19                                              0.000     0.000 r  clk (IN)
                         net (fo=0)                   0.000     0.000    pll.clk_pll/inst/clk_in1
    AC19                 IBUF (Prop_ibuf_I_O)         1.485     1.485 r  pll.clk_pll/inst/clkin1_ibufg/O
                         net (fo=1, routed)           1.619     3.104    pll.clk_pll/inst/clk_in1_clk_pll
    PLLE2_ADV_X0Y2       PLLE2_ADV (Prop_plle2_adv_CLKIN1_CLKOUT1)
                                                     -9.006    -5.902 r  pll.clk_pll/inst/plle2_adv_inst/CLKOUT1
                         net (fo=1, routed)           1.837    -4.064    pll.clk_pll/inst/timer_clk_clk_pll
    BUFGCTRL_X0Y1        BUFG (Prop_bufg_I_O)         0.096    -3.968 r  pll.clk_pll/inst/clkout2_buf/O
                         net (fo=99, routed)          1.650    -2.318    u_confreg/timer_clk
    SLICE_X61Y125        FDRE                                         r  u_confreg/write_timer_begin_r2_reg/C
  -------------------------------------------------------------------    -------------------
    SLICE_X61Y125        FDRE (Prop_fdre_C_Q)         0.419    -1.899 r  u_confreg/write_timer_begin_r2_reg/Q
                         net (fo=35, routed)          1.970     0.071    u_confreg/write_timer_begin_r2
    SLICE_X62Y130        LUT4 (Prop_lut4_I2_O)        0.299     0.370 r  u_confreg/timer[20]_i_5/O
                         net (fo=1, routed)           0.000     0.370    u_confreg/timer[20]_i_5_n_0
    SLICE_X62Y130        CARRY4 (Prop_carry4_S[0]_O[3])
                                                      0.608     0.978 r  u_confreg/timer_reg[20]_i_1/O[3]
                         net (fo=1, routed)           0.000     0.978    u_confreg/timer_reg[20]_i_1_n_4
    SLICE_X62Y130        FDRE                                         r  u_confreg/timer_reg[23]/D
  -------------------------------------------------------------------    -------------------

                         (clock timer_clk_clk_pll rise edge)
                                                     10.000    10.000 r  
    AC19                                              0.000    10.000 r  clk (IN)
                         net (fo=0)                   0.000    10.000    pll.clk_pll/inst/clk_in1
    AC19                 IBUF (Prop_ibuf_I_O)         1.414    11.414 r  pll.clk_pll/inst/clkin1_ibufg/O
                         net (fo=1, routed)           1.531    12.945    pll.clk_pll/inst/clk_in1_clk_pll
    PLLE2_ADV_X0Y2       PLLE2_ADV (Prop_plle2_adv_CLKIN1_CLKOUT1)
                                                     -8.262     4.684 r  pll.clk_pll/inst/plle2_adv_inst/CLKOUT1
                         net (fo=1, routed)           1.755     6.439    pll.clk_pll/inst/timer_clk_clk_pll
    BUFGCTRL_X0Y1        BUFG (Prop_bufg_I_O)         0.091     6.530 r  pll.clk_pll/inst/clkout2_buf/O
                         net (fo=99, routed)          1.534     8.064    u_confreg/timer_clk
    SLICE_X62Y130        FDRE                                         r  u_confreg/timer_reg[23]/C
                         clock pessimism             -0.418     7.646    
                         clock uncertainty           -0.077     7.569    
    SLICE_X62Y130        FDRE (Setup_fdre_C_D)        0.109     7.678    u_confreg/timer_reg[23]
  -------------------------------------------------------------------
                         required time                          7.678    
                         arrival time                          -0.978    
  -------------------------------------------------------------------
                         slack                                  6.700    

Slack (MET) :             6.727ns  (required time - arrival time)
  Source:                 u_confreg/write_timer_begin_r2_reg/C
                            (rising edge-triggered cell FDRE clocked by timer_clk_clk_pll  {rise@0.000ns fall@5.000ns period=10.000ns})
  Destination:            u_confreg/timer_reg[21]/D
                            (rising edge-triggered cell FDRE clocked by timer_clk_clk_pll  {rise@0.000ns fall@5.000ns period=10.000ns})
  Path Group:             timer_clk_clk_pll
  Path Type:              Setup (Max at Slow Process Corner)
  Requirement:            10.000ns  (timer_clk_clk_pll rise@10.000ns - timer_clk_clk_pll rise@0.000ns)
  Data Path Delay:        3.269ns  (logic 1.885ns (57.663%)  route 1.384ns (42.337%))
  Logic Levels:           7  (CARRY4=6 LUT4=1)
  Clock Path Skew:        -0.036ns (DCD - SCD + CPR)
    Destination Clock Delay (DCD):    -1.936ns = ( 8.064 - 10.000 ) 
    Source Clock Delay      (SCD):    -2.318ns
    Clock Pessimism Removal (CPR):    -0.418ns
  Clock Uncertainty:      0.077ns  ((TSJ^2 + DJ^2)^1/2) / 2 + PE
    Total System Jitter     (TSJ):    0.071ns
    Discrete Jitter          (DJ):    0.138ns
    Phase Error              (PE):    0.000ns

    Location             Delay type                Incr(ns)  Path(ns)    Netlist Resource(s)
  -------------------------------------------------------------------    -------------------
                         (clock timer_clk_clk_pll rise edge)
                                                      0.000     0.000 r  
    AC19                                              0.000     0.000 r  clk (IN)
                         net (fo=0)                   0.000     0.000    pll.clk_pll/inst/clk_in1
    AC19                 IBUF (Prop_ibuf_I_O)         1.485     1.485 r  pll.clk_pll/inst/clkin1_ibufg/O
                         net (fo=1, routed)           1.619     3.104    pll.clk_pll/inst/clk_in1_clk_pll
    PLLE2_ADV_X0Y2       PLLE2_ADV (Prop_plle2_adv_CLKIN1_CLKOUT1)
                                                     -9.006    -5.902 r  pll.clk_pll/inst/plle2_adv_inst/CLKOUT1
                         net (fo=1, routed)           1.837    -4.064    pll.clk_pll/inst/timer_clk_clk_pll
    BUFGCTRL_X0Y1        BUFG (Prop_bufg_I_O)         0.096    -3.968 r  pll.clk_pll/inst/clkout2_buf/O
                         net (fo=99, routed)          1.650    -2.318    u_confreg/timer_clk
    SLICE_X61Y125        FDRE                                         r  u_confreg/write_timer_begin_r2_reg/C
  -------------------------------------------------------------------    -------------------
    SLICE_X61Y125        FDRE (Prop_fdre_C_Q)         0.419    -1.899 r  u_confreg/write_timer_begin_r2_reg/Q
                         net (fo=35, routed)          1.384    -0.515    u_confreg/write_timer_begin_r2
    SLICE_X62Y125        LUT4 (Prop_lut4_I2_O)        0.299    -0.216 r  u_confreg/timer[0]_i_3/O
                         net (fo=1, routed)           0.000    -0.216    u_confreg/timer[0]_i_3_n_0
    SLICE_X62Y125        CARRY4 (Prop_carry4_S[3]_CO[3])
                                                      0.376     0.160 r  u_confreg/timer_reg[0]_i_1/CO[3]
                         net (fo=1, routed)           0.000     0.160    u_confreg/timer_reg[0]_i_1_n_0
    SLICE_X62Y126        CARRY4 (Prop_carry4_CI_CO[3])
                                                      0.117     0.277 r  u_confreg/timer_reg[4]_i_1/CO[3]
                         net (fo=1, routed)           0.000     0.277    u_confreg/timer_reg[4]_i_1_n_0
    SLICE_X62Y127        CARRY4 (Prop_carry4_CI_CO[3])
                                                      0.117     0.394 r  u_confreg/timer_reg[8]_i_1/CO[3]
                         net (fo=1, routed)           0.000     0.394    u_confreg/timer_reg[8]_i_1_n_0
    SLICE_X62Y128        CARRY4 (Prop_carry4_CI_CO[3])
                                                      0.117     0.511 r  u_confreg/timer_reg[12]_i_1/CO[3]
                         net (fo=1, routed)           0.000     0.511    u_confreg/timer_reg[12]_i_1_n_0
    SLICE_X62Y129        CARRY4 (Prop_carry4_CI_CO[3])
                                                      0.117     0.628 r  u_confreg/timer_reg[16]_i_1/CO[3]
                         net (fo=1, routed)           0.000     0.628    u_confreg/timer_reg[16]_i_1_n_0
    SLICE_X62Y130        CARRY4 (Prop_carry4_CI_O[1])
                                                      0.323     0.951 r  u_confreg/timer_reg[20]_i_1/O[1]
                         net (fo=1, routed)           0.000     0.951    u_confreg/timer_reg[20]_i_1_n_6
    SLICE_X62Y130        FDRE                                         r  u_confreg/timer_reg[21]/D
  -------------------------------------------------------------------    -------------------

                         (clock timer_clk_clk_pll rise edge)
                                                     10.000    10.000 r  
    AC19                                              0.000    10.000 r  clk (IN)
                         net (fo=0)                   0.000    10.000    pll.clk_pll/inst/clk_in1
    AC19                 IBUF (Prop_ibuf_I_O)         1.414    11.414 r  pll.clk_pll/inst/clkin1_ibufg/O
                         net (fo=1, routed)           1.531    12.945    pll.clk_pll/inst/clk_in1_clk_pll
    PLLE2_ADV_X0Y2       PLLE2_ADV (Prop_plle2_adv_CLKIN1_CLKOUT1)
                                                     -8.262     4.684 r  pll.clk_pll/inst/plle2_adv_inst/CLKOUT1
                         net (fo=1, routed)           1.755     6.439    pll.clk_pll/inst/timer_clk_clk_pll
    BUFGCTRL_X0Y1        BUFG (Prop_bufg_I_O)         0.091     6.530 r  pll.clk_pll/inst/clkout2_buf/O
                         net (fo=99, routed)          1.534     8.064    u_confreg/timer_clk
    SLICE_X62Y130        FDRE                                         r  u_confreg/timer_reg[21]/C
                         clock pessimism             -0.418     7.646    
                         clock uncertainty           -0.077     7.569    
    SLICE_X62Y130        FDRE (Setup_fdre_C_D)        0.109     7.678    u_confreg/timer_reg[21]
  -------------------------------------------------------------------
                         required time                          7.678    
                         arrival time                          -0.951    
  -------------------------------------------------------------------
                         slack                                  6.727    





Min Delay Paths
--------------------------------------------------------------------------------------
Slack (MET) :             0.119ns  (arrival time - required time)
  Source:                 u_confreg/conf_wdata_r1_reg[9]/C
                            (rising edge-triggered cell FDRE clocked by timer_clk_clk_pll  {rise@0.000ns fall@5.000ns period=10.000ns})
  Destination:            u_confreg/conf_wdata_r2_reg[9]/D
                            (rising edge-triggered cell FDRE clocked by timer_clk_clk_pll  {rise@0.000ns fall@5.000ns period=10.000ns})
  Path Group:             timer_clk_clk_pll
  Path Type:              Hold (Min at Fast Process Corner)
  Requirement:            0.000ns  (timer_clk_clk_pll rise@0.000ns - timer_clk_clk_pll rise@0.000ns)
  Data Path Delay:        0.197ns  (logic 0.141ns (71.611%)  route 0.056ns (28.389%))
  Logic Levels:           0  
  Clock Path Skew:        0.000ns (DCD - SCD - CPR)
    Destination Clock Delay (DCD):    -0.312ns
    Source Clock Delay      (SCD):    -0.549ns
    Clock Pessimism Removal (CPR):    0.237ns

    Location             Delay type                Incr(ns)  Path(ns)    Netlist Resource(s)
  -------------------------------------------------------------------    -------------------
                         (clock timer_clk_clk_pll rise edge)
                                                      0.000     0.000 r  
    AC19                                              0.000     0.000 r  clk (IN)
                         net (fo=0)                   0.000     0.000    pll.clk_pll/inst/clk_in1
    AC19                 IBUF (Prop_ibuf_I_O)         0.253     0.253 r  pll.clk_pll/inst/clkin1_ibufg/O
                         net (fo=1, routed)           0.565     0.818    pll.clk_pll/inst/clk_in1_clk_pll
    PLLE2_ADV_X0Y2       PLLE2_ADV (Prop_plle2_adv_CLKIN1_CLKOUT1)
                                                     -2.523    -1.705 r  pll.clk_pll/inst/plle2_adv_inst/CLKOUT1
                         net (fo=1, routed)           0.560    -1.146    pll.clk_pll/inst/timer_clk_clk_pll
    BUFGCTRL_X0Y1        BUFG (Prop_bufg_I_O)         0.026    -1.120 r  pll.clk_pll/inst/clkout2_buf/O
                         net (fo=99, routed)          0.571    -0.549    u_confreg/timer_clk
    SLICE_X59Y126        FDRE                                         r  u_confreg/conf_wdata_r1_reg[9]/C
  -------------------------------------------------------------------    -------------------
    SLICE_X59Y126        FDRE (Prop_fdre_C_Q)         0.141    -0.408 r  u_confreg/conf_wdata_r1_reg[9]/Q
                         net (fo=1, routed)           0.056    -0.352    u_confreg/conf_wdata_r1[9]
    SLICE_X59Y126        FDRE                                         r  u_confreg/conf_wdata_r2_reg[9]/D
  -------------------------------------------------------------------    -------------------

                         (clock timer_clk_clk_pll rise edge)
                                                      0.000     0.000 r  
    AC19                                              0.000     0.000 r  clk (IN)
                         net (fo=0)                   0.000     0.000    pll.clk_pll/inst/clk_in1
    AC19                 IBUF (Prop_ibuf_I_O)         0.441     0.441 r  pll.clk_pll/inst/clkin1_ibufg/O
                         net (fo=1, routed)           0.620     1.061    pll.clk_pll/inst/clk_in1_clk_pll
    PLLE2_ADV_X0Y2       PLLE2_ADV (Prop_plle2_adv_CLKIN1_CLKOUT1)
                                                     -2.851    -1.790 r  pll.clk_pll/inst/plle2_adv_inst/CLKOUT1
                         net (fo=1, routed)           0.611    -1.180    pll.clk_pll/inst/timer_clk_clk_pll
    BUFGCTRL_X0Y1        BUFG (Prop_bufg_I_O)         0.029    -1.151 r  pll.clk_pll/inst/clkout2_buf/O
                         net (fo=99, routed)          0.839    -0.312    u_confreg/timer_clk
    SLICE_X59Y126        FDRE                                         r  u_confreg/conf_wdata_r2_reg[9]/C
                         clock pessimism             -0.237    -0.549    
    SLICE_X59Y126        FDRE (Hold_fdre_C_D)         0.078    -0.471    u_confreg/conf_wdata_r2_reg[9]
  -------------------------------------------------------------------
                         required time                          0.471    
                         arrival time                          -0.352    
  -------------------------------------------------------------------
                         slack                                  0.119    

Slack (MET) :             0.121ns  (arrival time - required time)
  Source:                 u_confreg/conf_wdata_r1_reg[5]/C
                            (rising edge-triggered cell FDRE clocked by timer_clk_clk_pll  {rise@0.000ns fall@5.000ns period=10.000ns})
  Destination:            u_confreg/conf_wdata_r2_reg[5]/D
                            (rising edge-triggered cell FDRE clocked by timer_clk_clk_pll  {rise@0.000ns fall@5.000ns period=10.000ns})
  Path Group:             timer_clk_clk_pll
  Path Type:              Hold (Min at Fast Process Corner)
  Requirement:            0.000ns  (timer_clk_clk_pll rise@0.000ns - timer_clk_clk_pll rise@0.000ns)
  Data Path Delay:        0.197ns  (logic 0.141ns (71.611%)  route 0.056ns (28.389%))
  Logic Levels:           0  
  Clock Path Skew:        0.000ns (DCD - SCD - CPR)
    Destination Clock Delay (DCD):    -0.312ns
    Source Clock Delay      (SCD):    -0.549ns
    Clock Pessimism Removal (CPR):    0.237ns

    Location             Delay type                Incr(ns)  Path(ns)    Netlist Resource(s)
  -------------------------------------------------------------------    -------------------
                         (clock timer_clk_clk_pll rise edge)
                                                      0.000     0.000 r  
    AC19                                              0.000     0.000 r  clk (IN)
                         net (fo=0)                   0.000     0.000    pll.clk_pll/inst/clk_in1
    AC19                 IBUF (Prop_ibuf_I_O)         0.253     0.253 r  pll.clk_pll/inst/clkin1_ibufg/O
                         net (fo=1, routed)           0.565     0.818    pll.clk_pll/inst/clk_in1_clk_pll
    PLLE2_ADV_X0Y2       PLLE2_ADV (Prop_plle2_adv_CLKIN1_CLKOUT1)
                                                     -2.523    -1.705 r  pll.clk_pll/inst/plle2_adv_inst/CLKOUT1
                         net (fo=1, routed)           0.560    -1.146    pll.clk_pll/inst/timer_clk_clk_pll
    BUFGCTRL_X0Y1        BUFG (Prop_bufg_I_O)         0.026    -1.120 r  pll.clk_pll/inst/clkout2_buf/O
                         net (fo=99, routed)          0.571    -0.549    u_confreg/timer_clk
    SLICE_X59Y126        FDRE                                         r  u_confreg/conf_wdata_r1_reg[5]/C
  -------------------------------------------------------------------    -------------------
    SLICE_X59Y126        FDRE (Prop_fdre_C_Q)         0.141    -0.408 r  u_confreg/conf_wdata_r1_reg[5]/Q
                         net (fo=1, routed)           0.056    -0.352    u_confreg/conf_wdata_r1[5]
    SLICE_X59Y126        FDRE                                         r  u_confreg/conf_wdata_r2_reg[5]/D
  -------------------------------------------------------------------    -------------------

                         (clock timer_clk_clk_pll rise edge)
                                                      0.000     0.000 r  
    AC19                                              0.000     0.000 r  clk (IN)
                         net (fo=0)                   0.000     0.000    pll.clk_pll/inst/clk_in1
    AC19                 IBUF (Prop_ibuf_I_O)         0.441     0.441 r  pll.clk_pll/inst/clkin1_ibufg/O
                         net (fo=1, routed)           0.620     1.061    pll.clk_pll/inst/clk_in1_clk_pll
    PLLE2_ADV_X0Y2       PLLE2_ADV (Prop_plle2_adv_CLKIN1_CLKOUT1)
                                                     -2.851    -1.790 r  pll.clk_pll/inst/plle2_adv_inst/CLKOUT1
                         net (fo=1, routed)           0.611    -1.180    pll.clk_pll/inst/timer_clk_clk_pll
    BUFGCTRL_X0Y1        BUFG (Prop_bufg_I_O)         0.029    -1.151 r  pll.clk_pll/inst/clkout2_buf/O
                         net (fo=99, routed)          0.839    -0.312    u_confreg/timer_clk
    SLICE_X59Y126        FDRE                                         r  u_confreg/conf_wdata_r2_reg[5]/C
                         clock pessimism             -0.237    -0.549    
    SLICE_X59Y126        FDRE (Hold_fdre_C_D)         0.076    -0.473    u_confreg/conf_wdata_r2_reg[5]
  -------------------------------------------------------------------
                         required time                          0.473    
                         arrival time                          -0.352    
  -------------------------------------------------------------------
                         slack                                  0.121    

Slack (MET) :             0.122ns  (arrival time - required time)
  Source:                 u_confreg/conf_wdata_r1_reg[1]/C
                            (rising edge-triggered cell FDRE clocked by timer_clk_clk_pll  {rise@0.000ns fall@5.000ns period=10.000ns})
  Destination:            u_confreg/conf_wdata_r2_reg[1]/D
                            (rising edge-triggered cell FDRE clocked by timer_clk_clk_pll  {rise@0.000ns fall@5.000ns period=10.000ns})
  Path Group:             timer_clk_clk_pll
  Path Type:              Hold (Min at Fast Process Corner)
  Requirement:            0.000ns  (timer_clk_clk_pll rise@0.000ns - timer_clk_clk_pll rise@0.000ns)
  Data Path Delay:        0.197ns  (logic 0.141ns (71.611%)  route 0.056ns (28.389%))
  Logic Levels:           0  
  Clock Path Skew:        0.000ns (DCD - SCD - CPR)
    Destination Clock Delay (DCD):    -0.312ns
    Source Clock Delay      (SCD):    -0.549ns
    Clock Pessimism Removal (CPR):    0.237ns

    Location             Delay type                Incr(ns)  Path(ns)    Netlist Resource(s)
  -------------------------------------------------------------------    -------------------
                         (clock timer_clk_clk_pll rise edge)
                                                      0.000     0.000 r  
    AC19                                              0.000     0.000 r  clk (IN)
                         net (fo=0)                   0.000     0.000    pll.clk_pll/inst/clk_in1
    AC19                 IBUF (Prop_ibuf_I_O)         0.253     0.253 r  pll.clk_pll/inst/clkin1_ibufg/O
                         net (fo=1, routed)           0.565     0.818    pll.clk_pll/inst/clk_in1_clk_pll
    PLLE2_ADV_X0Y2       PLLE2_ADV (Prop_plle2_adv_CLKIN1_CLKOUT1)
                                                     -2.523    -1.705 r  pll.clk_pll/inst/plle2_adv_inst/CLKOUT1
                         net (fo=1, routed)           0.560    -1.146    pll.clk_pll/inst/timer_clk_clk_pll
    BUFGCTRL_X0Y1        BUFG (Prop_bufg_I_O)         0.026    -1.120 r  pll.clk_pll/inst/clkout2_buf/O
                         net (fo=99, routed)          0.571    -0.549    u_confreg/timer_clk
    SLICE_X59Y126        FDRE                                         r  u_confreg/conf_wdata_r1_reg[1]/C
  -------------------------------------------------------------------    -------------------
    SLICE_X59Y126        FDRE (Prop_fdre_C_Q)         0.141    -0.408 r  u_confreg/conf_wdata_r1_reg[1]/Q
                         net (fo=1, routed)           0.056    -0.352    u_confreg/conf_wdata_r1[1]
    SLICE_X59Y126        FDRE                                         r  u_confreg/conf_wdata_r2_reg[1]/D
  -------------------------------------------------------------------    -------------------

                         (clock timer_clk_clk_pll rise edge)
                                                      0.000     0.000 r  
    AC19                                              0.000     0.000 r  clk (IN)
                         net (fo=0)                   0.000     0.000    pll.clk_pll/inst/clk_in1
    AC19                 IBUF (Prop_ibuf_I_O)         0.441     0.441 r  pll.clk_pll/inst/clkin1_ibufg/O
                         net (fo=1, routed)           0.620     1.061    pll.clk_pll/inst/clk_in1_clk_pll
    PLLE2_ADV_X0Y2       PLLE2_ADV (Prop_plle2_adv_CLKIN1_CLKOUT1)
                                                     -2.851    -1.790 r  pll.clk_pll/inst/plle2_adv_inst/CLKOUT1
                         net (fo=1, routed)           0.611    -1.180    pll.clk_pll/inst/timer_clk_clk_pll
    BUFGCTRL_X0Y1        BUFG (Prop_bufg_I_O)         0.029    -1.151 r  pll.clk_pll/inst/clkout2_buf/O
                         net (fo=99, routed)          0.839    -0.312    u_confreg/timer_clk
    SLICE_X59Y126        FDRE                                         r  u_confreg/conf_wdata_r2_reg[1]/C
                         clock pessimism             -0.237    -0.549    
    SLICE_X59Y126        FDRE (Hold_fdre_C_D)         0.075    -0.474    u_confreg/conf_wdata_r2_reg[1]
  -------------------------------------------------------------------
                         required time                          0.474    
                         arrival time                          -0.352    
  -------------------------------------------------------------------
                         slack                                  0.122    

Slack (MET) :             0.126ns  (arrival time - required time)
  Source:                 u_confreg/conf_wdata_r1_reg[2]/C
                            (rising edge-triggered cell FDRE clocked by timer_clk_clk_pll  {rise@0.000ns fall@5.000ns period=10.000ns})
  Destination:            u_confreg/conf_wdata_r2_reg[2]/D
                            (rising edge-triggered cell FDRE clocked by timer_clk_clk_pll  {rise@0.000ns fall@5.000ns period=10.000ns})
  Path Group:             timer_clk_clk_pll
  Path Type:              Hold (Min at Fast Process Corner)
  Requirement:            0.000ns  (timer_clk_clk_pll rise@0.000ns - timer_clk_clk_pll rise@0.000ns)
  Data Path Delay:        0.197ns  (logic 0.141ns (71.611%)  route 0.056ns (28.389%))
  Logic Levels:           0  
  Clock Path Skew:        0.000ns (DCD - SCD - CPR)
    Destination Clock Delay (DCD):    -0.312ns
    Source Clock Delay      (SCD):    -0.549ns
    Clock Pessimism Removal (CPR):    0.237ns

    Location             Delay type                Incr(ns)  Path(ns)    Netlist Resource(s)
  -------------------------------------------------------------------    -------------------
                         (clock timer_clk_clk_pll rise edge)
                                                      0.000     0.000 r  
    AC19                                              0.000     0.000 r  clk (IN)
                         net (fo=0)                   0.000     0.000    pll.clk_pll/inst/clk_in1
    AC19                 IBUF (Prop_ibuf_I_O)         0.253     0.253 r  pll.clk_pll/inst/clkin1_ibufg/O
                         net (fo=1, routed)           0.565     0.818    pll.clk_pll/inst/clk_in1_clk_pll
    PLLE2_ADV_X0Y2       PLLE2_ADV (Prop_plle2_adv_CLKIN1_CLKOUT1)
                                                     -2.523    -1.705 r  pll.clk_pll/inst/plle2_adv_inst/CLKOUT1
                         net (fo=1, routed)           0.560    -1.146    pll.clk_pll/inst/timer_clk_clk_pll
    BUFGCTRL_X0Y1        BUFG (Prop_bufg_I_O)         0.026    -1.120 r  pll.clk_pll/inst/clkout2_buf/O
                         net (fo=99, routed)          0.571    -0.549    u_confreg/timer_clk
    SLICE_X59Y126        FDRE                                         r  u_confreg/conf_wdata_r1_reg[2]/C
  -------------------------------------------------------------------    -------------------
    SLICE_X59Y126        FDRE (Prop_fdre_C_Q)         0.141    -0.408 r  u_confreg/conf_wdata_r1_reg[2]/Q
                         net (fo=1, routed)           0.056    -0.352    u_confreg/conf_wdata_r1[2]
    SLICE_X59Y126        FDRE                                         r  u_confreg/conf_wdata_r2_reg[2]/D
  -------------------------------------------------------------------    -------------------

                         (clock timer_clk_clk_pll rise edge)
                                                      0.000     0.000 r  
    AC19                                              0.000     0.000 r  clk (IN)
                         net (fo=0)                   0.000     0.000    pll.clk_pll/inst/clk_in1
    AC19                 IBUF (Prop_ibuf_I_O)         0.441     0.441 r  pll.clk_pll/inst/clkin1_ibufg/O
                         net (fo=1, routed)           0.620     1.061    pll.clk_pll/inst/clk_in1_clk_pll
    PLLE2_ADV_X0Y2       PLLE2_ADV (Prop_plle2_adv_CLKIN1_CLKOUT1)
                                                     -2.851    -1.790 r  pll.clk_pll/inst/plle2_adv_inst/CLKOUT1
                         net (fo=1, routed)           0.611    -1.180    pll.clk_pll/inst/timer_clk_clk_pll
    BUFGCTRL_X0Y1        BUFG (Prop_bufg_I_O)         0.029    -1.151 r  pll.clk_pll/inst/clkout2_buf/O
                         net (fo=99, routed)          0.839    -0.312    u_confreg/timer_clk
    SLICE_X59Y126        FDRE                                         r  u_confreg/conf_wdata_r2_reg[2]/C
                         clock pessimism             -0.237    -0.549    
    SLICE_X59Y126        FDRE (Hold_fdre_C_D)         0.071    -0.478    u_confreg/conf_wdata_r2_reg[2]
  -------------------------------------------------------------------
                         required time                          0.478    
                         arrival time                          -0.352    
  -------------------------------------------------------------------
                         slack                                  0.126    

Slack (MET) :             0.156ns  (arrival time - required time)
  Source:                 u_confreg/conf_wdata_r1_reg[21]/C
                            (rising edge-triggered cell FDRE clocked by timer_clk_clk_pll  {rise@0.000ns fall@5.000ns period=10.000ns})
  Destination:            u_confreg/conf_wdata_r2_reg[21]/D
                            (rising edge-triggered cell FDRE clocked by timer_clk_clk_pll  {rise@0.000ns fall@5.000ns period=10.000ns})
  Path Group:             timer_clk_clk_pll
  Path Type:              Hold (Min at Fast Process Corner)
  Requirement:            0.000ns  (timer_clk_clk_pll rise@0.000ns - timer_clk_clk_pll rise@0.000ns)
  Data Path Delay:        0.220ns  (logic 0.164ns (74.580%)  route 0.056ns (25.420%))
  Logic Levels:           0  
  Clock Path Skew:        0.000ns (DCD - SCD - CPR)
    Destination Clock Delay (DCD):    -0.307ns
    Source Clock Delay      (SCD):    -0.545ns
    Clock Pessimism Removal (CPR):    0.238ns

    Location             Delay type                Incr(ns)  Path(ns)    Netlist Resource(s)
  -------------------------------------------------------------------    -------------------
                         (clock timer_clk_clk_pll rise edge)
                                                      0.000     0.000 r  
    AC19                                              0.000     0.000 r  clk (IN)
                         net (fo=0)                   0.000     0.000    pll.clk_pll/inst/clk_in1
    AC19                 IBUF (Prop_ibuf_I_O)         0.253     0.253 r  pll.clk_pll/inst/clkin1_ibufg/O
                         net (fo=1, routed)           0.565     0.818    pll.clk_pll/inst/clk_in1_clk_pll
    PLLE2_ADV_X0Y2       PLLE2_ADV (Prop_plle2_adv_CLKIN1_CLKOUT1)
                                                     -2.523    -1.705 r  pll.clk_pll/inst/plle2_adv_inst/CLKOUT1
                         net (fo=1, routed)           0.560    -1.146    pll.clk_pll/inst/timer_clk_clk_pll
    BUFGCTRL_X0Y1        BUFG (Prop_bufg_I_O)         0.026    -1.120 r  pll.clk_pll/inst/clkout2_buf/O
                         net (fo=99, routed)          0.575    -0.545    u_confreg/timer_clk
    SLICE_X60Y130        FDRE                                         r  u_confreg/conf_wdata_r1_reg[21]/C
  -------------------------------------------------------------------    -------------------
    SLICE_X60Y130        FDRE (Prop_fdre_C_Q)         0.164    -0.381 r  u_confreg/conf_wdata_r1_reg[21]/Q
                         net (fo=1, routed)           0.056    -0.325    u_confreg/conf_wdata_r1[21]
    SLICE_X60Y130        FDRE                                         r  u_confreg/conf_wdata_r2_reg[21]/D
  -------------------------------------------------------------------    -------------------

                         (clock timer_clk_clk_pll rise edge)
                                                      0.000     0.000 r  
    AC19                                              0.000     0.000 r  clk (IN)
                         net (fo=0)                   0.000     0.000    pll.clk_pll/inst/clk_in1
    AC19                 IBUF (Prop_ibuf_I_O)         0.441     0.441 r  pll.clk_pll/inst/clkin1_ibufg/O
                         net (fo=1, routed)           0.620     1.061    pll.clk_pll/inst/clk_in1_clk_pll
    PLLE2_ADV_X0Y2       PLLE2_ADV (Prop_plle2_adv_CLKIN1_CLKOUT1)
                                                     -2.851    -1.790 r  pll.clk_pll/inst/plle2_adv_inst/CLKOUT1
                         net (fo=1, routed)           0.611    -1.180    pll.clk_pll/inst/timer_clk_clk_pll
    BUFGCTRL_X0Y1        BUFG (Prop_bufg_I_O)         0.029    -1.151 r  pll.clk_pll/inst/clkout2_buf/O
                         net (fo=99, routed)          0.844    -0.307    u_confreg/timer_clk
    SLICE_X60Y130        FDRE                                         r  u_confreg/conf_wdata_r2_reg[21]/C
                         clock pessimism             -0.238    -0.545    
    SLICE_X60Y130        FDRE (Hold_fdre_C_D)         0.064    -0.481    u_confreg/conf_wdata_r2_reg[21]
  -------------------------------------------------------------------
                         required time                          0.481    
                         arrival time                          -0.325    
  -------------------------------------------------------------------
                         slack                                  0.156    

Slack (MET) :             0.156ns  (arrival time - required time)
  Source:                 u_confreg/conf_wdata_r1_reg[23]/C
                            (rising edge-triggered cell FDRE clocked by timer_clk_clk_pll  {rise@0.000ns fall@5.000ns period=10.000ns})
  Destination:            u_confreg/conf_wdata_r2_reg[23]/D
                            (rising edge-triggered cell FDRE clocked by timer_clk_clk_pll  {rise@0.000ns fall@5.000ns period=10.000ns})
  Path Group:             timer_clk_clk_pll
  Path Type:              Hold (Min at Fast Process Corner)
  Requirement:            0.000ns  (timer_clk_clk_pll rise@0.000ns - timer_clk_clk_pll rise@0.000ns)
  Data Path Delay:        0.220ns  (logic 0.164ns (74.580%)  route 0.056ns (25.420%))
  Logic Levels:           0  
  Clock Path Skew:        0.000ns (DCD - SCD - CPR)
    Destination Clock Delay (DCD):    -0.307ns
    Source Clock Delay      (SCD):    -0.545ns
    Clock Pessimism Removal (CPR):    0.238ns

    Location             Delay type                Incr(ns)  Path(ns)    Netlist Resource(s)
  -------------------------------------------------------------------    -------------------
                         (clock timer_clk_clk_pll rise edge)
                                                      0.000     0.000 r  
    AC19                                              0.000     0.000 r  clk (IN)
                         net (fo=0)                   0.000     0.000    pll.clk_pll/inst/clk_in1
    AC19                 IBUF (Prop_ibuf_I_O)         0.253     0.253 r  pll.clk_pll/inst/clkin1_ibufg/O
                         net (fo=1, routed)           0.565     0.818    pll.clk_pll/inst/clk_in1_clk_pll
    PLLE2_ADV_X0Y2       PLLE2_ADV (Prop_plle2_adv_CLKIN1_CLKOUT1)
                                                     -2.523    -1.705 r  pll.clk_pll/inst/plle2_adv_inst/CLKOUT1
                         net (fo=1, routed)           0.560    -1.146    pll.clk_pll/inst/timer_clk_clk_pll
    BUFGCTRL_X0Y1        BUFG (Prop_bufg_I_O)         0.026    -1.120 r  pll.clk_pll/inst/clkout2_buf/O
                         net (fo=99, routed)          0.575    -0.545    u_confreg/timer_clk
    SLICE_X60Y130        FDRE                                         r  u_confreg/conf_wdata_r1_reg[23]/C
  -------------------------------------------------------------------    -------------------
    SLICE_X60Y130        FDRE (Prop_fdre_C_Q)         0.164    -0.381 r  u_confreg/conf_wdata_r1_reg[23]/Q
                         net (fo=1, routed)           0.056    -0.325    u_confreg/conf_wdata_r1[23]
    SLICE_X60Y130        FDRE                                         r  u_confreg/conf_wdata_r2_reg[23]/D
  -------------------------------------------------------------------    -------------------

                         (clock timer_clk_clk_pll rise edge)
                                                      0.000     0.000 r  
    AC19                                              0.000     0.000 r  clk (IN)
                         net (fo=0)                   0.000     0.000    pll.clk_pll/inst/clk_in1
    AC19                 IBUF (Prop_ibuf_I_O)         0.441     0.441 r  pll.clk_pll/inst/clkin1_ibufg/O
                         net (fo=1, routed)           0.620     1.061    pll.clk_pll/inst/clk_in1_clk_pll
    PLLE2_ADV_X0Y2       PLLE2_ADV (Prop_plle2_adv_CLKIN1_CLKOUT1)
                                                     -2.851    -1.790 r  pll.clk_pll/inst/plle2_adv_inst/CLKOUT1
                         net (fo=1, routed)           0.611    -1.180    pll.clk_pll/inst/timer_clk_clk_pll
    BUFGCTRL_X0Y1        BUFG (Prop_bufg_I_O)         0.029    -1.151 r  pll.clk_pll/inst/clkout2_buf/O
                         net (fo=99, routed)          0.844    -0.307    u_confreg/timer_clk
    SLICE_X60Y130        FDRE                                         r  u_confreg/conf_wdata_r2_reg[23]/C
                         clock pessimism             -0.238    -0.545    
    SLICE_X60Y130        FDRE (Hold_fdre_C_D)         0.064    -0.481    u_confreg/conf_wdata_r2_reg[23]
  -------------------------------------------------------------------
                         required time                          0.481    
                         arrival time                          -0.325    
  -------------------------------------------------------------------
                         slack                                  0.156    

Slack (MET) :             0.156ns  (arrival time - required time)
  Source:                 u_confreg/conf_wdata_r1_reg[15]/C
                            (rising edge-triggered cell FDRE clocked by timer_clk_clk_pll  {rise@0.000ns fall@5.000ns period=10.000ns})
  Destination:            u_confreg/conf_wdata_r2_reg[15]/D
                            (rising edge-triggered cell FDRE clocked by timer_clk_clk_pll  {rise@0.000ns fall@5.000ns period=10.000ns})
  Path Group:             timer_clk_clk_pll
  Path Type:              Hold (Min at Fast Process Corner)
  Requirement:            0.000ns  (timer_clk_clk_pll rise@0.000ns - timer_clk_clk_pll rise@0.000ns)
  Data Path Delay:        0.220ns  (logic 0.164ns (74.580%)  route 0.056ns (25.420%))
  Logic Levels:           0  
  Clock Path Skew:        0.000ns (DCD - SCD - CPR)
    Destination Clock Delay (DCD):    -0.310ns
    Source Clock Delay      (SCD):    -0.547ns
    Clock Pessimism Removal (CPR):    0.237ns

    Location             Delay type                Incr(ns)  Path(ns)    Netlist Resource(s)
  -------------------------------------------------------------------    -------------------
                         (clock timer_clk_clk_pll rise edge)
                                                      0.000     0.000 r  
    AC19                                              0.000     0.000 r  clk (IN)
                         net (fo=0)                   0.000     0.000    pll.clk_pll/inst/clk_in1
    AC19                 IBUF (Prop_ibuf_I_O)         0.253     0.253 r  pll.clk_pll/inst/clkin1_ibufg/O
                         net (fo=1, routed)           0.565     0.818    pll.clk_pll/inst/clk_in1_clk_pll
    PLLE2_ADV_X0Y2       PLLE2_ADV (Prop_plle2_adv_CLKIN1_CLKOUT1)
                                                     -2.523    -1.705 r  pll.clk_pll/inst/plle2_adv_inst/CLKOUT1
                         net (fo=1, routed)           0.560    -1.146    pll.clk_pll/inst/timer_clk_clk_pll
    BUFGCTRL_X0Y1        BUFG (Prop_bufg_I_O)         0.026    -1.120 r  pll.clk_pll/inst/clkout2_buf/O
                         net (fo=99, routed)          0.573    -0.547    u_confreg/timer_clk
    SLICE_X60Y127        FDRE                                         r  u_confreg/conf_wdata_r1_reg[15]/C
  -------------------------------------------------------------------    -------------------
    SLICE_X60Y127        FDRE (Prop_fdre_C_Q)         0.164    -0.383 r  u_confreg/conf_wdata_r1_reg[15]/Q
                         net (fo=1, routed)           0.056    -0.327    u_confreg/conf_wdata_r1[15]
    SLICE_X60Y127        FDRE                                         r  u_confreg/conf_wdata_r2_reg[15]/D
  -------------------------------------------------------------------    -------------------

                         (clock timer_clk_clk_pll rise edge)
                                                      0.000     0.000 r  
    AC19                                              0.000     0.000 r  clk (IN)
                         net (fo=0)                   0.000     0.000    pll.clk_pll/inst/clk_in1
    AC19                 IBUF (Prop_ibuf_I_O)         0.441     0.441 r  pll.clk_pll/inst/clkin1_ibufg/O
                         net (fo=1, routed)           0.620     1.061    pll.clk_pll/inst/clk_in1_clk_pll
    PLLE2_ADV_X0Y2       PLLE2_ADV (Prop_plle2_adv_CLKIN1_CLKOUT1)
                                                     -2.851    -1.790 r  pll.clk_pll/inst/plle2_adv_inst/CLKOUT1
                         net (fo=1, routed)           0.611    -1.180    pll.clk_pll/inst/timer_clk_clk_pll
    BUFGCTRL_X0Y1        BUFG (Prop_bufg_I_O)         0.029    -1.151 r  pll.clk_pll/inst/clkout2_buf/O
                         net (fo=99, routed)          0.841    -0.310    u_confreg/timer_clk
    SLICE_X60Y127        FDRE                                         r  u_confreg/conf_wdata_r2_reg[15]/C
                         clock pessimism             -0.237    -0.547    
    SLICE_X60Y127        FDRE (Hold_fdre_C_D)         0.064    -0.483    u_confreg/conf_wdata_r2_reg[15]
  -------------------------------------------------------------------
                         required time                          0.483    
                         arrival time                          -0.327    
  -------------------------------------------------------------------
                         slack                                  0.156    

Slack (MET) :             0.156ns  (arrival time - required time)
  Source:                 u_confreg/conf_wdata_r1_reg[8]/C
                            (rising edge-triggered cell FDRE clocked by timer_clk_clk_pll  {rise@0.000ns fall@5.000ns period=10.000ns})
  Destination:            u_confreg/conf_wdata_r2_reg[8]/D
                            (rising edge-triggered cell FDRE clocked by timer_clk_clk_pll  {rise@0.000ns fall@5.000ns period=10.000ns})
  Path Group:             timer_clk_clk_pll
  Path Type:              Hold (Min at Fast Process Corner)
  Requirement:            0.000ns  (timer_clk_clk_pll rise@0.000ns - timer_clk_clk_pll rise@0.000ns)
  Data Path Delay:        0.220ns  (logic 0.164ns (74.580%)  route 0.056ns (25.420%))
  Logic Levels:           0  
  Clock Path Skew:        0.000ns (DCD - SCD - CPR)
    Destination Clock Delay (DCD):    -0.310ns
    Source Clock Delay      (SCD):    -0.547ns
    Clock Pessimism Removal (CPR):    0.237ns

    Location             Delay type                Incr(ns)  Path(ns)    Netlist Resource(s)
  -------------------------------------------------------------------    -------------------
                         (clock timer_clk_clk_pll rise edge)
                                                      0.000     0.000 r  
    AC19                                              0.000     0.000 r  clk (IN)
                         net (fo=0)                   0.000     0.000    pll.clk_pll/inst/clk_in1
    AC19                 IBUF (Prop_ibuf_I_O)         0.253     0.253 r  pll.clk_pll/inst/clkin1_ibufg/O
                         net (fo=1, routed)           0.565     0.818    pll.clk_pll/inst/clk_in1_clk_pll
    PLLE2_ADV_X0Y2       PLLE2_ADV (Prop_plle2_adv_CLKIN1_CLKOUT1)
                                                     -2.523    -1.705 r  pll.clk_pll/inst/plle2_adv_inst/CLKOUT1
                         net (fo=1, routed)           0.560    -1.146    pll.clk_pll/inst/timer_clk_clk_pll
    BUFGCTRL_X0Y1        BUFG (Prop_bufg_I_O)         0.026    -1.120 r  pll.clk_pll/inst/clkout2_buf/O
                         net (fo=99, routed)          0.573    -0.547    u_confreg/timer_clk
    SLICE_X60Y127        FDRE                                         r  u_confreg/conf_wdata_r1_reg[8]/C
  -------------------------------------------------------------------    -------------------
    SLICE_X60Y127        FDRE (Prop_fdre_C_Q)         0.164    -0.383 r  u_confreg/conf_wdata_r1_reg[8]/Q
                         net (fo=1, routed)           0.056    -0.327    u_confreg/conf_wdata_r1[8]
    SLICE_X60Y127        FDRE                                         r  u_confreg/conf_wdata_r2_reg[8]/D
  -------------------------------------------------------------------    -------------------

                         (clock timer_clk_clk_pll rise edge)
                                                      0.000     0.000 r  
    AC19                                              0.000     0.000 r  clk (IN)
                         net (fo=0)                   0.000     0.000    pll.clk_pll/inst/clk_in1
    AC19                 IBUF (Prop_ibuf_I_O)         0.441     0.441 r  pll.clk_pll/inst/clkin1_ibufg/O
                         net (fo=1, routed)           0.620     1.061    pll.clk_pll/inst/clk_in1_clk_pll
    PLLE2_ADV_X0Y2       PLLE2_ADV (Prop_plle2_adv_CLKIN1_CLKOUT1)
                                                     -2.851    -1.790 r  pll.clk_pll/inst/plle2_adv_inst/CLKOUT1
                         net (fo=1, routed)           0.611    -1.180    pll.clk_pll/inst/timer_clk_clk_pll
    BUFGCTRL_X0Y1        BUFG (Prop_bufg_I_O)         0.029    -1.151 r  pll.clk_pll/inst/clkout2_buf/O
                         net (fo=99, routed)          0.841    -0.310    u_confreg/timer_clk
    SLICE_X60Y127        FDRE                                         r  u_confreg/conf_wdata_r2_reg[8]/C
                         clock pessimism             -0.237    -0.547    
    SLICE_X60Y127        FDRE (Hold_fdre_C_D)         0.064    -0.483    u_confreg/conf_wdata_r2_reg[8]
  -------------------------------------------------------------------
                         required time                          0.483    
                         arrival time                          -0.327    
  -------------------------------------------------------------------
                         slack                                  0.156    

Slack (MET) :             0.160ns  (arrival time - required time)
  Source:                 u_confreg/conf_wdata_r1_reg[12]/C
                            (rising edge-triggered cell FDRE clocked by timer_clk_clk_pll  {rise@0.000ns fall@5.000ns period=10.000ns})
  Destination:            u_confreg/conf_wdata_r2_reg[12]/D
                            (rising edge-triggered cell FDRE clocked by timer_clk_clk_pll  {rise@0.000ns fall@5.000ns period=10.000ns})
  Path Group:             timer_clk_clk_pll
  Path Type:              Hold (Min at Fast Process Corner)
  Requirement:            0.000ns  (timer_clk_clk_pll rise@0.000ns - timer_clk_clk_pll rise@0.000ns)
  Data Path Delay:        0.220ns  (logic 0.164ns (74.580%)  route 0.056ns (25.420%))
  Logic Levels:           0  
  Clock Path Skew:        0.000ns (DCD - SCD - CPR)
    Destination Clock Delay (DCD):    -0.307ns
    Source Clock Delay      (SCD):    -0.545ns
    Clock Pessimism Removal (CPR):    0.238ns

    Location             Delay type                Incr(ns)  Path(ns)    Netlist Resource(s)
  -------------------------------------------------------------------    -------------------
                         (clock timer_clk_clk_pll rise edge)
                                                      0.000     0.000 r  
    AC19                                              0.000     0.000 r  clk (IN)
                         net (fo=0)                   0.000     0.000    pll.clk_pll/inst/clk_in1
    AC19                 IBUF (Prop_ibuf_I_O)         0.253     0.253 r  pll.clk_pll/inst/clkin1_ibufg/O
                         net (fo=1, routed)           0.565     0.818    pll.clk_pll/inst/clk_in1_clk_pll
    PLLE2_ADV_X0Y2       PLLE2_ADV (Prop_plle2_adv_CLKIN1_CLKOUT1)
                                                     -2.523    -1.705 r  pll.clk_pll/inst/plle2_adv_inst/CLKOUT1
                         net (fo=1, routed)           0.560    -1.146    pll.clk_pll/inst/timer_clk_clk_pll
    BUFGCTRL_X0Y1        BUFG (Prop_bufg_I_O)         0.026    -1.120 r  pll.clk_pll/inst/clkout2_buf/O
                         net (fo=99, routed)          0.575    -0.545    u_confreg/timer_clk
    SLICE_X60Y130        FDRE                                         r  u_confreg/conf_wdata_r1_reg[12]/C
  -------------------------------------------------------------------    -------------------
    SLICE_X60Y130        FDRE (Prop_fdre_C_Q)         0.164    -0.381 r  u_confreg/conf_wdata_r1_reg[12]/Q
                         net (fo=1, routed)           0.056    -0.325    u_confreg/conf_wdata_r1[12]
    SLICE_X60Y130        FDRE                                         r  u_confreg/conf_wdata_r2_reg[12]/D
  -------------------------------------------------------------------    -------------------

                         (clock timer_clk_clk_pll rise edge)
                                                      0.000     0.000 r  
    AC19                                              0.000     0.000 r  clk (IN)
                         net (fo=0)                   0.000     0.000    pll.clk_pll/inst/clk_in1
    AC19                 IBUF (Prop_ibuf_I_O)         0.441     0.441 r  pll.clk_pll/inst/clkin1_ibufg/O
                         net (fo=1, routed)           0.620     1.061    pll.clk_pll/inst/clk_in1_clk_pll
    PLLE2_ADV_X0Y2       PLLE2_ADV (Prop_plle2_adv_CLKIN1_CLKOUT1)
                                                     -2.851    -1.790 r  pll.clk_pll/inst/plle2_adv_inst/CLKOUT1
                         net (fo=1, routed)           0.611    -1.180    pll.clk_pll/inst/timer_clk_clk_pll
    BUFGCTRL_X0Y1        BUFG (Prop_bufg_I_O)         0.029    -1.151 r  pll.clk_pll/inst/clkout2_buf/O
                         net (fo=99, routed)          0.844    -0.307    u_confreg/timer_clk
    SLICE_X60Y130        FDRE                                         r  u_confreg/conf_wdata_r2_reg[12]/C
                         clock pessimism             -0.238    -0.545    
    SLICE_X60Y130        FDRE (Hold_fdre_C_D)         0.060    -0.485    u_confreg/conf_wdata_r2_reg[12]
  -------------------------------------------------------------------
                         required time                          0.485    
                         arrival time                          -0.325    
  -------------------------------------------------------------------
                         slack                                  0.160    

Slack (MET) :             0.160ns  (arrival time - required time)
  Source:                 u_confreg/conf_wdata_r1_reg[13]/C
                            (rising edge-triggered cell FDRE clocked by timer_clk_clk_pll  {rise@0.000ns fall@5.000ns period=10.000ns})
  Destination:            u_confreg/conf_wdata_r2_reg[13]/D
                            (rising edge-triggered cell FDRE clocked by timer_clk_clk_pll  {rise@0.000ns fall@5.000ns period=10.000ns})
  Path Group:             timer_clk_clk_pll
  Path Type:              Hold (Min at Fast Process Corner)
  Requirement:            0.000ns  (timer_clk_clk_pll rise@0.000ns - timer_clk_clk_pll rise@0.000ns)
  Data Path Delay:        0.220ns  (logic 0.164ns (74.580%)  route 0.056ns (25.420%))
  Logic Levels:           0  
  Clock Path Skew:        0.000ns (DCD - SCD - CPR)
    Destination Clock Delay (DCD):    -0.310ns
    Source Clock Delay      (SCD):    -0.547ns
    Clock Pessimism Removal (CPR):    0.237ns

    Location             Delay type                Incr(ns)  Path(ns)    Netlist Resource(s)
  -------------------------------------------------------------------    -------------------
                         (clock timer_clk_clk_pll rise edge)
                                                      0.000     0.000 r  
    AC19                                              0.000     0.000 r  clk (IN)
                         net (fo=0)                   0.000     0.000    pll.clk_pll/inst/clk_in1
    AC19                 IBUF (Prop_ibuf_I_O)         0.253     0.253 r  pll.clk_pll/inst/clkin1_ibufg/O
                         net (fo=1, routed)           0.565     0.818    pll.clk_pll/inst/clk_in1_clk_pll
    PLLE2_ADV_X0Y2       PLLE2_ADV (Prop_plle2_adv_CLKIN1_CLKOUT1)
                                                     -2.523    -1.705 r  pll.clk_pll/inst/plle2_adv_inst/CLKOUT1
                         net (fo=1, routed)           0.560    -1.146    pll.clk_pll/inst/timer_clk_clk_pll
    BUFGCTRL_X0Y1        BUFG (Prop_bufg_I_O)         0.026    -1.120 r  pll.clk_pll/inst/clkout2_buf/O
                         net (fo=99, routed)          0.573    -0.547    u_confreg/timer_clk
    SLICE_X60Y127        FDRE                                         r  u_confreg/conf_wdata_r1_reg[13]/C
  -------------------------------------------------------------------    -------------------
    SLICE_X60Y127        FDRE (Prop_fdre_C_Q)         0.164    -0.383 r  u_confreg/conf_wdata_r1_reg[13]/Q
                         net (fo=1, routed)           0.056    -0.327    u_confreg/conf_wdata_r1[13]
    SLICE_X60Y127        FDRE                                         r  u_confreg/conf_wdata_r2_reg[13]/D
  -------------------------------------------------------------------    -------------------

                         (clock timer_clk_clk_pll rise edge)
                                                      0.000     0.000 r  
    AC19                                              0.000     0.000 r  clk (IN)
                         net (fo=0)                   0.000     0.000    pll.clk_pll/inst/clk_in1
    AC19                 IBUF (Prop_ibuf_I_O)         0.441     0.441 r  pll.clk_pll/inst/clkin1_ibufg/O
                         net (fo=1, routed)           0.620     1.061    pll.clk_pll/inst/clk_in1_clk_pll
    PLLE2_ADV_X0Y2       PLLE2_ADV (Prop_plle2_adv_CLKIN1_CLKOUT1)
                                                     -2.851    -1.790 r  pll.clk_pll/inst/plle2_adv_inst/CLKOUT1
                         net (fo=1, routed)           0.611    -1.180    pll.clk_pll/inst/timer_clk_clk_pll
    BUFGCTRL_X0Y1        BUFG (Prop_bufg_I_O)         0.029    -1.151 r  pll.clk_pll/inst/clkout2_buf/O
                         net (fo=99, routed)          0.841    -0.310    u_confreg/timer_clk
    SLICE_X60Y127        FDRE                                         r  u_confreg/conf_wdata_r2_reg[13]/C
                         clock pessimism             -0.237    -0.547    
    SLICE_X60Y127        FDRE (Hold_fdre_C_D)         0.060    -0.487    u_confreg/conf_wdata_r2_reg[13]
  -------------------------------------------------------------------
                         required time                          0.487    
                         arrival time                          -0.327    
  -------------------------------------------------------------------
                         slack                                  0.160    





Pulse Width Checks
--------------------------------------------------------------------------------------
Clock Name:         timer_clk_clk_pll
Waveform(ns):       { 0.000 5.000 }
Period(ns):         10.000
Sources:            { pll.clk_pll/inst/plle2_adv_inst/CLKOUT1 }

Check Type        Corner  Lib Pin            Reference Pin  Required(ns)  Actual(ns)  Slack(ns)  Location        Pin
Min Period        n/a     BUFG/I             n/a            2.155         10.000      7.845      BUFGCTRL_X0Y1   pll.clk_pll/inst/clkout2_buf/I
Min Period        n/a     PLLE2_ADV/CLKOUT1  n/a            1.249         10.000      8.751      PLLE2_ADV_X0Y2  pll.clk_pll/inst/plle2_adv_inst/CLKOUT1
Min Period        n/a     FDRE/C             n/a            1.000         10.000      9.000      SLICE_X61Y125   u_confreg/conf_wdata_r1_reg[0]/C
Min Period        n/a     FDRE/C             n/a            1.000         10.000      9.000      SLICE_X50Y128   u_confreg/conf_wdata_r1_reg[10]/C
Min Period        n/a     FDRE/C             n/a            1.000         10.000      9.000      SLICE_X61Y125   u_confreg/conf_wdata_r1_reg[11]/C
Min Period        n/a     FDRE/C             n/a            1.000         10.000      9.000      SLICE_X60Y130   u_confreg/conf_wdata_r1_reg[12]/C
Min Period        n/a     FDRE/C             n/a            1.000         10.000      9.000      SLICE_X60Y127   u_confreg/conf_wdata_r1_reg[13]/C
Min Period        n/a     FDRE/C             n/a            1.000         10.000      9.000      SLICE_X60Y127   u_confreg/conf_wdata_r1_reg[14]/C
Min Period        n/a     FDRE/C             n/a            1.000         10.000      9.000      SLICE_X60Y127   u_confreg/conf_wdata_r1_reg[15]/C
Min Period        n/a     FDRE/C             n/a            1.000         10.000      9.000      SLICE_X62Y133   u_confreg/conf_wdata_r1_reg[16]/C
Max Period        n/a     PLLE2_ADV/CLKOUT1  n/a            160.000       10.000      150.000    PLLE2_ADV_X0Y2  pll.clk_pll/inst/plle2_adv_inst/CLKOUT1
Low Pulse Width   Slow    FDRE/C             n/a            0.500         5.000       4.500      SLICE_X61Y125   u_confreg/conf_wdata_r1_reg[0]/C
Low Pulse Width   Fast    FDRE/C             n/a            0.500         5.000       4.500      SLICE_X61Y125   u_confreg/conf_wdata_r1_reg[0]/C
Low Pulse Width   Slow    FDRE/C             n/a            0.500         5.000       4.500      SLICE_X50Y128   u_confreg/conf_wdata_r1_reg[10]/C
Low Pulse Width   Fast    FDRE/C             n/a            0.500         5.000       4.500      SLICE_X50Y128   u_confreg/conf_wdata_r1_reg[10]/C
Low Pulse Width   Slow    FDRE/C             n/a            0.500         5.000       4.500      SLICE_X61Y125   u_confreg/conf_wdata_r1_reg[11]/C
Low Pulse Width   Fast    FDRE/C             n/a            0.500         5.000       4.500      SLICE_X61Y125   u_confreg/conf_wdata_r1_reg[11]/C
Low Pulse Width   Slow    FDRE/C             n/a            0.500         5.000       4.500      SLICE_X60Y130   u_confreg/conf_wdata_r1_reg[12]/C
Low Pulse Width   Fast    FDRE/C             n/a            0.500         5.000       4.500      SLICE_X60Y130   u_confreg/conf_wdata_r1_reg[12]/C
Low Pulse Width   Slow    FDRE/C             n/a            0.500         5.000       4.500      SLICE_X60Y127   u_confreg/conf_wdata_r1_reg[13]/C
Low Pulse Width   Fast    FDRE/C             n/a            0.500         5.000       4.500      SLICE_X60Y127   u_confreg/conf_wdata_r1_reg[13]/C
High Pulse Width  Slow    FDRE/C             n/a            0.500         5.000       4.500      SLICE_X61Y125   u_confreg/conf_wdata_r1_reg[0]/C
High Pulse Width  Fast    FDRE/C             n/a            0.500         5.000       4.500      SLICE_X61Y125   u_confreg/conf_wdata_r1_reg[0]/C
High Pulse Width  Slow    FDRE/C             n/a            0.500         5.000       4.500      SLICE_X50Y128   u_confreg/conf_wdata_r1_reg[10]/C
High Pulse Width  Fast    FDRE/C             n/a            0.500         5.000       4.500      SLICE_X50Y128   u_confreg/conf_wdata_r1_reg[10]/C
High Pulse Width  Slow    FDRE/C             n/a            0.500         5.000       4.500      SLICE_X61Y125   u_confreg/conf_wdata_r1_reg[11]/C
High Pulse Width  Fast    FDRE/C             n/a            0.500         5.000       4.500      SLICE_X61Y125   u_confreg/conf_wdata_r1_reg[11]/C
High Pulse Width  Slow    FDRE/C             n/a            0.500         5.000       4.500      SLICE_X60Y130   u_confreg/conf_wdata_r1_reg[12]/C
High Pulse Width  Fast    FDRE/C             n/a            0.500         5.000       4.500      SLICE_X60Y130   u_confreg/conf_wdata_r1_reg[12]/C
High Pulse Width  Slow    FDRE/C             n/a            0.500         5.000       4.500      SLICE_X60Y127   u_confreg/conf_wdata_r1_reg[13]/C
High Pulse Width  Fast    FDRE/C             n/a            0.500         5.000       4.500      SLICE_X60Y127   u_confreg/conf_wdata_r1_reg[13]/C



--------------------------------------------------------------------------------------
Path Group:  (none)
From Clock:  timer_clk_clk_pll
  To Clock:  cpu_clk_clk_pll

Max Delay            33 Endpoints
Min Delay            33 Endpoints
--------------------------------------------------------------------------------------


Max Delay Paths
--------------------------------------------------------------------------------------
Slack:                    inf
  Source:                 u_confreg/timer_reg[28]/C
                            (rising edge-triggered cell FDRE clocked by timer_clk_clk_pll  {rise@0.000ns fall@5.000ns period=10.000ns})
  Destination:            u_confreg/timer_r1_reg[28]/D
                            (rising edge-triggered cell FDRE clocked by cpu_clk_clk_pll  {rise@0.000ns fall@16.667ns period=33.333ns})
  Path Group:             (none)
  Path Type:              Setup (Max at Fast Process Corner)
  Data Path Delay:        0.642ns  (logic 0.204ns (31.756%)  route 0.438ns (68.244%))
  Logic Levels:           0  
  Clock Path Skew:        -0.238ns (DCD - SCD + CPR)
    Destination Clock Delay (DCD):    -0.545ns
    Source Clock Delay      (SCD):    -0.307ns
    Clock Pessimism Removal (CPR):    0.000ns
  Clock Uncertainty:      0.215ns  ((TSJ^2 + DJ^2)^1/2) / 2 + PE
    Total System Jitter     (TSJ):    0.071ns
    Discrete Jitter          (DJ):    0.177ns
    Phase Error              (PE):    0.120ns
  Timing Exception:       False Path

    Location             Delay type                Incr(ns)  Path(ns)    Netlist Resource(s)
  -------------------------------------------------------------------    -------------------
                         (clock timer_clk_clk_pll rise edge)
                                                      0.000     0.000 r  
    AC19                                              0.000     0.000 r  clk (IN)
                         net (fo=0)                   0.000     0.000    pll.clk_pll/inst/clk_in1
    AC19                 IBUF (Prop_ibuf_I_O)         0.441     0.441 r  pll.clk_pll/inst/clkin1_ibufg/O
                         net (fo=1, routed)           0.620     1.061    pll.clk_pll/inst/clk_in1_clk_pll
    PLLE2_ADV_X0Y2       PLLE2_ADV (Prop_plle2_adv_CLKIN1_CLKOUT1)
                                                     -2.851    -1.790 r  pll.clk_pll/inst/plle2_adv_inst/CLKOUT1
                         net (fo=1, routed)           0.611    -1.180    pll.clk_pll/inst/timer_clk_clk_pll
    BUFGCTRL_X0Y1        BUFG (Prop_bufg_I_O)         0.029    -1.151 r  pll.clk_pll/inst/clkout2_buf/O
                         net (fo=99, routed)          0.844    -0.307    u_confreg/timer_clk
    SLICE_X62Y132        FDRE                                         r  u_confreg/timer_reg[28]/C
  -------------------------------------------------------------------    -------------------
    SLICE_X62Y132        FDRE (Prop_fdre_C_Q)         0.204    -0.103 r  u_confreg/timer_reg[28]/Q
                         net (fo=2, routed)           0.438     0.335    u_confreg/timer_reg[28]
    SLICE_X63Y132        FDRE                                         r  u_confreg/timer_r1_reg[28]/D
  -------------------------------------------------------------------    -------------------

                         (clock cpu_clk_clk_pll rise edge)
                                                      0.000     0.000 r  
    AC19                                              0.000     0.000 r  clk (IN)
                         net (fo=0)                   0.000     0.000    pll.clk_pll/inst/clk_in1
    AC19                 IBUF (Prop_ibuf_I_O)         0.253     0.253 r  pll.clk_pll/inst/clkin1_ibufg/O
                         net (fo=1, routed)           0.565     0.818    pll.clk_pll/inst/clk_in1_clk_pll
    PLLE2_ADV_X0Y2       PLLE2_ADV (Prop_plle2_adv_CLKIN1_CLKOUT0)
                                                     -2.523    -1.705 r  pll.clk_pll/inst/plle2_adv_inst/CLKOUT0
                         net (fo=1, routed)           0.560    -1.146    pll.clk_pll/inst/cpu_clk_clk_pll
    BUFGCTRL_X0Y0        BUFG (Prop_bufg_I_O)         0.026    -1.120 r  pll.clk_pll/inst/clkout1_buf/O
                         net (fo=12170, routed)       0.575    -0.545    u_confreg/cpu_clk
    SLICE_X63Y132        FDRE                                         r  u_confreg/timer_r1_reg[28]/C

Slack:                    inf
  Source:                 u_confreg/write_timer_begin_r2_reg/C
                            (rising edge-triggered cell FDRE clocked by timer_clk_clk_pll  {rise@0.000ns fall@5.000ns period=10.000ns})
  Destination:            u_confreg/write_timer_end_r1_reg/D
                            (rising edge-triggered cell FDRE clocked by cpu_clk_clk_pll  {rise@0.000ns fall@16.667ns period=33.333ns})
  Path Group:             (none)
  Path Type:              Setup (Max at Fast Process Corner)
  Data Path Delay:        0.625ns  (logic 0.160ns (25.600%)  route 0.465ns (74.400%))
  Logic Levels:           0  
  Clock Path Skew:        -0.239ns (DCD - SCD + CPR)
    Destination Clock Delay (DCD):    -0.552ns
    Source Clock Delay      (SCD):    -0.313ns
    Clock Pessimism Removal (CPR):    0.000ns
  Clock Uncertainty:      0.215ns  ((TSJ^2 + DJ^2)^1/2) / 2 + PE
    Total System Jitter     (TSJ):    0.071ns
    Discrete Jitter          (DJ):    0.177ns
    Phase Error              (PE):    0.120ns
  Timing Exception:       False Path

    Location             Delay type                Incr(ns)  Path(ns)    Netlist Resource(s)
  -------------------------------------------------------------------    -------------------
                         (clock timer_clk_clk_pll rise edge)
                                                      0.000     0.000 r  
    AC19                                              0.000     0.000 r  clk (IN)
                         net (fo=0)                   0.000     0.000    pll.clk_pll/inst/clk_in1
    AC19                 IBUF (Prop_ibuf_I_O)         0.441     0.441 r  pll.clk_pll/inst/clkin1_ibufg/O
                         net (fo=1, routed)           0.620     1.061    pll.clk_pll/inst/clk_in1_clk_pll
    PLLE2_ADV_X0Y2       PLLE2_ADV (Prop_plle2_adv_CLKIN1_CLKOUT1)
                                                     -2.851    -1.790 r  pll.clk_pll/inst/plle2_adv_inst/CLKOUT1
                         net (fo=1, routed)           0.611    -1.180    pll.clk_pll/inst/timer_clk_clk_pll
    BUFGCTRL_X0Y1        BUFG (Prop_bufg_I_O)         0.029    -1.151 r  pll.clk_pll/inst/clkout2_buf/O
                         net (fo=99, routed)          0.838    -0.313    u_confreg/timer_clk
    SLICE_X61Y125        FDRE                                         r  u_confreg/write_timer_begin_r2_reg/C
  -------------------------------------------------------------------    -------------------
    SLICE_X61Y125        FDRE (Prop_fdre_C_Q)         0.160    -0.153 r  u_confreg/write_timer_begin_r2_reg/Q
                         net (fo=35, routed)          0.465     0.312    u_confreg/write_timer_begin_r2
    SLICE_X63Y125        FDRE                                         r  u_confreg/write_timer_end_r1_reg/D
  -------------------------------------------------------------------    -------------------

                         (clock cpu_clk_clk_pll rise edge)
                                                      0.000     0.000 r  
    AC19                                              0.000     0.000 r  clk (IN)
                         net (fo=0)                   0.000     0.000    pll.clk_pll/inst/clk_in1
    AC19                 IBUF (Prop_ibuf_I_O)         0.253     0.253 r  pll.clk_pll/inst/clkin1_ibufg/O
                         net (fo=1, routed)           0.565     0.818    pll.clk_pll/inst/clk_in1_clk_pll
    PLLE2_ADV_X0Y2       PLLE2_ADV (Prop_plle2_adv_CLKIN1_CLKOUT0)
                                                     -2.523    -1.705 r  pll.clk_pll/inst/plle2_adv_inst/CLKOUT0
                         net (fo=1, routed)           0.560    -1.146    pll.clk_pll/inst/cpu_clk_clk_pll
    BUFGCTRL_X0Y0        BUFG (Prop_bufg_I_O)         0.026    -1.120 r  pll.clk_pll/inst/clkout1_buf/O
                         net (fo=12170, routed)       0.568    -0.552    u_confreg/cpu_clk
    SLICE_X63Y125        FDRE                                         r  u_confreg/write_timer_end_r1_reg/C

Slack:                    inf
  Source:                 u_confreg/timer_reg[22]/C
                            (rising edge-triggered cell FDRE clocked by timer_clk_clk_pll  {rise@0.000ns fall@5.000ns period=10.000ns})
  Destination:            u_confreg/timer_r1_reg[22]/D
                            (rising edge-triggered cell FDRE clocked by cpu_clk_clk_pll  {rise@0.000ns fall@16.667ns period=33.333ns})
  Path Group:             (none)
  Path Type:              Setup (Max at Fast Process Corner)
  Data Path Delay:        0.560ns  (logic 0.204ns (36.407%)  route 0.356ns (63.593%))
  Logic Levels:           0  
  Clock Path Skew:        -0.233ns (DCD - SCD + CPR)
    Destination Clock Delay (DCD):    -0.542ns
    Source Clock Delay      (SCD):    -0.309ns
    Clock Pessimism Removal (CPR):    0.000ns
  Clock Uncertainty:      0.215ns  ((TSJ^2 + DJ^2)^1/2) / 2 + PE
    Total System Jitter     (TSJ):    0.071ns
    Discrete Jitter          (DJ):    0.177ns
    Phase Error              (PE):    0.120ns
  Timing Exception:       False Path

    Location             Delay type                Incr(ns)  Path(ns)    Netlist Resource(s)
  -------------------------------------------------------------------    -------------------
                         (clock timer_clk_clk_pll rise edge)
                                                      0.000     0.000 r  
    AC19                                              0.000     0.000 r  clk (IN)
                         net (fo=0)                   0.000     0.000    pll.clk_pll/inst/clk_in1
    AC19                 IBUF (Prop_ibuf_I_O)         0.441     0.441 r  pll.clk_pll/inst/clkin1_ibufg/O
                         net (fo=1, routed)           0.620     1.061    pll.clk_pll/inst/clk_in1_clk_pll
    PLLE2_ADV_X0Y2       PLLE2_ADV (Prop_plle2_adv_CLKIN1_CLKOUT1)
                                                     -2.851    -1.790 r  pll.clk_pll/inst/plle2_adv_inst/CLKOUT1
                         net (fo=1, routed)           0.611    -1.180    pll.clk_pll/inst/timer_clk_clk_pll
    BUFGCTRL_X0Y1        BUFG (Prop_bufg_I_O)         0.029    -1.151 r  pll.clk_pll/inst/clkout2_buf/O
                         net (fo=99, routed)          0.842    -0.309    u_confreg/timer_clk
    SLICE_X62Y130        FDRE                                         r  u_confreg/timer_reg[22]/C
  -------------------------------------------------------------------    -------------------
    SLICE_X62Y130        FDRE (Prop_fdre_C_Q)         0.204    -0.105 r  u_confreg/timer_reg[22]/Q
                         net (fo=2, routed)           0.356     0.251    u_confreg/timer_reg[22]
    SLICE_X59Y133        FDRE                                         r  u_confreg/timer_r1_reg[22]/D
  -------------------------------------------------------------------    -------------------

                         (clock cpu_clk_clk_pll rise edge)
                                                      0.000     0.000 r  
    AC19                                              0.000     0.000 r  clk (IN)
                         net (fo=0)                   0.000     0.000    pll.clk_pll/inst/clk_in1
    AC19                 IBUF (Prop_ibuf_I_O)         0.253     0.253 r  pll.clk_pll/inst/clkin1_ibufg/O
                         net (fo=1, routed)           0.565     0.818    pll.clk_pll/inst/clk_in1_clk_pll
    PLLE2_ADV_X0Y2       PLLE2_ADV (Prop_plle2_adv_CLKIN1_CLKOUT0)
                                                     -2.523    -1.705 r  pll.clk_pll/inst/plle2_adv_inst/CLKOUT0
                         net (fo=1, routed)           0.560    -1.146    pll.clk_pll/inst/cpu_clk_clk_pll
    BUFGCTRL_X0Y0        BUFG (Prop_bufg_I_O)         0.026    -1.120 r  pll.clk_pll/inst/clkout1_buf/O
                         net (fo=12170, routed)       0.578    -0.542    u_confreg/cpu_clk
    SLICE_X59Y133        FDRE                                         r  u_confreg/timer_r1_reg[22]/C

Slack:                    inf
  Source:                 u_confreg/timer_reg[20]/C
                            (rising edge-triggered cell FDRE clocked by timer_clk_clk_pll  {rise@0.000ns fall@5.000ns period=10.000ns})
  Destination:            u_confreg/timer_r1_reg[20]/D
                            (rising edge-triggered cell FDRE clocked by cpu_clk_clk_pll  {rise@0.000ns fall@16.667ns period=33.333ns})
  Path Group:             (none)
  Path Type:              Setup (Max at Fast Process Corner)
  Data Path Delay:        0.553ns  (logic 0.204ns (36.886%)  route 0.349ns (63.114%))
  Logic Levels:           0  
  Clock Path Skew:        -0.239ns (DCD - SCD + CPR)
    Destination Clock Delay (DCD):    -0.548ns
    Source Clock Delay      (SCD):    -0.309ns
    Clock Pessimism Removal (CPR):    0.000ns
  Clock Uncertainty:      0.215ns  ((TSJ^2 + DJ^2)^1/2) / 2 + PE
    Total System Jitter     (TSJ):    0.071ns
    Discrete Jitter          (DJ):    0.177ns
    Phase Error              (PE):    0.120ns
  Timing Exception:       False Path

    Location             Delay type                Incr(ns)  Path(ns)    Netlist Resource(s)
  -------------------------------------------------------------------    -------------------
                         (clock timer_clk_clk_pll rise edge)
                                                      0.000     0.000 r  
    AC19                                              0.000     0.000 r  clk (IN)
                         net (fo=0)                   0.000     0.000    pll.clk_pll/inst/clk_in1
    AC19                 IBUF (Prop_ibuf_I_O)         0.441     0.441 r  pll.clk_pll/inst/clkin1_ibufg/O
                         net (fo=1, routed)           0.620     1.061    pll.clk_pll/inst/clk_in1_clk_pll
    PLLE2_ADV_X0Y2       PLLE2_ADV (Prop_plle2_adv_CLKIN1_CLKOUT1)
                                                     -2.851    -1.790 r  pll.clk_pll/inst/plle2_adv_inst/CLKOUT1
                         net (fo=1, routed)           0.611    -1.180    pll.clk_pll/inst/timer_clk_clk_pll
    BUFGCTRL_X0Y1        BUFG (Prop_bufg_I_O)         0.029    -1.151 r  pll.clk_pll/inst/clkout2_buf/O
                         net (fo=99, routed)          0.842    -0.309    u_confreg/timer_clk
    SLICE_X62Y130        FDRE                                         r  u_confreg/timer_reg[20]/C
  -------------------------------------------------------------------    -------------------
    SLICE_X62Y130        FDRE (Prop_fdre_C_Q)         0.204    -0.105 r  u_confreg/timer_reg[20]/Q
                         net (fo=2, routed)           0.349     0.244    u_confreg/timer_reg[20]
    SLICE_X69Y132        FDRE                                         r  u_confreg/timer_r1_reg[20]/D
  -------------------------------------------------------------------    -------------------

                         (clock cpu_clk_clk_pll rise edge)
                                                      0.000     0.000 r  
    AC19                                              0.000     0.000 r  clk (IN)
                         net (fo=0)                   0.000     0.000    pll.clk_pll/inst/clk_in1
    AC19                 IBUF (Prop_ibuf_I_O)         0.253     0.253 r  pll.clk_pll/inst/clkin1_ibufg/O
                         net (fo=1, routed)           0.565     0.818    pll.clk_pll/inst/clk_in1_clk_pll
    PLLE2_ADV_X0Y2       PLLE2_ADV (Prop_plle2_adv_CLKIN1_CLKOUT0)
                                                     -2.523    -1.705 r  pll.clk_pll/inst/plle2_adv_inst/CLKOUT0
                         net (fo=1, routed)           0.560    -1.146    pll.clk_pll/inst/cpu_clk_clk_pll
    BUFGCTRL_X0Y0        BUFG (Prop_bufg_I_O)         0.026    -1.120 r  pll.clk_pll/inst/clkout1_buf/O
                         net (fo=12170, routed)       0.572    -0.548    u_confreg/cpu_clk
    SLICE_X69Y132        FDRE                                         r  u_confreg/timer_r1_reg[20]/C

Slack:                    inf
  Source:                 u_confreg/timer_reg[30]/C
                            (rising edge-triggered cell FDRE clocked by timer_clk_clk_pll  {rise@0.000ns fall@5.000ns period=10.000ns})
  Destination:            u_confreg/timer_r1_reg[30]/D
                            (rising edge-triggered cell FDRE clocked by cpu_clk_clk_pll  {rise@0.000ns fall@16.667ns period=33.333ns})
  Path Group:             (none)
  Path Type:              Setup (Max at Fast Process Corner)
  Data Path Delay:        0.546ns  (logic 0.204ns (37.342%)  route 0.342ns (62.658%))
  Logic Levels:           0  
  Clock Path Skew:        -0.241ns (DCD - SCD + CPR)
    Destination Clock Delay (DCD):    -0.548ns
    Source Clock Delay      (SCD):    -0.307ns
    Clock Pessimism Removal (CPR):    0.000ns
  Clock Uncertainty:      0.215ns  ((TSJ^2 + DJ^2)^1/2) / 2 + PE
    Total System Jitter     (TSJ):    0.071ns
    Discrete Jitter          (DJ):    0.177ns
    Phase Error              (PE):    0.120ns
  Timing Exception:       False Path

    Location             Delay type                Incr(ns)  Path(ns)    Netlist Resource(s)
  -------------------------------------------------------------------    -------------------
                         (clock timer_clk_clk_pll rise edge)
                                                      0.000     0.000 r  
    AC19                                              0.000     0.000 r  clk (IN)
                         net (fo=0)                   0.000     0.000    pll.clk_pll/inst/clk_in1
    AC19                 IBUF (Prop_ibuf_I_O)         0.441     0.441 r  pll.clk_pll/inst/clkin1_ibufg/O
                         net (fo=1, routed)           0.620     1.061    pll.clk_pll/inst/clk_in1_clk_pll
    PLLE2_ADV_X0Y2       PLLE2_ADV (Prop_plle2_adv_CLKIN1_CLKOUT1)
                                                     -2.851    -1.790 r  pll.clk_pll/inst/plle2_adv_inst/CLKOUT1
                         net (fo=1, routed)           0.611    -1.180    pll.clk_pll/inst/timer_clk_clk_pll
    BUFGCTRL_X0Y1        BUFG (Prop_bufg_I_O)         0.029    -1.151 r  pll.clk_pll/inst/clkout2_buf/O
                         net (fo=99, routed)          0.844    -0.307    u_confreg/timer_clk
    SLICE_X62Y132        FDRE                                         r  u_confreg/timer_reg[30]/C
  -------------------------------------------------------------------    -------------------
    SLICE_X62Y132        FDRE (Prop_fdre_C_Q)         0.204    -0.103 r  u_confreg/timer_reg[30]/Q
                         net (fo=2, routed)           0.342     0.239    u_confreg/timer_reg[30]
    SLICE_X69Y132        FDRE                                         r  u_confreg/timer_r1_reg[30]/D
  -------------------------------------------------------------------    -------------------

                         (clock cpu_clk_clk_pll rise edge)
                                                      0.000     0.000 r  
    AC19                                              0.000     0.000 r  clk (IN)
                         net (fo=0)                   0.000     0.000    pll.clk_pll/inst/clk_in1
    AC19                 IBUF (Prop_ibuf_I_O)         0.253     0.253 r  pll.clk_pll/inst/clkin1_ibufg/O
                         net (fo=1, routed)           0.565     0.818    pll.clk_pll/inst/clk_in1_clk_pll
    PLLE2_ADV_X0Y2       PLLE2_ADV (Prop_plle2_adv_CLKIN1_CLKOUT0)
                                                     -2.523    -1.705 r  pll.clk_pll/inst/plle2_adv_inst/CLKOUT0
                         net (fo=1, routed)           0.560    -1.146    pll.clk_pll/inst/cpu_clk_clk_pll
    BUFGCTRL_X0Y0        BUFG (Prop_bufg_I_O)         0.026    -1.120 r  pll.clk_pll/inst/clkout1_buf/O
                         net (fo=12170, routed)       0.572    -0.548    u_confreg/cpu_clk
    SLICE_X69Y132        FDRE                                         r  u_confreg/timer_r1_reg[30]/C

Slack:                    inf
  Source:                 u_confreg/timer_reg[9]/C
                            (rising edge-triggered cell FDRE clocked by timer_clk_clk_pll  {rise@0.000ns fall@5.000ns period=10.000ns})
  Destination:            u_confreg/timer_r1_reg[9]/D
                            (rising edge-triggered cell FDRE clocked by cpu_clk_clk_pll  {rise@0.000ns fall@16.667ns period=33.333ns})
  Path Group:             (none)
  Path Type:              Setup (Max at Fast Process Corner)
  Data Path Delay:        0.524ns  (logic 0.204ns (38.916%)  route 0.320ns (61.084%))
  Logic Levels:           0  
  Clock Path Skew:        -0.236ns (DCD - SCD + CPR)
    Destination Clock Delay (DCD):    -0.548ns
    Source Clock Delay      (SCD):    -0.312ns
    Clock Pessimism Removal (CPR):    0.000ns
  Clock Uncertainty:      0.215ns  ((TSJ^2 + DJ^2)^1/2) / 2 + PE
    Total System Jitter     (TSJ):    0.071ns
    Discrete Jitter          (DJ):    0.177ns
    Phase Error              (PE):    0.120ns
  Timing Exception:       False Path

    Location             Delay type                Incr(ns)  Path(ns)    Netlist Resource(s)
  -------------------------------------------------------------------    -------------------
                         (clock timer_clk_clk_pll rise edge)
                                                      0.000     0.000 r  
    AC19                                              0.000     0.000 r  clk (IN)
                         net (fo=0)                   0.000     0.000    pll.clk_pll/inst/clk_in1
    AC19                 IBUF (Prop_ibuf_I_O)         0.441     0.441 r  pll.clk_pll/inst/clkin1_ibufg/O
                         net (fo=1, routed)           0.620     1.061    pll.clk_pll/inst/clk_in1_clk_pll
    PLLE2_ADV_X0Y2       PLLE2_ADV (Prop_plle2_adv_CLKIN1_CLKOUT1)
                                                     -2.851    -1.790 r  pll.clk_pll/inst/plle2_adv_inst/CLKOUT1
                         net (fo=1, routed)           0.611    -1.180    pll.clk_pll/inst/timer_clk_clk_pll
    BUFGCTRL_X0Y1        BUFG (Prop_bufg_I_O)         0.029    -1.151 r  pll.clk_pll/inst/clkout2_buf/O
                         net (fo=99, routed)          0.839    -0.312    u_confreg/timer_clk
    SLICE_X62Y127        FDRE                                         r  u_confreg/timer_reg[9]/C
  -------------------------------------------------------------------    -------------------
    SLICE_X62Y127        FDRE (Prop_fdre_C_Q)         0.204    -0.108 r  u_confreg/timer_reg[9]/Q
                         net (fo=2, routed)           0.320     0.212    u_confreg/timer_reg[9]
    SLICE_X67Y132        FDRE                                         r  u_confreg/timer_r1_reg[9]/D
  -------------------------------------------------------------------    -------------------

                         (clock cpu_clk_clk_pll rise edge)
                                                      0.000     0.000 r  
    AC19                                              0.000     0.000 r  clk (IN)
                         net (fo=0)                   0.000     0.000    pll.clk_pll/inst/clk_in1
    AC19                 IBUF (Prop_ibuf_I_O)         0.253     0.253 r  pll.clk_pll/inst/clkin1_ibufg/O
                         net (fo=1, routed)           0.565     0.818    pll.clk_pll/inst/clk_in1_clk_pll
    PLLE2_ADV_X0Y2       PLLE2_ADV (Prop_plle2_adv_CLKIN1_CLKOUT0)
                                                     -2.523    -1.705 r  pll.clk_pll/inst/plle2_adv_inst/CLKOUT0
                         net (fo=1, routed)           0.560    -1.146    pll.clk_pll/inst/cpu_clk_clk_pll
    BUFGCTRL_X0Y0        BUFG (Prop_bufg_I_O)         0.026    -1.120 r  pll.clk_pll/inst/clkout1_buf/O
                         net (fo=12170, routed)       0.572    -0.548    u_confreg/cpu_clk
    SLICE_X67Y132        FDRE                                         r  u_confreg/timer_r1_reg[9]/C

Slack:                    inf
  Source:                 u_confreg/timer_reg[18]/C
                            (rising edge-triggered cell FDRE clocked by timer_clk_clk_pll  {rise@0.000ns fall@5.000ns period=10.000ns})
  Destination:            u_confreg/timer_r1_reg[18]/D
                            (rising edge-triggered cell FDRE clocked by cpu_clk_clk_pll  {rise@0.000ns fall@16.667ns period=33.333ns})
  Path Group:             (none)
  Path Type:              Setup (Max at Fast Process Corner)
  Data Path Delay:        0.519ns  (logic 0.204ns (39.318%)  route 0.315ns (60.682%))
  Logic Levels:           0  
  Clock Path Skew:        -0.238ns (DCD - SCD + CPR)
    Destination Clock Delay (DCD):    -0.548ns
    Source Clock Delay      (SCD):    -0.310ns
    Clock Pessimism Removal (CPR):    0.000ns
  Clock Uncertainty:      0.215ns  ((TSJ^2 + DJ^2)^1/2) / 2 + PE
    Total System Jitter     (TSJ):    0.071ns
    Discrete Jitter          (DJ):    0.177ns
    Phase Error              (PE):    0.120ns
  Timing Exception:       False Path

    Location             Delay type                Incr(ns)  Path(ns)    Netlist Resource(s)
  -------------------------------------------------------------------    -------------------
                         (clock timer_clk_clk_pll rise edge)
                                                      0.000     0.000 r  
    AC19                                              0.000     0.000 r  clk (IN)
                         net (fo=0)                   0.000     0.000    pll.clk_pll/inst/clk_in1
    AC19                 IBUF (Prop_ibuf_I_O)         0.441     0.441 r  pll.clk_pll/inst/clkin1_ibufg/O
                         net (fo=1, routed)           0.620     1.061    pll.clk_pll/inst/clk_in1_clk_pll
    PLLE2_ADV_X0Y2       PLLE2_ADV (Prop_plle2_adv_CLKIN1_CLKOUT1)
                                                     -2.851    -1.790 r  pll.clk_pll/inst/plle2_adv_inst/CLKOUT1
                         net (fo=1, routed)           0.611    -1.180    pll.clk_pll/inst/timer_clk_clk_pll
    BUFGCTRL_X0Y1        BUFG (Prop_bufg_I_O)         0.029    -1.151 r  pll.clk_pll/inst/clkout2_buf/O
                         net (fo=99, routed)          0.841    -0.310    u_confreg/timer_clk
    SLICE_X62Y129        FDRE                                         r  u_confreg/timer_reg[18]/C
  -------------------------------------------------------------------    -------------------
    SLICE_X62Y129        FDRE (Prop_fdre_C_Q)         0.204    -0.106 r  u_confreg/timer_reg[18]/Q
                         net (fo=2, routed)           0.315     0.209    u_confreg/timer_reg[18]
    SLICE_X69Y132        FDRE                                         r  u_confreg/timer_r1_reg[18]/D
  -------------------------------------------------------------------    -------------------

                         (clock cpu_clk_clk_pll rise edge)
                                                      0.000     0.000 r  
    AC19                                              0.000     0.000 r  clk (IN)
                         net (fo=0)                   0.000     0.000    pll.clk_pll/inst/clk_in1
    AC19                 IBUF (Prop_ibuf_I_O)         0.253     0.253 r  pll.clk_pll/inst/clkin1_ibufg/O
                         net (fo=1, routed)           0.565     0.818    pll.clk_pll/inst/clk_in1_clk_pll
    PLLE2_ADV_X0Y2       PLLE2_ADV (Prop_plle2_adv_CLKIN1_CLKOUT0)
                                                     -2.523    -1.705 r  pll.clk_pll/inst/plle2_adv_inst/CLKOUT0
                         net (fo=1, routed)           0.560    -1.146    pll.clk_pll/inst/cpu_clk_clk_pll
    BUFGCTRL_X0Y0        BUFG (Prop_bufg_I_O)         0.026    -1.120 r  pll.clk_pll/inst/clkout1_buf/O
                         net (fo=12170, routed)       0.572    -0.548    u_confreg/cpu_clk
    SLICE_X69Y132        FDRE                                         r  u_confreg/timer_r1_reg[18]/C

Slack:                    inf
  Source:                 u_confreg/timer_reg[17]/C
                            (rising edge-triggered cell FDRE clocked by timer_clk_clk_pll  {rise@0.000ns fall@5.000ns period=10.000ns})
  Destination:            u_confreg/timer_r1_reg[17]/D
                            (rising edge-triggered cell FDRE clocked by cpu_clk_clk_pll  {rise@0.000ns fall@16.667ns period=33.333ns})
  Path Group:             (none)
  Path Type:              Setup (Max at Fast Process Corner)
  Data Path Delay:        0.517ns  (logic 0.204ns (39.451%)  route 0.313ns (60.549%))
  Logic Levels:           0  
  Clock Path Skew:        -0.238ns (DCD - SCD + CPR)
    Destination Clock Delay (DCD):    -0.548ns
    Source Clock Delay      (SCD):    -0.310ns
    Clock Pessimism Removal (CPR):    0.000ns
  Clock Uncertainty:      0.215ns  ((TSJ^2 + DJ^2)^1/2) / 2 + PE
    Total System Jitter     (TSJ):    0.071ns
    Discrete Jitter          (DJ):    0.177ns
    Phase Error              (PE):    0.120ns
  Timing Exception:       False Path

    Location             Delay type                Incr(ns)  Path(ns)    Netlist Resource(s)
  -------------------------------------------------------------------    -------------------
                         (clock timer_clk_clk_pll rise edge)
                                                      0.000     0.000 r  
    AC19                                              0.000     0.000 r  clk (IN)
                         net (fo=0)                   0.000     0.000    pll.clk_pll/inst/clk_in1
    AC19                 IBUF (Prop_ibuf_I_O)         0.441     0.441 r  pll.clk_pll/inst/clkin1_ibufg/O
                         net (fo=1, routed)           0.620     1.061    pll.clk_pll/inst/clk_in1_clk_pll
    PLLE2_ADV_X0Y2       PLLE2_ADV (Prop_plle2_adv_CLKIN1_CLKOUT1)
                                                     -2.851    -1.790 r  pll.clk_pll/inst/plle2_adv_inst/CLKOUT1
                         net (fo=1, routed)           0.611    -1.180    pll.clk_pll/inst/timer_clk_clk_pll
    BUFGCTRL_X0Y1        BUFG (Prop_bufg_I_O)         0.029    -1.151 r  pll.clk_pll/inst/clkout2_buf/O
                         net (fo=99, routed)          0.841    -0.310    u_confreg/timer_clk
    SLICE_X62Y129        FDRE                                         r  u_confreg/timer_reg[17]/C
  -------------------------------------------------------------------    -------------------
    SLICE_X62Y129        FDRE (Prop_fdre_C_Q)         0.204    -0.106 r  u_confreg/timer_reg[17]/Q
                         net (fo=2, routed)           0.313     0.207    u_confreg/timer_reg[17]
    SLICE_X67Y132        FDRE                                         r  u_confreg/timer_r1_reg[17]/D
  -------------------------------------------------------------------    -------------------

                         (clock cpu_clk_clk_pll rise edge)
                                                      0.000     0.000 r  
    AC19                                              0.000     0.000 r  clk (IN)
                         net (fo=0)                   0.000     0.000    pll.clk_pll/inst/clk_in1
    AC19                 IBUF (Prop_ibuf_I_O)         0.253     0.253 r  pll.clk_pll/inst/clkin1_ibufg/O
                         net (fo=1, routed)           0.565     0.818    pll.clk_pll/inst/clk_in1_clk_pll
    PLLE2_ADV_X0Y2       PLLE2_ADV (Prop_plle2_adv_CLKIN1_CLKOUT0)
                                                     -2.523    -1.705 r  pll.clk_pll/inst/plle2_adv_inst/CLKOUT0
                         net (fo=1, routed)           0.560    -1.146    pll.clk_pll/inst/cpu_clk_clk_pll
    BUFGCTRL_X0Y0        BUFG (Prop_bufg_I_O)         0.026    -1.120 r  pll.clk_pll/inst/clkout1_buf/O
                         net (fo=12170, routed)       0.572    -0.548    u_confreg/cpu_clk
    SLICE_X67Y132        FDRE                                         r  u_confreg/timer_r1_reg[17]/C

Slack:                    inf
  Source:                 u_confreg/timer_reg[10]/C
                            (rising edge-triggered cell FDRE clocked by timer_clk_clk_pll  {rise@0.000ns fall@5.000ns period=10.000ns})
  Destination:            u_confreg/timer_r1_reg[10]/D
                            (rising edge-triggered cell FDRE clocked by cpu_clk_clk_pll  {rise@0.000ns fall@16.667ns period=33.333ns})
  Path Group:             (none)
  Path Type:              Setup (Max at Fast Process Corner)
  Data Path Delay:        0.503ns  (logic 0.204ns (40.535%)  route 0.299ns (59.465%))
  Logic Levels:           0  
  Clock Path Skew:        -0.240ns (DCD - SCD + CPR)
    Destination Clock Delay (DCD):    -0.552ns
    Source Clock Delay      (SCD):    -0.312ns
    Clock Pessimism Removal (CPR):    0.000ns
  Clock Uncertainty:      0.215ns  ((TSJ^2 + DJ^2)^1/2) / 2 + PE
    Total System Jitter     (TSJ):    0.071ns
    Discrete Jitter          (DJ):    0.177ns
    Phase Error              (PE):    0.120ns
  Timing Exception:       False Path

    Location             Delay type                Incr(ns)  Path(ns)    Netlist Resource(s)
  -------------------------------------------------------------------    -------------------
                         (clock timer_clk_clk_pll rise edge)
                                                      0.000     0.000 r  
    AC19                                              0.000     0.000 r  clk (IN)
                         net (fo=0)                   0.000     0.000    pll.clk_pll/inst/clk_in1
    AC19                 IBUF (Prop_ibuf_I_O)         0.441     0.441 r  pll.clk_pll/inst/clkin1_ibufg/O
                         net (fo=1, routed)           0.620     1.061    pll.clk_pll/inst/clk_in1_clk_pll
    PLLE2_ADV_X0Y2       PLLE2_ADV (Prop_plle2_adv_CLKIN1_CLKOUT1)
                                                     -2.851    -1.790 r  pll.clk_pll/inst/plle2_adv_inst/CLKOUT1
                         net (fo=1, routed)           0.611    -1.180    pll.clk_pll/inst/timer_clk_clk_pll
    BUFGCTRL_X0Y1        BUFG (Prop_bufg_I_O)         0.029    -1.151 r  pll.clk_pll/inst/clkout2_buf/O
                         net (fo=99, routed)          0.839    -0.312    u_confreg/timer_clk
    SLICE_X62Y127        FDRE                                         r  u_confreg/timer_reg[10]/C
  -------------------------------------------------------------------    -------------------
    SLICE_X62Y127        FDRE (Prop_fdre_C_Q)         0.204    -0.108 r  u_confreg/timer_reg[10]/Q
                         net (fo=2, routed)           0.299     0.191    u_confreg/timer_reg[10]
    SLICE_X68Y128        FDRE                                         r  u_confreg/timer_r1_reg[10]/D
  -------------------------------------------------------------------    -------------------

                         (clock cpu_clk_clk_pll rise edge)
                                                      0.000     0.000 r  
    AC19                                              0.000     0.000 r  clk (IN)
                         net (fo=0)                   0.000     0.000    pll.clk_pll/inst/clk_in1
    AC19                 IBUF (Prop_ibuf_I_O)         0.253     0.253 r  pll.clk_pll/inst/clkin1_ibufg/O
                         net (fo=1, routed)           0.565     0.818    pll.clk_pll/inst/clk_in1_clk_pll
    PLLE2_ADV_X0Y2       PLLE2_ADV (Prop_plle2_adv_CLKIN1_CLKOUT0)
                                                     -2.523    -1.705 r  pll.clk_pll/inst/plle2_adv_inst/CLKOUT0
                         net (fo=1, routed)           0.560    -1.146    pll.clk_pll/inst/cpu_clk_clk_pll
    BUFGCTRL_X0Y0        BUFG (Prop_bufg_I_O)         0.026    -1.120 r  pll.clk_pll/inst/clkout1_buf/O
                         net (fo=12170, routed)       0.568    -0.552    u_confreg/cpu_clk
    SLICE_X68Y128        FDRE                                         r  u_confreg/timer_r1_reg[10]/C

Slack:                    inf
  Source:                 u_confreg/timer_reg[3]/C
                            (rising edge-triggered cell FDRE clocked by timer_clk_clk_pll  {rise@0.000ns fall@5.000ns period=10.000ns})
  Destination:            u_confreg/timer_r1_reg[3]/D
                            (rising edge-triggered cell FDRE clocked by cpu_clk_clk_pll  {rise@0.000ns fall@16.667ns period=33.333ns})
  Path Group:             (none)
  Path Type:              Setup (Max at Fast Process Corner)
  Data Path Delay:        0.505ns  (logic 0.204ns (40.409%)  route 0.301ns (59.591%))
  Logic Levels:           0  
  Clock Path Skew:        -0.237ns (DCD - SCD + CPR)
    Destination Clock Delay (DCD):    -0.552ns
    Source Clock Delay      (SCD):    -0.315ns
    Clock Pessimism Removal (CPR):    0.000ns
  Clock Uncertainty:      0.215ns  ((TSJ^2 + DJ^2)^1/2) / 2 + PE
    Total System Jitter     (TSJ):    0.071ns
    Discrete Jitter          (DJ):    0.177ns
    Phase Error              (PE):    0.120ns
  Timing Exception:       False Path

    Location             Delay type                Incr(ns)  Path(ns)    Netlist Resource(s)
  -------------------------------------------------------------------    -------------------
                         (clock timer_clk_clk_pll rise edge)
                                                      0.000     0.000 r  
    AC19                                              0.000     0.000 r  clk (IN)
                         net (fo=0)                   0.000     0.000    pll.clk_pll/inst/clk_in1
    AC19                 IBUF (Prop_ibuf_I_O)         0.441     0.441 r  pll.clk_pll/inst/clkin1_ibufg/O
                         net (fo=1, routed)           0.620     1.061    pll.clk_pll/inst/clk_in1_clk_pll
    PLLE2_ADV_X0Y2       PLLE2_ADV (Prop_plle2_adv_CLKIN1_CLKOUT1)
                                                     -2.851    -1.790 r  pll.clk_pll/inst/plle2_adv_inst/CLKOUT1
                         net (fo=1, routed)           0.611    -1.180    pll.clk_pll/inst/timer_clk_clk_pll
    BUFGCTRL_X0Y1        BUFG (Prop_bufg_I_O)         0.029    -1.151 r  pll.clk_pll/inst/clkout2_buf/O
                         net (fo=99, routed)          0.836    -0.315    u_confreg/timer_clk
    SLICE_X62Y125        FDRE                                         r  u_confreg/timer_reg[3]/C
  -------------------------------------------------------------------    -------------------
    SLICE_X62Y125        FDRE (Prop_fdre_C_Q)         0.204    -0.111 r  u_confreg/timer_reg[3]/Q
                         net (fo=2, routed)           0.301     0.190    u_confreg/timer_reg[3]
    SLICE_X63Y125        FDRE                                         r  u_confreg/timer_r1_reg[3]/D
  -------------------------------------------------------------------    -------------------

                         (clock cpu_clk_clk_pll rise edge)
                                                      0.000     0.000 r  
    AC19                                              0.000     0.000 r  clk (IN)
                         net (fo=0)                   0.000     0.000    pll.clk_pll/inst/clk_in1
    AC19                 IBUF (Prop_ibuf_I_O)         0.253     0.253 r  pll.clk_pll/inst/clkin1_ibufg/O
                         net (fo=1, routed)           0.565     0.818    pll.clk_pll/inst/clk_in1_clk_pll
    PLLE2_ADV_X0Y2       PLLE2_ADV (Prop_plle2_adv_CLKIN1_CLKOUT0)
                                                     -2.523    -1.705 r  pll.clk_pll/inst/plle2_adv_inst/CLKOUT0
                         net (fo=1, routed)           0.560    -1.146    pll.clk_pll/inst/cpu_clk_clk_pll
    BUFGCTRL_X0Y0        BUFG (Prop_bufg_I_O)         0.026    -1.120 r  pll.clk_pll/inst/clkout1_buf/O
                         net (fo=12170, routed)       0.568    -0.552    u_confreg/cpu_clk
    SLICE_X63Y125        FDRE                                         r  u_confreg/timer_r1_reg[3]/C





Min Delay Paths
--------------------------------------------------------------------------------------
Slack:                    inf
  Source:                 u_confreg/timer_reg[2]/C
                            (rising edge-triggered cell FDRE clocked by timer_clk_clk_pll  {rise@0.000ns fall@5.000ns period=10.000ns})
  Destination:            u_confreg/timer_r1_reg[2]/D
                            (rising edge-triggered cell FDRE clocked by cpu_clk_clk_pll  {rise@0.000ns fall@16.667ns period=33.333ns})
  Path Group:             (none)
  Path Type:              Hold (Min at Slow Process Corner)
  Data Path Delay:        0.558ns  (logic 0.418ns (74.882%)  route 0.140ns (25.118%))
  Logic Levels:           0  
  Clock Path Skew:        -0.381ns (DCD - SCD - CPR)
    Destination Clock Delay (DCD):    -2.323ns
    Source Clock Delay      (SCD):    -1.942ns
    Clock Pessimism Removal (CPR):    -0.000ns
  Clock Uncertainty:      0.215ns  ((TSJ^2 + DJ^2)^1/2) / 2 + PE
    Total System Jitter     (TSJ):    0.071ns
    Discrete Jitter          (DJ):    0.177ns
    Phase Error              (PE):    0.120ns
  Timing Exception:       False Path

    Location             Delay type                Incr(ns)  Path(ns)    Netlist Resource(s)
  -------------------------------------------------------------------    -------------------
                         (clock timer_clk_clk_pll rise edge)
                                                      0.000     0.000 r  
    AC19                                              0.000     0.000 r  clk (IN)
                         net (fo=0)                   0.000     0.000    pll.clk_pll/inst/clk_in1
    AC19                 IBUF (Prop_ibuf_I_O)         1.414     1.414 r  pll.clk_pll/inst/clkin1_ibufg/O
                         net (fo=1, routed)           1.531     2.945    pll.clk_pll/inst/clk_in1_clk_pll
    PLLE2_ADV_X0Y2       PLLE2_ADV (Prop_plle2_adv_CLKIN1_CLKOUT1)
                                                     -8.262    -5.316 r  pll.clk_pll/inst/plle2_adv_inst/CLKOUT1
                         net (fo=1, routed)           1.755    -3.561    pll.clk_pll/inst/timer_clk_clk_pll
    BUFGCTRL_X0Y1        BUFG (Prop_bufg_I_O)         0.091    -3.470 r  pll.clk_pll/inst/clkout2_buf/O
                         net (fo=99, routed)          1.528    -1.942    u_confreg/timer_clk
    SLICE_X62Y125        FDRE                                         r  u_confreg/timer_reg[2]/C
  -------------------------------------------------------------------    -------------------
    SLICE_X62Y125        FDRE (Prop_fdre_C_Q)         0.418    -1.524 r  u_confreg/timer_reg[2]/Q
                         net (fo=2, routed)           0.140    -1.383    u_confreg/timer_reg[2]
    SLICE_X63Y125        FDRE                                         r  u_confreg/timer_r1_reg[2]/D
  -------------------------------------------------------------------    -------------------

                         (clock cpu_clk_clk_pll rise edge)
                                                      0.000     0.000 r  
    AC19                                              0.000     0.000 r  clk (IN)
                         net (fo=0)                   0.000     0.000    pll.clk_pll/inst/clk_in1
    AC19                 IBUF (Prop_ibuf_I_O)         1.485     1.485 r  pll.clk_pll/inst/clkin1_ibufg/O
                         net (fo=1, routed)           1.619     3.104    pll.clk_pll/inst/clk_in1_clk_pll
    PLLE2_ADV_X0Y2       PLLE2_ADV (Prop_plle2_adv_CLKIN1_CLKOUT0)
                                                     -9.006    -5.902 r  pll.clk_pll/inst/plle2_adv_inst/CLKOUT0
                         net (fo=1, routed)           1.837    -4.064    pll.clk_pll/inst/cpu_clk_clk_pll
    BUFGCTRL_X0Y0        BUFG (Prop_bufg_I_O)         0.096    -3.968 r  pll.clk_pll/inst/clkout1_buf/O
                         net (fo=12170, routed)       1.645    -2.323    u_confreg/cpu_clk
    SLICE_X63Y125        FDRE                                         r  u_confreg/timer_r1_reg[2]/C

Slack:                    inf
  Source:                 u_confreg/timer_reg[6]/C
                            (rising edge-triggered cell FDRE clocked by timer_clk_clk_pll  {rise@0.000ns fall@5.000ns period=10.000ns})
  Destination:            u_confreg/timer_r1_reg[6]/D
                            (rising edge-triggered cell FDRE clocked by cpu_clk_clk_pll  {rise@0.000ns fall@16.667ns period=33.333ns})
  Path Group:             (none)
  Path Type:              Hold (Min at Slow Process Corner)
  Data Path Delay:        0.556ns  (logic 0.418ns (75.152%)  route 0.138ns (24.848%))
  Logic Levels:           0  
  Clock Path Skew:        -0.381ns (DCD - SCD - CPR)
    Destination Clock Delay (DCD):    -2.321ns
    Source Clock Delay      (SCD):    -1.940ns
    Clock Pessimism Removal (CPR):    -0.000ns
  Clock Uncertainty:      0.215ns  ((TSJ^2 + DJ^2)^1/2) / 2 + PE
    Total System Jitter     (TSJ):    0.071ns
    Discrete Jitter          (DJ):    0.177ns
    Phase Error              (PE):    0.120ns
  Timing Exception:       False Path

    Location             Delay type                Incr(ns)  Path(ns)    Netlist Resource(s)
  -------------------------------------------------------------------    -------------------
                         (clock timer_clk_clk_pll rise edge)
                                                      0.000     0.000 r  
    AC19                                              0.000     0.000 r  clk (IN)
                         net (fo=0)                   0.000     0.000    pll.clk_pll/inst/clk_in1
    AC19                 IBUF (Prop_ibuf_I_O)         1.414     1.414 r  pll.clk_pll/inst/clkin1_ibufg/O
                         net (fo=1, routed)           1.531     2.945    pll.clk_pll/inst/clk_in1_clk_pll
    PLLE2_ADV_X0Y2       PLLE2_ADV (Prop_plle2_adv_CLKIN1_CLKOUT1)
                                                     -8.262    -5.316 r  pll.clk_pll/inst/plle2_adv_inst/CLKOUT1
                         net (fo=1, routed)           1.755    -3.561    pll.clk_pll/inst/timer_clk_clk_pll
    BUFGCTRL_X0Y1        BUFG (Prop_bufg_I_O)         0.091    -3.470 r  pll.clk_pll/inst/clkout2_buf/O
                         net (fo=99, routed)          1.530    -1.940    u_confreg/timer_clk
    SLICE_X62Y126        FDRE                                         r  u_confreg/timer_reg[6]/C
  -------------------------------------------------------------------    -------------------
    SLICE_X62Y126        FDRE (Prop_fdre_C_Q)         0.418    -1.522 r  u_confreg/timer_reg[6]/Q
                         net (fo=2, routed)           0.138    -1.383    u_confreg/timer_reg[6]
    SLICE_X63Y126        FDRE                                         r  u_confreg/timer_r1_reg[6]/D
  -------------------------------------------------------------------    -------------------

                         (clock cpu_clk_clk_pll rise edge)
                                                      0.000     0.000 r  
    AC19                                              0.000     0.000 r  clk (IN)
                         net (fo=0)                   0.000     0.000    pll.clk_pll/inst/clk_in1
    AC19                 IBUF (Prop_ibuf_I_O)         1.485     1.485 r  pll.clk_pll/inst/clkin1_ibufg/O
                         net (fo=1, routed)           1.619     3.104    pll.clk_pll/inst/clk_in1_clk_pll
    PLLE2_ADV_X0Y2       PLLE2_ADV (Prop_plle2_adv_CLKIN1_CLKOUT0)
                                                     -9.006    -5.902 r  pll.clk_pll/inst/plle2_adv_inst/CLKOUT0
                         net (fo=1, routed)           1.837    -4.064    pll.clk_pll/inst/cpu_clk_clk_pll
    BUFGCTRL_X0Y0        BUFG (Prop_bufg_I_O)         0.096    -3.968 r  pll.clk_pll/inst/clkout1_buf/O
                         net (fo=12170, routed)       1.647    -2.321    u_confreg/cpu_clk
    SLICE_X63Y126        FDRE                                         r  u_confreg/timer_r1_reg[6]/C

Slack:                    inf
  Source:                 u_confreg/timer_reg[5]/C
                            (rising edge-triggered cell FDRE clocked by timer_clk_clk_pll  {rise@0.000ns fall@5.000ns period=10.000ns})
  Destination:            u_confreg/timer_r1_reg[5]/D
                            (rising edge-triggered cell FDRE clocked by cpu_clk_clk_pll  {rise@0.000ns fall@16.667ns period=33.333ns})
  Path Group:             (none)
  Path Type:              Hold (Min at Slow Process Corner)
  Data Path Delay:        0.672ns  (logic 0.418ns (62.177%)  route 0.254ns (37.823%))
  Logic Levels:           0  
  Clock Path Skew:        -0.383ns (DCD - SCD - CPR)
    Destination Clock Delay (DCD):    -2.323ns
    Source Clock Delay      (SCD):    -1.940ns
    Clock Pessimism Removal (CPR):    -0.000ns
  Clock Uncertainty:      0.215ns  ((TSJ^2 + DJ^2)^1/2) / 2 + PE
    Total System Jitter     (TSJ):    0.071ns
    Discrete Jitter          (DJ):    0.177ns
    Phase Error              (PE):    0.120ns
  Timing Exception:       False Path

    Location             Delay type                Incr(ns)  Path(ns)    Netlist Resource(s)
  -------------------------------------------------------------------    -------------------
                         (clock timer_clk_clk_pll rise edge)
                                                      0.000     0.000 r  
    AC19                                              0.000     0.000 r  clk (IN)
                         net (fo=0)                   0.000     0.000    pll.clk_pll/inst/clk_in1
    AC19                 IBUF (Prop_ibuf_I_O)         1.414     1.414 r  pll.clk_pll/inst/clkin1_ibufg/O
                         net (fo=1, routed)           1.531     2.945    pll.clk_pll/inst/clk_in1_clk_pll
    PLLE2_ADV_X0Y2       PLLE2_ADV (Prop_plle2_adv_CLKIN1_CLKOUT1)
                                                     -8.262    -5.316 r  pll.clk_pll/inst/plle2_adv_inst/CLKOUT1
                         net (fo=1, routed)           1.755    -3.561    pll.clk_pll/inst/timer_clk_clk_pll
    BUFGCTRL_X0Y1        BUFG (Prop_bufg_I_O)         0.091    -3.470 r  pll.clk_pll/inst/clkout2_buf/O
                         net (fo=99, routed)          1.530    -1.940    u_confreg/timer_clk
    SLICE_X62Y126        FDRE                                         r  u_confreg/timer_reg[5]/C
  -------------------------------------------------------------------    -------------------
    SLICE_X62Y126        FDRE (Prop_fdre_C_Q)         0.418    -1.522 r  u_confreg/timer_reg[5]/Q
                         net (fo=2, routed)           0.254    -1.267    u_confreg/timer_reg[5]
    SLICE_X63Y125        FDRE                                         r  u_confreg/timer_r1_reg[5]/D
  -------------------------------------------------------------------    -------------------

                         (clock cpu_clk_clk_pll rise edge)
                                                      0.000     0.000 r  
    AC19                                              0.000     0.000 r  clk (IN)
                         net (fo=0)                   0.000     0.000    pll.clk_pll/inst/clk_in1
    AC19                 IBUF (Prop_ibuf_I_O)         1.485     1.485 r  pll.clk_pll/inst/clkin1_ibufg/O
                         net (fo=1, routed)           1.619     3.104    pll.clk_pll/inst/clk_in1_clk_pll
    PLLE2_ADV_X0Y2       PLLE2_ADV (Prop_plle2_adv_CLKIN1_CLKOUT0)
                                                     -9.006    -5.902 r  pll.clk_pll/inst/plle2_adv_inst/CLKOUT0
                         net (fo=1, routed)           1.837    -4.064    pll.clk_pll/inst/cpu_clk_clk_pll
    BUFGCTRL_X0Y0        BUFG (Prop_bufg_I_O)         0.096    -3.968 r  pll.clk_pll/inst/clkout1_buf/O
                         net (fo=12170, routed)       1.645    -2.323    u_confreg/cpu_clk
    SLICE_X63Y125        FDRE                                         r  u_confreg/timer_r1_reg[5]/C

Slack:                    inf
  Source:                 u_confreg/timer_reg[7]/C
                            (rising edge-triggered cell FDRE clocked by timer_clk_clk_pll  {rise@0.000ns fall@5.000ns period=10.000ns})
  Destination:            u_confreg/timer_r1_reg[7]/D
                            (rising edge-triggered cell FDRE clocked by cpu_clk_clk_pll  {rise@0.000ns fall@16.667ns period=33.333ns})
  Path Group:             (none)
  Path Type:              Hold (Min at Slow Process Corner)
  Data Path Delay:        0.673ns  (logic 0.418ns (62.084%)  route 0.255ns (37.916%))
  Logic Levels:           0  
  Clock Path Skew:        -0.381ns (DCD - SCD - CPR)
    Destination Clock Delay (DCD):    -2.321ns
    Source Clock Delay      (SCD):    -1.940ns
    Clock Pessimism Removal (CPR):    -0.000ns
  Clock Uncertainty:      0.215ns  ((TSJ^2 + DJ^2)^1/2) / 2 + PE
    Total System Jitter     (TSJ):    0.071ns
    Discrete Jitter          (DJ):    0.177ns
    Phase Error              (PE):    0.120ns
  Timing Exception:       False Path

    Location             Delay type                Incr(ns)  Path(ns)    Netlist Resource(s)
  -------------------------------------------------------------------    -------------------
                         (clock timer_clk_clk_pll rise edge)
                                                      0.000     0.000 r  
    AC19                                              0.000     0.000 r  clk (IN)
                         net (fo=0)                   0.000     0.000    pll.clk_pll/inst/clk_in1
    AC19                 IBUF (Prop_ibuf_I_O)         1.414     1.414 r  pll.clk_pll/inst/clkin1_ibufg/O
                         net (fo=1, routed)           1.531     2.945    pll.clk_pll/inst/clk_in1_clk_pll
    PLLE2_ADV_X0Y2       PLLE2_ADV (Prop_plle2_adv_CLKIN1_CLKOUT1)
                                                     -8.262    -5.316 r  pll.clk_pll/inst/plle2_adv_inst/CLKOUT1
                         net (fo=1, routed)           1.755    -3.561    pll.clk_pll/inst/timer_clk_clk_pll
    BUFGCTRL_X0Y1        BUFG (Prop_bufg_I_O)         0.091    -3.470 r  pll.clk_pll/inst/clkout2_buf/O
                         net (fo=99, routed)          1.530    -1.940    u_confreg/timer_clk
    SLICE_X62Y126        FDRE                                         r  u_confreg/timer_reg[7]/C
  -------------------------------------------------------------------    -------------------
    SLICE_X62Y126        FDRE (Prop_fdre_C_Q)         0.418    -1.522 r  u_confreg/timer_reg[7]/Q
                         net (fo=2, routed)           0.255    -1.266    u_confreg/timer_reg[7]
    SLICE_X63Y126        FDRE                                         r  u_confreg/timer_r1_reg[7]/D
  -------------------------------------------------------------------    -------------------

                         (clock cpu_clk_clk_pll rise edge)
                                                      0.000     0.000 r  
    AC19                                              0.000     0.000 r  clk (IN)
                         net (fo=0)                   0.000     0.000    pll.clk_pll/inst/clk_in1
    AC19                 IBUF (Prop_ibuf_I_O)         1.485     1.485 r  pll.clk_pll/inst/clkin1_ibufg/O
                         net (fo=1, routed)           1.619     3.104    pll.clk_pll/inst/clk_in1_clk_pll
    PLLE2_ADV_X0Y2       PLLE2_ADV (Prop_plle2_adv_CLKIN1_CLKOUT0)
                                                     -9.006    -5.902 r  pll.clk_pll/inst/plle2_adv_inst/CLKOUT0
                         net (fo=1, routed)           1.837    -4.064    pll.clk_pll/inst/cpu_clk_clk_pll
    BUFGCTRL_X0Y0        BUFG (Prop_bufg_I_O)         0.096    -3.968 r  pll.clk_pll/inst/clkout1_buf/O
                         net (fo=12170, routed)       1.647    -2.321    u_confreg/cpu_clk
    SLICE_X63Y126        FDRE                                         r  u_confreg/timer_r1_reg[7]/C

Slack:                    inf
  Source:                 u_confreg/timer_reg[13]/C
                            (rising edge-triggered cell FDRE clocked by timer_clk_clk_pll  {rise@0.000ns fall@5.000ns period=10.000ns})
  Destination:            u_confreg/timer_r1_reg[13]/D
                            (rising edge-triggered cell FDRE clocked by cpu_clk_clk_pll  {rise@0.000ns fall@16.667ns period=33.333ns})
  Path Group:             (none)
  Path Type:              Hold (Min at Slow Process Corner)
  Data Path Delay:        0.714ns  (logic 0.418ns (58.548%)  route 0.296ns (41.452%))
  Logic Levels:           0  
  Clock Path Skew:        -0.381ns (DCD - SCD - CPR)
    Destination Clock Delay (DCD):    -2.318ns
    Source Clock Delay      (SCD):    -1.937ns
    Clock Pessimism Removal (CPR):    -0.000ns
  Clock Uncertainty:      0.215ns  ((TSJ^2 + DJ^2)^1/2) / 2 + PE
    Total System Jitter     (TSJ):    0.071ns
    Discrete Jitter          (DJ):    0.177ns
    Phase Error              (PE):    0.120ns
  Timing Exception:       False Path

    Location             Delay type                Incr(ns)  Path(ns)    Netlist Resource(s)
  -------------------------------------------------------------------    -------------------
                         (clock timer_clk_clk_pll rise edge)
                                                      0.000     0.000 r  
    AC19                                              0.000     0.000 r  clk (IN)
                         net (fo=0)                   0.000     0.000    pll.clk_pll/inst/clk_in1
    AC19                 IBUF (Prop_ibuf_I_O)         1.414     1.414 r  pll.clk_pll/inst/clkin1_ibufg/O
                         net (fo=1, routed)           1.531     2.945    pll.clk_pll/inst/clk_in1_clk_pll
    PLLE2_ADV_X0Y2       PLLE2_ADV (Prop_plle2_adv_CLKIN1_CLKOUT1)
                                                     -8.262    -5.316 r  pll.clk_pll/inst/plle2_adv_inst/CLKOUT1
                         net (fo=1, routed)           1.755    -3.561    pll.clk_pll/inst/timer_clk_clk_pll
    BUFGCTRL_X0Y1        BUFG (Prop_bufg_I_O)         0.091    -3.470 r  pll.clk_pll/inst/clkout2_buf/O
                         net (fo=99, routed)          1.533    -1.937    u_confreg/timer_clk
    SLICE_X62Y128        FDRE                                         r  u_confreg/timer_reg[13]/C
  -------------------------------------------------------------------    -------------------
    SLICE_X62Y128        FDRE (Prop_fdre_C_Q)         0.418    -1.519 r  u_confreg/timer_reg[13]/Q
                         net (fo=2, routed)           0.296    -1.223    u_confreg/timer_reg[13]
    SLICE_X65Y128        FDRE                                         r  u_confreg/timer_r1_reg[13]/D
  -------------------------------------------------------------------    -------------------

                         (clock cpu_clk_clk_pll rise edge)
                                                      0.000     0.000 r  
    AC19                                              0.000     0.000 r  clk (IN)
                         net (fo=0)                   0.000     0.000    pll.clk_pll/inst/clk_in1
    AC19                 IBUF (Prop_ibuf_I_O)         1.485     1.485 r  pll.clk_pll/inst/clkin1_ibufg/O
                         net (fo=1, routed)           1.619     3.104    pll.clk_pll/inst/clk_in1_clk_pll
    PLLE2_ADV_X0Y2       PLLE2_ADV (Prop_plle2_adv_CLKIN1_CLKOUT0)
                                                     -9.006    -5.902 r  pll.clk_pll/inst/plle2_adv_inst/CLKOUT0
                         net (fo=1, routed)           1.837    -4.064    pll.clk_pll/inst/cpu_clk_clk_pll
    BUFGCTRL_X0Y0        BUFG (Prop_bufg_I_O)         0.096    -3.968 r  pll.clk_pll/inst/clkout1_buf/O
                         net (fo=12170, routed)       1.650    -2.318    u_confreg/cpu_clk
    SLICE_X65Y128        FDRE                                         r  u_confreg/timer_r1_reg[13]/C

Slack:                    inf
  Source:                 u_confreg/timer_reg[11]/C
                            (rising edge-triggered cell FDRE clocked by timer_clk_clk_pll  {rise@0.000ns fall@5.000ns period=10.000ns})
  Destination:            u_confreg/timer_r1_reg[11]/D
                            (rising edge-triggered cell FDRE clocked by cpu_clk_clk_pll  {rise@0.000ns fall@16.667ns period=33.333ns})
  Path Group:             (none)
  Path Type:              Hold (Min at Slow Process Corner)
  Data Path Delay:        0.716ns  (logic 0.418ns (58.385%)  route 0.298ns (41.615%))
  Logic Levels:           0  
  Clock Path Skew:        -0.379ns (DCD - SCD - CPR)
    Destination Clock Delay (DCD):    -2.318ns
    Source Clock Delay      (SCD):    -1.939ns
    Clock Pessimism Removal (CPR):    -0.000ns
  Clock Uncertainty:      0.215ns  ((TSJ^2 + DJ^2)^1/2) / 2 + PE
    Total System Jitter     (TSJ):    0.071ns
    Discrete Jitter          (DJ):    0.177ns
    Phase Error              (PE):    0.120ns
  Timing Exception:       False Path

    Location             Delay type                Incr(ns)  Path(ns)    Netlist Resource(s)
  -------------------------------------------------------------------    -------------------
                         (clock timer_clk_clk_pll rise edge)
                                                      0.000     0.000 r  
    AC19                                              0.000     0.000 r  clk (IN)
                         net (fo=0)                   0.000     0.000    pll.clk_pll/inst/clk_in1
    AC19                 IBUF (Prop_ibuf_I_O)         1.414     1.414 r  pll.clk_pll/inst/clkin1_ibufg/O
                         net (fo=1, routed)           1.531     2.945    pll.clk_pll/inst/clk_in1_clk_pll
    PLLE2_ADV_X0Y2       PLLE2_ADV (Prop_plle2_adv_CLKIN1_CLKOUT1)
                                                     -8.262    -5.316 r  pll.clk_pll/inst/plle2_adv_inst/CLKOUT1
                         net (fo=1, routed)           1.755    -3.561    pll.clk_pll/inst/timer_clk_clk_pll
    BUFGCTRL_X0Y1        BUFG (Prop_bufg_I_O)         0.091    -3.470 r  pll.clk_pll/inst/clkout2_buf/O
                         net (fo=99, routed)          1.531    -1.939    u_confreg/timer_clk
    SLICE_X62Y127        FDRE                                         r  u_confreg/timer_reg[11]/C
  -------------------------------------------------------------------    -------------------
    SLICE_X62Y127        FDRE (Prop_fdre_C_Q)         0.418    -1.521 r  u_confreg/timer_reg[11]/Q
                         net (fo=2, routed)           0.298    -1.223    u_confreg/timer_reg[11]
    SLICE_X65Y128        FDRE                                         r  u_confreg/timer_r1_reg[11]/D
  -------------------------------------------------------------------    -------------------

                         (clock cpu_clk_clk_pll rise edge)
                                                      0.000     0.000 r  
    AC19                                              0.000     0.000 r  clk (IN)
                         net (fo=0)                   0.000     0.000    pll.clk_pll/inst/clk_in1
    AC19                 IBUF (Prop_ibuf_I_O)         1.485     1.485 r  pll.clk_pll/inst/clkin1_ibufg/O
                         net (fo=1, routed)           1.619     3.104    pll.clk_pll/inst/clk_in1_clk_pll
    PLLE2_ADV_X0Y2       PLLE2_ADV (Prop_plle2_adv_CLKIN1_CLKOUT0)
                                                     -9.006    -5.902 r  pll.clk_pll/inst/plle2_adv_inst/CLKOUT0
                         net (fo=1, routed)           1.837    -4.064    pll.clk_pll/inst/cpu_clk_clk_pll
    BUFGCTRL_X0Y0        BUFG (Prop_bufg_I_O)         0.096    -3.968 r  pll.clk_pll/inst/clkout1_buf/O
                         net (fo=12170, routed)       1.650    -2.318    u_confreg/cpu_clk
    SLICE_X65Y128        FDRE                                         r  u_confreg/timer_r1_reg[11]/C

Slack:                    inf
  Source:                 u_confreg/timer_reg[12]/C
                            (rising edge-triggered cell FDRE clocked by timer_clk_clk_pll  {rise@0.000ns fall@5.000ns period=10.000ns})
  Destination:            u_confreg/timer_r1_reg[12]/D
                            (rising edge-triggered cell FDRE clocked by cpu_clk_clk_pll  {rise@0.000ns fall@16.667ns period=33.333ns})
  Path Group:             (none)
  Path Type:              Hold (Min at Slow Process Corner)
  Data Path Delay:        0.716ns  (logic 0.418ns (58.385%)  route 0.298ns (41.615%))
  Logic Levels:           0  
  Clock Path Skew:        -0.381ns (DCD - SCD - CPR)
    Destination Clock Delay (DCD):    -2.318ns
    Source Clock Delay      (SCD):    -1.937ns
    Clock Pessimism Removal (CPR):    -0.000ns
  Clock Uncertainty:      0.215ns  ((TSJ^2 + DJ^2)^1/2) / 2 + PE
    Total System Jitter     (TSJ):    0.071ns
    Discrete Jitter          (DJ):    0.177ns
    Phase Error              (PE):    0.120ns
  Timing Exception:       False Path

    Location             Delay type                Incr(ns)  Path(ns)    Netlist Resource(s)
  -------------------------------------------------------------------    -------------------
                         (clock timer_clk_clk_pll rise edge)
                                                      0.000     0.000 r  
    AC19                                              0.000     0.000 r  clk (IN)
                         net (fo=0)                   0.000     0.000    pll.clk_pll/inst/clk_in1
    AC19                 IBUF (Prop_ibuf_I_O)         1.414     1.414 r  pll.clk_pll/inst/clkin1_ibufg/O
                         net (fo=1, routed)           1.531     2.945    pll.clk_pll/inst/clk_in1_clk_pll
    PLLE2_ADV_X0Y2       PLLE2_ADV (Prop_plle2_adv_CLKIN1_CLKOUT1)
                                                     -8.262    -5.316 r  pll.clk_pll/inst/plle2_adv_inst/CLKOUT1
                         net (fo=1, routed)           1.755    -3.561    pll.clk_pll/inst/timer_clk_clk_pll
    BUFGCTRL_X0Y1        BUFG (Prop_bufg_I_O)         0.091    -3.470 r  pll.clk_pll/inst/clkout2_buf/O
                         net (fo=99, routed)          1.533    -1.937    u_confreg/timer_clk
    SLICE_X62Y128        FDRE                                         r  u_confreg/timer_reg[12]/C
  -------------------------------------------------------------------    -------------------
    SLICE_X62Y128        FDRE (Prop_fdre_C_Q)         0.418    -1.519 r  u_confreg/timer_reg[12]/Q
                         net (fo=2, routed)           0.298    -1.221    u_confreg/timer_reg[12]
    SLICE_X65Y128        FDRE                                         r  u_confreg/timer_r1_reg[12]/D
  -------------------------------------------------------------------    -------------------

                         (clock cpu_clk_clk_pll rise edge)
                                                      0.000     0.000 r  
    AC19                                              0.000     0.000 r  clk (IN)
                         net (fo=0)                   0.000     0.000    pll.clk_pll/inst/clk_in1
    AC19                 IBUF (Prop_ibuf_I_O)         1.485     1.485 r  pll.clk_pll/inst/clkin1_ibufg/O
                         net (fo=1, routed)           1.619     3.104    pll.clk_pll/inst/clk_in1_clk_pll
    PLLE2_ADV_X0Y2       PLLE2_ADV (Prop_plle2_adv_CLKIN1_CLKOUT0)
                                                     -9.006    -5.902 r  pll.clk_pll/inst/plle2_adv_inst/CLKOUT0
                         net (fo=1, routed)           1.837    -4.064    pll.clk_pll/inst/cpu_clk_clk_pll
    BUFGCTRL_X0Y0        BUFG (Prop_bufg_I_O)         0.096    -3.968 r  pll.clk_pll/inst/clkout1_buf/O
                         net (fo=12170, routed)       1.650    -2.318    u_confreg/cpu_clk
    SLICE_X65Y128        FDRE                                         r  u_confreg/timer_r1_reg[12]/C

Slack:                    inf
  Source:                 u_confreg/timer_reg[0]/C
                            (rising edge-triggered cell FDRE clocked by timer_clk_clk_pll  {rise@0.000ns fall@5.000ns period=10.000ns})
  Destination:            u_confreg/timer_r1_reg[0]/D
                            (rising edge-triggered cell FDRE clocked by cpu_clk_clk_pll  {rise@0.000ns fall@16.667ns period=33.333ns})
  Path Group:             (none)
  Path Type:              Hold (Min at Slow Process Corner)
  Data Path Delay:        0.758ns  (logic 0.418ns (55.181%)  route 0.340ns (44.819%))
  Logic Levels:           0  
  Clock Path Skew:        -0.382ns (DCD - SCD - CPR)
    Destination Clock Delay (DCD):    -2.324ns
    Source Clock Delay      (SCD):    -1.942ns
    Clock Pessimism Removal (CPR):    -0.000ns
  Clock Uncertainty:      0.215ns  ((TSJ^2 + DJ^2)^1/2) / 2 + PE
    Total System Jitter     (TSJ):    0.071ns
    Discrete Jitter          (DJ):    0.177ns
    Phase Error              (PE):    0.120ns
  Timing Exception:       False Path

    Location             Delay type                Incr(ns)  Path(ns)    Netlist Resource(s)
  -------------------------------------------------------------------    -------------------
                         (clock timer_clk_clk_pll rise edge)
                                                      0.000     0.000 r  
    AC19                                              0.000     0.000 r  clk (IN)
                         net (fo=0)                   0.000     0.000    pll.clk_pll/inst/clk_in1
    AC19                 IBUF (Prop_ibuf_I_O)         1.414     1.414 r  pll.clk_pll/inst/clkin1_ibufg/O
                         net (fo=1, routed)           1.531     2.945    pll.clk_pll/inst/clk_in1_clk_pll
    PLLE2_ADV_X0Y2       PLLE2_ADV (Prop_plle2_adv_CLKIN1_CLKOUT1)
                                                     -8.262    -5.316 r  pll.clk_pll/inst/plle2_adv_inst/CLKOUT1
                         net (fo=1, routed)           1.755    -3.561    pll.clk_pll/inst/timer_clk_clk_pll
    BUFGCTRL_X0Y1        BUFG (Prop_bufg_I_O)         0.091    -3.470 r  pll.clk_pll/inst/clkout2_buf/O
                         net (fo=99, routed)          1.528    -1.942    u_confreg/timer_clk
    SLICE_X62Y125        FDRE                                         r  u_confreg/timer_reg[0]/C
  -------------------------------------------------------------------    -------------------
    SLICE_X62Y125        FDRE (Prop_fdre_C_Q)         0.418    -1.524 r  u_confreg/timer_reg[0]/Q
                         net (fo=3, routed)           0.340    -1.184    u_confreg/timer_reg[0]
    SLICE_X65Y124        FDRE                                         r  u_confreg/timer_r1_reg[0]/D
  -------------------------------------------------------------------    -------------------

                         (clock cpu_clk_clk_pll rise edge)
                                                      0.000     0.000 r  
    AC19                                              0.000     0.000 r  clk (IN)
                         net (fo=0)                   0.000     0.000    pll.clk_pll/inst/clk_in1
    AC19                 IBUF (Prop_ibuf_I_O)         1.485     1.485 r  pll.clk_pll/inst/clkin1_ibufg/O
                         net (fo=1, routed)           1.619     3.104    pll.clk_pll/inst/clk_in1_clk_pll
    PLLE2_ADV_X0Y2       PLLE2_ADV (Prop_plle2_adv_CLKIN1_CLKOUT0)
                                                     -9.006    -5.902 r  pll.clk_pll/inst/plle2_adv_inst/CLKOUT0
                         net (fo=1, routed)           1.837    -4.064    pll.clk_pll/inst/cpu_clk_clk_pll
    BUFGCTRL_X0Y0        BUFG (Prop_bufg_I_O)         0.096    -3.968 r  pll.clk_pll/inst/clkout1_buf/O
                         net (fo=12170, routed)       1.644    -2.324    u_confreg/cpu_clk
    SLICE_X65Y124        FDRE                                         r  u_confreg/timer_r1_reg[0]/C

Slack:                    inf
  Source:                 u_confreg/timer_reg[1]/C
                            (rising edge-triggered cell FDRE clocked by timer_clk_clk_pll  {rise@0.000ns fall@5.000ns period=10.000ns})
  Destination:            u_confreg/timer_r1_reg[1]/D
                            (rising edge-triggered cell FDRE clocked by cpu_clk_clk_pll  {rise@0.000ns fall@16.667ns period=33.333ns})
  Path Group:             (none)
  Path Type:              Hold (Min at Slow Process Corner)
  Data Path Delay:        0.758ns  (logic 0.418ns (55.181%)  route 0.340ns (44.819%))
  Logic Levels:           0  
  Clock Path Skew:        -0.382ns (DCD - SCD - CPR)
    Destination Clock Delay (DCD):    -2.324ns
    Source Clock Delay      (SCD):    -1.942ns
    Clock Pessimism Removal (CPR):    -0.000ns
  Clock Uncertainty:      0.215ns  ((TSJ^2 + DJ^2)^1/2) / 2 + PE
    Total System Jitter     (TSJ):    0.071ns
    Discrete Jitter          (DJ):    0.177ns
    Phase Error              (PE):    0.120ns
  Timing Exception:       False Path

    Location             Delay type                Incr(ns)  Path(ns)    Netlist Resource(s)
  -------------------------------------------------------------------    -------------------
                         (clock timer_clk_clk_pll rise edge)
                                                      0.000     0.000 r  
    AC19                                              0.000     0.000 r  clk (IN)
                         net (fo=0)                   0.000     0.000    pll.clk_pll/inst/clk_in1
    AC19                 IBUF (Prop_ibuf_I_O)         1.414     1.414 r  pll.clk_pll/inst/clkin1_ibufg/O
                         net (fo=1, routed)           1.531     2.945    pll.clk_pll/inst/clk_in1_clk_pll
    PLLE2_ADV_X0Y2       PLLE2_ADV (Prop_plle2_adv_CLKIN1_CLKOUT1)
                                                     -8.262    -5.316 r  pll.clk_pll/inst/plle2_adv_inst/CLKOUT1
                         net (fo=1, routed)           1.755    -3.561    pll.clk_pll/inst/timer_clk_clk_pll
    BUFGCTRL_X0Y1        BUFG (Prop_bufg_I_O)         0.091    -3.470 r  pll.clk_pll/inst/clkout2_buf/O
                         net (fo=99, routed)          1.528    -1.942    u_confreg/timer_clk
    SLICE_X62Y125        FDRE                                         r  u_confreg/timer_reg[1]/C
  -------------------------------------------------------------------    -------------------
    SLICE_X62Y125        FDRE (Prop_fdre_C_Q)         0.418    -1.524 r  u_confreg/timer_reg[1]/Q
                         net (fo=2, routed)           0.340    -1.184    u_confreg/timer_reg[1]
    SLICE_X65Y124        FDRE                                         r  u_confreg/timer_r1_reg[1]/D
  -------------------------------------------------------------------    -------------------

                         (clock cpu_clk_clk_pll rise edge)
                                                      0.000     0.000 r  
    AC19                                              0.000     0.000 r  clk (IN)
                         net (fo=0)                   0.000     0.000    pll.clk_pll/inst/clk_in1
    AC19                 IBUF (Prop_ibuf_I_O)         1.485     1.485 r  pll.clk_pll/inst/clkin1_ibufg/O
                         net (fo=1, routed)           1.619     3.104    pll.clk_pll/inst/clk_in1_clk_pll
    PLLE2_ADV_X0Y2       PLLE2_ADV (Prop_plle2_adv_CLKIN1_CLKOUT0)
                                                     -9.006    -5.902 r  pll.clk_pll/inst/plle2_adv_inst/CLKOUT0
                         net (fo=1, routed)           1.837    -4.064    pll.clk_pll/inst/cpu_clk_clk_pll
    BUFGCTRL_X0Y0        BUFG (Prop_bufg_I_O)         0.096    -3.968 r  pll.clk_pll/inst/clkout1_buf/O
                         net (fo=12170, routed)       1.644    -2.324    u_confreg/cpu_clk
    SLICE_X65Y124        FDRE                                         r  u_confreg/timer_r1_reg[1]/C

Slack:                    inf
  Source:                 u_confreg/timer_reg[8]/C
                            (rising edge-triggered cell FDRE clocked by timer_clk_clk_pll  {rise@0.000ns fall@5.000ns period=10.000ns})
  Destination:            u_confreg/timer_r1_reg[8]/D
                            (rising edge-triggered cell FDRE clocked by cpu_clk_clk_pll  {rise@0.000ns fall@16.667ns period=33.333ns})
  Path Group:             (none)
  Path Type:              Hold (Min at Slow Process Corner)
  Data Path Delay:        0.794ns  (logic 0.418ns (52.618%)  route 0.376ns (47.382%))
  Logic Levels:           0  
  Clock Path Skew:        -0.382ns (DCD - SCD - CPR)
    Destination Clock Delay (DCD):    -2.321ns
    Source Clock Delay      (SCD):    -1.939ns
    Clock Pessimism Removal (CPR):    -0.000ns
  Clock Uncertainty:      0.215ns  ((TSJ^2 + DJ^2)^1/2) / 2 + PE
    Total System Jitter     (TSJ):    0.071ns
    Discrete Jitter          (DJ):    0.177ns
    Phase Error              (PE):    0.120ns
  Timing Exception:       False Path

    Location             Delay type                Incr(ns)  Path(ns)    Netlist Resource(s)
  -------------------------------------------------------------------    -------------------
                         (clock timer_clk_clk_pll rise edge)
                                                      0.000     0.000 r  
    AC19                                              0.000     0.000 r  clk (IN)
                         net (fo=0)                   0.000     0.000    pll.clk_pll/inst/clk_in1
    AC19                 IBUF (Prop_ibuf_I_O)         1.414     1.414 r  pll.clk_pll/inst/clkin1_ibufg/O
                         net (fo=1, routed)           1.531     2.945    pll.clk_pll/inst/clk_in1_clk_pll
    PLLE2_ADV_X0Y2       PLLE2_ADV (Prop_plle2_adv_CLKIN1_CLKOUT1)
                                                     -8.262    -5.316 r  pll.clk_pll/inst/plle2_adv_inst/CLKOUT1
                         net (fo=1, routed)           1.755    -3.561    pll.clk_pll/inst/timer_clk_clk_pll
    BUFGCTRL_X0Y1        BUFG (Prop_bufg_I_O)         0.091    -3.470 r  pll.clk_pll/inst/clkout2_buf/O
                         net (fo=99, routed)          1.531    -1.939    u_confreg/timer_clk
    SLICE_X62Y127        FDRE                                         r  u_confreg/timer_reg[8]/C
  -------------------------------------------------------------------    -------------------
    SLICE_X62Y127        FDRE (Prop_fdre_C_Q)         0.418    -1.521 r  u_confreg/timer_reg[8]/Q
                         net (fo=2, routed)           0.376    -1.144    u_confreg/timer_reg[8]
    SLICE_X63Y126        FDRE                                         r  u_confreg/timer_r1_reg[8]/D
  -------------------------------------------------------------------    -------------------

                         (clock cpu_clk_clk_pll rise edge)
                                                      0.000     0.000 r  
    AC19                                              0.000     0.000 r  clk (IN)
                         net (fo=0)                   0.000     0.000    pll.clk_pll/inst/clk_in1
    AC19                 IBUF (Prop_ibuf_I_O)         1.485     1.485 r  pll.clk_pll/inst/clkin1_ibufg/O
                         net (fo=1, routed)           1.619     3.104    pll.clk_pll/inst/clk_in1_clk_pll
    PLLE2_ADV_X0Y2       PLLE2_ADV (Prop_plle2_adv_CLKIN1_CLKOUT0)
                                                     -9.006    -5.902 r  pll.clk_pll/inst/plle2_adv_inst/CLKOUT0
                         net (fo=1, routed)           1.837    -4.064    pll.clk_pll/inst/cpu_clk_clk_pll
    BUFGCTRL_X0Y0        BUFG (Prop_bufg_I_O)         0.096    -3.968 r  pll.clk_pll/inst/clkout1_buf/O
                         net (fo=12170, routed)       1.647    -2.321    u_confreg/cpu_clk
    SLICE_X63Y126        FDRE                                         r  u_confreg/timer_r1_reg[8]/C





--------------------------------------------------------------------------------------
Path Group:  (none)
From Clock:  cpu_clk_clk_pll
  To Clock:  timer_clk_clk_pll

Max Delay            65 Endpoints
Min Delay            65 Endpoints
--------------------------------------------------------------------------------------


Max Delay Paths
--------------------------------------------------------------------------------------
Slack:                    inf
  Source:                 cpu_resetn_reg/C
                            (rising edge-triggered cell FDRE clocked by cpu_clk_clk_pll  {rise@0.000ns fall@16.667ns period=33.333ns})
  Destination:            u_confreg/timer_reg[28]/R
                            (rising edge-triggered cell FDRE clocked by timer_clk_clk_pll  {rise@0.000ns fall@5.000ns period=10.000ns})
  Path Group:             (none)
  Path Type:              Setup (Max at Slow Process Corner)
  Data Path Delay:        12.332ns  (logic 0.642ns (5.206%)  route 11.690ns (94.794%))
  Logic Levels:           1  (LUT1=1)
  Clock Path Skew:        0.109ns (DCD - SCD + CPR)
    Destination Clock Delay (DCD):    -1.933ns
    Source Clock Delay      (SCD):    -2.042ns
    Clock Pessimism Removal (CPR):    0.000ns
  Clock Uncertainty:      0.215ns  ((TSJ^2 + DJ^2)^1/2) / 2 + PE
    Total System Jitter     (TSJ):    0.071ns
    Discrete Jitter          (DJ):    0.177ns
    Phase Error              (PE):    0.120ns
  Timing Exception:       False Path

    Location             Delay type                Incr(ns)  Path(ns)    Netlist Resource(s)
  -------------------------------------------------------------------    -------------------
                         (clock cpu_clk_clk_pll rise edge)
                                                      0.000     0.000 r  
    AC19                                              0.000     0.000 r  clk (IN)
                         net (fo=0)                   0.000     0.000    pll.clk_pll/inst/clk_in1
    AC19                 IBUF (Prop_ibuf_I_O)         1.485     1.485 r  pll.clk_pll/inst/clkin1_ibufg/O
                         net (fo=1, routed)           1.619     3.104    pll.clk_pll/inst/clk_in1_clk_pll
    PLLE2_ADV_X0Y2       PLLE2_ADV (Prop_plle2_adv_CLKIN1_CLKOUT0)
                                                     -9.006    -5.902 r  pll.clk_pll/inst/plle2_adv_inst/CLKOUT0
                         net (fo=1, routed)           1.837    -4.064    pll.clk_pll/inst/cpu_clk_clk_pll
    BUFGCTRL_X0Y0        BUFG (Prop_bufg_I_O)         0.096    -3.968 r  pll.clk_pll/inst/clkout1_buf/O
                         net (fo=12170, routed)       1.926    -2.042    cpu_clk
    SLICE_X154Y87        FDRE                                         r  cpu_resetn_reg/C
  -------------------------------------------------------------------    -------------------
    SLICE_X154Y87        FDRE (Prop_fdre_C_Q)         0.518    -1.524 f  cpu_resetn_reg/Q
                         net (fo=318, routed)         8.584     7.060    u_cpu/u_dcache/cpu_resetn
    SLICE_X56Y115        LUT1 (Prop_lut1_I0_O)        0.124     7.184 r  u_cpu/u_dcache/reset_i_1/O
                         net (fo=1902, routed)        3.106    10.290    u_confreg/clear
    SLICE_X62Y132        FDRE                                         r  u_confreg/timer_reg[28]/R
  -------------------------------------------------------------------    -------------------

                         (clock timer_clk_clk_pll rise edge)
                                                      0.000     0.000 r  
    AC19                                              0.000     0.000 r  clk (IN)
                         net (fo=0)                   0.000     0.000    pll.clk_pll/inst/clk_in1
    AC19                 IBUF (Prop_ibuf_I_O)         1.414     1.414 r  pll.clk_pll/inst/clkin1_ibufg/O
                         net (fo=1, routed)           1.531     2.945    pll.clk_pll/inst/clk_in1_clk_pll
    PLLE2_ADV_X0Y2       PLLE2_ADV (Prop_plle2_adv_CLKIN1_CLKOUT1)
                                                     -8.262    -5.316 r  pll.clk_pll/inst/plle2_adv_inst/CLKOUT1
                         net (fo=1, routed)           1.755    -3.561    pll.clk_pll/inst/timer_clk_clk_pll
    BUFGCTRL_X0Y1        BUFG (Prop_bufg_I_O)         0.091    -3.470 r  pll.clk_pll/inst/clkout2_buf/O
                         net (fo=99, routed)          1.537    -1.933    u_confreg/timer_clk
    SLICE_X62Y132        FDRE                                         r  u_confreg/timer_reg[28]/C

Slack:                    inf
  Source:                 cpu_resetn_reg/C
                            (rising edge-triggered cell FDRE clocked by cpu_clk_clk_pll  {rise@0.000ns fall@16.667ns period=33.333ns})
  Destination:            u_confreg/timer_reg[29]/R
                            (rising edge-triggered cell FDRE clocked by timer_clk_clk_pll  {rise@0.000ns fall@5.000ns period=10.000ns})
  Path Group:             (none)
  Path Type:              Setup (Max at Slow Process Corner)
  Data Path Delay:        12.332ns  (logic 0.642ns (5.206%)  route 11.690ns (94.794%))
  Logic Levels:           1  (LUT1=1)
  Clock Path Skew:        0.109ns (DCD - SCD + CPR)
    Destination Clock Delay (DCD):    -1.933ns
    Source Clock Delay      (SCD):    -2.042ns
    Clock Pessimism Removal (CPR):    0.000ns
  Clock Uncertainty:      0.215ns  ((TSJ^2 + DJ^2)^1/2) / 2 + PE
    Total System Jitter     (TSJ):    0.071ns
    Discrete Jitter          (DJ):    0.177ns
    Phase Error              (PE):    0.120ns
  Timing Exception:       False Path

    Location             Delay type                Incr(ns)  Path(ns)    Netlist Resource(s)
  -------------------------------------------------------------------    -------------------
                         (clock cpu_clk_clk_pll rise edge)
                                                      0.000     0.000 r  
    AC19                                              0.000     0.000 r  clk (IN)
                         net (fo=0)                   0.000     0.000    pll.clk_pll/inst/clk_in1
    AC19                 IBUF (Prop_ibuf_I_O)         1.485     1.485 r  pll.clk_pll/inst/clkin1_ibufg/O
                         net (fo=1, routed)           1.619     3.104    pll.clk_pll/inst/clk_in1_clk_pll
    PLLE2_ADV_X0Y2       PLLE2_ADV (Prop_plle2_adv_CLKIN1_CLKOUT0)
                                                     -9.006    -5.902 r  pll.clk_pll/inst/plle2_adv_inst/CLKOUT0
                         net (fo=1, routed)           1.837    -4.064    pll.clk_pll/inst/cpu_clk_clk_pll
    BUFGCTRL_X0Y0        BUFG (Prop_bufg_I_O)         0.096    -3.968 r  pll.clk_pll/inst/clkout1_buf/O
                         net (fo=12170, routed)       1.926    -2.042    cpu_clk
    SLICE_X154Y87        FDRE                                         r  cpu_resetn_reg/C
  -------------------------------------------------------------------    -------------------
    SLICE_X154Y87        FDRE (Prop_fdre_C_Q)         0.518    -1.524 f  cpu_resetn_reg/Q
                         net (fo=318, routed)         8.584     7.060    u_cpu/u_dcache/cpu_resetn
    SLICE_X56Y115        LUT1 (Prop_lut1_I0_O)        0.124     7.184 r  u_cpu/u_dcache/reset_i_1/O
                         net (fo=1902, routed)        3.106    10.290    u_confreg/clear
    SLICE_X62Y132        FDRE                                         r  u_confreg/timer_reg[29]/R
  -------------------------------------------------------------------    -------------------

                         (clock timer_clk_clk_pll rise edge)
                                                      0.000     0.000 r  
    AC19                                              0.000     0.000 r  clk (IN)
                         net (fo=0)                   0.000     0.000    pll.clk_pll/inst/clk_in1
    AC19                 IBUF (Prop_ibuf_I_O)         1.414     1.414 r  pll.clk_pll/inst/clkin1_ibufg/O
                         net (fo=1, routed)           1.531     2.945    pll.clk_pll/inst/clk_in1_clk_pll
    PLLE2_ADV_X0Y2       PLLE2_ADV (Prop_plle2_adv_CLKIN1_CLKOUT1)
                                                     -8.262    -5.316 r  pll.clk_pll/inst/plle2_adv_inst/CLKOUT1
                         net (fo=1, routed)           1.755    -3.561    pll.clk_pll/inst/timer_clk_clk_pll
    BUFGCTRL_X0Y1        BUFG (Prop_bufg_I_O)         0.091    -3.470 r  pll.clk_pll/inst/clkout2_buf/O
                         net (fo=99, routed)          1.537    -1.933    u_confreg/timer_clk
    SLICE_X62Y132        FDRE                                         r  u_confreg/timer_reg[29]/C

Slack:                    inf
  Source:                 cpu_resetn_reg/C
                            (rising edge-triggered cell FDRE clocked by cpu_clk_clk_pll  {rise@0.000ns fall@16.667ns period=33.333ns})
  Destination:            u_confreg/timer_reg[30]/R
                            (rising edge-triggered cell FDRE clocked by timer_clk_clk_pll  {rise@0.000ns fall@5.000ns period=10.000ns})
  Path Group:             (none)
  Path Type:              Setup (Max at Slow Process Corner)
  Data Path Delay:        12.332ns  (logic 0.642ns (5.206%)  route 11.690ns (94.794%))
  Logic Levels:           1  (LUT1=1)
  Clock Path Skew:        0.109ns (DCD - SCD + CPR)
    Destination Clock Delay (DCD):    -1.933ns
    Source Clock Delay      (SCD):    -2.042ns
    Clock Pessimism Removal (CPR):    0.000ns
  Clock Uncertainty:      0.215ns  ((TSJ^2 + DJ^2)^1/2) / 2 + PE
    Total System Jitter     (TSJ):    0.071ns
    Discrete Jitter          (DJ):    0.177ns
    Phase Error              (PE):    0.120ns
  Timing Exception:       False Path

    Location             Delay type                Incr(ns)  Path(ns)    Netlist Resource(s)
  -------------------------------------------------------------------    -------------------
                         (clock cpu_clk_clk_pll rise edge)
                                                      0.000     0.000 r  
    AC19                                              0.000     0.000 r  clk (IN)
                         net (fo=0)                   0.000     0.000    pll.clk_pll/inst/clk_in1
    AC19                 IBUF (Prop_ibuf_I_O)         1.485     1.485 r  pll.clk_pll/inst/clkin1_ibufg/O
                         net (fo=1, routed)           1.619     3.104    pll.clk_pll/inst/clk_in1_clk_pll
    PLLE2_ADV_X0Y2       PLLE2_ADV (Prop_plle2_adv_CLKIN1_CLKOUT0)
                                                     -9.006    -5.902 r  pll.clk_pll/inst/plle2_adv_inst/CLKOUT0
                         net (fo=1, routed)           1.837    -4.064    pll.clk_pll/inst/cpu_clk_clk_pll
    BUFGCTRL_X0Y0        BUFG (Prop_bufg_I_O)         0.096    -3.968 r  pll.clk_pll/inst/clkout1_buf/O
                         net (fo=12170, routed)       1.926    -2.042    cpu_clk
    SLICE_X154Y87        FDRE                                         r  cpu_resetn_reg/C
  -------------------------------------------------------------------    -------------------
    SLICE_X154Y87        FDRE (Prop_fdre_C_Q)         0.518    -1.524 f  cpu_resetn_reg/Q
                         net (fo=318, routed)         8.584     7.060    u_cpu/u_dcache/cpu_resetn
    SLICE_X56Y115        LUT1 (Prop_lut1_I0_O)        0.124     7.184 r  u_cpu/u_dcache/reset_i_1/O
                         net (fo=1902, routed)        3.106    10.290    u_confreg/clear
    SLICE_X62Y132        FDRE                                         r  u_confreg/timer_reg[30]/R
  -------------------------------------------------------------------    -------------------

                         (clock timer_clk_clk_pll rise edge)
                                                      0.000     0.000 r  
    AC19                                              0.000     0.000 r  clk (IN)
                         net (fo=0)                   0.000     0.000    pll.clk_pll/inst/clk_in1
    AC19                 IBUF (Prop_ibuf_I_O)         1.414     1.414 r  pll.clk_pll/inst/clkin1_ibufg/O
                         net (fo=1, routed)           1.531     2.945    pll.clk_pll/inst/clk_in1_clk_pll
    PLLE2_ADV_X0Y2       PLLE2_ADV (Prop_plle2_adv_CLKIN1_CLKOUT1)
                                                     -8.262    -5.316 r  pll.clk_pll/inst/plle2_adv_inst/CLKOUT1
                         net (fo=1, routed)           1.755    -3.561    pll.clk_pll/inst/timer_clk_clk_pll
    BUFGCTRL_X0Y1        BUFG (Prop_bufg_I_O)         0.091    -3.470 r  pll.clk_pll/inst/clkout2_buf/O
                         net (fo=99, routed)          1.537    -1.933    u_confreg/timer_clk
    SLICE_X62Y132        FDRE                                         r  u_confreg/timer_reg[30]/C

Slack:                    inf
  Source:                 cpu_resetn_reg/C
                            (rising edge-triggered cell FDRE clocked by cpu_clk_clk_pll  {rise@0.000ns fall@16.667ns period=33.333ns})
  Destination:            u_confreg/timer_reg[31]/R
                            (rising edge-triggered cell FDRE clocked by timer_clk_clk_pll  {rise@0.000ns fall@5.000ns period=10.000ns})
  Path Group:             (none)
  Path Type:              Setup (Max at Slow Process Corner)
  Data Path Delay:        12.332ns  (logic 0.642ns (5.206%)  route 11.690ns (94.794%))
  Logic Levels:           1  (LUT1=1)
  Clock Path Skew:        0.109ns (DCD - SCD + CPR)
    Destination Clock Delay (DCD):    -1.933ns
    Source Clock Delay      (SCD):    -2.042ns
    Clock Pessimism Removal (CPR):    0.000ns
  Clock Uncertainty:      0.215ns  ((TSJ^2 + DJ^2)^1/2) / 2 + PE
    Total System Jitter     (TSJ):    0.071ns
    Discrete Jitter          (DJ):    0.177ns
    Phase Error              (PE):    0.120ns
  Timing Exception:       False Path

    Location             Delay type                Incr(ns)  Path(ns)    Netlist Resource(s)
  -------------------------------------------------------------------    -------------------
                         (clock cpu_clk_clk_pll rise edge)
                                                      0.000     0.000 r  
    AC19                                              0.000     0.000 r  clk (IN)
                         net (fo=0)                   0.000     0.000    pll.clk_pll/inst/clk_in1
    AC19                 IBUF (Prop_ibuf_I_O)         1.485     1.485 r  pll.clk_pll/inst/clkin1_ibufg/O
                         net (fo=1, routed)           1.619     3.104    pll.clk_pll/inst/clk_in1_clk_pll
    PLLE2_ADV_X0Y2       PLLE2_ADV (Prop_plle2_adv_CLKIN1_CLKOUT0)
                                                     -9.006    -5.902 r  pll.clk_pll/inst/plle2_adv_inst/CLKOUT0
                         net (fo=1, routed)           1.837    -4.064    pll.clk_pll/inst/cpu_clk_clk_pll
    BUFGCTRL_X0Y0        BUFG (Prop_bufg_I_O)         0.096    -3.968 r  pll.clk_pll/inst/clkout1_buf/O
                         net (fo=12170, routed)       1.926    -2.042    cpu_clk
    SLICE_X154Y87        FDRE                                         r  cpu_resetn_reg/C
  -------------------------------------------------------------------    -------------------
    SLICE_X154Y87        FDRE (Prop_fdre_C_Q)         0.518    -1.524 f  cpu_resetn_reg/Q
                         net (fo=318, routed)         8.584     7.060    u_cpu/u_dcache/cpu_resetn
    SLICE_X56Y115        LUT1 (Prop_lut1_I0_O)        0.124     7.184 r  u_cpu/u_dcache/reset_i_1/O
                         net (fo=1902, routed)        3.106    10.290    u_confreg/clear
    SLICE_X62Y132        FDRE                                         r  u_confreg/timer_reg[31]/R
  -------------------------------------------------------------------    -------------------

                         (clock timer_clk_clk_pll rise edge)
                                                      0.000     0.000 r  
    AC19                                              0.000     0.000 r  clk (IN)
                         net (fo=0)                   0.000     0.000    pll.clk_pll/inst/clk_in1
    AC19                 IBUF (Prop_ibuf_I_O)         1.414     1.414 r  pll.clk_pll/inst/clkin1_ibufg/O
                         net (fo=1, routed)           1.531     2.945    pll.clk_pll/inst/clk_in1_clk_pll
    PLLE2_ADV_X0Y2       PLLE2_ADV (Prop_plle2_adv_CLKIN1_CLKOUT1)
                                                     -8.262    -5.316 r  pll.clk_pll/inst/plle2_adv_inst/CLKOUT1
                         net (fo=1, routed)           1.755    -3.561    pll.clk_pll/inst/timer_clk_clk_pll
    BUFGCTRL_X0Y1        BUFG (Prop_bufg_I_O)         0.091    -3.470 r  pll.clk_pll/inst/clkout2_buf/O
                         net (fo=99, routed)          1.537    -1.933    u_confreg/timer_clk
    SLICE_X62Y132        FDRE                                         r  u_confreg/timer_reg[31]/C

Slack:                    inf
  Source:                 cpu_resetn_reg/C
                            (rising edge-triggered cell FDRE clocked by cpu_clk_clk_pll  {rise@0.000ns fall@16.667ns period=33.333ns})
  Destination:            u_confreg/timer_reg[24]/R
                            (rising edge-triggered cell FDRE clocked by timer_clk_clk_pll  {rise@0.000ns fall@5.000ns period=10.000ns})
  Path Group:             (none)
  Path Type:              Setup (Max at Slow Process Corner)
  Data Path Delay:        12.201ns  (logic 0.642ns (5.262%)  route 11.559ns (94.738%))
  Logic Levels:           1  (LUT1=1)
  Clock Path Skew:        0.107ns (DCD - SCD + CPR)
    Destination Clock Delay (DCD):    -1.935ns
    Source Clock Delay      (SCD):    -2.042ns
    Clock Pessimism Removal (CPR):    0.000ns
  Clock Uncertainty:      0.215ns  ((TSJ^2 + DJ^2)^1/2) / 2 + PE
    Total System Jitter     (TSJ):    0.071ns
    Discrete Jitter          (DJ):    0.177ns
    Phase Error              (PE):    0.120ns
  Timing Exception:       False Path

    Location             Delay type                Incr(ns)  Path(ns)    Netlist Resource(s)
  -------------------------------------------------------------------    -------------------
                         (clock cpu_clk_clk_pll rise edge)
                                                      0.000     0.000 r  
    AC19                                              0.000     0.000 r  clk (IN)
                         net (fo=0)                   0.000     0.000    pll.clk_pll/inst/clk_in1
    AC19                 IBUF (Prop_ibuf_I_O)         1.485     1.485 r  pll.clk_pll/inst/clkin1_ibufg/O
                         net (fo=1, routed)           1.619     3.104    pll.clk_pll/inst/clk_in1_clk_pll
    PLLE2_ADV_X0Y2       PLLE2_ADV (Prop_plle2_adv_CLKIN1_CLKOUT0)
                                                     -9.006    -5.902 r  pll.clk_pll/inst/plle2_adv_inst/CLKOUT0
                         net (fo=1, routed)           1.837    -4.064    pll.clk_pll/inst/cpu_clk_clk_pll
    BUFGCTRL_X0Y0        BUFG (Prop_bufg_I_O)         0.096    -3.968 r  pll.clk_pll/inst/clkout1_buf/O
                         net (fo=12170, routed)       1.926    -2.042    cpu_clk
    SLICE_X154Y87        FDRE                                         r  cpu_resetn_reg/C
  -------------------------------------------------------------------    -------------------
    SLICE_X154Y87        FDRE (Prop_fdre_C_Q)         0.518    -1.524 f  cpu_resetn_reg/Q
                         net (fo=318, routed)         8.584     7.060    u_cpu/u_dcache/cpu_resetn
    SLICE_X56Y115        LUT1 (Prop_lut1_I0_O)        0.124     7.184 r  u_cpu/u_dcache/reset_i_1/O
                         net (fo=1902, routed)        2.975    10.159    u_confreg/clear
    SLICE_X62Y131        FDRE                                         r  u_confreg/timer_reg[24]/R
  -------------------------------------------------------------------    -------------------

                         (clock timer_clk_clk_pll rise edge)
                                                      0.000     0.000 r  
    AC19                                              0.000     0.000 r  clk (IN)
                         net (fo=0)                   0.000     0.000    pll.clk_pll/inst/clk_in1
    AC19                 IBUF (Prop_ibuf_I_O)         1.414     1.414 r  pll.clk_pll/inst/clkin1_ibufg/O
                         net (fo=1, routed)           1.531     2.945    pll.clk_pll/inst/clk_in1_clk_pll
    PLLE2_ADV_X0Y2       PLLE2_ADV (Prop_plle2_adv_CLKIN1_CLKOUT1)
                                                     -8.262    -5.316 r  pll.clk_pll/inst/plle2_adv_inst/CLKOUT1
                         net (fo=1, routed)           1.755    -3.561    pll.clk_pll/inst/timer_clk_clk_pll
    BUFGCTRL_X0Y1        BUFG (Prop_bufg_I_O)         0.091    -3.470 r  pll.clk_pll/inst/clkout2_buf/O
                         net (fo=99, routed)          1.535    -1.935    u_confreg/timer_clk
    SLICE_X62Y131        FDRE                                         r  u_confreg/timer_reg[24]/C

Slack:                    inf
  Source:                 cpu_resetn_reg/C
                            (rising edge-triggered cell FDRE clocked by cpu_clk_clk_pll  {rise@0.000ns fall@16.667ns period=33.333ns})
  Destination:            u_confreg/timer_reg[25]/R
                            (rising edge-triggered cell FDRE clocked by timer_clk_clk_pll  {rise@0.000ns fall@5.000ns period=10.000ns})
  Path Group:             (none)
  Path Type:              Setup (Max at Slow Process Corner)
  Data Path Delay:        12.201ns  (logic 0.642ns (5.262%)  route 11.559ns (94.738%))
  Logic Levels:           1  (LUT1=1)
  Clock Path Skew:        0.107ns (DCD - SCD + CPR)
    Destination Clock Delay (DCD):    -1.935ns
    Source Clock Delay      (SCD):    -2.042ns
    Clock Pessimism Removal (CPR):    0.000ns
  Clock Uncertainty:      0.215ns  ((TSJ^2 + DJ^2)^1/2) / 2 + PE
    Total System Jitter     (TSJ):    0.071ns
    Discrete Jitter          (DJ):    0.177ns
    Phase Error              (PE):    0.120ns
  Timing Exception:       False Path

    Location             Delay type                Incr(ns)  Path(ns)    Netlist Resource(s)
  -------------------------------------------------------------------    -------------------
                         (clock cpu_clk_clk_pll rise edge)
                                                      0.000     0.000 r  
    AC19                                              0.000     0.000 r  clk (IN)
                         net (fo=0)                   0.000     0.000    pll.clk_pll/inst/clk_in1
    AC19                 IBUF (Prop_ibuf_I_O)         1.485     1.485 r  pll.clk_pll/inst/clkin1_ibufg/O
                         net (fo=1, routed)           1.619     3.104    pll.clk_pll/inst/clk_in1_clk_pll
    PLLE2_ADV_X0Y2       PLLE2_ADV (Prop_plle2_adv_CLKIN1_CLKOUT0)
                                                     -9.006    -5.902 r  pll.clk_pll/inst/plle2_adv_inst/CLKOUT0
                         net (fo=1, routed)           1.837    -4.064    pll.clk_pll/inst/cpu_clk_clk_pll
    BUFGCTRL_X0Y0        BUFG (Prop_bufg_I_O)         0.096    -3.968 r  pll.clk_pll/inst/clkout1_buf/O
                         net (fo=12170, routed)       1.926    -2.042    cpu_clk
    SLICE_X154Y87        FDRE                                         r  cpu_resetn_reg/C
  -------------------------------------------------------------------    -------------------
    SLICE_X154Y87        FDRE (Prop_fdre_C_Q)         0.518    -1.524 f  cpu_resetn_reg/Q
                         net (fo=318, routed)         8.584     7.060    u_cpu/u_dcache/cpu_resetn
    SLICE_X56Y115        LUT1 (Prop_lut1_I0_O)        0.124     7.184 r  u_cpu/u_dcache/reset_i_1/O
                         net (fo=1902, routed)        2.975    10.159    u_confreg/clear
    SLICE_X62Y131        FDRE                                         r  u_confreg/timer_reg[25]/R
  -------------------------------------------------------------------    -------------------

                         (clock timer_clk_clk_pll rise edge)
                                                      0.000     0.000 r  
    AC19                                              0.000     0.000 r  clk (IN)
                         net (fo=0)                   0.000     0.000    pll.clk_pll/inst/clk_in1
    AC19                 IBUF (Prop_ibuf_I_O)         1.414     1.414 r  pll.clk_pll/inst/clkin1_ibufg/O
                         net (fo=1, routed)           1.531     2.945    pll.clk_pll/inst/clk_in1_clk_pll
    PLLE2_ADV_X0Y2       PLLE2_ADV (Prop_plle2_adv_CLKIN1_CLKOUT1)
                                                     -8.262    -5.316 r  pll.clk_pll/inst/plle2_adv_inst/CLKOUT1
                         net (fo=1, routed)           1.755    -3.561    pll.clk_pll/inst/timer_clk_clk_pll
    BUFGCTRL_X0Y1        BUFG (Prop_bufg_I_O)         0.091    -3.470 r  pll.clk_pll/inst/clkout2_buf/O
                         net (fo=99, routed)          1.535    -1.935    u_confreg/timer_clk
    SLICE_X62Y131        FDRE                                         r  u_confreg/timer_reg[25]/C

Slack:                    inf
  Source:                 cpu_resetn_reg/C
                            (rising edge-triggered cell FDRE clocked by cpu_clk_clk_pll  {rise@0.000ns fall@16.667ns period=33.333ns})
  Destination:            u_confreg/timer_reg[26]/R
                            (rising edge-triggered cell FDRE clocked by timer_clk_clk_pll  {rise@0.000ns fall@5.000ns period=10.000ns})
  Path Group:             (none)
  Path Type:              Setup (Max at Slow Process Corner)
  Data Path Delay:        12.201ns  (logic 0.642ns (5.262%)  route 11.559ns (94.738%))
  Logic Levels:           1  (LUT1=1)
  Clock Path Skew:        0.107ns (DCD - SCD + CPR)
    Destination Clock Delay (DCD):    -1.935ns
    Source Clock Delay      (SCD):    -2.042ns
    Clock Pessimism Removal (CPR):    0.000ns
  Clock Uncertainty:      0.215ns  ((TSJ^2 + DJ^2)^1/2) / 2 + PE
    Total System Jitter     (TSJ):    0.071ns
    Discrete Jitter          (DJ):    0.177ns
    Phase Error              (PE):    0.120ns
  Timing Exception:       False Path

    Location             Delay type                Incr(ns)  Path(ns)    Netlist Resource(s)
  -------------------------------------------------------------------    -------------------
                         (clock cpu_clk_clk_pll rise edge)
                                                      0.000     0.000 r  
    AC19                                              0.000     0.000 r  clk (IN)
                         net (fo=0)                   0.000     0.000    pll.clk_pll/inst/clk_in1
    AC19                 IBUF (Prop_ibuf_I_O)         1.485     1.485 r  pll.clk_pll/inst/clkin1_ibufg/O
                         net (fo=1, routed)           1.619     3.104    pll.clk_pll/inst/clk_in1_clk_pll
    PLLE2_ADV_X0Y2       PLLE2_ADV (Prop_plle2_adv_CLKIN1_CLKOUT0)
                                                     -9.006    -5.902 r  pll.clk_pll/inst/plle2_adv_inst/CLKOUT0
                         net (fo=1, routed)           1.837    -4.064    pll.clk_pll/inst/cpu_clk_clk_pll
    BUFGCTRL_X0Y0        BUFG (Prop_bufg_I_O)         0.096    -3.968 r  pll.clk_pll/inst/clkout1_buf/O
                         net (fo=12170, routed)       1.926    -2.042    cpu_clk
    SLICE_X154Y87        FDRE                                         r  cpu_resetn_reg/C
  -------------------------------------------------------------------    -------------------
    SLICE_X154Y87        FDRE (Prop_fdre_C_Q)         0.518    -1.524 f  cpu_resetn_reg/Q
                         net (fo=318, routed)         8.584     7.060    u_cpu/u_dcache/cpu_resetn
    SLICE_X56Y115        LUT1 (Prop_lut1_I0_O)        0.124     7.184 r  u_cpu/u_dcache/reset_i_1/O
                         net (fo=1902, routed)        2.975    10.159    u_confreg/clear
    SLICE_X62Y131        FDRE                                         r  u_confreg/timer_reg[26]/R
  -------------------------------------------------------------------    -------------------

                         (clock timer_clk_clk_pll rise edge)
                                                      0.000     0.000 r  
    AC19                                              0.000     0.000 r  clk (IN)
                         net (fo=0)                   0.000     0.000    pll.clk_pll/inst/clk_in1
    AC19                 IBUF (Prop_ibuf_I_O)         1.414     1.414 r  pll.clk_pll/inst/clkin1_ibufg/O
                         net (fo=1, routed)           1.531     2.945    pll.clk_pll/inst/clk_in1_clk_pll
    PLLE2_ADV_X0Y2       PLLE2_ADV (Prop_plle2_adv_CLKIN1_CLKOUT1)
                                                     -8.262    -5.316 r  pll.clk_pll/inst/plle2_adv_inst/CLKOUT1
                         net (fo=1, routed)           1.755    -3.561    pll.clk_pll/inst/timer_clk_clk_pll
    BUFGCTRL_X0Y1        BUFG (Prop_bufg_I_O)         0.091    -3.470 r  pll.clk_pll/inst/clkout2_buf/O
                         net (fo=99, routed)          1.535    -1.935    u_confreg/timer_clk
    SLICE_X62Y131        FDRE                                         r  u_confreg/timer_reg[26]/C

Slack:                    inf
  Source:                 cpu_resetn_reg/C
                            (rising edge-triggered cell FDRE clocked by cpu_clk_clk_pll  {rise@0.000ns fall@16.667ns period=33.333ns})
  Destination:            u_confreg/timer_reg[27]/R
                            (rising edge-triggered cell FDRE clocked by timer_clk_clk_pll  {rise@0.000ns fall@5.000ns period=10.000ns})
  Path Group:             (none)
  Path Type:              Setup (Max at Slow Process Corner)
  Data Path Delay:        12.201ns  (logic 0.642ns (5.262%)  route 11.559ns (94.738%))
  Logic Levels:           1  (LUT1=1)
  Clock Path Skew:        0.107ns (DCD - SCD + CPR)
    Destination Clock Delay (DCD):    -1.935ns
    Source Clock Delay      (SCD):    -2.042ns
    Clock Pessimism Removal (CPR):    0.000ns
  Clock Uncertainty:      0.215ns  ((TSJ^2 + DJ^2)^1/2) / 2 + PE
    Total System Jitter     (TSJ):    0.071ns
    Discrete Jitter          (DJ):    0.177ns
    Phase Error              (PE):    0.120ns
  Timing Exception:       False Path

    Location             Delay type                Incr(ns)  Path(ns)    Netlist Resource(s)
  -------------------------------------------------------------------    -------------------
                         (clock cpu_clk_clk_pll rise edge)
                                                      0.000     0.000 r  
    AC19                                              0.000     0.000 r  clk (IN)
                         net (fo=0)                   0.000     0.000    pll.clk_pll/inst/clk_in1
    AC19                 IBUF (Prop_ibuf_I_O)         1.485     1.485 r  pll.clk_pll/inst/clkin1_ibufg/O
                         net (fo=1, routed)           1.619     3.104    pll.clk_pll/inst/clk_in1_clk_pll
    PLLE2_ADV_X0Y2       PLLE2_ADV (Prop_plle2_adv_CLKIN1_CLKOUT0)
                                                     -9.006    -5.902 r  pll.clk_pll/inst/plle2_adv_inst/CLKOUT0
                         net (fo=1, routed)           1.837    -4.064    pll.clk_pll/inst/cpu_clk_clk_pll
    BUFGCTRL_X0Y0        BUFG (Prop_bufg_I_O)         0.096    -3.968 r  pll.clk_pll/inst/clkout1_buf/O
                         net (fo=12170, routed)       1.926    -2.042    cpu_clk
    SLICE_X154Y87        FDRE                                         r  cpu_resetn_reg/C
  -------------------------------------------------------------------    -------------------
    SLICE_X154Y87        FDRE (Prop_fdre_C_Q)         0.518    -1.524 f  cpu_resetn_reg/Q
                         net (fo=318, routed)         8.584     7.060    u_cpu/u_dcache/cpu_resetn
    SLICE_X56Y115        LUT1 (Prop_lut1_I0_O)        0.124     7.184 r  u_cpu/u_dcache/reset_i_1/O
                         net (fo=1902, routed)        2.975    10.159    u_confreg/clear
    SLICE_X62Y131        FDRE                                         r  u_confreg/timer_reg[27]/R
  -------------------------------------------------------------------    -------------------

                         (clock timer_clk_clk_pll rise edge)
                                                      0.000     0.000 r  
    AC19                                              0.000     0.000 r  clk (IN)
                         net (fo=0)                   0.000     0.000    pll.clk_pll/inst/clk_in1
    AC19                 IBUF (Prop_ibuf_I_O)         1.414     1.414 r  pll.clk_pll/inst/clkin1_ibufg/O
                         net (fo=1, routed)           1.531     2.945    pll.clk_pll/inst/clk_in1_clk_pll
    PLLE2_ADV_X0Y2       PLLE2_ADV (Prop_plle2_adv_CLKIN1_CLKOUT1)
                                                     -8.262    -5.316 r  pll.clk_pll/inst/plle2_adv_inst/CLKOUT1
                         net (fo=1, routed)           1.755    -3.561    pll.clk_pll/inst/timer_clk_clk_pll
    BUFGCTRL_X0Y1        BUFG (Prop_bufg_I_O)         0.091    -3.470 r  pll.clk_pll/inst/clkout2_buf/O
                         net (fo=99, routed)          1.535    -1.935    u_confreg/timer_clk
    SLICE_X62Y131        FDRE                                         r  u_confreg/timer_reg[27]/C

Slack:                    inf
  Source:                 cpu_resetn_reg/C
                            (rising edge-triggered cell FDRE clocked by cpu_clk_clk_pll  {rise@0.000ns fall@16.667ns period=33.333ns})
  Destination:            u_confreg/timer_reg[20]/R
                            (rising edge-triggered cell FDRE clocked by timer_clk_clk_pll  {rise@0.000ns fall@5.000ns period=10.000ns})
  Path Group:             (none)
  Path Type:              Setup (Max at Slow Process Corner)
  Data Path Delay:        12.038ns  (logic 0.642ns (5.333%)  route 11.396ns (94.667%))
  Logic Levels:           1  (LUT1=1)
  Clock Path Skew:        0.106ns (DCD - SCD + CPR)
    Destination Clock Delay (DCD):    -1.936ns
    Source Clock Delay      (SCD):    -2.042ns
    Clock Pessimism Removal (CPR):    0.000ns
  Clock Uncertainty:      0.215ns  ((TSJ^2 + DJ^2)^1/2) / 2 + PE
    Total System Jitter     (TSJ):    0.071ns
    Discrete Jitter          (DJ):    0.177ns
    Phase Error              (PE):    0.120ns
  Timing Exception:       False Path

    Location             Delay type                Incr(ns)  Path(ns)    Netlist Resource(s)
  -------------------------------------------------------------------    -------------------
                         (clock cpu_clk_clk_pll rise edge)
                                                      0.000     0.000 r  
    AC19                                              0.000     0.000 r  clk (IN)
                         net (fo=0)                   0.000     0.000    pll.clk_pll/inst/clk_in1
    AC19                 IBUF (Prop_ibuf_I_O)         1.485     1.485 r  pll.clk_pll/inst/clkin1_ibufg/O
                         net (fo=1, routed)           1.619     3.104    pll.clk_pll/inst/clk_in1_clk_pll
    PLLE2_ADV_X0Y2       PLLE2_ADV (Prop_plle2_adv_CLKIN1_CLKOUT0)
                                                     -9.006    -5.902 r  pll.clk_pll/inst/plle2_adv_inst/CLKOUT0
                         net (fo=1, routed)           1.837    -4.064    pll.clk_pll/inst/cpu_clk_clk_pll
    BUFGCTRL_X0Y0        BUFG (Prop_bufg_I_O)         0.096    -3.968 r  pll.clk_pll/inst/clkout1_buf/O
                         net (fo=12170, routed)       1.926    -2.042    cpu_clk
    SLICE_X154Y87        FDRE                                         r  cpu_resetn_reg/C
  -------------------------------------------------------------------    -------------------
    SLICE_X154Y87        FDRE (Prop_fdre_C_Q)         0.518    -1.524 f  cpu_resetn_reg/Q
                         net (fo=318, routed)         8.584     7.060    u_cpu/u_dcache/cpu_resetn
    SLICE_X56Y115        LUT1 (Prop_lut1_I0_O)        0.124     7.184 r  u_cpu/u_dcache/reset_i_1/O
                         net (fo=1902, routed)        2.813     9.996    u_confreg/clear
    SLICE_X62Y130        FDRE                                         r  u_confreg/timer_reg[20]/R
  -------------------------------------------------------------------    -------------------

                         (clock timer_clk_clk_pll rise edge)
                                                      0.000     0.000 r  
    AC19                                              0.000     0.000 r  clk (IN)
                         net (fo=0)                   0.000     0.000    pll.clk_pll/inst/clk_in1
    AC19                 IBUF (Prop_ibuf_I_O)         1.414     1.414 r  pll.clk_pll/inst/clkin1_ibufg/O
                         net (fo=1, routed)           1.531     2.945    pll.clk_pll/inst/clk_in1_clk_pll
    PLLE2_ADV_X0Y2       PLLE2_ADV (Prop_plle2_adv_CLKIN1_CLKOUT1)
                                                     -8.262    -5.316 r  pll.clk_pll/inst/plle2_adv_inst/CLKOUT1
                         net (fo=1, routed)           1.755    -3.561    pll.clk_pll/inst/timer_clk_clk_pll
    BUFGCTRL_X0Y1        BUFG (Prop_bufg_I_O)         0.091    -3.470 r  pll.clk_pll/inst/clkout2_buf/O
                         net (fo=99, routed)          1.534    -1.936    u_confreg/timer_clk
    SLICE_X62Y130        FDRE                                         r  u_confreg/timer_reg[20]/C

Slack:                    inf
  Source:                 cpu_resetn_reg/C
                            (rising edge-triggered cell FDRE clocked by cpu_clk_clk_pll  {rise@0.000ns fall@16.667ns period=33.333ns})
  Destination:            u_confreg/timer_reg[21]/R
                            (rising edge-triggered cell FDRE clocked by timer_clk_clk_pll  {rise@0.000ns fall@5.000ns period=10.000ns})
  Path Group:             (none)
  Path Type:              Setup (Max at Slow Process Corner)
  Data Path Delay:        12.038ns  (logic 0.642ns (5.333%)  route 11.396ns (94.667%))
  Logic Levels:           1  (LUT1=1)
  Clock Path Skew:        0.106ns (DCD - SCD + CPR)
    Destination Clock Delay (DCD):    -1.936ns
    Source Clock Delay      (SCD):    -2.042ns
    Clock Pessimism Removal (CPR):    0.000ns
  Clock Uncertainty:      0.215ns  ((TSJ^2 + DJ^2)^1/2) / 2 + PE
    Total System Jitter     (TSJ):    0.071ns
    Discrete Jitter          (DJ):    0.177ns
    Phase Error              (PE):    0.120ns
  Timing Exception:       False Path

    Location             Delay type                Incr(ns)  Path(ns)    Netlist Resource(s)
  -------------------------------------------------------------------    -------------------
                         (clock cpu_clk_clk_pll rise edge)
                                                      0.000     0.000 r  
    AC19                                              0.000     0.000 r  clk (IN)
                         net (fo=0)                   0.000     0.000    pll.clk_pll/inst/clk_in1
    AC19                 IBUF (Prop_ibuf_I_O)         1.485     1.485 r  pll.clk_pll/inst/clkin1_ibufg/O
                         net (fo=1, routed)           1.619     3.104    pll.clk_pll/inst/clk_in1_clk_pll
    PLLE2_ADV_X0Y2       PLLE2_ADV (Prop_plle2_adv_CLKIN1_CLKOUT0)
                                                     -9.006    -5.902 r  pll.clk_pll/inst/plle2_adv_inst/CLKOUT0
                         net (fo=1, routed)           1.837    -4.064    pll.clk_pll/inst/cpu_clk_clk_pll
    BUFGCTRL_X0Y0        BUFG (Prop_bufg_I_O)         0.096    -3.968 r  pll.clk_pll/inst/clkout1_buf/O
                         net (fo=12170, routed)       1.926    -2.042    cpu_clk
    SLICE_X154Y87        FDRE                                         r  cpu_resetn_reg/C
  -------------------------------------------------------------------    -------------------
    SLICE_X154Y87        FDRE (Prop_fdre_C_Q)         0.518    -1.524 f  cpu_resetn_reg/Q
                         net (fo=318, routed)         8.584     7.060    u_cpu/u_dcache/cpu_resetn
    SLICE_X56Y115        LUT1 (Prop_lut1_I0_O)        0.124     7.184 r  u_cpu/u_dcache/reset_i_1/O
                         net (fo=1902, routed)        2.813     9.996    u_confreg/clear
    SLICE_X62Y130        FDRE                                         r  u_confreg/timer_reg[21]/R
  -------------------------------------------------------------------    -------------------

                         (clock timer_clk_clk_pll rise edge)
                                                      0.000     0.000 r  
    AC19                                              0.000     0.000 r  clk (IN)
                         net (fo=0)                   0.000     0.000    pll.clk_pll/inst/clk_in1
    AC19                 IBUF (Prop_ibuf_I_O)         1.414     1.414 r  pll.clk_pll/inst/clkin1_ibufg/O
                         net (fo=1, routed)           1.531     2.945    pll.clk_pll/inst/clk_in1_clk_pll
    PLLE2_ADV_X0Y2       PLLE2_ADV (Prop_plle2_adv_CLKIN1_CLKOUT1)
                                                     -8.262    -5.316 r  pll.clk_pll/inst/plle2_adv_inst/CLKOUT1
                         net (fo=1, routed)           1.755    -3.561    pll.clk_pll/inst/timer_clk_clk_pll
    BUFGCTRL_X0Y1        BUFG (Prop_bufg_I_O)         0.091    -3.470 r  pll.clk_pll/inst/clkout2_buf/O
                         net (fo=99, routed)          1.534    -1.936    u_confreg/timer_clk
    SLICE_X62Y130        FDRE                                         r  u_confreg/timer_reg[21]/C





Min Delay Paths
--------------------------------------------------------------------------------------
Slack:                    inf
  Source:                 u_confreg/conf_wdata_r_reg[1]/C
                            (rising edge-triggered cell FDRE clocked by cpu_clk_clk_pll  {rise@0.000ns fall@16.667ns period=33.333ns})
  Destination:            u_confreg/conf_wdata_r1_reg[1]/D
                            (rising edge-triggered cell FDRE clocked by timer_clk_clk_pll  {rise@0.000ns fall@5.000ns period=10.000ns})
  Path Group:             (none)
  Path Type:              Hold (Min at Slow Process Corner)
  Data Path Delay:        0.618ns  (logic 0.367ns (59.409%)  route 0.251ns (40.591%))
  Logic Levels:           0  
  Clock Path Skew:        -0.380ns (DCD - SCD - CPR)
    Destination Clock Delay (DCD):    -2.316ns
    Source Clock Delay      (SCD):    -1.936ns
    Clock Pessimism Removal (CPR):    -0.000ns
  Clock Uncertainty:      0.215ns  ((TSJ^2 + DJ^2)^1/2) / 2 + PE
    Total System Jitter     (TSJ):    0.071ns
    Discrete Jitter          (DJ):    0.177ns
    Phase Error              (PE):    0.120ns
  Timing Exception:       False Path

    Location             Delay type                Incr(ns)  Path(ns)    Netlist Resource(s)
  -------------------------------------------------------------------    -------------------
                         (clock cpu_clk_clk_pll rise edge)
                                                      0.000     0.000 r  
    AC19                                              0.000     0.000 r  clk (IN)
                         net (fo=0)                   0.000     0.000    pll.clk_pll/inst/clk_in1
    AC19                 IBUF (Prop_ibuf_I_O)         1.414     1.414 r  pll.clk_pll/inst/clkin1_ibufg/O
                         net (fo=1, routed)           1.531     2.945    pll.clk_pll/inst/clk_in1_clk_pll
    PLLE2_ADV_X0Y2       PLLE2_ADV (Prop_plle2_adv_CLKIN1_CLKOUT0)
                                                     -8.262    -5.316 r  pll.clk_pll/inst/plle2_adv_inst/CLKOUT0
                         net (fo=1, routed)           1.755    -3.561    pll.clk_pll/inst/cpu_clk_clk_pll
    BUFGCTRL_X0Y0        BUFG (Prop_bufg_I_O)         0.091    -3.470 r  pll.clk_pll/inst/clkout1_buf/O
                         net (fo=12170, routed)       1.534    -1.936    u_confreg/cpu_clk
    SLICE_X58Y126        FDRE                                         r  u_confreg/conf_wdata_r_reg[1]/C
  -------------------------------------------------------------------    -------------------
    SLICE_X58Y126        FDRE (Prop_fdre_C_Q)         0.367    -1.569 r  u_confreg/conf_wdata_r_reg[1]/Q
                         net (fo=1, routed)           0.251    -1.318    u_confreg/conf_wdata_r_reg_n_0_[1]
    SLICE_X59Y126        FDRE                                         r  u_confreg/conf_wdata_r1_reg[1]/D
  -------------------------------------------------------------------    -------------------

                         (clock timer_clk_clk_pll rise edge)
                                                      0.000     0.000 r  
    AC19                                              0.000     0.000 r  clk (IN)
                         net (fo=0)                   0.000     0.000    pll.clk_pll/inst/clk_in1
    AC19                 IBUF (Prop_ibuf_I_O)         1.485     1.485 r  pll.clk_pll/inst/clkin1_ibufg/O
                         net (fo=1, routed)           1.619     3.104    pll.clk_pll/inst/clk_in1_clk_pll
    PLLE2_ADV_X0Y2       PLLE2_ADV (Prop_plle2_adv_CLKIN1_CLKOUT1)
                                                     -9.006    -5.902 r  pll.clk_pll/inst/plle2_adv_inst/CLKOUT1
                         net (fo=1, routed)           1.837    -4.064    pll.clk_pll/inst/timer_clk_clk_pll
    BUFGCTRL_X0Y1        BUFG (Prop_bufg_I_O)         0.096    -3.968 r  pll.clk_pll/inst/clkout2_buf/O
                         net (fo=99, routed)          1.652    -2.316    u_confreg/timer_clk
    SLICE_X59Y126        FDRE                                         r  u_confreg/conf_wdata_r1_reg[1]/C

Slack:                    inf
  Source:                 u_confreg/conf_wdata_r_reg[9]/C
                            (rising edge-triggered cell FDRE clocked by cpu_clk_clk_pll  {rise@0.000ns fall@16.667ns period=33.333ns})
  Destination:            u_confreg/conf_wdata_r1_reg[9]/D
                            (rising edge-triggered cell FDRE clocked by timer_clk_clk_pll  {rise@0.000ns fall@5.000ns period=10.000ns})
  Path Group:             (none)
  Path Type:              Hold (Min at Slow Process Corner)
  Data Path Delay:        0.618ns  (logic 0.367ns (59.385%)  route 0.251ns (40.615%))
  Logic Levels:           0  
  Clock Path Skew:        -0.380ns (DCD - SCD - CPR)
    Destination Clock Delay (DCD):    -2.316ns
    Source Clock Delay      (SCD):    -1.936ns
    Clock Pessimism Removal (CPR):    -0.000ns
  Clock Uncertainty:      0.215ns  ((TSJ^2 + DJ^2)^1/2) / 2 + PE
    Total System Jitter     (TSJ):    0.071ns
    Discrete Jitter          (DJ):    0.177ns
    Phase Error              (PE):    0.120ns
  Timing Exception:       False Path

    Location             Delay type                Incr(ns)  Path(ns)    Netlist Resource(s)
  -------------------------------------------------------------------    -------------------
                         (clock cpu_clk_clk_pll rise edge)
                                                      0.000     0.000 r  
    AC19                                              0.000     0.000 r  clk (IN)
                         net (fo=0)                   0.000     0.000    pll.clk_pll/inst/clk_in1
    AC19                 IBUF (Prop_ibuf_I_O)         1.414     1.414 r  pll.clk_pll/inst/clkin1_ibufg/O
                         net (fo=1, routed)           1.531     2.945    pll.clk_pll/inst/clk_in1_clk_pll
    PLLE2_ADV_X0Y2       PLLE2_ADV (Prop_plle2_adv_CLKIN1_CLKOUT0)
                                                     -8.262    -5.316 r  pll.clk_pll/inst/plle2_adv_inst/CLKOUT0
                         net (fo=1, routed)           1.755    -3.561    pll.clk_pll/inst/cpu_clk_clk_pll
    BUFGCTRL_X0Y0        BUFG (Prop_bufg_I_O)         0.091    -3.470 r  pll.clk_pll/inst/clkout1_buf/O
                         net (fo=12170, routed)       1.534    -1.936    u_confreg/cpu_clk
    SLICE_X58Y126        FDRE                                         r  u_confreg/conf_wdata_r_reg[9]/C
  -------------------------------------------------------------------    -------------------
    SLICE_X58Y126        FDRE (Prop_fdre_C_Q)         0.367    -1.569 r  u_confreg/conf_wdata_r_reg[9]/Q
                         net (fo=1, routed)           0.251    -1.318    u_confreg/conf_wdata_r_reg_n_0_[9]
    SLICE_X59Y126        FDRE                                         r  u_confreg/conf_wdata_r1_reg[9]/D
  -------------------------------------------------------------------    -------------------

                         (clock timer_clk_clk_pll rise edge)
                                                      0.000     0.000 r  
    AC19                                              0.000     0.000 r  clk (IN)
                         net (fo=0)                   0.000     0.000    pll.clk_pll/inst/clk_in1
    AC19                 IBUF (Prop_ibuf_I_O)         1.485     1.485 r  pll.clk_pll/inst/clkin1_ibufg/O
                         net (fo=1, routed)           1.619     3.104    pll.clk_pll/inst/clk_in1_clk_pll
    PLLE2_ADV_X0Y2       PLLE2_ADV (Prop_plle2_adv_CLKIN1_CLKOUT1)
                                                     -9.006    -5.902 r  pll.clk_pll/inst/plle2_adv_inst/CLKOUT1
                         net (fo=1, routed)           1.837    -4.064    pll.clk_pll/inst/timer_clk_clk_pll
    BUFGCTRL_X0Y1        BUFG (Prop_bufg_I_O)         0.096    -3.968 r  pll.clk_pll/inst/clkout2_buf/O
                         net (fo=99, routed)          1.652    -2.316    u_confreg/timer_clk
    SLICE_X59Y126        FDRE                                         r  u_confreg/conf_wdata_r1_reg[9]/C

Slack:                    inf
  Source:                 u_confreg/conf_wdata_r_reg[4]/C
                            (rising edge-triggered cell FDRE clocked by cpu_clk_clk_pll  {rise@0.000ns fall@16.667ns period=33.333ns})
  Destination:            u_confreg/conf_wdata_r1_reg[4]/D
                            (rising edge-triggered cell FDRE clocked by timer_clk_clk_pll  {rise@0.000ns fall@5.000ns period=10.000ns})
  Path Group:             (none)
  Path Type:              Hold (Min at Slow Process Corner)
  Data Path Delay:        0.626ns  (logic 0.367ns (58.614%)  route 0.259ns (41.386%))
  Logic Levels:           0  
  Clock Path Skew:        -0.381ns (DCD - SCD - CPR)
    Destination Clock Delay (DCD):    -2.316ns
    Source Clock Delay      (SCD):    -1.935ns
    Clock Pessimism Removal (CPR):    -0.000ns
  Clock Uncertainty:      0.215ns  ((TSJ^2 + DJ^2)^1/2) / 2 + PE
    Total System Jitter     (TSJ):    0.071ns
    Discrete Jitter          (DJ):    0.177ns
    Phase Error              (PE):    0.120ns
  Timing Exception:       False Path

    Location             Delay type                Incr(ns)  Path(ns)    Netlist Resource(s)
  -------------------------------------------------------------------    -------------------
                         (clock cpu_clk_clk_pll rise edge)
                                                      0.000     0.000 r  
    AC19                                              0.000     0.000 r  clk (IN)
                         net (fo=0)                   0.000     0.000    pll.clk_pll/inst/clk_in1
    AC19                 IBUF (Prop_ibuf_I_O)         1.414     1.414 r  pll.clk_pll/inst/clkin1_ibufg/O
                         net (fo=1, routed)           1.531     2.945    pll.clk_pll/inst/clk_in1_clk_pll
    PLLE2_ADV_X0Y2       PLLE2_ADV (Prop_plle2_adv_CLKIN1_CLKOUT0)
                                                     -8.262    -5.316 r  pll.clk_pll/inst/plle2_adv_inst/CLKOUT0
                         net (fo=1, routed)           1.755    -3.561    pll.clk_pll/inst/cpu_clk_clk_pll
    BUFGCTRL_X0Y0        BUFG (Prop_bufg_I_O)         0.091    -3.470 r  pll.clk_pll/inst/clkout1_buf/O
                         net (fo=12170, routed)       1.535    -1.935    u_confreg/cpu_clk
    SLICE_X54Y127        FDRE                                         r  u_confreg/conf_wdata_r_reg[4]/C
  -------------------------------------------------------------------    -------------------
    SLICE_X54Y127        FDRE (Prop_fdre_C_Q)         0.367    -1.568 r  u_confreg/conf_wdata_r_reg[4]/Q
                         net (fo=1, routed)           0.259    -1.309    u_confreg/conf_wdata_r_reg_n_0_[4]
    SLICE_X54Y126        FDRE                                         r  u_confreg/conf_wdata_r1_reg[4]/D
  -------------------------------------------------------------------    -------------------

                         (clock timer_clk_clk_pll rise edge)
                                                      0.000     0.000 r  
    AC19                                              0.000     0.000 r  clk (IN)
                         net (fo=0)                   0.000     0.000    pll.clk_pll/inst/clk_in1
    AC19                 IBUF (Prop_ibuf_I_O)         1.485     1.485 r  pll.clk_pll/inst/clkin1_ibufg/O
                         net (fo=1, routed)           1.619     3.104    pll.clk_pll/inst/clk_in1_clk_pll
    PLLE2_ADV_X0Y2       PLLE2_ADV (Prop_plle2_adv_CLKIN1_CLKOUT1)
                                                     -9.006    -5.902 r  pll.clk_pll/inst/plle2_adv_inst/CLKOUT1
                         net (fo=1, routed)           1.837    -4.064    pll.clk_pll/inst/timer_clk_clk_pll
    BUFGCTRL_X0Y1        BUFG (Prop_bufg_I_O)         0.096    -3.968 r  pll.clk_pll/inst/clkout2_buf/O
                         net (fo=99, routed)          1.652    -2.316    u_confreg/timer_clk
    SLICE_X54Y126        FDRE                                         r  u_confreg/conf_wdata_r1_reg[4]/C

Slack:                    inf
  Source:                 u_confreg/conf_wdata_r_reg[24]/C
                            (rising edge-triggered cell FDRE clocked by cpu_clk_clk_pll  {rise@0.000ns fall@16.667ns period=33.333ns})
  Destination:            u_confreg/conf_wdata_r1_reg[24]/D
                            (rising edge-triggered cell FDRE clocked by timer_clk_clk_pll  {rise@0.000ns fall@5.000ns period=10.000ns})
  Path Group:             (none)
  Path Type:              Hold (Min at Slow Process Corner)
  Data Path Delay:        0.644ns  (logic 0.367ns (56.987%)  route 0.277ns (43.013%))
  Logic Levels:           0  
  Clock Path Skew:        -0.380ns (DCD - SCD - CPR)
    Destination Clock Delay (DCD):    -2.311ns
    Source Clock Delay      (SCD):    -1.931ns
    Clock Pessimism Removal (CPR):    -0.000ns
  Clock Uncertainty:      0.215ns  ((TSJ^2 + DJ^2)^1/2) / 2 + PE
    Total System Jitter     (TSJ):    0.071ns
    Discrete Jitter          (DJ):    0.177ns
    Phase Error              (PE):    0.120ns
  Timing Exception:       False Path

    Location             Delay type                Incr(ns)  Path(ns)    Netlist Resource(s)
  -------------------------------------------------------------------    -------------------
                         (clock cpu_clk_clk_pll rise edge)
                                                      0.000     0.000 r  
    AC19                                              0.000     0.000 r  clk (IN)
                         net (fo=0)                   0.000     0.000    pll.clk_pll/inst/clk_in1
    AC19                 IBUF (Prop_ibuf_I_O)         1.414     1.414 r  pll.clk_pll/inst/clkin1_ibufg/O
                         net (fo=1, routed)           1.531     2.945    pll.clk_pll/inst/clk_in1_clk_pll
    PLLE2_ADV_X0Y2       PLLE2_ADV (Prop_plle2_adv_CLKIN1_CLKOUT0)
                                                     -8.262    -5.316 r  pll.clk_pll/inst/plle2_adv_inst/CLKOUT0
                         net (fo=1, routed)           1.755    -3.561    pll.clk_pll/inst/cpu_clk_clk_pll
    BUFGCTRL_X0Y0        BUFG (Prop_bufg_I_O)         0.091    -3.470 r  pll.clk_pll/inst/clkout1_buf/O
                         net (fo=12170, routed)       1.539    -1.931    u_confreg/cpu_clk
    SLICE_X63Y134        FDRE                                         r  u_confreg/conf_wdata_r_reg[24]/C
  -------------------------------------------------------------------    -------------------
    SLICE_X63Y134        FDRE (Prop_fdre_C_Q)         0.367    -1.564 r  u_confreg/conf_wdata_r_reg[24]/Q
                         net (fo=1, routed)           0.277    -1.287    u_confreg/conf_wdata_r_reg_n_0_[24]
    SLICE_X63Y133        FDRE                                         r  u_confreg/conf_wdata_r1_reg[24]/D
  -------------------------------------------------------------------    -------------------

                         (clock timer_clk_clk_pll rise edge)
                                                      0.000     0.000 r  
    AC19                                              0.000     0.000 r  clk (IN)
                         net (fo=0)                   0.000     0.000    pll.clk_pll/inst/clk_in1
    AC19                 IBUF (Prop_ibuf_I_O)         1.485     1.485 r  pll.clk_pll/inst/clkin1_ibufg/O
                         net (fo=1, routed)           1.619     3.104    pll.clk_pll/inst/clk_in1_clk_pll
    PLLE2_ADV_X0Y2       PLLE2_ADV (Prop_plle2_adv_CLKIN1_CLKOUT1)
                                                     -9.006    -5.902 r  pll.clk_pll/inst/plle2_adv_inst/CLKOUT1
                         net (fo=1, routed)           1.837    -4.064    pll.clk_pll/inst/timer_clk_clk_pll
    BUFGCTRL_X0Y1        BUFG (Prop_bufg_I_O)         0.096    -3.968 r  pll.clk_pll/inst/clkout2_buf/O
                         net (fo=99, routed)          1.657    -2.311    u_confreg/timer_clk
    SLICE_X63Y133        FDRE                                         r  u_confreg/conf_wdata_r1_reg[24]/C

Slack:                    inf
  Source:                 u_confreg/conf_wdata_r_reg[28]/C
                            (rising edge-triggered cell FDRE clocked by cpu_clk_clk_pll  {rise@0.000ns fall@16.667ns period=33.333ns})
  Destination:            u_confreg/conf_wdata_r1_reg[28]/D
                            (rising edge-triggered cell FDRE clocked by timer_clk_clk_pll  {rise@0.000ns fall@5.000ns period=10.000ns})
  Path Group:             (none)
  Path Type:              Hold (Min at Slow Process Corner)
  Data Path Delay:        0.644ns  (logic 0.367ns (56.987%)  route 0.277ns (43.013%))
  Logic Levels:           0  
  Clock Path Skew:        -0.380ns (DCD - SCD - CPR)
    Destination Clock Delay (DCD):    -2.311ns
    Source Clock Delay      (SCD):    -1.931ns
    Clock Pessimism Removal (CPR):    -0.000ns
  Clock Uncertainty:      0.215ns  ((TSJ^2 + DJ^2)^1/2) / 2 + PE
    Total System Jitter     (TSJ):    0.071ns
    Discrete Jitter          (DJ):    0.177ns
    Phase Error              (PE):    0.120ns
  Timing Exception:       False Path

    Location             Delay type                Incr(ns)  Path(ns)    Netlist Resource(s)
  -------------------------------------------------------------------    -------------------
                         (clock cpu_clk_clk_pll rise edge)
                                                      0.000     0.000 r  
    AC19                                              0.000     0.000 r  clk (IN)
                         net (fo=0)                   0.000     0.000    pll.clk_pll/inst/clk_in1
    AC19                 IBUF (Prop_ibuf_I_O)         1.414     1.414 r  pll.clk_pll/inst/clkin1_ibufg/O
                         net (fo=1, routed)           1.531     2.945    pll.clk_pll/inst/clk_in1_clk_pll
    PLLE2_ADV_X0Y2       PLLE2_ADV (Prop_plle2_adv_CLKIN1_CLKOUT0)
                                                     -8.262    -5.316 r  pll.clk_pll/inst/plle2_adv_inst/CLKOUT0
                         net (fo=1, routed)           1.755    -3.561    pll.clk_pll/inst/cpu_clk_clk_pll
    BUFGCTRL_X0Y0        BUFG (Prop_bufg_I_O)         0.091    -3.470 r  pll.clk_pll/inst/clkout1_buf/O
                         net (fo=12170, routed)       1.539    -1.931    u_confreg/cpu_clk
    SLICE_X63Y134        FDRE                                         r  u_confreg/conf_wdata_r_reg[28]/C
  -------------------------------------------------------------------    -------------------
    SLICE_X63Y134        FDRE (Prop_fdre_C_Q)         0.367    -1.564 r  u_confreg/conf_wdata_r_reg[28]/Q
                         net (fo=1, routed)           0.277    -1.287    u_confreg/conf_wdata_r_reg_n_0_[28]
    SLICE_X63Y133        FDRE                                         r  u_confreg/conf_wdata_r1_reg[28]/D
  -------------------------------------------------------------------    -------------------

                         (clock timer_clk_clk_pll rise edge)
                                                      0.000     0.000 r  
    AC19                                              0.000     0.000 r  clk (IN)
                         net (fo=0)                   0.000     0.000    pll.clk_pll/inst/clk_in1
    AC19                 IBUF (Prop_ibuf_I_O)         1.485     1.485 r  pll.clk_pll/inst/clkin1_ibufg/O
                         net (fo=1, routed)           1.619     3.104    pll.clk_pll/inst/clk_in1_clk_pll
    PLLE2_ADV_X0Y2       PLLE2_ADV (Prop_plle2_adv_CLKIN1_CLKOUT1)
                                                     -9.006    -5.902 r  pll.clk_pll/inst/plle2_adv_inst/CLKOUT1
                         net (fo=1, routed)           1.837    -4.064    pll.clk_pll/inst/timer_clk_clk_pll
    BUFGCTRL_X0Y1        BUFG (Prop_bufg_I_O)         0.096    -3.968 r  pll.clk_pll/inst/clkout2_buf/O
                         net (fo=99, routed)          1.657    -2.311    u_confreg/timer_clk
    SLICE_X63Y133        FDRE                                         r  u_confreg/conf_wdata_r1_reg[28]/C

Slack:                    inf
  Source:                 u_confreg/conf_wdata_r_reg[29]/C
                            (rising edge-triggered cell FDRE clocked by cpu_clk_clk_pll  {rise@0.000ns fall@16.667ns period=33.333ns})
  Destination:            u_confreg/conf_wdata_r1_reg[29]/D
                            (rising edge-triggered cell FDRE clocked by timer_clk_clk_pll  {rise@0.000ns fall@5.000ns period=10.000ns})
  Path Group:             (none)
  Path Type:              Hold (Min at Slow Process Corner)
  Data Path Delay:        0.645ns  (logic 0.367ns (56.899%)  route 0.278ns (43.101%))
  Logic Levels:           0  
  Clock Path Skew:        -0.377ns (DCD - SCD - CPR)
    Destination Clock Delay (DCD):    -2.307ns
    Source Clock Delay      (SCD):    -1.930ns
    Clock Pessimism Removal (CPR):    -0.000ns
  Clock Uncertainty:      0.215ns  ((TSJ^2 + DJ^2)^1/2) / 2 + PE
    Total System Jitter     (TSJ):    0.071ns
    Discrete Jitter          (DJ):    0.177ns
    Phase Error              (PE):    0.120ns
  Timing Exception:       False Path

    Location             Delay type                Incr(ns)  Path(ns)    Netlist Resource(s)
  -------------------------------------------------------------------    -------------------
                         (clock cpu_clk_clk_pll rise edge)
                                                      0.000     0.000 r  
    AC19                                              0.000     0.000 r  clk (IN)
                         net (fo=0)                   0.000     0.000    pll.clk_pll/inst/clk_in1
    AC19                 IBUF (Prop_ibuf_I_O)         1.414     1.414 r  pll.clk_pll/inst/clkin1_ibufg/O
                         net (fo=1, routed)           1.531     2.945    pll.clk_pll/inst/clk_in1_clk_pll
    PLLE2_ADV_X0Y2       PLLE2_ADV (Prop_plle2_adv_CLKIN1_CLKOUT0)
                                                     -8.262    -5.316 r  pll.clk_pll/inst/plle2_adv_inst/CLKOUT0
                         net (fo=1, routed)           1.755    -3.561    pll.clk_pll/inst/cpu_clk_clk_pll
    BUFGCTRL_X0Y0        BUFG (Prop_bufg_I_O)         0.091    -3.470 r  pll.clk_pll/inst/clkout1_buf/O
                         net (fo=12170, routed)       1.540    -1.930    u_confreg/cpu_clk
    SLICE_X63Y136        FDRE                                         r  u_confreg/conf_wdata_r_reg[29]/C
  -------------------------------------------------------------------    -------------------
    SLICE_X63Y136        FDRE (Prop_fdre_C_Q)         0.367    -1.563 r  u_confreg/conf_wdata_r_reg[29]/Q
                         net (fo=1, routed)           0.278    -1.285    u_confreg/conf_wdata_r_reg_n_0_[29]
    SLICE_X63Y137        FDRE                                         r  u_confreg/conf_wdata_r1_reg[29]/D
  -------------------------------------------------------------------    -------------------

                         (clock timer_clk_clk_pll rise edge)
                                                      0.000     0.000 r  
    AC19                                              0.000     0.000 r  clk (IN)
                         net (fo=0)                   0.000     0.000    pll.clk_pll/inst/clk_in1
    AC19                 IBUF (Prop_ibuf_I_O)         1.485     1.485 r  pll.clk_pll/inst/clkin1_ibufg/O
                         net (fo=1, routed)           1.619     3.104    pll.clk_pll/inst/clk_in1_clk_pll
    PLLE2_ADV_X0Y2       PLLE2_ADV (Prop_plle2_adv_CLKIN1_CLKOUT1)
                                                     -9.006    -5.902 r  pll.clk_pll/inst/plle2_adv_inst/CLKOUT1
                         net (fo=1, routed)           1.837    -4.064    pll.clk_pll/inst/timer_clk_clk_pll
    BUFGCTRL_X0Y1        BUFG (Prop_bufg_I_O)         0.096    -3.968 r  pll.clk_pll/inst/clkout2_buf/O
                         net (fo=99, routed)          1.661    -2.307    u_confreg/timer_clk
    SLICE_X63Y137        FDRE                                         r  u_confreg/conf_wdata_r1_reg[29]/C

Slack:                    inf
  Source:                 u_confreg/conf_wdata_r_reg[8]/C
                            (rising edge-triggered cell FDRE clocked by cpu_clk_clk_pll  {rise@0.000ns fall@16.667ns period=33.333ns})
  Destination:            u_confreg/conf_wdata_r1_reg[8]/D
                            (rising edge-triggered cell FDRE clocked by timer_clk_clk_pll  {rise@0.000ns fall@5.000ns period=10.000ns})
  Path Group:             (none)
  Path Type:              Hold (Min at Slow Process Corner)
  Data Path Delay:        0.657ns  (logic 0.367ns (55.828%)  route 0.290ns (44.172%))
  Logic Levels:           0  
  Clock Path Skew:        -0.380ns (DCD - SCD - CPR)
    Destination Clock Delay (DCD):    -2.315ns
    Source Clock Delay      (SCD):    -1.935ns
    Clock Pessimism Removal (CPR):    -0.000ns
  Clock Uncertainty:      0.215ns  ((TSJ^2 + DJ^2)^1/2) / 2 + PE
    Total System Jitter     (TSJ):    0.071ns
    Discrete Jitter          (DJ):    0.177ns
    Phase Error              (PE):    0.120ns
  Timing Exception:       False Path

    Location             Delay type                Incr(ns)  Path(ns)    Netlist Resource(s)
  -------------------------------------------------------------------    -------------------
                         (clock cpu_clk_clk_pll rise edge)
                                                      0.000     0.000 r  
    AC19                                              0.000     0.000 r  clk (IN)
                         net (fo=0)                   0.000     0.000    pll.clk_pll/inst/clk_in1
    AC19                 IBUF (Prop_ibuf_I_O)         1.414     1.414 r  pll.clk_pll/inst/clkin1_ibufg/O
                         net (fo=1, routed)           1.531     2.945    pll.clk_pll/inst/clk_in1_clk_pll
    PLLE2_ADV_X0Y2       PLLE2_ADV (Prop_plle2_adv_CLKIN1_CLKOUT0)
                                                     -8.262    -5.316 r  pll.clk_pll/inst/plle2_adv_inst/CLKOUT0
                         net (fo=1, routed)           1.755    -3.561    pll.clk_pll/inst/cpu_clk_clk_pll
    BUFGCTRL_X0Y0        BUFG (Prop_bufg_I_O)         0.091    -3.470 r  pll.clk_pll/inst/clkout1_buf/O
                         net (fo=12170, routed)       1.535    -1.935    u_confreg/cpu_clk
    SLICE_X61Y127        FDRE                                         r  u_confreg/conf_wdata_r_reg[8]/C
  -------------------------------------------------------------------    -------------------
    SLICE_X61Y127        FDRE (Prop_fdre_C_Q)         0.367    -1.568 r  u_confreg/conf_wdata_r_reg[8]/Q
                         net (fo=1, routed)           0.290    -1.277    u_confreg/conf_wdata_r_reg_n_0_[8]
    SLICE_X60Y127        FDRE                                         r  u_confreg/conf_wdata_r1_reg[8]/D
  -------------------------------------------------------------------    -------------------

                         (clock timer_clk_clk_pll rise edge)
                                                      0.000     0.000 r  
    AC19                                              0.000     0.000 r  clk (IN)
                         net (fo=0)                   0.000     0.000    pll.clk_pll/inst/clk_in1
    AC19                 IBUF (Prop_ibuf_I_O)         1.485     1.485 r  pll.clk_pll/inst/clkin1_ibufg/O
                         net (fo=1, routed)           1.619     3.104    pll.clk_pll/inst/clk_in1_clk_pll
    PLLE2_ADV_X0Y2       PLLE2_ADV (Prop_plle2_adv_CLKIN1_CLKOUT1)
                                                     -9.006    -5.902 r  pll.clk_pll/inst/plle2_adv_inst/CLKOUT1
                         net (fo=1, routed)           1.837    -4.064    pll.clk_pll/inst/timer_clk_clk_pll
    BUFGCTRL_X0Y1        BUFG (Prop_bufg_I_O)         0.096    -3.968 r  pll.clk_pll/inst/clkout2_buf/O
                         net (fo=99, routed)          1.653    -2.315    u_confreg/timer_clk
    SLICE_X60Y127        FDRE                                         r  u_confreg/conf_wdata_r1_reg[8]/C

Slack:                    inf
  Source:                 u_confreg/conf_wdata_r_reg[23]/C
                            (rising edge-triggered cell FDRE clocked by cpu_clk_clk_pll  {rise@0.000ns fall@16.667ns period=33.333ns})
  Destination:            u_confreg/conf_wdata_r1_reg[23]/D
                            (rising edge-triggered cell FDRE clocked by timer_clk_clk_pll  {rise@0.000ns fall@5.000ns period=10.000ns})
  Path Group:             (none)
  Path Type:              Hold (Min at Slow Process Corner)
  Data Path Delay:        0.657ns  (logic 0.367ns (55.828%)  route 0.290ns (44.172%))
  Logic Levels:           0  
  Clock Path Skew:        -0.378ns (DCD - SCD - CPR)
    Destination Clock Delay (DCD):    -2.310ns
    Source Clock Delay      (SCD):    -1.932ns
    Clock Pessimism Removal (CPR):    -0.000ns
  Clock Uncertainty:      0.215ns  ((TSJ^2 + DJ^2)^1/2) / 2 + PE
    Total System Jitter     (TSJ):    0.071ns
    Discrete Jitter          (DJ):    0.177ns
    Phase Error              (PE):    0.120ns
  Timing Exception:       False Path

    Location             Delay type                Incr(ns)  Path(ns)    Netlist Resource(s)
  -------------------------------------------------------------------    -------------------
                         (clock cpu_clk_clk_pll rise edge)
                                                      0.000     0.000 r  
    AC19                                              0.000     0.000 r  clk (IN)
                         net (fo=0)                   0.000     0.000    pll.clk_pll/inst/clk_in1
    AC19                 IBUF (Prop_ibuf_I_O)         1.414     1.414 r  pll.clk_pll/inst/clkin1_ibufg/O
                         net (fo=1, routed)           1.531     2.945    pll.clk_pll/inst/clk_in1_clk_pll
    PLLE2_ADV_X0Y2       PLLE2_ADV (Prop_plle2_adv_CLKIN1_CLKOUT0)
                                                     -8.262    -5.316 r  pll.clk_pll/inst/plle2_adv_inst/CLKOUT0
                         net (fo=1, routed)           1.755    -3.561    pll.clk_pll/inst/cpu_clk_clk_pll
    BUFGCTRL_X0Y0        BUFG (Prop_bufg_I_O)         0.091    -3.470 r  pll.clk_pll/inst/clkout1_buf/O
                         net (fo=12170, routed)       1.538    -1.932    u_confreg/cpu_clk
    SLICE_X61Y130        FDRE                                         r  u_confreg/conf_wdata_r_reg[23]/C
  -------------------------------------------------------------------    -------------------
    SLICE_X61Y130        FDRE (Prop_fdre_C_Q)         0.367    -1.565 r  u_confreg/conf_wdata_r_reg[23]/Q
                         net (fo=1, routed)           0.290    -1.274    u_confreg/conf_wdata_r_reg_n_0_[23]
    SLICE_X60Y130        FDRE                                         r  u_confreg/conf_wdata_r1_reg[23]/D
  -------------------------------------------------------------------    -------------------

                         (clock timer_clk_clk_pll rise edge)
                                                      0.000     0.000 r  
    AC19                                              0.000     0.000 r  clk (IN)
                         net (fo=0)                   0.000     0.000    pll.clk_pll/inst/clk_in1
    AC19                 IBUF (Prop_ibuf_I_O)         1.485     1.485 r  pll.clk_pll/inst/clkin1_ibufg/O
                         net (fo=1, routed)           1.619     3.104    pll.clk_pll/inst/clk_in1_clk_pll
    PLLE2_ADV_X0Y2       PLLE2_ADV (Prop_plle2_adv_CLKIN1_CLKOUT1)
                                                     -9.006    -5.902 r  pll.clk_pll/inst/plle2_adv_inst/CLKOUT1
                         net (fo=1, routed)           1.837    -4.064    pll.clk_pll/inst/timer_clk_clk_pll
    BUFGCTRL_X0Y1        BUFG (Prop_bufg_I_O)         0.096    -3.968 r  pll.clk_pll/inst/clkout2_buf/O
                         net (fo=99, routed)          1.658    -2.310    u_confreg/timer_clk
    SLICE_X60Y130        FDRE                                         r  u_confreg/conf_wdata_r1_reg[23]/C

Slack:                    inf
  Source:                 u_confreg/conf_wdata_r_reg[20]/C
                            (rising edge-triggered cell FDRE clocked by cpu_clk_clk_pll  {rise@0.000ns fall@16.667ns period=33.333ns})
  Destination:            u_confreg/conf_wdata_r1_reg[20]/D
                            (rising edge-triggered cell FDRE clocked by timer_clk_clk_pll  {rise@0.000ns fall@5.000ns period=10.000ns})
  Path Group:             (none)
  Path Type:              Hold (Min at Slow Process Corner)
  Data Path Delay:        0.658ns  (logic 0.367ns (55.780%)  route 0.291ns (44.220%))
  Logic Levels:           0  
  Clock Path Skew:        -0.378ns (DCD - SCD - CPR)
    Destination Clock Delay (DCD):    -2.310ns
    Source Clock Delay      (SCD):    -1.932ns
    Clock Pessimism Removal (CPR):    -0.000ns
  Clock Uncertainty:      0.215ns  ((TSJ^2 + DJ^2)^1/2) / 2 + PE
    Total System Jitter     (TSJ):    0.071ns
    Discrete Jitter          (DJ):    0.177ns
    Phase Error              (PE):    0.120ns
  Timing Exception:       False Path

    Location             Delay type                Incr(ns)  Path(ns)    Netlist Resource(s)
  -------------------------------------------------------------------    -------------------
                         (clock cpu_clk_clk_pll rise edge)
                                                      0.000     0.000 r  
    AC19                                              0.000     0.000 r  clk (IN)
                         net (fo=0)                   0.000     0.000    pll.clk_pll/inst/clk_in1
    AC19                 IBUF (Prop_ibuf_I_O)         1.414     1.414 r  pll.clk_pll/inst/clkin1_ibufg/O
                         net (fo=1, routed)           1.531     2.945    pll.clk_pll/inst/clk_in1_clk_pll
    PLLE2_ADV_X0Y2       PLLE2_ADV (Prop_plle2_adv_CLKIN1_CLKOUT0)
                                                     -8.262    -5.316 r  pll.clk_pll/inst/plle2_adv_inst/CLKOUT0
                         net (fo=1, routed)           1.755    -3.561    pll.clk_pll/inst/cpu_clk_clk_pll
    BUFGCTRL_X0Y0        BUFG (Prop_bufg_I_O)         0.091    -3.470 r  pll.clk_pll/inst/clkout1_buf/O
                         net (fo=12170, routed)       1.538    -1.932    u_confreg/cpu_clk
    SLICE_X58Y130        FDRE                                         r  u_confreg/conf_wdata_r_reg[20]/C
  -------------------------------------------------------------------    -------------------
    SLICE_X58Y130        FDRE (Prop_fdre_C_Q)         0.367    -1.565 r  u_confreg/conf_wdata_r_reg[20]/Q
                         net (fo=1, routed)           0.291    -1.274    u_confreg/conf_wdata_r_reg_n_0_[20]
    SLICE_X56Y130        FDRE                                         r  u_confreg/conf_wdata_r1_reg[20]/D
  -------------------------------------------------------------------    -------------------

                         (clock timer_clk_clk_pll rise edge)
                                                      0.000     0.000 r  
    AC19                                              0.000     0.000 r  clk (IN)
                         net (fo=0)                   0.000     0.000    pll.clk_pll/inst/clk_in1
    AC19                 IBUF (Prop_ibuf_I_O)         1.485     1.485 r  pll.clk_pll/inst/clkin1_ibufg/O
                         net (fo=1, routed)           1.619     3.104    pll.clk_pll/inst/clk_in1_clk_pll
    PLLE2_ADV_X0Y2       PLLE2_ADV (Prop_plle2_adv_CLKIN1_CLKOUT1)
                                                     -9.006    -5.902 r  pll.clk_pll/inst/plle2_adv_inst/CLKOUT1
                         net (fo=1, routed)           1.837    -4.064    pll.clk_pll/inst/timer_clk_clk_pll
    BUFGCTRL_X0Y1        BUFG (Prop_bufg_I_O)         0.096    -3.968 r  pll.clk_pll/inst/clkout2_buf/O
                         net (fo=99, routed)          1.658    -2.310    u_confreg/timer_clk
    SLICE_X56Y130        FDRE                                         r  u_confreg/conf_wdata_r1_reg[20]/C

Slack:                    inf
  Source:                 u_confreg/conf_wdata_r_reg[0]/C
                            (rising edge-triggered cell FDRE clocked by cpu_clk_clk_pll  {rise@0.000ns fall@16.667ns period=33.333ns})
  Destination:            u_confreg/conf_wdata_r1_reg[0]/D
                            (rising edge-triggered cell FDRE clocked by timer_clk_clk_pll  {rise@0.000ns fall@5.000ns period=10.000ns})
  Path Group:             (none)
  Path Type:              Hold (Min at Slow Process Corner)
  Data Path Delay:        0.665ns  (logic 0.418ns (62.841%)  route 0.247ns (37.159%))
  Logic Levels:           0  
  Clock Path Skew:        -0.380ns (DCD - SCD - CPR)
    Destination Clock Delay (DCD):    -2.318ns
    Source Clock Delay      (SCD):    -1.938ns
    Clock Pessimism Removal (CPR):    -0.000ns
  Clock Uncertainty:      0.215ns  ((TSJ^2 + DJ^2)^1/2) / 2 + PE
    Total System Jitter     (TSJ):    0.071ns
    Discrete Jitter          (DJ):    0.177ns
    Phase Error              (PE):    0.120ns
  Timing Exception:       False Path

    Location             Delay type                Incr(ns)  Path(ns)    Netlist Resource(s)
  -------------------------------------------------------------------    -------------------
                         (clock cpu_clk_clk_pll rise edge)
                                                      0.000     0.000 r  
    AC19                                              0.000     0.000 r  clk (IN)
                         net (fo=0)                   0.000     0.000    pll.clk_pll/inst/clk_in1
    AC19                 IBUF (Prop_ibuf_I_O)         1.414     1.414 r  pll.clk_pll/inst/clkin1_ibufg/O
                         net (fo=1, routed)           1.531     2.945    pll.clk_pll/inst/clk_in1_clk_pll
    PLLE2_ADV_X0Y2       PLLE2_ADV (Prop_plle2_adv_CLKIN1_CLKOUT0)
                                                     -8.262    -5.316 r  pll.clk_pll/inst/plle2_adv_inst/CLKOUT0
                         net (fo=1, routed)           1.755    -3.561    pll.clk_pll/inst/cpu_clk_clk_pll
    BUFGCTRL_X0Y0        BUFG (Prop_bufg_I_O)         0.091    -3.470 r  pll.clk_pll/inst/clkout1_buf/O
                         net (fo=12170, routed)       1.532    -1.938    u_confreg/cpu_clk
    SLICE_X60Y125        FDRE                                         r  u_confreg/conf_wdata_r_reg[0]/C
  -------------------------------------------------------------------    -------------------
    SLICE_X60Y125        FDRE (Prop_fdre_C_Q)         0.418    -1.520 r  u_confreg/conf_wdata_r_reg[0]/Q
                         net (fo=1, routed)           0.247    -1.272    u_confreg/conf_wdata_r_reg_n_0_[0]
    SLICE_X61Y125        FDRE                                         r  u_confreg/conf_wdata_r1_reg[0]/D
  -------------------------------------------------------------------    -------------------

                         (clock timer_clk_clk_pll rise edge)
                                                      0.000     0.000 r  
    AC19                                              0.000     0.000 r  clk (IN)
                         net (fo=0)                   0.000     0.000    pll.clk_pll/inst/clk_in1
    AC19                 IBUF (Prop_ibuf_I_O)         1.485     1.485 r  pll.clk_pll/inst/clkin1_ibufg/O
                         net (fo=1, routed)           1.619     3.104    pll.clk_pll/inst/clk_in1_clk_pll
    PLLE2_ADV_X0Y2       PLLE2_ADV (Prop_plle2_adv_CLKIN1_CLKOUT1)
                                                     -9.006    -5.902 r  pll.clk_pll/inst/plle2_adv_inst/CLKOUT1
                         net (fo=1, routed)           1.837    -4.064    pll.clk_pll/inst/timer_clk_clk_pll
    BUFGCTRL_X0Y1        BUFG (Prop_bufg_I_O)         0.096    -3.968 r  pll.clk_pll/inst/clkout2_buf/O
                         net (fo=99, routed)          1.650    -2.318    u_confreg/timer_clk
    SLICE_X61Y125        FDRE                                         r  u_confreg/conf_wdata_r1_reg[0]/C





--------------------------------------------------------------------------------------
Path Group:  (none)
From Clock:  clkfbout_clk_pll
  To Clock:  

Max Delay             1 Endpoint
Min Delay             1 Endpoint
--------------------------------------------------------------------------------------


Max Delay Paths
--------------------------------------------------------------------------------------
Slack:                    inf
  Source:                 pll.clk_pll/inst/plle2_adv_inst/CLKFBOUT
                            (clock source 'clkfbout_clk_pll'  {rise@0.000ns fall@5.000ns period=10.000ns})
  Destination:            pll.clk_pll/inst/plle2_adv_inst/CLKFBIN
  Path Group:             (none)
  Path Type:              Max at Fast Process Corner
  Data Path Delay:        1.523ns  (logic 0.029ns (1.904%)  route 1.494ns (98.096%))
  Logic Levels:           1  (BUFG=1)
  Clock Uncertainty:      0.158ns  ((TSJ^2 + DJ^2)^1/2) / 2 + PE
    Total System Jitter     (TSJ):    0.050ns
    Discrete Jitter          (DJ):    0.091ns
    Phase Error              (PE):    0.105ns

    Location             Delay type                Incr(ns)  Path(ns)    Netlist Resource(s)
  -------------------------------------------------------------------    -------------------
                         (clock clkfbout_clk_pll fall edge)
                                                      5.000     5.000 f  
    AC19                                              0.000     5.000 f  clk (IN)
                         net (fo=0)                   0.000     5.000    pll.clk_pll/inst/clk_in1
    AC19                 IBUF (Prop_ibuf_I_O)         0.441     5.441 f  pll.clk_pll/inst/clkin1_ibufg/O
                         net (fo=1, routed)           0.620     6.061    pll.clk_pll/inst/clk_in1_clk_pll
  -------------------------------------------------------------------    -------------------
    PLLE2_ADV_X0Y2       PLLE2_ADV (Prop_plle2_adv_CLKIN1_CLKFBOUT)
                                                     -2.851     3.210 f  pll.clk_pll/inst/plle2_adv_inst/CLKFBOUT
                         net (fo=1, routed)           0.611     3.820    pll.clk_pll/inst/clkfbout_clk_pll
    BUFGCTRL_X0Y2        BUFG (Prop_bufg_I_O)         0.029     3.849 f  pll.clk_pll/inst/clkf_buf/O
                         net (fo=1, routed)           0.884     4.733    pll.clk_pll/inst/clkfbout_buf_clk_pll
    PLLE2_ADV_X0Y2       PLLE2_ADV                                    f  pll.clk_pll/inst/plle2_adv_inst/CLKFBIN
  -------------------------------------------------------------------    -------------------





Min Delay Paths
--------------------------------------------------------------------------------------
Slack:                    inf
  Source:                 pll.clk_pll/inst/plle2_adv_inst/CLKFBOUT
                            (clock source 'clkfbout_clk_pll'  {rise@0.000ns fall@5.000ns period=10.000ns})
  Destination:            pll.clk_pll/inst/plle2_adv_inst/CLKFBIN
  Path Group:             (none)
  Path Type:              Min at Slow Process Corner
  Data Path Delay:        3.512ns  (logic 0.091ns (2.591%)  route 3.420ns (97.409%))
  Logic Levels:           1  (BUFG=1)
  Clock Uncertainty:      0.158ns  ((TSJ^2 + DJ^2)^1/2) / 2 + PE
    Total System Jitter     (TSJ):    0.050ns
    Discrete Jitter          (DJ):    0.091ns
    Phase Error              (PE):    0.105ns

    Location             Delay type                Incr(ns)  Path(ns)    Netlist Resource(s)
  -------------------------------------------------------------------    -------------------
                         (clock clkfbout_clk_pll rise edge)
                                                      0.000     0.000 r  
    AC19                                              0.000     0.000 r  clk (IN)
                         net (fo=0)                   0.000     0.000    pll.clk_pll/inst/clk_in1
    AC19                 IBUF (Prop_ibuf_I_O)         1.414     1.414 r  pll.clk_pll/inst/clkin1_ibufg/O
                         net (fo=1, routed)           1.531     2.945    pll.clk_pll/inst/clk_in1_clk_pll
  -------------------------------------------------------------------    -------------------
    PLLE2_ADV_X0Y2       PLLE2_ADV (Prop_plle2_adv_CLKIN1_CLKFBOUT)
                                                     -8.262    -5.316 r  pll.clk_pll/inst/plle2_adv_inst/CLKFBOUT
                         net (fo=1, routed)           1.755    -3.561    pll.clk_pll/inst/clkfbout_clk_pll
    BUFGCTRL_X0Y2        BUFG (Prop_bufg_I_O)         0.091    -3.470 r  pll.clk_pll/inst/clkf_buf/O
                         net (fo=1, routed)           1.665    -1.805    pll.clk_pll/inst/clkfbout_buf_clk_pll
    PLLE2_ADV_X0Y2       PLLE2_ADV                                    r  pll.clk_pll/inst/plle2_adv_inst/CLKFBIN
  -------------------------------------------------------------------    -------------------





--------------------------------------------------------------------------------------
Path Group:  (none)
From Clock:  cpu_clk_clk_pll
  To Clock:  

Max Delay            71 Endpoints
Min Delay            71 Endpoints
--------------------------------------------------------------------------------------


Max Delay Paths
--------------------------------------------------------------------------------------
Slack:                    inf
  Source:                 u_confreg/FSM_onehot_state_reg[4]/C
                            (rising edge-triggered cell FDRE clocked by cpu_clk_clk_pll  {rise@0.000ns fall@16.667ns period=33.333ns})
  Destination:            btn_key_col[0]
                            (output port)
  Path Group:             (none)
  Path Type:              Max at Slow Process Corner
  Data Path Delay:        12.344ns  (logic 4.098ns (33.196%)  route 8.246ns (66.804%))
  Logic Levels:           2  (LUT3=1 OBUF=1)
  Clock Uncertainty:      0.197ns  ((TSJ^2 + DJ^2)^1/2) / 2 + PE
    Total System Jitter     (TSJ):    0.050ns
    Discrete Jitter          (DJ):    0.177ns
    Phase Error              (PE):    0.105ns

    Location             Delay type                Incr(ns)  Path(ns)    Netlist Resource(s)
  -------------------------------------------------------------------    -------------------
                         (clock cpu_clk_clk_pll rise edge)
                                                      0.000     0.000 r  
    AC19                                              0.000     0.000 r  clk (IN)
                         net (fo=0)                   0.000     0.000    pll.clk_pll/inst/clk_in1
    AC19                 IBUF (Prop_ibuf_I_O)         1.485     1.485 r  pll.clk_pll/inst/clkin1_ibufg/O
                         net (fo=1, routed)           1.619     3.104    pll.clk_pll/inst/clk_in1_clk_pll
    PLLE2_ADV_X0Y2       PLLE2_ADV (Prop_plle2_adv_CLKIN1_CLKOUT0)
                                                     -9.006    -5.902 r  pll.clk_pll/inst/plle2_adv_inst/CLKOUT0
                         net (fo=1, routed)           1.837    -4.064    pll.clk_pll/inst/cpu_clk_clk_pll
    BUFGCTRL_X0Y0        BUFG (Prop_bufg_I_O)         0.096    -3.968 r  pll.clk_pll/inst/clkout1_buf/O
                         net (fo=12170, routed)       1.642    -2.326    u_confreg/cpu_clk
    SLICE_X69Y125        FDRE                                         r  u_confreg/FSM_onehot_state_reg[4]/C
  -------------------------------------------------------------------    -------------------
    SLICE_X69Y125        FDRE (Prop_fdre_C_Q)         0.456    -1.870 r  u_confreg/FSM_onehot_state_reg[4]/Q
                         net (fo=21, routed)          1.685    -0.185    u_confreg/p_1_in11_in
    SLICE_X73Y124        LUT3 (Prop_lut3_I2_O)        0.124    -0.061 r  u_confreg/btn_key_col_OBUF[0]_inst_i_1/O
                         net (fo=1, routed)           6.562     6.500    btn_key_col_OBUF[0]
    V8                   OBUF (Prop_obuf_I_O)         3.518    10.018 r  btn_key_col_OBUF[0]_inst/O
                         net (fo=0)                   0.000    10.018    btn_key_col[0]
    V8                                                                r  btn_key_col[0] (OUT)
  -------------------------------------------------------------------    -------------------

Slack:                    inf
  Source:                 u_confreg/FSM_onehot_state_reg[4]/C
                            (rising edge-triggered cell FDRE clocked by cpu_clk_clk_pll  {rise@0.000ns fall@16.667ns period=33.333ns})
  Destination:            btn_key_col[2]
                            (output port)
  Path Group:             (none)
  Path Type:              Max at Slow Process Corner
  Data Path Delay:        12.134ns  (logic 4.336ns (35.739%)  route 7.797ns (64.261%))
  Logic Levels:           2  (LUT3=1 OBUF=1)
  Clock Uncertainty:      0.197ns  ((TSJ^2 + DJ^2)^1/2) / 2 + PE
    Total System Jitter     (TSJ):    0.050ns
    Discrete Jitter          (DJ):    0.177ns
    Phase Error              (PE):    0.105ns

    Location             Delay type                Incr(ns)  Path(ns)    Netlist Resource(s)
  -------------------------------------------------------------------    -------------------
                         (clock cpu_clk_clk_pll rise edge)
                                                      0.000     0.000 r  
    AC19                                              0.000     0.000 r  clk (IN)
                         net (fo=0)                   0.000     0.000    pll.clk_pll/inst/clk_in1
    AC19                 IBUF (Prop_ibuf_I_O)         1.485     1.485 r  pll.clk_pll/inst/clkin1_ibufg/O
                         net (fo=1, routed)           1.619     3.104    pll.clk_pll/inst/clk_in1_clk_pll
    PLLE2_ADV_X0Y2       PLLE2_ADV (Prop_plle2_adv_CLKIN1_CLKOUT0)
                                                     -9.006    -5.902 r  pll.clk_pll/inst/plle2_adv_inst/CLKOUT0
                         net (fo=1, routed)           1.837    -4.064    pll.clk_pll/inst/cpu_clk_clk_pll
    BUFGCTRL_X0Y0        BUFG (Prop_bufg_I_O)         0.096    -3.968 r  pll.clk_pll/inst/clkout1_buf/O
                         net (fo=12170, routed)       1.642    -2.326    u_confreg/cpu_clk
    SLICE_X69Y125        FDRE                                         r  u_confreg/FSM_onehot_state_reg[4]/C
  -------------------------------------------------------------------    -------------------
    SLICE_X69Y125        FDRE (Prop_fdre_C_Q)         0.456    -1.870 r  u_confreg/FSM_onehot_state_reg[4]/Q
                         net (fo=21, routed)          1.687    -0.183    u_confreg/p_1_in11_in
    SLICE_X73Y124        LUT3 (Prop_lut3_I1_O)        0.152    -0.031 r  u_confreg/btn_key_col_OBUF[2]_inst_i_1/O
                         net (fo=1, routed)           6.111     6.079    btn_key_col_OBUF[2]
    Y8                   OBUF (Prop_obuf_I_O)         3.728     9.808 r  btn_key_col_OBUF[2]_inst/O
                         net (fo=0)                   0.000     9.808    btn_key_col[2]
    Y8                                                                r  btn_key_col[2] (OUT)
  -------------------------------------------------------------------    -------------------

Slack:                    inf
  Source:                 u_confreg/FSM_onehot_state_reg[3]/C
                            (rising edge-triggered cell FDRE clocked by cpu_clk_clk_pll  {rise@0.000ns fall@16.667ns period=33.333ns})
  Destination:            btn_key_col[1]
                            (output port)
  Path Group:             (none)
  Path Type:              Max at Slow Process Corner
  Data Path Delay:        11.873ns  (logic 4.142ns (34.886%)  route 7.731ns (65.114%))
  Logic Levels:           2  (LUT3=1 OBUF=1)
  Clock Uncertainty:      0.197ns  ((TSJ^2 + DJ^2)^1/2) / 2 + PE
    Total System Jitter     (TSJ):    0.050ns
    Discrete Jitter          (DJ):    0.177ns
    Phase Error              (PE):    0.105ns

    Location             Delay type                Incr(ns)  Path(ns)    Netlist Resource(s)
  -------------------------------------------------------------------    -------------------
                         (clock cpu_clk_clk_pll rise edge)
                                                      0.000     0.000 r  
    AC19                                              0.000     0.000 r  clk (IN)
                         net (fo=0)                   0.000     0.000    pll.clk_pll/inst/clk_in1
    AC19                 IBUF (Prop_ibuf_I_O)         1.485     1.485 r  pll.clk_pll/inst/clkin1_ibufg/O
                         net (fo=1, routed)           1.619     3.104    pll.clk_pll/inst/clk_in1_clk_pll
    PLLE2_ADV_X0Y2       PLLE2_ADV (Prop_plle2_adv_CLKIN1_CLKOUT0)
                                                     -9.006    -5.902 r  pll.clk_pll/inst/plle2_adv_inst/CLKOUT0
                         net (fo=1, routed)           1.837    -4.064    pll.clk_pll/inst/cpu_clk_clk_pll
    BUFGCTRL_X0Y0        BUFG (Prop_bufg_I_O)         0.096    -3.968 r  pll.clk_pll/inst/clkout1_buf/O
                         net (fo=12170, routed)       1.642    -2.326    u_confreg/cpu_clk
    SLICE_X70Y127        FDRE                                         r  u_confreg/FSM_onehot_state_reg[3]/C
  -------------------------------------------------------------------    -------------------
    SLICE_X70Y127        FDRE (Prop_fdre_C_Q)         0.518    -1.808 r  u_confreg/FSM_onehot_state_reg[3]/Q
                         net (fo=17, routed)          1.075    -0.733    u_confreg/p_1_in10_in
    SLICE_X73Y124        LUT3 (Prop_lut3_I0_O)        0.124    -0.609 r  u_confreg/btn_key_col_OBUF[1]_inst_i_1/O
                         net (fo=1, routed)           6.656     6.047    btn_key_col_OBUF[1]
    V9                   OBUF (Prop_obuf_I_O)         3.500     9.547 r  btn_key_col_OBUF[1]_inst/O
                         net (fo=0)                   0.000     9.547    btn_key_col[1]
    V9                                                                r  btn_key_col[1] (OUT)
  -------------------------------------------------------------------    -------------------

Slack:                    inf
  Source:                 u_confreg/FSM_onehot_state_reg[4]/C
                            (rising edge-triggered cell FDRE clocked by cpu_clk_clk_pll  {rise@0.000ns fall@16.667ns period=33.333ns})
  Destination:            btn_key_col[3]
                            (output port)
  Path Group:             (none)
  Path Type:              Max at Slow Process Corner
  Data Path Delay:        11.844ns  (logic 4.348ns (36.708%)  route 7.496ns (63.292%))
  Logic Levels:           2  (LUT3=1 OBUF=1)
  Clock Uncertainty:      0.197ns  ((TSJ^2 + DJ^2)^1/2) / 2 + PE
    Total System Jitter     (TSJ):    0.050ns
    Discrete Jitter          (DJ):    0.177ns
    Phase Error              (PE):    0.105ns

    Location             Delay type                Incr(ns)  Path(ns)    Netlist Resource(s)
  -------------------------------------------------------------------    -------------------
                         (clock cpu_clk_clk_pll rise edge)
                                                      0.000     0.000 r  
    AC19                                              0.000     0.000 r  clk (IN)
                         net (fo=0)                   0.000     0.000    pll.clk_pll/inst/clk_in1
    AC19                 IBUF (Prop_ibuf_I_O)         1.485     1.485 r  pll.clk_pll/inst/clkin1_ibufg/O
                         net (fo=1, routed)           1.619     3.104    pll.clk_pll/inst/clk_in1_clk_pll
    PLLE2_ADV_X0Y2       PLLE2_ADV (Prop_plle2_adv_CLKIN1_CLKOUT0)
                                                     -9.006    -5.902 r  pll.clk_pll/inst/plle2_adv_inst/CLKOUT0
                         net (fo=1, routed)           1.837    -4.064    pll.clk_pll/inst/cpu_clk_clk_pll
    BUFGCTRL_X0Y0        BUFG (Prop_bufg_I_O)         0.096    -3.968 r  pll.clk_pll/inst/clkout1_buf/O
                         net (fo=12170, routed)       1.642    -2.326    u_confreg/cpu_clk
    SLICE_X69Y125        FDRE                                         r  u_confreg/FSM_onehot_state_reg[4]/C
  -------------------------------------------------------------------    -------------------
    SLICE_X69Y125        FDRE (Prop_fdre_C_Q)         0.456    -1.870 r  u_confreg/FSM_onehot_state_reg[4]/Q
                         net (fo=21, routed)          1.685    -0.185    u_confreg/p_1_in11_in
    SLICE_X73Y124        LUT3 (Prop_lut3_I1_O)        0.152    -0.033 r  u_confreg/btn_key_col_OBUF[3]_inst_i_1/O
                         net (fo=2, routed)           5.812     5.779    btn_key_col_OBUF[3]
    V7                   OBUF (Prop_obuf_I_O)         3.740     9.518 r  btn_key_col_OBUF[3]_inst/O
                         net (fo=0)                   0.000     9.518    btn_key_col[3]
    V7                                                                r  btn_key_col[3] (OUT)
  -------------------------------------------------------------------    -------------------

Slack:                    inf
  Source:                 u_confreg/led_data_reg[4]_lopt_replica/C
                            (rising edge-triggered cell FDRE clocked by cpu_clk_clk_pll  {rise@0.000ns fall@16.667ns period=33.333ns})
  Destination:            led[4]
                            (output port)
  Path Group:             (none)
  Path Type:              Max at Slow Process Corner
  Data Path Delay:        10.365ns  (logic 3.999ns (38.587%)  route 6.365ns (61.413%))
  Logic Levels:           1  (OBUF=1)
  Clock Uncertainty:      0.197ns  ((TSJ^2 + DJ^2)^1/2) / 2 + PE
    Total System Jitter     (TSJ):    0.050ns
    Discrete Jitter          (DJ):    0.177ns
    Phase Error              (PE):    0.105ns

    Location             Delay type                Incr(ns)  Path(ns)    Netlist Resource(s)
  -------------------------------------------------------------------    -------------------
                         (clock cpu_clk_clk_pll rise edge)
                                                      0.000     0.000 r  
    AC19                                              0.000     0.000 r  clk (IN)
                         net (fo=0)                   0.000     0.000    pll.clk_pll/inst/clk_in1
    AC19                 IBUF (Prop_ibuf_I_O)         1.485     1.485 r  pll.clk_pll/inst/clkin1_ibufg/O
                         net (fo=1, routed)           1.619     3.104    pll.clk_pll/inst/clk_in1_clk_pll
    PLLE2_ADV_X0Y2       PLLE2_ADV (Prop_plle2_adv_CLKIN1_CLKOUT0)
                                                     -9.006    -5.902 r  pll.clk_pll/inst/plle2_adv_inst/CLKOUT0
                         net (fo=1, routed)           1.837    -4.064    pll.clk_pll/inst/cpu_clk_clk_pll
    BUFGCTRL_X0Y0        BUFG (Prop_bufg_I_O)         0.096    -3.968 r  pll.clk_pll/inst/clkout1_buf/O
                         net (fo=12170, routed)       1.648    -2.320    u_confreg/cpu_clk
    SLICE_X69Y128        FDRE                                         r  u_confreg/led_data_reg[4]_lopt_replica/C
  -------------------------------------------------------------------    -------------------
    SLICE_X69Y128        FDRE (Prop_fdre_C_Q)         0.456    -1.864 r  u_confreg/led_data_reg[4]_lopt_replica/Q
                         net (fo=1, routed)           6.365     4.501    lopt_10
    G9                   OBUF (Prop_obuf_I_O)         3.543     8.045 r  led_OBUF[4]_inst/O
                         net (fo=0)                   0.000     8.045    led[4]
    G9                                                                r  led[4] (OUT)
  -------------------------------------------------------------------    -------------------

Slack:                    inf
  Source:                 u_confreg/num_a_g_reg[1]/C
                            (rising edge-triggered cell FDRE clocked by cpu_clk_clk_pll  {rise@0.000ns fall@16.667ns period=33.333ns})
  Destination:            num_a_g[1]
                            (output port)
  Path Group:             (none)
  Path Type:              Max at Slow Process Corner
  Data Path Delay:        10.289ns  (logic 4.143ns (40.262%)  route 6.147ns (59.738%))
  Logic Levels:           1  (OBUF=1)
  Clock Uncertainty:      0.197ns  ((TSJ^2 + DJ^2)^1/2) / 2 + PE
    Total System Jitter     (TSJ):    0.050ns
    Discrete Jitter          (DJ):    0.177ns
    Phase Error              (PE):    0.105ns

    Location             Delay type                Incr(ns)  Path(ns)    Netlist Resource(s)
  -------------------------------------------------------------------    -------------------
                         (clock cpu_clk_clk_pll rise edge)
                                                      0.000     0.000 r  
    AC19                                              0.000     0.000 r  clk (IN)
                         net (fo=0)                   0.000     0.000    pll.clk_pll/inst/clk_in1
    AC19                 IBUF (Prop_ibuf_I_O)         1.485     1.485 r  pll.clk_pll/inst/clkin1_ibufg/O
                         net (fo=1, routed)           1.619     3.104    pll.clk_pll/inst/clk_in1_clk_pll
    PLLE2_ADV_X0Y2       PLLE2_ADV (Prop_plle2_adv_CLKIN1_CLKOUT0)
                                                     -9.006    -5.902 r  pll.clk_pll/inst/plle2_adv_inst/CLKOUT0
                         net (fo=1, routed)           1.837    -4.064    pll.clk_pll/inst/cpu_clk_clk_pll
    BUFGCTRL_X0Y0        BUFG (Prop_bufg_I_O)         0.096    -3.968 r  pll.clk_pll/inst/clkout1_buf/O
                         net (fo=12170, routed)       1.636    -2.332    u_confreg/cpu_clk
    SLICE_X79Y133        FDRE                                         r  u_confreg/num_a_g_reg[1]/C
  -------------------------------------------------------------------    -------------------
    SLICE_X79Y133        FDRE (Prop_fdre_C_Q)         0.419    -1.913 r  u_confreg/num_a_g_reg[1]/Q
                         net (fo=1, routed)           6.147     4.234    num_a_g_OBUF[1]
    E6                   OBUF (Prop_obuf_I_O)         3.724     7.957 r  num_a_g_OBUF[1]_inst/O
                         net (fo=0)                   0.000     7.957    num_a_g[1]
    E6                                                                r  num_a_g[1] (OUT)
  -------------------------------------------------------------------    -------------------

Slack:                    inf
  Source:                 u_confreg/led_data_reg[10]_lopt_replica/C
                            (rising edge-triggered cell FDRE clocked by cpu_clk_clk_pll  {rise@0.000ns fall@16.667ns period=33.333ns})
  Destination:            led[10]
                            (output port)
  Path Group:             (none)
  Path Type:              Max at Slow Process Corner
  Data Path Delay:        10.183ns  (logic 4.049ns (39.760%)  route 6.135ns (60.240%))
  Logic Levels:           1  (OBUF=1)
  Clock Uncertainty:      0.197ns  ((TSJ^2 + DJ^2)^1/2) / 2 + PE
    Total System Jitter     (TSJ):    0.050ns
    Discrete Jitter          (DJ):    0.177ns
    Phase Error              (PE):    0.105ns

    Location             Delay type                Incr(ns)  Path(ns)    Netlist Resource(s)
  -------------------------------------------------------------------    -------------------
                         (clock cpu_clk_clk_pll rise edge)
                                                      0.000     0.000 r  
    AC19                                              0.000     0.000 r  clk (IN)
                         net (fo=0)                   0.000     0.000    pll.clk_pll/inst/clk_in1
    AC19                 IBUF (Prop_ibuf_I_O)         1.485     1.485 r  pll.clk_pll/inst/clkin1_ibufg/O
                         net (fo=1, routed)           1.619     3.104    pll.clk_pll/inst/clk_in1_clk_pll
    PLLE2_ADV_X0Y2       PLLE2_ADV (Prop_plle2_adv_CLKIN1_CLKOUT0)
                                                     -9.006    -5.902 r  pll.clk_pll/inst/plle2_adv_inst/CLKOUT0
                         net (fo=1, routed)           1.837    -4.064    pll.clk_pll/inst/cpu_clk_clk_pll
    BUFGCTRL_X0Y0        BUFG (Prop_bufg_I_O)         0.096    -3.968 r  pll.clk_pll/inst/clkout1_buf/O
                         net (fo=12170, routed)       1.648    -2.320    u_confreg/cpu_clk
    SLICE_X76Y135        FDRE                                         r  u_confreg/led_data_reg[10]_lopt_replica/C
  -------------------------------------------------------------------    -------------------
    SLICE_X76Y135        FDRE (Prop_fdre_C_Q)         0.518    -1.802 r  u_confreg/led_data_reg[10]_lopt_replica/Q
                         net (fo=1, routed)           6.135     4.333    lopt_1
    F7                   OBUF (Prop_obuf_I_O)         3.531     7.864 r  led_OBUF[10]_inst/O
                         net (fo=0)                   0.000     7.864    led[10]
    F7                                                                r  led[10] (OUT)
  -------------------------------------------------------------------    -------------------

Slack:                    inf
  Source:                 u_confreg/led_data_reg[9]_lopt_replica/C
                            (rising edge-triggered cell FDRE clocked by cpu_clk_clk_pll  {rise@0.000ns fall@16.667ns period=33.333ns})
  Destination:            led[9]
                            (output port)
  Path Group:             (none)
  Path Type:              Max at Slow Process Corner
  Data Path Delay:        9.837ns  (logic 4.119ns (41.876%)  route 5.718ns (58.124%))
  Logic Levels:           1  (OBUF=1)
  Clock Uncertainty:      0.197ns  ((TSJ^2 + DJ^2)^1/2) / 2 + PE
    Total System Jitter     (TSJ):    0.050ns
    Discrete Jitter          (DJ):    0.177ns
    Phase Error              (PE):    0.105ns

    Location             Delay type                Incr(ns)  Path(ns)    Netlist Resource(s)
  -------------------------------------------------------------------    -------------------
                         (clock cpu_clk_clk_pll rise edge)
                                                      0.000     0.000 r  
    AC19                                              0.000     0.000 r  clk (IN)
                         net (fo=0)                   0.000     0.000    pll.clk_pll/inst/clk_in1
    AC19                 IBUF (Prop_ibuf_I_O)         1.485     1.485 r  pll.clk_pll/inst/clkin1_ibufg/O
                         net (fo=1, routed)           1.619     3.104    pll.clk_pll/inst/clk_in1_clk_pll
    PLLE2_ADV_X0Y2       PLLE2_ADV (Prop_plle2_adv_CLKIN1_CLKOUT0)
                                                     -9.006    -5.902 r  pll.clk_pll/inst/plle2_adv_inst/CLKOUT0
                         net (fo=1, routed)           1.837    -4.064    pll.clk_pll/inst/cpu_clk_clk_pll
    BUFGCTRL_X0Y0        BUFG (Prop_bufg_I_O)         0.096    -3.968 r  pll.clk_pll/inst/clkout1_buf/O
                         net (fo=12170, routed)       1.641    -2.327    u_confreg/cpu_clk
    SLICE_X86Y134        FDRE                                         r  u_confreg/led_data_reg[9]_lopt_replica/C
  -------------------------------------------------------------------    -------------------
    SLICE_X86Y134        FDRE (Prop_fdre_C_Q)         0.419    -1.908 r  u_confreg/led_data_reg[9]_lopt_replica/Q
                         net (fo=1, routed)           5.718     3.810    lopt_15
    G8                   OBUF (Prop_obuf_I_O)         3.700     7.510 r  led_OBUF[9]_inst/O
                         net (fo=0)                   0.000     7.510    led[9]
    G8                                                                r  led[9] (OUT)
  -------------------------------------------------------------------    -------------------

Slack:                    inf
  Source:                 u_confreg/led_rg0_data_reg[0]_lopt_replica/C
                            (rising edge-triggered cell FDRE clocked by cpu_clk_clk_pll  {rise@0.000ns fall@16.667ns period=33.333ns})
  Destination:            led_rg0[0]
                            (output port)
  Path Group:             (none)
  Path Type:              Max at Slow Process Corner
  Data Path Delay:        9.697ns  (logic 3.983ns (41.070%)  route 5.715ns (58.930%))
  Logic Levels:           1  (OBUF=1)
  Clock Uncertainty:      0.197ns  ((TSJ^2 + DJ^2)^1/2) / 2 + PE
    Total System Jitter     (TSJ):    0.050ns
    Discrete Jitter          (DJ):    0.177ns
    Phase Error              (PE):    0.105ns

    Location             Delay type                Incr(ns)  Path(ns)    Netlist Resource(s)
  -------------------------------------------------------------------    -------------------
                         (clock cpu_clk_clk_pll rise edge)
                                                      0.000     0.000 r  
    AC19                                              0.000     0.000 r  clk (IN)
                         net (fo=0)                   0.000     0.000    pll.clk_pll/inst/clk_in1
    AC19                 IBUF (Prop_ibuf_I_O)         1.485     1.485 r  pll.clk_pll/inst/clkin1_ibufg/O
                         net (fo=1, routed)           1.619     3.104    pll.clk_pll/inst/clk_in1_clk_pll
    PLLE2_ADV_X0Y2       PLLE2_ADV (Prop_plle2_adv_CLKIN1_CLKOUT0)
                                                     -9.006    -5.902 r  pll.clk_pll/inst/plle2_adv_inst/CLKOUT0
                         net (fo=1, routed)           1.837    -4.064    pll.clk_pll/inst/cpu_clk_clk_pll
    BUFGCTRL_X0Y0        BUFG (Prop_bufg_I_O)         0.096    -3.968 r  pll.clk_pll/inst/clkout1_buf/O
                         net (fo=12170, routed)       1.643    -2.325    u_confreg/cpu_clk
    SLICE_X86Y135        FDRE                                         r  u_confreg/led_rg0_data_reg[0]_lopt_replica/C
  -------------------------------------------------------------------    -------------------
    SLICE_X86Y135        FDRE (Prop_fdre_C_Q)         0.456    -1.869 r  u_confreg/led_rg0_data_reg[0]_lopt_replica/Q
                         net (fo=1, routed)           5.715     3.846    lopt_16
    G7                   OBUF (Prop_obuf_I_O)         3.527     7.373 r  led_rg0_OBUF[0]_inst/O
                         net (fo=0)                   0.000     7.373    led_rg0[0]
    G7                                                                r  led_rg0[0] (OUT)
  -------------------------------------------------------------------    -------------------

Slack:                    inf
  Source:                 u_confreg/led_data_reg[15]_lopt_replica/C
                            (rising edge-triggered cell FDRE clocked by cpu_clk_clk_pll  {rise@0.000ns fall@16.667ns period=33.333ns})
  Destination:            led[15]
                            (output port)
  Path Group:             (none)
  Path Type:              Max at Slow Process Corner
  Data Path Delay:        9.668ns  (logic 4.043ns (41.818%)  route 5.625ns (58.182%))
  Logic Levels:           1  (OBUF=1)
  Clock Uncertainty:      0.197ns  ((TSJ^2 + DJ^2)^1/2) / 2 + PE
    Total System Jitter     (TSJ):    0.050ns
    Discrete Jitter          (DJ):    0.177ns
    Phase Error              (PE):    0.105ns

    Location             Delay type                Incr(ns)  Path(ns)    Netlist Resource(s)
  -------------------------------------------------------------------    -------------------
                         (clock cpu_clk_clk_pll rise edge)
                                                      0.000     0.000 r  
    AC19                                              0.000     0.000 r  clk (IN)
                         net (fo=0)                   0.000     0.000    pll.clk_pll/inst/clk_in1
    AC19                 IBUF (Prop_ibuf_I_O)         1.485     1.485 r  pll.clk_pll/inst/clkin1_ibufg/O
                         net (fo=1, routed)           1.619     3.104    pll.clk_pll/inst/clk_in1_clk_pll
    PLLE2_ADV_X0Y2       PLLE2_ADV (Prop_plle2_adv_CLKIN1_CLKOUT0)
                                                     -9.006    -5.902 r  pll.clk_pll/inst/plle2_adv_inst/CLKOUT0
                         net (fo=1, routed)           1.837    -4.064    pll.clk_pll/inst/cpu_clk_clk_pll
    BUFGCTRL_X0Y0        BUFG (Prop_bufg_I_O)         0.096    -3.968 r  pll.clk_pll/inst/clkout1_buf/O
                         net (fo=12170, routed)       1.648    -2.320    u_confreg/cpu_clk
    SLICE_X76Y135        FDRE                                         r  u_confreg/led_data_reg[15]_lopt_replica/C
  -------------------------------------------------------------------    -------------------
    SLICE_X76Y135        FDRE (Prop_fdre_C_Q)         0.518    -1.802 r  u_confreg/led_data_reg[15]_lopt_replica/Q
                         net (fo=1, routed)           5.625     3.823    lopt_6
    H7                   OBUF (Prop_obuf_I_O)         3.525     7.348 r  led_OBUF[15]_inst/O
                         net (fo=0)                   0.000     7.348    led[15]
    H7                                                                r  led[15] (OUT)
  -------------------------------------------------------------------    -------------------





Min Delay Paths
--------------------------------------------------------------------------------------
Slack:                    inf
  Source:                 u_confreg/num_data_reg[22]_lopt_replica/C
                            (rising edge-triggered cell FDRE clocked by cpu_clk_clk_pll  {rise@0.000ns fall@16.667ns period=33.333ns})
  Destination:            num_data[22]
                            (output port)
  Path Group:             (none)
  Path Type:              Min at Fast Process Corner
  Data Path Delay:        1.757ns  (logic 1.382ns (78.643%)  route 0.375ns (21.357%))
  Logic Levels:           1  (OBUF=1)
  Clock Uncertainty:      0.197ns  ((TSJ^2 + DJ^2)^1/2) / 2 + PE
    Total System Jitter     (TSJ):    0.050ns
    Discrete Jitter          (DJ):    0.177ns
    Phase Error              (PE):    0.105ns

    Location             Delay type                Incr(ns)  Path(ns)    Netlist Resource(s)
  -------------------------------------------------------------------    -------------------
                         (clock cpu_clk_clk_pll rise edge)
                                                      0.000     0.000 r  
    AC19                                              0.000     0.000 r  clk (IN)
                         net (fo=0)                   0.000     0.000    pll.clk_pll/inst/clk_in1
    AC19                 IBUF (Prop_ibuf_I_O)         0.253     0.253 r  pll.clk_pll/inst/clkin1_ibufg/O
                         net (fo=1, routed)           0.565     0.818    pll.clk_pll/inst/clk_in1_clk_pll
    PLLE2_ADV_X0Y2       PLLE2_ADV (Prop_plle2_adv_CLKIN1_CLKOUT0)
                                                     -2.523    -1.705 r  pll.clk_pll/inst/plle2_adv_inst/CLKOUT0
                         net (fo=1, routed)           0.560    -1.146    pll.clk_pll/inst/cpu_clk_clk_pll
    BUFGCTRL_X0Y0        BUFG (Prop_bufg_I_O)         0.026    -1.120 r  pll.clk_pll/inst/clkout1_buf/O
                         net (fo=12170, routed)       0.716    -0.403    u_confreg/cpu_clk
    SLICE_X6Y65          FDRE                                         r  u_confreg/num_data_reg[22]_lopt_replica/C
  -------------------------------------------------------------------    -------------------
    SLICE_X6Y65          FDRE (Prop_fdre_C_Q)         0.164    -0.239 r  u_confreg/num_data_reg[22]_lopt_replica/Q
                         net (fo=1, routed)           0.375     0.136    lopt_34
    T19                  OBUF (Prop_obuf_I_O)         1.218     1.354 r  num_data_OBUF[22]_inst/O
                         net (fo=0)                   0.000     1.354    num_data[22]
    T19                                                               r  num_data[22] (OUT)
  -------------------------------------------------------------------    -------------------

Slack:                    inf
  Source:                 u_confreg/num_data_reg[13]_lopt_replica/C
                            (rising edge-triggered cell FDRE clocked by cpu_clk_clk_pll  {rise@0.000ns fall@16.667ns period=33.333ns})
  Destination:            num_data[13]
                            (output port)
  Path Group:             (none)
  Path Type:              Min at Fast Process Corner
  Data Path Delay:        1.794ns  (logic 1.419ns (79.083%)  route 0.375ns (20.917%))
  Logic Levels:           1  (OBUF=1)
  Clock Uncertainty:      0.197ns  ((TSJ^2 + DJ^2)^1/2) / 2 + PE
    Total System Jitter     (TSJ):    0.050ns
    Discrete Jitter          (DJ):    0.177ns
    Phase Error              (PE):    0.105ns

    Location             Delay type                Incr(ns)  Path(ns)    Netlist Resource(s)
  -------------------------------------------------------------------    -------------------
                         (clock cpu_clk_clk_pll rise edge)
                                                      0.000     0.000 r  
    AC19                                              0.000     0.000 r  clk (IN)
                         net (fo=0)                   0.000     0.000    pll.clk_pll/inst/clk_in1
    AC19                 IBUF (Prop_ibuf_I_O)         0.253     0.253 r  pll.clk_pll/inst/clkin1_ibufg/O
                         net (fo=1, routed)           0.565     0.818    pll.clk_pll/inst/clk_in1_clk_pll
    PLLE2_ADV_X0Y2       PLLE2_ADV (Prop_plle2_adv_CLKIN1_CLKOUT0)
                                                     -2.523    -1.705 r  pll.clk_pll/inst/plle2_adv_inst/CLKOUT0
                         net (fo=1, routed)           0.560    -1.146    pll.clk_pll/inst/cpu_clk_clk_pll
    BUFGCTRL_X0Y0        BUFG (Prop_bufg_I_O)         0.026    -1.120 r  pll.clk_pll/inst/clkout1_buf/O
                         net (fo=12170, routed)       0.711    -0.408    u_confreg/cpu_clk
    SLICE_X6Y79          FDRE                                         r  u_confreg/num_data_reg[13]_lopt_replica/C
  -------------------------------------------------------------------    -------------------
    SLICE_X6Y79          FDRE (Prop_fdre_C_Q)         0.164    -0.244 r  u_confreg/num_data_reg[13]_lopt_replica/Q
                         net (fo=1, routed)           0.375     0.131    lopt_24
    V23                  OBUF (Prop_obuf_I_O)         1.255     1.386 r  num_data_OBUF[13]_inst/O
                         net (fo=0)                   0.000     1.386    num_data[13]
    V23                                                               r  num_data[13] (OUT)
  -------------------------------------------------------------------    -------------------

Slack:                    inf
  Source:                 u_confreg/num_data_reg[19]_lopt_replica/C
                            (rising edge-triggered cell FDRE clocked by cpu_clk_clk_pll  {rise@0.000ns fall@16.667ns period=33.333ns})
  Destination:            num_data[19]
                            (output port)
  Path Group:             (none)
  Path Type:              Min at Fast Process Corner
  Data Path Delay:        1.854ns  (logic 1.384ns (74.652%)  route 0.470ns (25.348%))
  Logic Levels:           1  (OBUF=1)
  Clock Uncertainty:      0.197ns  ((TSJ^2 + DJ^2)^1/2) / 2 + PE
    Total System Jitter     (TSJ):    0.050ns
    Discrete Jitter          (DJ):    0.177ns
    Phase Error              (PE):    0.105ns

    Location             Delay type                Incr(ns)  Path(ns)    Netlist Resource(s)
  -------------------------------------------------------------------    -------------------
                         (clock cpu_clk_clk_pll rise edge)
                                                      0.000     0.000 r  
    AC19                                              0.000     0.000 r  clk (IN)
                         net (fo=0)                   0.000     0.000    pll.clk_pll/inst/clk_in1
    AC19                 IBUF (Prop_ibuf_I_O)         0.253     0.253 r  pll.clk_pll/inst/clkin1_ibufg/O
                         net (fo=1, routed)           0.565     0.818    pll.clk_pll/inst/clk_in1_clk_pll
    PLLE2_ADV_X0Y2       PLLE2_ADV (Prop_plle2_adv_CLKIN1_CLKOUT0)
                                                     -2.523    -1.705 r  pll.clk_pll/inst/plle2_adv_inst/CLKOUT0
                         net (fo=1, routed)           0.560    -1.146    pll.clk_pll/inst/cpu_clk_clk_pll
    BUFGCTRL_X0Y0        BUFG (Prop_bufg_I_O)         0.026    -1.120 r  pll.clk_pll/inst/clkout1_buf/O
                         net (fo=12170, routed)       0.681    -0.438    u_confreg/cpu_clk
    SLICE_X8Y73          FDRE                                         r  u_confreg/num_data_reg[19]_lopt_replica/C
  -------------------------------------------------------------------    -------------------
    SLICE_X8Y73          FDRE (Prop_fdre_C_Q)         0.164    -0.274 r  u_confreg/num_data_reg[19]_lopt_replica/Q
                         net (fo=1, routed)           0.470     0.196    lopt_30
    U21                  OBUF (Prop_obuf_I_O)         1.220     1.416 r  num_data_OBUF[19]_inst/O
                         net (fo=0)                   0.000     1.416    num_data[19]
    U21                                                               r  num_data[19] (OUT)
  -------------------------------------------------------------------    -------------------

Slack:                    inf
  Source:                 u_confreg/num_data_reg[21]_lopt_replica/C
                            (rising edge-triggered cell FDRE clocked by cpu_clk_clk_pll  {rise@0.000ns fall@16.667ns period=33.333ns})
  Destination:            num_data[21]
                            (output port)
  Path Group:             (none)
  Path Type:              Min at Fast Process Corner
  Data Path Delay:        1.853ns  (logic 1.384ns (74.645%)  route 0.470ns (25.355%))
  Logic Levels:           1  (OBUF=1)
  Clock Uncertainty:      0.197ns  ((TSJ^2 + DJ^2)^1/2) / 2 + PE
    Total System Jitter     (TSJ):    0.050ns
    Discrete Jitter          (DJ):    0.177ns
    Phase Error              (PE):    0.105ns

    Location             Delay type                Incr(ns)  Path(ns)    Netlist Resource(s)
  -------------------------------------------------------------------    -------------------
                         (clock cpu_clk_clk_pll rise edge)
                                                      0.000     0.000 r  
    AC19                                              0.000     0.000 r  clk (IN)
                         net (fo=0)                   0.000     0.000    pll.clk_pll/inst/clk_in1
    AC19                 IBUF (Prop_ibuf_I_O)         0.253     0.253 r  pll.clk_pll/inst/clkin1_ibufg/O
                         net (fo=1, routed)           0.565     0.818    pll.clk_pll/inst/clk_in1_clk_pll
    PLLE2_ADV_X0Y2       PLLE2_ADV (Prop_plle2_adv_CLKIN1_CLKOUT0)
                                                     -2.523    -1.705 r  pll.clk_pll/inst/plle2_adv_inst/CLKOUT0
                         net (fo=1, routed)           0.560    -1.146    pll.clk_pll/inst/cpu_clk_clk_pll
    BUFGCTRL_X0Y0        BUFG (Prop_bufg_I_O)         0.026    -1.120 r  pll.clk_pll/inst/clkout1_buf/O
                         net (fo=12170, routed)       0.685    -0.434    u_confreg/cpu_clk
    SLICE_X8Y69          FDRE                                         r  u_confreg/num_data_reg[21]_lopt_replica/C
  -------------------------------------------------------------------    -------------------
    SLICE_X8Y69          FDRE (Prop_fdre_C_Q)         0.164    -0.270 r  u_confreg/num_data_reg[21]_lopt_replica/Q
                         net (fo=1, routed)           0.470     0.200    lopt_33
    T20                  OBUF (Prop_obuf_I_O)         1.220     1.419 r  num_data_OBUF[21]_inst/O
                         net (fo=0)                   0.000     1.419    num_data[21]
    T20                                                               r  num_data[21] (OUT)
  -------------------------------------------------------------------    -------------------

Slack:                    inf
  Source:                 u_confreg/num_data_reg[24]_lopt_replica/C
                            (rising edge-triggered cell FDRE clocked by cpu_clk_clk_pll  {rise@0.000ns fall@16.667ns period=33.333ns})
  Destination:            num_data[24]
                            (output port)
  Path Group:             (none)
  Path Type:              Min at Fast Process Corner
  Data Path Delay:        1.851ns  (logic 1.354ns (73.121%)  route 0.498ns (26.879%))
  Logic Levels:           1  (OBUF=1)
  Clock Uncertainty:      0.197ns  ((TSJ^2 + DJ^2)^1/2) / 2 + PE
    Total System Jitter     (TSJ):    0.050ns
    Discrete Jitter          (DJ):    0.177ns
    Phase Error              (PE):    0.105ns

    Location             Delay type                Incr(ns)  Path(ns)    Netlist Resource(s)
  -------------------------------------------------------------------    -------------------
                         (clock cpu_clk_clk_pll rise edge)
                                                      0.000     0.000 r  
    AC19                                              0.000     0.000 r  clk (IN)
                         net (fo=0)                   0.000     0.000    pll.clk_pll/inst/clk_in1
    AC19                 IBUF (Prop_ibuf_I_O)         0.253     0.253 r  pll.clk_pll/inst/clkin1_ibufg/O
                         net (fo=1, routed)           0.565     0.818    pll.clk_pll/inst/clk_in1_clk_pll
    PLLE2_ADV_X0Y2       PLLE2_ADV (Prop_plle2_adv_CLKIN1_CLKOUT0)
                                                     -2.523    -1.705 r  pll.clk_pll/inst/plle2_adv_inst/CLKOUT0
                         net (fo=1, routed)           0.560    -1.146    pll.clk_pll/inst/cpu_clk_clk_pll
    BUFGCTRL_X0Y0        BUFG (Prop_bufg_I_O)         0.026    -1.120 r  pll.clk_pll/inst/clkout1_buf/O
                         net (fo=12170, routed)       0.692    -0.427    u_confreg/cpu_clk
    SLICE_X9Y58          FDRE                                         r  u_confreg/num_data_reg[24]_lopt_replica/C
  -------------------------------------------------------------------    -------------------
    SLICE_X9Y58          FDRE (Prop_fdre_C_Q)         0.141    -0.286 r  u_confreg/num_data_reg[24]_lopt_replica/Q
                         net (fo=1, routed)           0.498     0.211    lopt_36
    U16                  OBUF (Prop_obuf_I_O)         1.213     1.424 r  num_data_OBUF[24]_inst/O
                         net (fo=0)                   0.000     1.424    num_data[24]
    U16                                                               r  num_data[24] (OUT)
  -------------------------------------------------------------------    -------------------

Slack:                    inf
  Source:                 u_confreg/num_data_reg[25]_lopt_replica/C
                            (rising edge-triggered cell FDRE clocked by cpu_clk_clk_pll  {rise@0.000ns fall@16.667ns period=33.333ns})
  Destination:            num_data[25]
                            (output port)
  Path Group:             (none)
  Path Type:              Min at Fast Process Corner
  Data Path Delay:        1.867ns  (logic 1.361ns (72.875%)  route 0.506ns (27.125%))
  Logic Levels:           1  (OBUF=1)
  Clock Uncertainty:      0.197ns  ((TSJ^2 + DJ^2)^1/2) / 2 + PE
    Total System Jitter     (TSJ):    0.050ns
    Discrete Jitter          (DJ):    0.177ns
    Phase Error              (PE):    0.105ns

    Location             Delay type                Incr(ns)  Path(ns)    Netlist Resource(s)
  -------------------------------------------------------------------    -------------------
                         (clock cpu_clk_clk_pll rise edge)
                                                      0.000     0.000 r  
    AC19                                              0.000     0.000 r  clk (IN)
                         net (fo=0)                   0.000     0.000    pll.clk_pll/inst/clk_in1
    AC19                 IBUF (Prop_ibuf_I_O)         0.253     0.253 r  pll.clk_pll/inst/clkin1_ibufg/O
                         net (fo=1, routed)           0.565     0.818    pll.clk_pll/inst/clk_in1_clk_pll
    PLLE2_ADV_X0Y2       PLLE2_ADV (Prop_plle2_adv_CLKIN1_CLKOUT0)
                                                     -2.523    -1.705 r  pll.clk_pll/inst/plle2_adv_inst/CLKOUT0
                         net (fo=1, routed)           0.560    -1.146    pll.clk_pll/inst/cpu_clk_clk_pll
    BUFGCTRL_X0Y0        BUFG (Prop_bufg_I_O)         0.026    -1.120 r  pll.clk_pll/inst/clkout1_buf/O
                         net (fo=12170, routed)       0.692    -0.427    u_confreg/cpu_clk
    SLICE_X9Y58          FDRE                                         r  u_confreg/num_data_reg[25]_lopt_replica/C
  -------------------------------------------------------------------    -------------------
    SLICE_X9Y58          FDRE (Prop_fdre_C_Q)         0.141    -0.286 r  u_confreg/num_data_reg[25]_lopt_replica/Q
                         net (fo=1, routed)           0.506     0.220    lopt_37
    U14                  OBUF (Prop_obuf_I_O)         1.220     1.440 r  num_data_OBUF[25]_inst/O
                         net (fo=0)                   0.000     1.440    num_data[25]
    U14                                                               r  num_data[25] (OUT)
  -------------------------------------------------------------------    -------------------

Slack:                    inf
  Source:                 u_confreg/num_data_reg[20]_lopt_replica/C
                            (rising edge-triggered cell FDRE clocked by cpu_clk_clk_pll  {rise@0.000ns fall@16.667ns period=33.333ns})
  Destination:            num_data[20]
                            (output port)
  Path Group:             (none)
  Path Type:              Min at Fast Process Corner
  Data Path Delay:        1.881ns  (logic 1.387ns (73.711%)  route 0.495ns (26.289%))
  Logic Levels:           1  (OBUF=1)
  Clock Uncertainty:      0.197ns  ((TSJ^2 + DJ^2)^1/2) / 2 + PE
    Total System Jitter     (TSJ):    0.050ns
    Discrete Jitter          (DJ):    0.177ns
    Phase Error              (PE):    0.105ns

    Location             Delay type                Incr(ns)  Path(ns)    Netlist Resource(s)
  -------------------------------------------------------------------    -------------------
                         (clock cpu_clk_clk_pll rise edge)
                                                      0.000     0.000 r  
    AC19                                              0.000     0.000 r  clk (IN)
                         net (fo=0)                   0.000     0.000    pll.clk_pll/inst/clk_in1
    AC19                 IBUF (Prop_ibuf_I_O)         0.253     0.253 r  pll.clk_pll/inst/clkin1_ibufg/O
                         net (fo=1, routed)           0.565     0.818    pll.clk_pll/inst/clk_in1_clk_pll
    PLLE2_ADV_X0Y2       PLLE2_ADV (Prop_plle2_adv_CLKIN1_CLKOUT0)
                                                     -2.523    -1.705 r  pll.clk_pll/inst/plle2_adv_inst/CLKOUT0
                         net (fo=1, routed)           0.560    -1.146    pll.clk_pll/inst/cpu_clk_clk_pll
    BUFGCTRL_X0Y0        BUFG (Prop_bufg_I_O)         0.026    -1.120 r  pll.clk_pll/inst/clkout1_buf/O
                         net (fo=12170, routed)       0.681    -0.438    u_confreg/cpu_clk
    SLICE_X8Y73          FDRE                                         r  u_confreg/num_data_reg[20]_lopt_replica/C
  -------------------------------------------------------------------    -------------------
    SLICE_X8Y73          FDRE (Prop_fdre_C_Q)         0.164    -0.274 r  u_confreg/num_data_reg[20]_lopt_replica/Q
                         net (fo=1, routed)           0.495     0.220    lopt_32
    V21                  OBUF (Prop_obuf_I_O)         1.223     1.443 r  num_data_OBUF[20]_inst/O
                         net (fo=0)                   0.000     1.443    num_data[20]
    V21                                                               r  num_data[20] (OUT)
  -------------------------------------------------------------------    -------------------

Slack:                    inf
  Source:                 u_confreg/num_data_reg[15]_lopt_replica/C
                            (rising edge-triggered cell FDRE clocked by cpu_clk_clk_pll  {rise@0.000ns fall@16.667ns period=33.333ns})
  Destination:            num_data[15]
                            (output port)
  Path Group:             (none)
  Path Type:              Min at Fast Process Corner
  Data Path Delay:        1.886ns  (logic 1.416ns (75.087%)  route 0.470ns (24.913%))
  Logic Levels:           1  (OBUF=1)
  Clock Uncertainty:      0.197ns  ((TSJ^2 + DJ^2)^1/2) / 2 + PE
    Total System Jitter     (TSJ):    0.050ns
    Discrete Jitter          (DJ):    0.177ns
    Phase Error              (PE):    0.105ns

    Location             Delay type                Incr(ns)  Path(ns)    Netlist Resource(s)
  -------------------------------------------------------------------    -------------------
                         (clock cpu_clk_clk_pll rise edge)
                                                      0.000     0.000 r  
    AC19                                              0.000     0.000 r  clk (IN)
                         net (fo=0)                   0.000     0.000    pll.clk_pll/inst/clk_in1
    AC19                 IBUF (Prop_ibuf_I_O)         0.253     0.253 r  pll.clk_pll/inst/clkin1_ibufg/O
                         net (fo=1, routed)           0.565     0.818    pll.clk_pll/inst/clk_in1_clk_pll
    PLLE2_ADV_X0Y2       PLLE2_ADV (Prop_plle2_adv_CLKIN1_CLKOUT0)
                                                     -2.523    -1.705 r  pll.clk_pll/inst/plle2_adv_inst/CLKOUT0
                         net (fo=1, routed)           0.560    -1.146    pll.clk_pll/inst/cpu_clk_clk_pll
    BUFGCTRL_X0Y0        BUFG (Prop_bufg_I_O)         0.026    -1.120 r  pll.clk_pll/inst/clkout1_buf/O
                         net (fo=12170, routed)       0.683    -0.436    u_confreg/cpu_clk
    SLICE_X8Y77          FDRE                                         r  u_confreg/num_data_reg[15]_lopt_replica/C
  -------------------------------------------------------------------    -------------------
    SLICE_X8Y77          FDRE (Prop_fdre_C_Q)         0.164    -0.272 r  u_confreg/num_data_reg[15]_lopt_replica/Q
                         net (fo=1, routed)           0.470     0.198    lopt_26
    Y22                  OBUF (Prop_obuf_I_O)         1.252     1.450 r  num_data_OBUF[15]_inst/O
                         net (fo=0)                   0.000     1.450    num_data[15]
    Y22                                                               r  num_data[15] (OUT)
  -------------------------------------------------------------------    -------------------

Slack:                    inf
  Source:                 u_confreg/num_data_reg[17]_lopt_replica/C
                            (rising edge-triggered cell FDRE clocked by cpu_clk_clk_pll  {rise@0.000ns fall@16.667ns period=33.333ns})
  Destination:            num_data[17]
                            (output port)
  Path Group:             (none)
  Path Type:              Min at Fast Process Corner
  Data Path Delay:        1.891ns  (logic 1.421ns (75.153%)  route 0.470ns (24.847%))
  Logic Levels:           1  (OBUF=1)
  Clock Uncertainty:      0.197ns  ((TSJ^2 + DJ^2)^1/2) / 2 + PE
    Total System Jitter     (TSJ):    0.050ns
    Discrete Jitter          (DJ):    0.177ns
    Phase Error              (PE):    0.105ns

    Location             Delay type                Incr(ns)  Path(ns)    Netlist Resource(s)
  -------------------------------------------------------------------    -------------------
                         (clock cpu_clk_clk_pll rise edge)
                                                      0.000     0.000 r  
    AC19                                              0.000     0.000 r  clk (IN)
                         net (fo=0)                   0.000     0.000    pll.clk_pll/inst/clk_in1
    AC19                 IBUF (Prop_ibuf_I_O)         0.253     0.253 r  pll.clk_pll/inst/clkin1_ibufg/O
                         net (fo=1, routed)           0.565     0.818    pll.clk_pll/inst/clk_in1_clk_pll
    PLLE2_ADV_X0Y2       PLLE2_ADV (Prop_plle2_adv_CLKIN1_CLKOUT0)
                                                     -2.523    -1.705 r  pll.clk_pll/inst/plle2_adv_inst/CLKOUT0
                         net (fo=1, routed)           0.560    -1.146    pll.clk_pll/inst/cpu_clk_clk_pll
    BUFGCTRL_X0Y0        BUFG (Prop_bufg_I_O)         0.026    -1.120 r  pll.clk_pll/inst/clkout1_buf/O
                         net (fo=12170, routed)       0.680    -0.439    u_confreg/cpu_clk
    SLICE_X8Y75          FDRE                                         r  u_confreg/num_data_reg[17]_lopt_replica/C
  -------------------------------------------------------------------    -------------------
    SLICE_X8Y75          FDRE (Prop_fdre_C_Q)         0.164    -0.275 r  u_confreg/num_data_reg[17]_lopt_replica/Q
                         net (fo=1, routed)           0.470     0.195    lopt_28
    U22                  OBUF (Prop_obuf_I_O)         1.257     1.452 r  num_data_OBUF[17]_inst/O
                         net (fo=0)                   0.000     1.452    num_data[17]
    U22                                                               r  num_data[17] (OUT)
  -------------------------------------------------------------------    -------------------

Slack:                    inf
  Source:                 u_confreg/num_data_reg[23]_lopt_replica/C
                            (rising edge-triggered cell FDRE clocked by cpu_clk_clk_pll  {rise@0.000ns fall@16.667ns period=33.333ns})
  Destination:            num_data[23]
                            (output port)
  Path Group:             (none)
  Path Type:              Min at Fast Process Corner
  Data Path Delay:        1.886ns  (logic 1.356ns (71.900%)  route 0.530ns (28.100%))
  Logic Levels:           1  (OBUF=1)
  Clock Uncertainty:      0.197ns  ((TSJ^2 + DJ^2)^1/2) / 2 + PE
    Total System Jitter     (TSJ):    0.050ns
    Discrete Jitter          (DJ):    0.177ns
    Phase Error              (PE):    0.105ns

    Location             Delay type                Incr(ns)  Path(ns)    Netlist Resource(s)
  -------------------------------------------------------------------    -------------------
                         (clock cpu_clk_clk_pll rise edge)
                                                      0.000     0.000 r  
    AC19                                              0.000     0.000 r  clk (IN)
                         net (fo=0)                   0.000     0.000    pll.clk_pll/inst/clk_in1
    AC19                 IBUF (Prop_ibuf_I_O)         0.253     0.253 r  pll.clk_pll/inst/clkin1_ibufg/O
                         net (fo=1, routed)           0.565     0.818    pll.clk_pll/inst/clk_in1_clk_pll
    PLLE2_ADV_X0Y2       PLLE2_ADV (Prop_plle2_adv_CLKIN1_CLKOUT0)
                                                     -2.523    -1.705 r  pll.clk_pll/inst/plle2_adv_inst/CLKOUT0
                         net (fo=1, routed)           0.560    -1.146    pll.clk_pll/inst/cpu_clk_clk_pll
    BUFGCTRL_X0Y0        BUFG (Prop_bufg_I_O)         0.026    -1.120 r  pll.clk_pll/inst/clkout1_buf/O
                         net (fo=12170, routed)       0.692    -0.427    u_confreg/cpu_clk
    SLICE_X9Y58          FDRE                                         r  u_confreg/num_data_reg[23]_lopt_replica/C
  -------------------------------------------------------------------    -------------------
    SLICE_X9Y58          FDRE (Prop_fdre_C_Q)         0.141    -0.286 r  u_confreg/num_data_reg[23]_lopt_replica/Q
                         net (fo=1, routed)           0.530     0.244    lopt_35
    U15                  OBUF (Prop_obuf_I_O)         1.215     1.459 r  num_data_OBUF[23]_inst/O
                         net (fo=0)                   0.000     1.459    num_data[23]
    U15                                                               r  num_data[23] (OUT)
  -------------------------------------------------------------------    -------------------





--------------------------------------------------------------------------------------
Path Group:  (none)
From Clock:  
  To Clock:  cpu_clk_clk_pll

Max Delay           191 Endpoints
Min Delay           191 Endpoints
--------------------------------------------------------------------------------------


Max Delay Paths
--------------------------------------------------------------------------------------
Slack:                    inf
  Source:                 btn_key_row[2]
                            (input port)
  Destination:            u_confreg/btn_key_r_reg[14]/D
                            (rising edge-triggered cell FDRE clocked by cpu_clk_clk_pll  {rise@0.000ns fall@16.667ns period=33.333ns})
  Path Group:             (none)
  Path Type:              Setup (Max at Slow Process Corner)
  Data Path Delay:        12.698ns  (logic 2.520ns (19.842%)  route 10.179ns (80.158%))
  Logic Levels:           6  (IBUF=1 LUT2=1 LUT4=1 LUT6=3)
  Clock Path Skew:        -1.946ns (DCD - SCD + CPR)
    Destination Clock Delay (DCD):    -1.946ns
    Source Clock Delay      (SCD):    0.000ns
    Clock Pessimism Removal (CPR):    0.000ns
  Clock Uncertainty:      0.197ns  ((TSJ^2 + DJ^2)^1/2) / 2 + PE
    Total System Jitter     (TSJ):    0.050ns
    Discrete Jitter          (DJ):    0.177ns
    Phase Error              (PE):    0.105ns

    Location             Delay type                Incr(ns)  Path(ns)    Netlist Resource(s)
  -------------------------------------------------------------------    -------------------
    Y7                                                0.000     0.000 f  btn_key_row[2] (IN)
                         net (fo=0)                   0.000     0.000    btn_key_row[2]
    Y7                   IBUF (Prop_ibuf_I_O)         1.474     1.474 f  btn_key_row_IBUF[2]_inst/O
                         net (fo=31, routed)          6.998     8.472    u_confreg/btn_key_row_IBUF[2]
    SLICE_X69Y125        LUT4 (Prop_lut4_I0_O)        0.152     8.624 f  u_confreg/FSM_onehot_state[1]_i_3/O
                         net (fo=4, routed)           0.185     8.808    u_confreg/FSM_onehot_state[1]_i_3_n_0
    SLICE_X69Y125        LUT6 (Prop_lut6_I4_O)        0.326     9.134 r  u_confreg/FSM_onehot_state[1]_i_1/O
                         net (fo=3, routed)           1.251    10.385    u_confreg/FSM_onehot_state[1]_i_1_n_0
    SLICE_X71Y125        LUT6 (Prop_lut6_I2_O)        0.124    10.509 f  u_confreg/btn_key_r[13]_i_3/O
                         net (fo=13, routed)          0.528    11.037    u_confreg/btn_key_r[13]_i_3_n_0
    SLICE_X71Y125        LUT2 (Prop_lut2_I1_O)        0.118    11.155 f  u_confreg/btn_key_r[15]_i_2/O
                         net (fo=7, routed)           1.217    12.372    u_confreg/btn_key_r[15]_i_2_n_0
    SLICE_X72Y127        LUT6 (Prop_lut6_I5_O)        0.326    12.698 r  u_confreg/btn_key_r[14]_i_1/O
                         net (fo=1, routed)           0.000    12.698    u_confreg/btn_key_r[14]_i_1_n_0
    SLICE_X72Y127        FDRE                                         r  u_confreg/btn_key_r_reg[14]/D
  -------------------------------------------------------------------    -------------------

                         (clock cpu_clk_clk_pll rise edge)
                                                      0.000     0.000 r  
    AC19                                              0.000     0.000 r  clk (IN)
                         net (fo=0)                   0.000     0.000    pll.clk_pll/inst/clk_in1
    AC19                 IBUF (Prop_ibuf_I_O)         1.414     1.414 r  pll.clk_pll/inst/clkin1_ibufg/O
                         net (fo=1, routed)           1.531     2.945    pll.clk_pll/inst/clk_in1_clk_pll
    PLLE2_ADV_X0Y2       PLLE2_ADV (Prop_plle2_adv_CLKIN1_CLKOUT0)
                                                     -8.262    -5.316 r  pll.clk_pll/inst/plle2_adv_inst/CLKOUT0
                         net (fo=1, routed)           1.755    -3.561    pll.clk_pll/inst/cpu_clk_clk_pll
    BUFGCTRL_X0Y0        BUFG (Prop_bufg_I_O)         0.091    -3.470 r  pll.clk_pll/inst/clkout1_buf/O
                         net (fo=12170, routed)       1.524    -1.946    u_confreg/cpu_clk
    SLICE_X72Y127        FDRE                                         r  u_confreg/btn_key_r_reg[14]/C

Slack:                    inf
  Source:                 btn_key_row[2]
                            (input port)
  Destination:            u_confreg/btn_key_r_reg[10]/D
                            (rising edge-triggered cell FDRE clocked by cpu_clk_clk_pll  {rise@0.000ns fall@16.667ns period=33.333ns})
  Path Group:             (none)
  Path Type:              Setup (Max at Slow Process Corner)
  Data Path Delay:        12.643ns  (logic 2.520ns (19.929%)  route 10.124ns (80.071%))
  Logic Levels:           6  (IBUF=1 LUT2=1 LUT4=1 LUT6=3)
  Clock Path Skew:        -1.944ns (DCD - SCD + CPR)
    Destination Clock Delay (DCD):    -1.944ns
    Source Clock Delay      (SCD):    0.000ns
    Clock Pessimism Removal (CPR):    0.000ns
  Clock Uncertainty:      0.197ns  ((TSJ^2 + DJ^2)^1/2) / 2 + PE
    Total System Jitter     (TSJ):    0.050ns
    Discrete Jitter          (DJ):    0.177ns
    Phase Error              (PE):    0.105ns

    Location             Delay type                Incr(ns)  Path(ns)    Netlist Resource(s)
  -------------------------------------------------------------------    -------------------
    Y7                                                0.000     0.000 f  btn_key_row[2] (IN)
                         net (fo=0)                   0.000     0.000    btn_key_row[2]
    Y7                   IBUF (Prop_ibuf_I_O)         1.474     1.474 f  btn_key_row_IBUF[2]_inst/O
                         net (fo=31, routed)          6.998     8.472    u_confreg/btn_key_row_IBUF[2]
    SLICE_X69Y125        LUT4 (Prop_lut4_I0_O)        0.152     8.624 f  u_confreg/FSM_onehot_state[1]_i_3/O
                         net (fo=4, routed)           0.185     8.808    u_confreg/FSM_onehot_state[1]_i_3_n_0
    SLICE_X69Y125        LUT6 (Prop_lut6_I4_O)        0.326     9.134 r  u_confreg/FSM_onehot_state[1]_i_1/O
                         net (fo=3, routed)           1.251    10.385    u_confreg/FSM_onehot_state[1]_i_1_n_0
    SLICE_X71Y125        LUT6 (Prop_lut6_I2_O)        0.124    10.509 f  u_confreg/btn_key_r[13]_i_3/O
                         net (fo=13, routed)          0.528    11.037    u_confreg/btn_key_r[13]_i_3_n_0
    SLICE_X71Y125        LUT2 (Prop_lut2_I1_O)        0.118    11.155 f  u_confreg/btn_key_r[15]_i_2/O
                         net (fo=7, routed)           1.162    12.317    u_confreg/btn_key_r[15]_i_2_n_0
    SLICE_X71Y128        LUT6 (Prop_lut6_I5_O)        0.326    12.643 r  u_confreg/btn_key_r[10]_i_1/O
                         net (fo=1, routed)           0.000    12.643    u_confreg/btn_key_r[10]_i_1_n_0
    SLICE_X71Y128        FDRE                                         r  u_confreg/btn_key_r_reg[10]/D
  -------------------------------------------------------------------    -------------------

                         (clock cpu_clk_clk_pll rise edge)
                                                      0.000     0.000 r  
    AC19                                              0.000     0.000 r  clk (IN)
                         net (fo=0)                   0.000     0.000    pll.clk_pll/inst/clk_in1
    AC19                 IBUF (Prop_ibuf_I_O)         1.414     1.414 r  pll.clk_pll/inst/clkin1_ibufg/O
                         net (fo=1, routed)           1.531     2.945    pll.clk_pll/inst/clk_in1_clk_pll
    PLLE2_ADV_X0Y2       PLLE2_ADV (Prop_plle2_adv_CLKIN1_CLKOUT0)
                                                     -8.262    -5.316 r  pll.clk_pll/inst/plle2_adv_inst/CLKOUT0
                         net (fo=1, routed)           1.755    -3.561    pll.clk_pll/inst/cpu_clk_clk_pll
    BUFGCTRL_X0Y0        BUFG (Prop_bufg_I_O)         0.091    -3.470 r  pll.clk_pll/inst/clkout1_buf/O
                         net (fo=12170, routed)       1.526    -1.944    u_confreg/cpu_clk
    SLICE_X71Y128        FDRE                                         r  u_confreg/btn_key_r_reg[10]/C

Slack:                    inf
  Source:                 btn_key_row[2]
                            (input port)
  Destination:            u_confreg/btn_key_r_reg[11]/D
                            (rising edge-triggered cell FDRE clocked by cpu_clk_clk_pll  {rise@0.000ns fall@16.667ns period=33.333ns})
  Path Group:             (none)
  Path Type:              Setup (Max at Slow Process Corner)
  Data Path Delay:        12.642ns  (logic 2.520ns (19.930%)  route 10.123ns (80.070%))
  Logic Levels:           6  (IBUF=1 LUT2=1 LUT4=2 LUT6=2)
  Clock Path Skew:        -1.944ns (DCD - SCD + CPR)
    Destination Clock Delay (DCD):    -1.944ns
    Source Clock Delay      (SCD):    0.000ns
    Clock Pessimism Removal (CPR):    0.000ns
  Clock Uncertainty:      0.197ns  ((TSJ^2 + DJ^2)^1/2) / 2 + PE
    Total System Jitter     (TSJ):    0.050ns
    Discrete Jitter          (DJ):    0.177ns
    Phase Error              (PE):    0.105ns

    Location             Delay type                Incr(ns)  Path(ns)    Netlist Resource(s)
  -------------------------------------------------------------------    -------------------
    Y7                                                0.000     0.000 f  btn_key_row[2] (IN)
                         net (fo=0)                   0.000     0.000    btn_key_row[2]
    Y7                   IBUF (Prop_ibuf_I_O)         1.474     1.474 f  btn_key_row_IBUF[2]_inst/O
                         net (fo=31, routed)          6.998     8.472    u_confreg/btn_key_row_IBUF[2]
    SLICE_X69Y125        LUT4 (Prop_lut4_I0_O)        0.152     8.624 f  u_confreg/FSM_onehot_state[1]_i_3/O
                         net (fo=4, routed)           0.185     8.808    u_confreg/FSM_onehot_state[1]_i_3_n_0
    SLICE_X69Y125        LUT6 (Prop_lut6_I4_O)        0.326     9.134 r  u_confreg/FSM_onehot_state[1]_i_1/O
                         net (fo=3, routed)           1.251    10.385    u_confreg/FSM_onehot_state[1]_i_1_n_0
    SLICE_X71Y125        LUT6 (Prop_lut6_I2_O)        0.124    10.509 f  u_confreg/btn_key_r[13]_i_3/O
                         net (fo=13, routed)          0.528    11.037    u_confreg/btn_key_r[13]_i_3_n_0
    SLICE_X71Y125        LUT2 (Prop_lut2_I1_O)        0.118    11.155 f  u_confreg/btn_key_r[15]_i_2/O
                         net (fo=7, routed)           1.161    12.316    u_confreg/btn_key_r[15]_i_2_n_0
    SLICE_X71Y128        LUT4 (Prop_lut4_I0_O)        0.326    12.642 r  u_confreg/btn_key_r[11]_i_1/O
                         net (fo=1, routed)           0.000    12.642    u_confreg/btn_key_r[11]_i_1_n_0
    SLICE_X71Y128        FDRE                                         r  u_confreg/btn_key_r_reg[11]/D
  -------------------------------------------------------------------    -------------------

                         (clock cpu_clk_clk_pll rise edge)
                                                      0.000     0.000 r  
    AC19                                              0.000     0.000 r  clk (IN)
                         net (fo=0)                   0.000     0.000    pll.clk_pll/inst/clk_in1
    AC19                 IBUF (Prop_ibuf_I_O)         1.414     1.414 r  pll.clk_pll/inst/clkin1_ibufg/O
                         net (fo=1, routed)           1.531     2.945    pll.clk_pll/inst/clk_in1_clk_pll
    PLLE2_ADV_X0Y2       PLLE2_ADV (Prop_plle2_adv_CLKIN1_CLKOUT0)
                                                     -8.262    -5.316 r  pll.clk_pll/inst/plle2_adv_inst/CLKOUT0
                         net (fo=1, routed)           1.755    -3.561    pll.clk_pll/inst/cpu_clk_clk_pll
    BUFGCTRL_X0Y0        BUFG (Prop_bufg_I_O)         0.091    -3.470 r  pll.clk_pll/inst/clkout1_buf/O
                         net (fo=12170, routed)       1.526    -1.944    u_confreg/cpu_clk
    SLICE_X71Y128        FDRE                                         r  u_confreg/btn_key_r_reg[11]/C

Slack:                    inf
  Source:                 btn_key_row[2]
                            (input port)
  Destination:            u_confreg/btn_key_r_reg[15]/D
                            (rising edge-triggered cell FDRE clocked by cpu_clk_clk_pll  {rise@0.000ns fall@16.667ns period=33.333ns})
  Path Group:             (none)
  Path Type:              Setup (Max at Slow Process Corner)
  Data Path Delay:        12.489ns  (logic 2.520ns (20.175%)  route 9.969ns (79.825%))
  Logic Levels:           6  (IBUF=1 LUT2=1 LUT4=1 LUT6=3)
  Clock Path Skew:        -1.944ns (DCD - SCD + CPR)
    Destination Clock Delay (DCD):    -1.944ns
    Source Clock Delay      (SCD):    0.000ns
    Clock Pessimism Removal (CPR):    0.000ns
  Clock Uncertainty:      0.197ns  ((TSJ^2 + DJ^2)^1/2) / 2 + PE
    Total System Jitter     (TSJ):    0.050ns
    Discrete Jitter          (DJ):    0.177ns
    Phase Error              (PE):    0.105ns

    Location             Delay type                Incr(ns)  Path(ns)    Netlist Resource(s)
  -------------------------------------------------------------------    -------------------
    Y7                                                0.000     0.000 f  btn_key_row[2] (IN)
                         net (fo=0)                   0.000     0.000    btn_key_row[2]
    Y7                   IBUF (Prop_ibuf_I_O)         1.474     1.474 f  btn_key_row_IBUF[2]_inst/O
                         net (fo=31, routed)          6.998     8.472    u_confreg/btn_key_row_IBUF[2]
    SLICE_X69Y125        LUT4 (Prop_lut4_I0_O)        0.152     8.624 f  u_confreg/FSM_onehot_state[1]_i_3/O
                         net (fo=4, routed)           0.185     8.808    u_confreg/FSM_onehot_state[1]_i_3_n_0
    SLICE_X69Y125        LUT6 (Prop_lut6_I4_O)        0.326     9.134 r  u_confreg/FSM_onehot_state[1]_i_1/O
                         net (fo=3, routed)           1.251    10.385    u_confreg/FSM_onehot_state[1]_i_1_n_0
    SLICE_X71Y125        LUT6 (Prop_lut6_I2_O)        0.124    10.509 f  u_confreg/btn_key_r[13]_i_3/O
                         net (fo=13, routed)          0.528    11.037    u_confreg/btn_key_r[13]_i_3_n_0
    SLICE_X71Y125        LUT2 (Prop_lut2_I1_O)        0.118    11.155 f  u_confreg/btn_key_r[15]_i_2/O
                         net (fo=7, routed)           1.008    12.163    u_confreg/btn_key_r[15]_i_2_n_0
    SLICE_X72Y128        LUT6 (Prop_lut6_I0_O)        0.326    12.489 r  u_confreg/btn_key_r[15]_i_1/O
                         net (fo=1, routed)           0.000    12.489    u_confreg/btn_key_r[15]_i_1_n_0
    SLICE_X72Y128        FDRE                                         r  u_confreg/btn_key_r_reg[15]/D
  -------------------------------------------------------------------    -------------------

                         (clock cpu_clk_clk_pll rise edge)
                                                      0.000     0.000 r  
    AC19                                              0.000     0.000 r  clk (IN)
                         net (fo=0)                   0.000     0.000    pll.clk_pll/inst/clk_in1
    AC19                 IBUF (Prop_ibuf_I_O)         1.414     1.414 r  pll.clk_pll/inst/clkin1_ibufg/O
                         net (fo=1, routed)           1.531     2.945    pll.clk_pll/inst/clk_in1_clk_pll
    PLLE2_ADV_X0Y2       PLLE2_ADV (Prop_plle2_adv_CLKIN1_CLKOUT0)
                                                     -8.262    -5.316 r  pll.clk_pll/inst/plle2_adv_inst/CLKOUT0
                         net (fo=1, routed)           1.755    -3.561    pll.clk_pll/inst/cpu_clk_clk_pll
    BUFGCTRL_X0Y0        BUFG (Prop_bufg_I_O)         0.091    -3.470 r  pll.clk_pll/inst/clkout1_buf/O
                         net (fo=12170, routed)       1.526    -1.944    u_confreg/cpu_clk
    SLICE_X72Y128        FDRE                                         r  u_confreg/btn_key_r_reg[15]/C

Slack:                    inf
  Source:                 btn_key_row[2]
                            (input port)
  Destination:            u_confreg/btn_key_r_reg[3]/D
                            (rising edge-triggered cell FDRE clocked by cpu_clk_clk_pll  {rise@0.000ns fall@16.667ns period=33.333ns})
  Path Group:             (none)
  Path Type:              Setup (Max at Slow Process Corner)
  Data Path Delay:        12.484ns  (logic 2.520ns (20.183%)  route 9.964ns (79.817%))
  Logic Levels:           6  (IBUF=1 LUT2=1 LUT4=1 LUT6=3)
  Clock Path Skew:        -1.946ns (DCD - SCD + CPR)
    Destination Clock Delay (DCD):    -1.946ns
    Source Clock Delay      (SCD):    0.000ns
    Clock Pessimism Removal (CPR):    0.000ns
  Clock Uncertainty:      0.197ns  ((TSJ^2 + DJ^2)^1/2) / 2 + PE
    Total System Jitter     (TSJ):    0.050ns
    Discrete Jitter          (DJ):    0.177ns
    Phase Error              (PE):    0.105ns

    Location             Delay type                Incr(ns)  Path(ns)    Netlist Resource(s)
  -------------------------------------------------------------------    -------------------
    Y7                                                0.000     0.000 f  btn_key_row[2] (IN)
                         net (fo=0)                   0.000     0.000    btn_key_row[2]
    Y7                   IBUF (Prop_ibuf_I_O)         1.474     1.474 f  btn_key_row_IBUF[2]_inst/O
                         net (fo=31, routed)          6.998     8.472    u_confreg/btn_key_row_IBUF[2]
    SLICE_X69Y125        LUT4 (Prop_lut4_I0_O)        0.152     8.624 f  u_confreg/FSM_onehot_state[1]_i_3/O
                         net (fo=4, routed)           0.185     8.808    u_confreg/FSM_onehot_state[1]_i_3_n_0
    SLICE_X69Y125        LUT6 (Prop_lut6_I4_O)        0.326     9.134 r  u_confreg/FSM_onehot_state[1]_i_1/O
                         net (fo=3, routed)           1.251    10.385    u_confreg/FSM_onehot_state[1]_i_1_n_0
    SLICE_X71Y125        LUT6 (Prop_lut6_I2_O)        0.124    10.509 f  u_confreg/btn_key_r[13]_i_3/O
                         net (fo=13, routed)          0.528    11.037    u_confreg/btn_key_r[13]_i_3_n_0
    SLICE_X71Y125        LUT2 (Prop_lut2_I1_O)        0.118    11.155 f  u_confreg/btn_key_r[15]_i_2/O
                         net (fo=7, routed)           1.003    12.158    u_confreg/btn_key_r[15]_i_2_n_0
    SLICE_X72Y127        LUT6 (Prop_lut6_I0_O)        0.326    12.484 r  u_confreg/btn_key_r[3]_i_1/O
                         net (fo=1, routed)           0.000    12.484    u_confreg/btn_key_r[3]_i_1_n_0
    SLICE_X72Y127        FDRE                                         r  u_confreg/btn_key_r_reg[3]/D
  -------------------------------------------------------------------    -------------------

                         (clock cpu_clk_clk_pll rise edge)
                                                      0.000     0.000 r  
    AC19                                              0.000     0.000 r  clk (IN)
                         net (fo=0)                   0.000     0.000    pll.clk_pll/inst/clk_in1
    AC19                 IBUF (Prop_ibuf_I_O)         1.414     1.414 r  pll.clk_pll/inst/clkin1_ibufg/O
                         net (fo=1, routed)           1.531     2.945    pll.clk_pll/inst/clk_in1_clk_pll
    PLLE2_ADV_X0Y2       PLLE2_ADV (Prop_plle2_adv_CLKIN1_CLKOUT0)
                                                     -8.262    -5.316 r  pll.clk_pll/inst/plle2_adv_inst/CLKOUT0
                         net (fo=1, routed)           1.755    -3.561    pll.clk_pll/inst/cpu_clk_clk_pll
    BUFGCTRL_X0Y0        BUFG (Prop_bufg_I_O)         0.091    -3.470 r  pll.clk_pll/inst/clkout1_buf/O
                         net (fo=12170, routed)       1.524    -1.946    u_confreg/cpu_clk
    SLICE_X72Y127        FDRE                                         r  u_confreg/btn_key_r_reg[3]/C

Slack:                    inf
  Source:                 btn_key_row[2]
                            (input port)
  Destination:            u_confreg/btn_key_r_reg[7]/D
                            (rising edge-triggered cell FDRE clocked by cpu_clk_clk_pll  {rise@0.000ns fall@16.667ns period=33.333ns})
  Path Group:             (none)
  Path Type:              Setup (Max at Slow Process Corner)
  Data Path Delay:        12.469ns  (logic 2.520ns (20.207%)  route 9.949ns (79.793%))
  Logic Levels:           6  (IBUF=1 LUT2=1 LUT4=1 LUT6=3)
  Clock Path Skew:        -1.947ns (DCD - SCD + CPR)
    Destination Clock Delay (DCD):    -1.947ns
    Source Clock Delay      (SCD):    0.000ns
    Clock Pessimism Removal (CPR):    0.000ns
  Clock Uncertainty:      0.197ns  ((TSJ^2 + DJ^2)^1/2) / 2 + PE
    Total System Jitter     (TSJ):    0.050ns
    Discrete Jitter          (DJ):    0.177ns
    Phase Error              (PE):    0.105ns

    Location             Delay type                Incr(ns)  Path(ns)    Netlist Resource(s)
  -------------------------------------------------------------------    -------------------
    Y7                                                0.000     0.000 f  btn_key_row[2] (IN)
                         net (fo=0)                   0.000     0.000    btn_key_row[2]
    Y7                   IBUF (Prop_ibuf_I_O)         1.474     1.474 f  btn_key_row_IBUF[2]_inst/O
                         net (fo=31, routed)          6.998     8.472    u_confreg/btn_key_row_IBUF[2]
    SLICE_X69Y125        LUT4 (Prop_lut4_I0_O)        0.152     8.624 f  u_confreg/FSM_onehot_state[1]_i_3/O
                         net (fo=4, routed)           0.185     8.808    u_confreg/FSM_onehot_state[1]_i_3_n_0
    SLICE_X69Y125        LUT6 (Prop_lut6_I4_O)        0.326     9.134 r  u_confreg/FSM_onehot_state[1]_i_1/O
                         net (fo=3, routed)           1.251    10.385    u_confreg/FSM_onehot_state[1]_i_1_n_0
    SLICE_X71Y125        LUT6 (Prop_lut6_I2_O)        0.124    10.509 f  u_confreg/btn_key_r[13]_i_3/O
                         net (fo=13, routed)          0.528    11.037    u_confreg/btn_key_r[13]_i_3_n_0
    SLICE_X71Y125        LUT2 (Prop_lut2_I1_O)        0.118    11.155 f  u_confreg/btn_key_r[15]_i_2/O
                         net (fo=7, routed)           0.988    12.143    u_confreg/btn_key_r[15]_i_2_n_0
    SLICE_X71Y126        LUT6 (Prop_lut6_I0_O)        0.326    12.469 r  u_confreg/btn_key_r[7]_i_1/O
                         net (fo=1, routed)           0.000    12.469    u_confreg/btn_key_r[7]_i_1_n_0
    SLICE_X71Y126        FDRE                                         r  u_confreg/btn_key_r_reg[7]/D
  -------------------------------------------------------------------    -------------------

                         (clock cpu_clk_clk_pll rise edge)
                                                      0.000     0.000 r  
    AC19                                              0.000     0.000 r  clk (IN)
                         net (fo=0)                   0.000     0.000    pll.clk_pll/inst/clk_in1
    AC19                 IBUF (Prop_ibuf_I_O)         1.414     1.414 r  pll.clk_pll/inst/clkin1_ibufg/O
                         net (fo=1, routed)           1.531     2.945    pll.clk_pll/inst/clk_in1_clk_pll
    PLLE2_ADV_X0Y2       PLLE2_ADV (Prop_plle2_adv_CLKIN1_CLKOUT0)
                                                     -8.262    -5.316 r  pll.clk_pll/inst/plle2_adv_inst/CLKOUT0
                         net (fo=1, routed)           1.755    -3.561    pll.clk_pll/inst/cpu_clk_clk_pll
    BUFGCTRL_X0Y0        BUFG (Prop_bufg_I_O)         0.091    -3.470 r  pll.clk_pll/inst/clkout1_buf/O
                         net (fo=12170, routed)       1.523    -1.947    u_confreg/cpu_clk
    SLICE_X71Y126        FDRE                                         r  u_confreg/btn_key_r_reg[7]/C

Slack:                    inf
  Source:                 btn_key_row[2]
                            (input port)
  Destination:            u_confreg/btn_key_r_reg[6]/D
                            (rising edge-triggered cell FDRE clocked by cpu_clk_clk_pll  {rise@0.000ns fall@16.667ns period=33.333ns})
  Path Group:             (none)
  Path Type:              Setup (Max at Slow Process Corner)
  Data Path Delay:        12.428ns  (logic 2.324ns (18.698%)  route 10.104ns (81.302%))
  Logic Levels:           6  (IBUF=1 LUT4=1 LUT5=1 LUT6=3)
  Clock Path Skew:        -1.947ns (DCD - SCD + CPR)
    Destination Clock Delay (DCD):    -1.947ns
    Source Clock Delay      (SCD):    0.000ns
    Clock Pessimism Removal (CPR):    0.000ns
  Clock Uncertainty:      0.197ns  ((TSJ^2 + DJ^2)^1/2) / 2 + PE
    Total System Jitter     (TSJ):    0.050ns
    Discrete Jitter          (DJ):    0.177ns
    Phase Error              (PE):    0.105ns

    Location             Delay type                Incr(ns)  Path(ns)    Netlist Resource(s)
  -------------------------------------------------------------------    -------------------
    Y7                                                0.000     0.000 f  btn_key_row[2] (IN)
                         net (fo=0)                   0.000     0.000    btn_key_row[2]
    Y7                   IBUF (Prop_ibuf_I_O)         1.474     1.474 f  btn_key_row_IBUF[2]_inst/O
                         net (fo=31, routed)          6.998     8.472    u_confreg/btn_key_row_IBUF[2]
    SLICE_X69Y125        LUT4 (Prop_lut4_I0_O)        0.152     8.624 f  u_confreg/FSM_onehot_state[1]_i_3/O
                         net (fo=4, routed)           0.185     8.808    u_confreg/FSM_onehot_state[1]_i_3_n_0
    SLICE_X69Y125        LUT6 (Prop_lut6_I4_O)        0.326     9.134 r  u_confreg/FSM_onehot_state[1]_i_1/O
                         net (fo=3, routed)           1.251    10.385    u_confreg/FSM_onehot_state[1]_i_1_n_0
    SLICE_X71Y125        LUT6 (Prop_lut6_I2_O)        0.124    10.509 f  u_confreg/btn_key_r[13]_i_3/O
                         net (fo=13, routed)          1.084    11.593    u_confreg/btn_key_r[13]_i_3_n_0
    SLICE_X71Y126        LUT5 (Prop_lut5_I2_O)        0.124    11.717 f  u_confreg/btn_key_r[6]_i_3/O
                         net (fo=1, routed)           0.586    12.304    u_confreg/btn_key_r[6]_i_3_n_0
    SLICE_X72Y126        LUT6 (Prop_lut6_I4_O)        0.124    12.428 r  u_confreg/btn_key_r[6]_i_1/O
                         net (fo=1, routed)           0.000    12.428    u_confreg/btn_key_r[6]_i_1_n_0
    SLICE_X72Y126        FDRE                                         r  u_confreg/btn_key_r_reg[6]/D
  -------------------------------------------------------------------    -------------------

                         (clock cpu_clk_clk_pll rise edge)
                                                      0.000     0.000 r  
    AC19                                              0.000     0.000 r  clk (IN)
                         net (fo=0)                   0.000     0.000    pll.clk_pll/inst/clk_in1
    AC19                 IBUF (Prop_ibuf_I_O)         1.414     1.414 r  pll.clk_pll/inst/clkin1_ibufg/O
                         net (fo=1, routed)           1.531     2.945    pll.clk_pll/inst/clk_in1_clk_pll
    PLLE2_ADV_X0Y2       PLLE2_ADV (Prop_plle2_adv_CLKIN1_CLKOUT0)
                                                     -8.262    -5.316 r  pll.clk_pll/inst/plle2_adv_inst/CLKOUT0
                         net (fo=1, routed)           1.755    -3.561    pll.clk_pll/inst/cpu_clk_clk_pll
    BUFGCTRL_X0Y0        BUFG (Prop_bufg_I_O)         0.091    -3.470 r  pll.clk_pll/inst/clkout1_buf/O
                         net (fo=12170, routed)       1.523    -1.947    u_confreg/cpu_clk
    SLICE_X72Y126        FDRE                                         r  u_confreg/btn_key_r_reg[6]/C

Slack:                    inf
  Source:                 btn_key_row[2]
                            (input port)
  Destination:            u_confreg/btn_key_r_reg[9]/D
                            (rising edge-triggered cell FDRE clocked by cpu_clk_clk_pll  {rise@0.000ns fall@16.667ns period=33.333ns})
  Path Group:             (none)
  Path Type:              Setup (Max at Slow Process Corner)
  Data Path Delay:        12.038ns  (logic 2.200ns (18.273%)  route 9.838ns (81.727%))
  Logic Levels:           5  (IBUF=1 LUT4=1 LUT6=3)
  Clock Path Skew:        -1.946ns (DCD - SCD + CPR)
    Destination Clock Delay (DCD):    -1.946ns
    Source Clock Delay      (SCD):    0.000ns
    Clock Pessimism Removal (CPR):    0.000ns
  Clock Uncertainty:      0.197ns  ((TSJ^2 + DJ^2)^1/2) / 2 + PE
    Total System Jitter     (TSJ):    0.050ns
    Discrete Jitter          (DJ):    0.177ns
    Phase Error              (PE):    0.105ns

    Location             Delay type                Incr(ns)  Path(ns)    Netlist Resource(s)
  -------------------------------------------------------------------    -------------------
    Y7                                                0.000     0.000 f  btn_key_row[2] (IN)
                         net (fo=0)                   0.000     0.000    btn_key_row[2]
    Y7                   IBUF (Prop_ibuf_I_O)         1.474     1.474 f  btn_key_row_IBUF[2]_inst/O
                         net (fo=31, routed)          6.998     8.472    u_confreg/btn_key_row_IBUF[2]
    SLICE_X69Y125        LUT4 (Prop_lut4_I0_O)        0.152     8.624 f  u_confreg/FSM_onehot_state[1]_i_3/O
                         net (fo=4, routed)           0.185     8.808    u_confreg/FSM_onehot_state[1]_i_3_n_0
    SLICE_X69Y125        LUT6 (Prop_lut6_I4_O)        0.326     9.134 r  u_confreg/FSM_onehot_state[1]_i_1/O
                         net (fo=3, routed)           1.251    10.385    u_confreg/FSM_onehot_state[1]_i_1_n_0
    SLICE_X71Y125        LUT6 (Prop_lut6_I2_O)        0.124    10.509 f  u_confreg/btn_key_r[13]_i_3/O
                         net (fo=13, routed)          1.405    11.914    u_confreg/btn_key_r[13]_i_3_n_0
    SLICE_X73Y127        LUT6 (Prop_lut6_I3_O)        0.124    12.038 r  u_confreg/btn_key_r[9]_i_1/O
                         net (fo=1, routed)           0.000    12.038    u_confreg/btn_key_r[9]_i_1_n_0
    SLICE_X73Y127        FDRE                                         r  u_confreg/btn_key_r_reg[9]/D
  -------------------------------------------------------------------    -------------------

                         (clock cpu_clk_clk_pll rise edge)
                                                      0.000     0.000 r  
    AC19                                              0.000     0.000 r  clk (IN)
                         net (fo=0)                   0.000     0.000    pll.clk_pll/inst/clk_in1
    AC19                 IBUF (Prop_ibuf_I_O)         1.414     1.414 r  pll.clk_pll/inst/clkin1_ibufg/O
                         net (fo=1, routed)           1.531     2.945    pll.clk_pll/inst/clk_in1_clk_pll
    PLLE2_ADV_X0Y2       PLLE2_ADV (Prop_plle2_adv_CLKIN1_CLKOUT0)
                                                     -8.262    -5.316 r  pll.clk_pll/inst/plle2_adv_inst/CLKOUT0
                         net (fo=1, routed)           1.755    -3.561    pll.clk_pll/inst/cpu_clk_clk_pll
    BUFGCTRL_X0Y0        BUFG (Prop_bufg_I_O)         0.091    -3.470 r  pll.clk_pll/inst/clkout1_buf/O
                         net (fo=12170, routed)       1.524    -1.946    u_confreg/cpu_clk
    SLICE_X73Y127        FDRE                                         r  u_confreg/btn_key_r_reg[9]/C

Slack:                    inf
  Source:                 btn_key_row[2]
                            (input port)
  Destination:            u_confreg/btn_key_r_reg[5]/D
                            (rising edge-triggered cell FDRE clocked by cpu_clk_clk_pll  {rise@0.000ns fall@16.667ns period=33.333ns})
  Path Group:             (none)
  Path Type:              Setup (Max at Slow Process Corner)
  Data Path Delay:        12.036ns  (logic 2.200ns (18.276%)  route 9.836ns (81.724%))
  Logic Levels:           5  (IBUF=1 LUT4=1 LUT6=3)
  Clock Path Skew:        -1.946ns (DCD - SCD + CPR)
    Destination Clock Delay (DCD):    -1.946ns
    Source Clock Delay      (SCD):    0.000ns
    Clock Pessimism Removal (CPR):    0.000ns
  Clock Uncertainty:      0.197ns  ((TSJ^2 + DJ^2)^1/2) / 2 + PE
    Total System Jitter     (TSJ):    0.050ns
    Discrete Jitter          (DJ):    0.177ns
    Phase Error              (PE):    0.105ns

    Location             Delay type                Incr(ns)  Path(ns)    Netlist Resource(s)
  -------------------------------------------------------------------    -------------------
    Y7                                                0.000     0.000 f  btn_key_row[2] (IN)
                         net (fo=0)                   0.000     0.000    btn_key_row[2]
    Y7                   IBUF (Prop_ibuf_I_O)         1.474     1.474 f  btn_key_row_IBUF[2]_inst/O
                         net (fo=31, routed)          6.998     8.472    u_confreg/btn_key_row_IBUF[2]
    SLICE_X69Y125        LUT4 (Prop_lut4_I0_O)        0.152     8.624 f  u_confreg/FSM_onehot_state[1]_i_3/O
                         net (fo=4, routed)           0.185     8.808    u_confreg/FSM_onehot_state[1]_i_3_n_0
    SLICE_X69Y125        LUT6 (Prop_lut6_I4_O)        0.326     9.134 r  u_confreg/FSM_onehot_state[1]_i_1/O
                         net (fo=3, routed)           1.251    10.385    u_confreg/FSM_onehot_state[1]_i_1_n_0
    SLICE_X71Y125        LUT6 (Prop_lut6_I2_O)        0.124    10.509 f  u_confreg/btn_key_r[13]_i_3/O
                         net (fo=13, routed)          1.403    11.912    u_confreg/btn_key_r[13]_i_3_n_0
    SLICE_X73Y127        LUT6 (Prop_lut6_I3_O)        0.124    12.036 r  u_confreg/btn_key_r[5]_i_1/O
                         net (fo=1, routed)           0.000    12.036    u_confreg/btn_key_r[5]_i_1_n_0
    SLICE_X73Y127        FDRE                                         r  u_confreg/btn_key_r_reg[5]/D
  -------------------------------------------------------------------    -------------------

                         (clock cpu_clk_clk_pll rise edge)
                                                      0.000     0.000 r  
    AC19                                              0.000     0.000 r  clk (IN)
                         net (fo=0)                   0.000     0.000    pll.clk_pll/inst/clk_in1
    AC19                 IBUF (Prop_ibuf_I_O)         1.414     1.414 r  pll.clk_pll/inst/clkin1_ibufg/O
                         net (fo=1, routed)           1.531     2.945    pll.clk_pll/inst/clk_in1_clk_pll
    PLLE2_ADV_X0Y2       PLLE2_ADV (Prop_plle2_adv_CLKIN1_CLKOUT0)
                                                     -8.262    -5.316 r  pll.clk_pll/inst/plle2_adv_inst/CLKOUT0
                         net (fo=1, routed)           1.755    -3.561    pll.clk_pll/inst/cpu_clk_clk_pll
    BUFGCTRL_X0Y0        BUFG (Prop_bufg_I_O)         0.091    -3.470 r  pll.clk_pll/inst/clkout1_buf/O
                         net (fo=12170, routed)       1.524    -1.946    u_confreg/cpu_clk
    SLICE_X73Y127        FDRE                                         r  u_confreg/btn_key_r_reg[5]/C

Slack:                    inf
  Source:                 btn_key_row[2]
                            (input port)
  Destination:            u_confreg/btn_key_r_reg[2]/D
                            (rising edge-triggered cell FDRE clocked by cpu_clk_clk_pll  {rise@0.000ns fall@16.667ns period=33.333ns})
  Path Group:             (none)
  Path Type:              Setup (Max at Slow Process Corner)
  Data Path Delay:        11.858ns  (logic 2.200ns (18.550%)  route 9.659ns (81.450%))
  Logic Levels:           5  (IBUF=1 LUT4=1 LUT6=3)
  Clock Path Skew:        -1.946ns (DCD - SCD + CPR)
    Destination Clock Delay (DCD):    -1.946ns
    Source Clock Delay      (SCD):    0.000ns
    Clock Pessimism Removal (CPR):    0.000ns
  Clock Uncertainty:      0.197ns  ((TSJ^2 + DJ^2)^1/2) / 2 + PE
    Total System Jitter     (TSJ):    0.050ns
    Discrete Jitter          (DJ):    0.177ns
    Phase Error              (PE):    0.105ns

    Location             Delay type                Incr(ns)  Path(ns)    Netlist Resource(s)
  -------------------------------------------------------------------    -------------------
    Y7                                                0.000     0.000 f  btn_key_row[2] (IN)
                         net (fo=0)                   0.000     0.000    btn_key_row[2]
    Y7                   IBUF (Prop_ibuf_I_O)         1.474     1.474 f  btn_key_row_IBUF[2]_inst/O
                         net (fo=31, routed)          6.998     8.472    u_confreg/btn_key_row_IBUF[2]
    SLICE_X69Y125        LUT4 (Prop_lut4_I0_O)        0.152     8.624 f  u_confreg/FSM_onehot_state[1]_i_3/O
                         net (fo=4, routed)           0.185     8.808    u_confreg/FSM_onehot_state[1]_i_3_n_0
    SLICE_X69Y125        LUT6 (Prop_lut6_I4_O)        0.326     9.134 r  u_confreg/FSM_onehot_state[1]_i_1/O
                         net (fo=3, routed)           1.251    10.385    u_confreg/FSM_onehot_state[1]_i_1_n_0
    SLICE_X71Y125        LUT6 (Prop_lut6_I2_O)        0.124    10.509 f  u_confreg/btn_key_r[13]_i_3/O
                         net (fo=13, routed)          1.225    11.734    u_confreg/btn_key_r[13]_i_3_n_0
    SLICE_X71Y127        LUT6 (Prop_lut6_I3_O)        0.124    11.858 r  u_confreg/btn_key_r[2]_i_1/O
                         net (fo=1, routed)           0.000    11.858    u_confreg/btn_key_r[2]_i_1_n_0
    SLICE_X71Y127        FDRE                                         r  u_confreg/btn_key_r_reg[2]/D
  -------------------------------------------------------------------    -------------------

                         (clock cpu_clk_clk_pll rise edge)
                                                      0.000     0.000 r  
    AC19                                              0.000     0.000 r  clk (IN)
                         net (fo=0)                   0.000     0.000    pll.clk_pll/inst/clk_in1
    AC19                 IBUF (Prop_ibuf_I_O)         1.414     1.414 r  pll.clk_pll/inst/clkin1_ibufg/O
                         net (fo=1, routed)           1.531     2.945    pll.clk_pll/inst/clk_in1_clk_pll
    PLLE2_ADV_X0Y2       PLLE2_ADV (Prop_plle2_adv_CLKIN1_CLKOUT0)
                                                     -8.262    -5.316 r  pll.clk_pll/inst/plle2_adv_inst/CLKOUT0
                         net (fo=1, routed)           1.755    -3.561    pll.clk_pll/inst/cpu_clk_clk_pll
    BUFGCTRL_X0Y0        BUFG (Prop_bufg_I_O)         0.091    -3.470 r  pll.clk_pll/inst/clkout1_buf/O
                         net (fo=12170, routed)       1.524    -1.946    u_confreg/cpu_clk
    SLICE_X71Y127        FDRE                                         r  u_confreg/btn_key_r_reg[2]/C





Min Delay Paths
--------------------------------------------------------------------------------------
Slack:                    inf
  Source:                 u_cpu/u_EXEport/u_alu/u_mult_gen_0/U0/i_mult/gDSP.gDSP_only.iDSP/use_prim.appDSP[1].bppDSP[0].use_dsp.use_dsp48e1.iDSP48E1/ACOUT[0]
                            (internal pin)
  Destination:            u_cpu/u_EXEport/u_alu/u_mult_gen_0/U0/i_mult/gDSP.gDSP_only.iDSP/use_prim.appDSP[1].bppDSP[1].use_dsp.use_dsp48e1.iDSP48E1/ACIN[0]
                            (rising edge-triggered cell DSP48E1 clocked by cpu_clk_clk_pll  {rise@0.000ns fall@16.667ns period=33.333ns})
  Path Group:             (none)
  Path Type:              Hold (Min at Slow Process Corner)
  Data Path Delay:        0.002ns  (logic 0.000ns (0.000%)  route 0.002ns (100.000%))
  Logic Levels:           0  
  Clock Uncertainty:      0.197ns  ((TSJ^2 + DJ^2)^1/2) / 2 + PE
    Total System Jitter     (TSJ):    0.050ns
    Discrete Jitter          (DJ):    0.177ns
    Phase Error              (PE):    0.105ns

    Location             Delay type                Incr(ns)  Path(ns)    Netlist Resource(s)
  -------------------------------------------------------------------    -------------------
    DSP48_X7Y34          DSP48E1                      0.000     0.000 r  u_cpu/u_EXEport/u_alu/u_mult_gen_0/U0/i_mult/gDSP.gDSP_only.iDSP/use_prim.appDSP[1].bppDSP[0].use_dsp.use_dsp48e1.iDSP48E1/ACOUT[0]
                         net (fo=1, routed)           0.002     0.002    u_cpu/u_EXEport/u_alu/u_mult_gen_0/U0/i_mult/gDSP.gDSP_only.iDSP/acout[1,0][0]
    DSP48_X7Y35          DSP48E1                                      r  u_cpu/u_EXEport/u_alu/u_mult_gen_0/U0/i_mult/gDSP.gDSP_only.iDSP/use_prim.appDSP[1].bppDSP[1].use_dsp.use_dsp48e1.iDSP48E1/ACIN[0]
  -------------------------------------------------------------------    -------------------

                         (clock cpu_clk_clk_pll rise edge)
                                                      0.000     0.000 r  
    AC19                                              0.000     0.000 r  clk (IN)
                         net (fo=0)                   0.000     0.000    pll.clk_pll/inst/clk_in1
    AC19                 IBUF (Prop_ibuf_I_O)         1.485     1.485 r  pll.clk_pll/inst/clkin1_ibufg/O
                         net (fo=1, routed)           1.619     3.104    pll.clk_pll/inst/clk_in1_clk_pll
    PLLE2_ADV_X0Y2       PLLE2_ADV (Prop_plle2_adv_CLKIN1_CLKOUT0)
                                                     -9.006    -5.902 r  pll.clk_pll/inst/plle2_adv_inst/CLKOUT0
                         net (fo=1, routed)           1.837    -4.064    pll.clk_pll/inst/cpu_clk_clk_pll
    BUFGCTRL_X0Y0        BUFG (Prop_bufg_I_O)         0.096    -3.968 r  pll.clk_pll/inst/clkout1_buf/O
                         net (fo=12170, routed)       2.014    -1.954    u_cpu/u_EXEport/u_alu/u_mult_gen_0/U0/i_mult/gDSP.gDSP_only.iDSP/CLK
    DSP48_X7Y35          DSP48E1                                      r  u_cpu/u_EXEport/u_alu/u_mult_gen_0/U0/i_mult/gDSP.gDSP_only.iDSP/use_prim.appDSP[1].bppDSP[1].use_dsp.use_dsp48e1.iDSP48E1/CLK

Slack:                    inf
  Source:                 u_cpu/u_EXEport/u_alu/u_mult_gen_0/U0/i_mult/gDSP.gDSP_only.iDSP/use_prim.appDSP[1].bppDSP[0].use_dsp.use_dsp48e1.iDSP48E1/ACOUT[10]
                            (internal pin)
  Destination:            u_cpu/u_EXEport/u_alu/u_mult_gen_0/U0/i_mult/gDSP.gDSP_only.iDSP/use_prim.appDSP[1].bppDSP[1].use_dsp.use_dsp48e1.iDSP48E1/ACIN[10]
                            (rising edge-triggered cell DSP48E1 clocked by cpu_clk_clk_pll  {rise@0.000ns fall@16.667ns period=33.333ns})
  Path Group:             (none)
  Path Type:              Hold (Min at Slow Process Corner)
  Data Path Delay:        0.002ns  (logic 0.000ns (0.000%)  route 0.002ns (100.000%))
  Logic Levels:           0  
  Clock Uncertainty:      0.197ns  ((TSJ^2 + DJ^2)^1/2) / 2 + PE
    Total System Jitter     (TSJ):    0.050ns
    Discrete Jitter          (DJ):    0.177ns
    Phase Error              (PE):    0.105ns

    Location             Delay type                Incr(ns)  Path(ns)    Netlist Resource(s)
  -------------------------------------------------------------------    -------------------
    DSP48_X7Y34          DSP48E1                      0.000     0.000 r  u_cpu/u_EXEport/u_alu/u_mult_gen_0/U0/i_mult/gDSP.gDSP_only.iDSP/use_prim.appDSP[1].bppDSP[0].use_dsp.use_dsp48e1.iDSP48E1/ACOUT[10]
                         net (fo=1, routed)           0.002     0.002    u_cpu/u_EXEport/u_alu/u_mult_gen_0/U0/i_mult/gDSP.gDSP_only.iDSP/acout[1,0][10]
    DSP48_X7Y35          DSP48E1                                      r  u_cpu/u_EXEport/u_alu/u_mult_gen_0/U0/i_mult/gDSP.gDSP_only.iDSP/use_prim.appDSP[1].bppDSP[1].use_dsp.use_dsp48e1.iDSP48E1/ACIN[10]
  -------------------------------------------------------------------    -------------------

                         (clock cpu_clk_clk_pll rise edge)
                                                      0.000     0.000 r  
    AC19                                              0.000     0.000 r  clk (IN)
                         net (fo=0)                   0.000     0.000    pll.clk_pll/inst/clk_in1
    AC19                 IBUF (Prop_ibuf_I_O)         1.485     1.485 r  pll.clk_pll/inst/clkin1_ibufg/O
                         net (fo=1, routed)           1.619     3.104    pll.clk_pll/inst/clk_in1_clk_pll
    PLLE2_ADV_X0Y2       PLLE2_ADV (Prop_plle2_adv_CLKIN1_CLKOUT0)
                                                     -9.006    -5.902 r  pll.clk_pll/inst/plle2_adv_inst/CLKOUT0
                         net (fo=1, routed)           1.837    -4.064    pll.clk_pll/inst/cpu_clk_clk_pll
    BUFGCTRL_X0Y0        BUFG (Prop_bufg_I_O)         0.096    -3.968 r  pll.clk_pll/inst/clkout1_buf/O
                         net (fo=12170, routed)       2.014    -1.954    u_cpu/u_EXEport/u_alu/u_mult_gen_0/U0/i_mult/gDSP.gDSP_only.iDSP/CLK
    DSP48_X7Y35          DSP48E1                                      r  u_cpu/u_EXEport/u_alu/u_mult_gen_0/U0/i_mult/gDSP.gDSP_only.iDSP/use_prim.appDSP[1].bppDSP[1].use_dsp.use_dsp48e1.iDSP48E1/CLK

Slack:                    inf
  Source:                 u_cpu/u_EXEport/u_alu/u_mult_gen_0/U0/i_mult/gDSP.gDSP_only.iDSP/use_prim.appDSP[1].bppDSP[0].use_dsp.use_dsp48e1.iDSP48E1/ACOUT[11]
                            (internal pin)
  Destination:            u_cpu/u_EXEport/u_alu/u_mult_gen_0/U0/i_mult/gDSP.gDSP_only.iDSP/use_prim.appDSP[1].bppDSP[1].use_dsp.use_dsp48e1.iDSP48E1/ACIN[11]
                            (rising edge-triggered cell DSP48E1 clocked by cpu_clk_clk_pll  {rise@0.000ns fall@16.667ns period=33.333ns})
  Path Group:             (none)
  Path Type:              Hold (Min at Slow Process Corner)
  Data Path Delay:        0.002ns  (logic 0.000ns (0.000%)  route 0.002ns (100.000%))
  Logic Levels:           0  
  Clock Uncertainty:      0.197ns  ((TSJ^2 + DJ^2)^1/2) / 2 + PE
    Total System Jitter     (TSJ):    0.050ns
    Discrete Jitter          (DJ):    0.177ns
    Phase Error              (PE):    0.105ns

    Location             Delay type                Incr(ns)  Path(ns)    Netlist Resource(s)
  -------------------------------------------------------------------    -------------------
    DSP48_X7Y34          DSP48E1                      0.000     0.000 r  u_cpu/u_EXEport/u_alu/u_mult_gen_0/U0/i_mult/gDSP.gDSP_only.iDSP/use_prim.appDSP[1].bppDSP[0].use_dsp.use_dsp48e1.iDSP48E1/ACOUT[11]
                         net (fo=1, routed)           0.002     0.002    u_cpu/u_EXEport/u_alu/u_mult_gen_0/U0/i_mult/gDSP.gDSP_only.iDSP/acout[1,0][11]
    DSP48_X7Y35          DSP48E1                                      r  u_cpu/u_EXEport/u_alu/u_mult_gen_0/U0/i_mult/gDSP.gDSP_only.iDSP/use_prim.appDSP[1].bppDSP[1].use_dsp.use_dsp48e1.iDSP48E1/ACIN[11]
  -------------------------------------------------------------------    -------------------

                         (clock cpu_clk_clk_pll rise edge)
                                                      0.000     0.000 r  
    AC19                                              0.000     0.000 r  clk (IN)
                         net (fo=0)                   0.000     0.000    pll.clk_pll/inst/clk_in1
    AC19                 IBUF (Prop_ibuf_I_O)         1.485     1.485 r  pll.clk_pll/inst/clkin1_ibufg/O
                         net (fo=1, routed)           1.619     3.104    pll.clk_pll/inst/clk_in1_clk_pll
    PLLE2_ADV_X0Y2       PLLE2_ADV (Prop_plle2_adv_CLKIN1_CLKOUT0)
                                                     -9.006    -5.902 r  pll.clk_pll/inst/plle2_adv_inst/CLKOUT0
                         net (fo=1, routed)           1.837    -4.064    pll.clk_pll/inst/cpu_clk_clk_pll
    BUFGCTRL_X0Y0        BUFG (Prop_bufg_I_O)         0.096    -3.968 r  pll.clk_pll/inst/clkout1_buf/O
                         net (fo=12170, routed)       2.014    -1.954    u_cpu/u_EXEport/u_alu/u_mult_gen_0/U0/i_mult/gDSP.gDSP_only.iDSP/CLK
    DSP48_X7Y35          DSP48E1                                      r  u_cpu/u_EXEport/u_alu/u_mult_gen_0/U0/i_mult/gDSP.gDSP_only.iDSP/use_prim.appDSP[1].bppDSP[1].use_dsp.use_dsp48e1.iDSP48E1/CLK

Slack:                    inf
  Source:                 u_cpu/u_EXEport/u_alu/u_mult_gen_0/U0/i_mult/gDSP.gDSP_only.iDSP/use_prim.appDSP[1].bppDSP[0].use_dsp.use_dsp48e1.iDSP48E1/ACOUT[12]
                            (internal pin)
  Destination:            u_cpu/u_EXEport/u_alu/u_mult_gen_0/U0/i_mult/gDSP.gDSP_only.iDSP/use_prim.appDSP[1].bppDSP[1].use_dsp.use_dsp48e1.iDSP48E1/ACIN[12]
                            (rising edge-triggered cell DSP48E1 clocked by cpu_clk_clk_pll  {rise@0.000ns fall@16.667ns period=33.333ns})
  Path Group:             (none)
  Path Type:              Hold (Min at Slow Process Corner)
  Data Path Delay:        0.002ns  (logic 0.000ns (0.000%)  route 0.002ns (100.000%))
  Logic Levels:           0  
  Clock Uncertainty:      0.197ns  ((TSJ^2 + DJ^2)^1/2) / 2 + PE
    Total System Jitter     (TSJ):    0.050ns
    Discrete Jitter          (DJ):    0.177ns
    Phase Error              (PE):    0.105ns

    Location             Delay type                Incr(ns)  Path(ns)    Netlist Resource(s)
  -------------------------------------------------------------------    -------------------
    DSP48_X7Y34          DSP48E1                      0.000     0.000 r  u_cpu/u_EXEport/u_alu/u_mult_gen_0/U0/i_mult/gDSP.gDSP_only.iDSP/use_prim.appDSP[1].bppDSP[0].use_dsp.use_dsp48e1.iDSP48E1/ACOUT[12]
                         net (fo=1, routed)           0.002     0.002    u_cpu/u_EXEport/u_alu/u_mult_gen_0/U0/i_mult/gDSP.gDSP_only.iDSP/acout[1,0][12]
    DSP48_X7Y35          DSP48E1                                      r  u_cpu/u_EXEport/u_alu/u_mult_gen_0/U0/i_mult/gDSP.gDSP_only.iDSP/use_prim.appDSP[1].bppDSP[1].use_dsp.use_dsp48e1.iDSP48E1/ACIN[12]
  -------------------------------------------------------------------    -------------------

                         (clock cpu_clk_clk_pll rise edge)
                                                      0.000     0.000 r  
    AC19                                              0.000     0.000 r  clk (IN)
                         net (fo=0)                   0.000     0.000    pll.clk_pll/inst/clk_in1
    AC19                 IBUF (Prop_ibuf_I_O)         1.485     1.485 r  pll.clk_pll/inst/clkin1_ibufg/O
                         net (fo=1, routed)           1.619     3.104    pll.clk_pll/inst/clk_in1_clk_pll
    PLLE2_ADV_X0Y2       PLLE2_ADV (Prop_plle2_adv_CLKIN1_CLKOUT0)
                                                     -9.006    -5.902 r  pll.clk_pll/inst/plle2_adv_inst/CLKOUT0
                         net (fo=1, routed)           1.837    -4.064    pll.clk_pll/inst/cpu_clk_clk_pll
    BUFGCTRL_X0Y0        BUFG (Prop_bufg_I_O)         0.096    -3.968 r  pll.clk_pll/inst/clkout1_buf/O
                         net (fo=12170, routed)       2.014    -1.954    u_cpu/u_EXEport/u_alu/u_mult_gen_0/U0/i_mult/gDSP.gDSP_only.iDSP/CLK
    DSP48_X7Y35          DSP48E1                                      r  u_cpu/u_EXEport/u_alu/u_mult_gen_0/U0/i_mult/gDSP.gDSP_only.iDSP/use_prim.appDSP[1].bppDSP[1].use_dsp.use_dsp48e1.iDSP48E1/CLK

Slack:                    inf
  Source:                 u_cpu/u_EXEport/u_alu/u_mult_gen_0/U0/i_mult/gDSP.gDSP_only.iDSP/use_prim.appDSP[1].bppDSP[0].use_dsp.use_dsp48e1.iDSP48E1/ACOUT[13]
                            (internal pin)
  Destination:            u_cpu/u_EXEport/u_alu/u_mult_gen_0/U0/i_mult/gDSP.gDSP_only.iDSP/use_prim.appDSP[1].bppDSP[1].use_dsp.use_dsp48e1.iDSP48E1/ACIN[13]
                            (rising edge-triggered cell DSP48E1 clocked by cpu_clk_clk_pll  {rise@0.000ns fall@16.667ns period=33.333ns})
  Path Group:             (none)
  Path Type:              Hold (Min at Slow Process Corner)
  Data Path Delay:        0.002ns  (logic 0.000ns (0.000%)  route 0.002ns (100.000%))
  Logic Levels:           0  
  Clock Uncertainty:      0.197ns  ((TSJ^2 + DJ^2)^1/2) / 2 + PE
    Total System Jitter     (TSJ):    0.050ns
    Discrete Jitter          (DJ):    0.177ns
    Phase Error              (PE):    0.105ns

    Location             Delay type                Incr(ns)  Path(ns)    Netlist Resource(s)
  -------------------------------------------------------------------    -------------------
    DSP48_X7Y34          DSP48E1                      0.000     0.000 r  u_cpu/u_EXEport/u_alu/u_mult_gen_0/U0/i_mult/gDSP.gDSP_only.iDSP/use_prim.appDSP[1].bppDSP[0].use_dsp.use_dsp48e1.iDSP48E1/ACOUT[13]
                         net (fo=1, routed)           0.002     0.002    u_cpu/u_EXEport/u_alu/u_mult_gen_0/U0/i_mult/gDSP.gDSP_only.iDSP/acout[1,0][13]
    DSP48_X7Y35          DSP48E1                                      r  u_cpu/u_EXEport/u_alu/u_mult_gen_0/U0/i_mult/gDSP.gDSP_only.iDSP/use_prim.appDSP[1].bppDSP[1].use_dsp.use_dsp48e1.iDSP48E1/ACIN[13]
  -------------------------------------------------------------------    -------------------

                         (clock cpu_clk_clk_pll rise edge)
                                                      0.000     0.000 r  
    AC19                                              0.000     0.000 r  clk (IN)
                         net (fo=0)                   0.000     0.000    pll.clk_pll/inst/clk_in1
    AC19                 IBUF (Prop_ibuf_I_O)         1.485     1.485 r  pll.clk_pll/inst/clkin1_ibufg/O
                         net (fo=1, routed)           1.619     3.104    pll.clk_pll/inst/clk_in1_clk_pll
    PLLE2_ADV_X0Y2       PLLE2_ADV (Prop_plle2_adv_CLKIN1_CLKOUT0)
                                                     -9.006    -5.902 r  pll.clk_pll/inst/plle2_adv_inst/CLKOUT0
                         net (fo=1, routed)           1.837    -4.064    pll.clk_pll/inst/cpu_clk_clk_pll
    BUFGCTRL_X0Y0        BUFG (Prop_bufg_I_O)         0.096    -3.968 r  pll.clk_pll/inst/clkout1_buf/O
                         net (fo=12170, routed)       2.014    -1.954    u_cpu/u_EXEport/u_alu/u_mult_gen_0/U0/i_mult/gDSP.gDSP_only.iDSP/CLK
    DSP48_X7Y35          DSP48E1                                      r  u_cpu/u_EXEport/u_alu/u_mult_gen_0/U0/i_mult/gDSP.gDSP_only.iDSP/use_prim.appDSP[1].bppDSP[1].use_dsp.use_dsp48e1.iDSP48E1/CLK

Slack:                    inf
  Source:                 u_cpu/u_EXEport/u_alu/u_mult_gen_0/U0/i_mult/gDSP.gDSP_only.iDSP/use_prim.appDSP[1].bppDSP[0].use_dsp.use_dsp48e1.iDSP48E1/ACOUT[14]
                            (internal pin)
  Destination:            u_cpu/u_EXEport/u_alu/u_mult_gen_0/U0/i_mult/gDSP.gDSP_only.iDSP/use_prim.appDSP[1].bppDSP[1].use_dsp.use_dsp48e1.iDSP48E1/ACIN[14]
                            (rising edge-triggered cell DSP48E1 clocked by cpu_clk_clk_pll  {rise@0.000ns fall@16.667ns period=33.333ns})
  Path Group:             (none)
  Path Type:              Hold (Min at Slow Process Corner)
  Data Path Delay:        0.002ns  (logic 0.000ns (0.000%)  route 0.002ns (100.000%))
  Logic Levels:           0  
  Clock Uncertainty:      0.197ns  ((TSJ^2 + DJ^2)^1/2) / 2 + PE
    Total System Jitter     (TSJ):    0.050ns
    Discrete Jitter          (DJ):    0.177ns
    Phase Error              (PE):    0.105ns

    Location             Delay type                Incr(ns)  Path(ns)    Netlist Resource(s)
  -------------------------------------------------------------------    -------------------
    DSP48_X7Y34          DSP48E1                      0.000     0.000 r  u_cpu/u_EXEport/u_alu/u_mult_gen_0/U0/i_mult/gDSP.gDSP_only.iDSP/use_prim.appDSP[1].bppDSP[0].use_dsp.use_dsp48e1.iDSP48E1/ACOUT[14]
                         net (fo=1, routed)           0.002     0.002    u_cpu/u_EXEport/u_alu/u_mult_gen_0/U0/i_mult/gDSP.gDSP_only.iDSP/acout[1,0][14]
    DSP48_X7Y35          DSP48E1                                      r  u_cpu/u_EXEport/u_alu/u_mult_gen_0/U0/i_mult/gDSP.gDSP_only.iDSP/use_prim.appDSP[1].bppDSP[1].use_dsp.use_dsp48e1.iDSP48E1/ACIN[14]
  -------------------------------------------------------------------    -------------------

                         (clock cpu_clk_clk_pll rise edge)
                                                      0.000     0.000 r  
    AC19                                              0.000     0.000 r  clk (IN)
                         net (fo=0)                   0.000     0.000    pll.clk_pll/inst/clk_in1
    AC19                 IBUF (Prop_ibuf_I_O)         1.485     1.485 r  pll.clk_pll/inst/clkin1_ibufg/O
                         net (fo=1, routed)           1.619     3.104    pll.clk_pll/inst/clk_in1_clk_pll
    PLLE2_ADV_X0Y2       PLLE2_ADV (Prop_plle2_adv_CLKIN1_CLKOUT0)
                                                     -9.006    -5.902 r  pll.clk_pll/inst/plle2_adv_inst/CLKOUT0
                         net (fo=1, routed)           1.837    -4.064    pll.clk_pll/inst/cpu_clk_clk_pll
    BUFGCTRL_X0Y0        BUFG (Prop_bufg_I_O)         0.096    -3.968 r  pll.clk_pll/inst/clkout1_buf/O
                         net (fo=12170, routed)       2.014    -1.954    u_cpu/u_EXEport/u_alu/u_mult_gen_0/U0/i_mult/gDSP.gDSP_only.iDSP/CLK
    DSP48_X7Y35          DSP48E1                                      r  u_cpu/u_EXEport/u_alu/u_mult_gen_0/U0/i_mult/gDSP.gDSP_only.iDSP/use_prim.appDSP[1].bppDSP[1].use_dsp.use_dsp48e1.iDSP48E1/CLK

Slack:                    inf
  Source:                 u_cpu/u_EXEport/u_alu/u_mult_gen_0/U0/i_mult/gDSP.gDSP_only.iDSP/use_prim.appDSP[1].bppDSP[0].use_dsp.use_dsp48e1.iDSP48E1/ACOUT[15]
                            (internal pin)
  Destination:            u_cpu/u_EXEport/u_alu/u_mult_gen_0/U0/i_mult/gDSP.gDSP_only.iDSP/use_prim.appDSP[1].bppDSP[1].use_dsp.use_dsp48e1.iDSP48E1/ACIN[15]
                            (rising edge-triggered cell DSP48E1 clocked by cpu_clk_clk_pll  {rise@0.000ns fall@16.667ns period=33.333ns})
  Path Group:             (none)
  Path Type:              Hold (Min at Slow Process Corner)
  Data Path Delay:        0.002ns  (logic 0.000ns (0.000%)  route 0.002ns (100.000%))
  Logic Levels:           0  
  Clock Uncertainty:      0.197ns  ((TSJ^2 + DJ^2)^1/2) / 2 + PE
    Total System Jitter     (TSJ):    0.050ns
    Discrete Jitter          (DJ):    0.177ns
    Phase Error              (PE):    0.105ns

    Location             Delay type                Incr(ns)  Path(ns)    Netlist Resource(s)
  -------------------------------------------------------------------    -------------------
    DSP48_X7Y34          DSP48E1                      0.000     0.000 r  u_cpu/u_EXEport/u_alu/u_mult_gen_0/U0/i_mult/gDSP.gDSP_only.iDSP/use_prim.appDSP[1].bppDSP[0].use_dsp.use_dsp48e1.iDSP48E1/ACOUT[15]
                         net (fo=1, routed)           0.002     0.002    u_cpu/u_EXEport/u_alu/u_mult_gen_0/U0/i_mult/gDSP.gDSP_only.iDSP/acout[1,0][15]
    DSP48_X7Y35          DSP48E1                                      r  u_cpu/u_EXEport/u_alu/u_mult_gen_0/U0/i_mult/gDSP.gDSP_only.iDSP/use_prim.appDSP[1].bppDSP[1].use_dsp.use_dsp48e1.iDSP48E1/ACIN[15]
  -------------------------------------------------------------------    -------------------

                         (clock cpu_clk_clk_pll rise edge)
                                                      0.000     0.000 r  
    AC19                                              0.000     0.000 r  clk (IN)
                         net (fo=0)                   0.000     0.000    pll.clk_pll/inst/clk_in1
    AC19                 IBUF (Prop_ibuf_I_O)         1.485     1.485 r  pll.clk_pll/inst/clkin1_ibufg/O
                         net (fo=1, routed)           1.619     3.104    pll.clk_pll/inst/clk_in1_clk_pll
    PLLE2_ADV_X0Y2       PLLE2_ADV (Prop_plle2_adv_CLKIN1_CLKOUT0)
                                                     -9.006    -5.902 r  pll.clk_pll/inst/plle2_adv_inst/CLKOUT0
                         net (fo=1, routed)           1.837    -4.064    pll.clk_pll/inst/cpu_clk_clk_pll
    BUFGCTRL_X0Y0        BUFG (Prop_bufg_I_O)         0.096    -3.968 r  pll.clk_pll/inst/clkout1_buf/O
                         net (fo=12170, routed)       2.014    -1.954    u_cpu/u_EXEport/u_alu/u_mult_gen_0/U0/i_mult/gDSP.gDSP_only.iDSP/CLK
    DSP48_X7Y35          DSP48E1                                      r  u_cpu/u_EXEport/u_alu/u_mult_gen_0/U0/i_mult/gDSP.gDSP_only.iDSP/use_prim.appDSP[1].bppDSP[1].use_dsp.use_dsp48e1.iDSP48E1/CLK

Slack:                    inf
  Source:                 u_cpu/u_EXEport/u_alu/u_mult_gen_0/U0/i_mult/gDSP.gDSP_only.iDSP/use_prim.appDSP[1].bppDSP[0].use_dsp.use_dsp48e1.iDSP48E1/ACOUT[16]
                            (internal pin)
  Destination:            u_cpu/u_EXEport/u_alu/u_mult_gen_0/U0/i_mult/gDSP.gDSP_only.iDSP/use_prim.appDSP[1].bppDSP[1].use_dsp.use_dsp48e1.iDSP48E1/ACIN[16]
                            (rising edge-triggered cell DSP48E1 clocked by cpu_clk_clk_pll  {rise@0.000ns fall@16.667ns period=33.333ns})
  Path Group:             (none)
  Path Type:              Hold (Min at Slow Process Corner)
  Data Path Delay:        0.002ns  (logic 0.000ns (0.000%)  route 0.002ns (100.000%))
  Logic Levels:           0  
  Clock Uncertainty:      0.197ns  ((TSJ^2 + DJ^2)^1/2) / 2 + PE
    Total System Jitter     (TSJ):    0.050ns
    Discrete Jitter          (DJ):    0.177ns
    Phase Error              (PE):    0.105ns

    Location             Delay type                Incr(ns)  Path(ns)    Netlist Resource(s)
  -------------------------------------------------------------------    -------------------
    DSP48_X7Y34          DSP48E1                      0.000     0.000 r  u_cpu/u_EXEport/u_alu/u_mult_gen_0/U0/i_mult/gDSP.gDSP_only.iDSP/use_prim.appDSP[1].bppDSP[0].use_dsp.use_dsp48e1.iDSP48E1/ACOUT[16]
                         net (fo=1, routed)           0.002     0.002    u_cpu/u_EXEport/u_alu/u_mult_gen_0/U0/i_mult/gDSP.gDSP_only.iDSP/acout[1,0][16]
    DSP48_X7Y35          DSP48E1                                      r  u_cpu/u_EXEport/u_alu/u_mult_gen_0/U0/i_mult/gDSP.gDSP_only.iDSP/use_prim.appDSP[1].bppDSP[1].use_dsp.use_dsp48e1.iDSP48E1/ACIN[16]
  -------------------------------------------------------------------    -------------------

                         (clock cpu_clk_clk_pll rise edge)
                                                      0.000     0.000 r  
    AC19                                              0.000     0.000 r  clk (IN)
                         net (fo=0)                   0.000     0.000    pll.clk_pll/inst/clk_in1
    AC19                 IBUF (Prop_ibuf_I_O)         1.485     1.485 r  pll.clk_pll/inst/clkin1_ibufg/O
                         net (fo=1, routed)           1.619     3.104    pll.clk_pll/inst/clk_in1_clk_pll
    PLLE2_ADV_X0Y2       PLLE2_ADV (Prop_plle2_adv_CLKIN1_CLKOUT0)
                                                     -9.006    -5.902 r  pll.clk_pll/inst/plle2_adv_inst/CLKOUT0
                         net (fo=1, routed)           1.837    -4.064    pll.clk_pll/inst/cpu_clk_clk_pll
    BUFGCTRL_X0Y0        BUFG (Prop_bufg_I_O)         0.096    -3.968 r  pll.clk_pll/inst/clkout1_buf/O
                         net (fo=12170, routed)       2.014    -1.954    u_cpu/u_EXEport/u_alu/u_mult_gen_0/U0/i_mult/gDSP.gDSP_only.iDSP/CLK
    DSP48_X7Y35          DSP48E1                                      r  u_cpu/u_EXEport/u_alu/u_mult_gen_0/U0/i_mult/gDSP.gDSP_only.iDSP/use_prim.appDSP[1].bppDSP[1].use_dsp.use_dsp48e1.iDSP48E1/CLK

Slack:                    inf
  Source:                 u_cpu/u_EXEport/u_alu/u_mult_gen_0/U0/i_mult/gDSP.gDSP_only.iDSP/use_prim.appDSP[1].bppDSP[0].use_dsp.use_dsp48e1.iDSP48E1/ACOUT[17]
                            (internal pin)
  Destination:            u_cpu/u_EXEport/u_alu/u_mult_gen_0/U0/i_mult/gDSP.gDSP_only.iDSP/use_prim.appDSP[1].bppDSP[1].use_dsp.use_dsp48e1.iDSP48E1/ACIN[17]
                            (rising edge-triggered cell DSP48E1 clocked by cpu_clk_clk_pll  {rise@0.000ns fall@16.667ns period=33.333ns})
  Path Group:             (none)
  Path Type:              Hold (Min at Slow Process Corner)
  Data Path Delay:        0.002ns  (logic 0.000ns (0.000%)  route 0.002ns (100.000%))
  Logic Levels:           0  
  Clock Uncertainty:      0.197ns  ((TSJ^2 + DJ^2)^1/2) / 2 + PE
    Total System Jitter     (TSJ):    0.050ns
    Discrete Jitter          (DJ):    0.177ns
    Phase Error              (PE):    0.105ns

    Location             Delay type                Incr(ns)  Path(ns)    Netlist Resource(s)
  -------------------------------------------------------------------    -------------------
    DSP48_X7Y34          DSP48E1                      0.000     0.000 r  u_cpu/u_EXEport/u_alu/u_mult_gen_0/U0/i_mult/gDSP.gDSP_only.iDSP/use_prim.appDSP[1].bppDSP[0].use_dsp.use_dsp48e1.iDSP48E1/ACOUT[17]
                         net (fo=1, routed)           0.002     0.002    u_cpu/u_EXEport/u_alu/u_mult_gen_0/U0/i_mult/gDSP.gDSP_only.iDSP/acout[1,0][17]
    DSP48_X7Y35          DSP48E1                                      r  u_cpu/u_EXEport/u_alu/u_mult_gen_0/U0/i_mult/gDSP.gDSP_only.iDSP/use_prim.appDSP[1].bppDSP[1].use_dsp.use_dsp48e1.iDSP48E1/ACIN[17]
  -------------------------------------------------------------------    -------------------

                         (clock cpu_clk_clk_pll rise edge)
                                                      0.000     0.000 r  
    AC19                                              0.000     0.000 r  clk (IN)
                         net (fo=0)                   0.000     0.000    pll.clk_pll/inst/clk_in1
    AC19                 IBUF (Prop_ibuf_I_O)         1.485     1.485 r  pll.clk_pll/inst/clkin1_ibufg/O
                         net (fo=1, routed)           1.619     3.104    pll.clk_pll/inst/clk_in1_clk_pll
    PLLE2_ADV_X0Y2       PLLE2_ADV (Prop_plle2_adv_CLKIN1_CLKOUT0)
                                                     -9.006    -5.902 r  pll.clk_pll/inst/plle2_adv_inst/CLKOUT0
                         net (fo=1, routed)           1.837    -4.064    pll.clk_pll/inst/cpu_clk_clk_pll
    BUFGCTRL_X0Y0        BUFG (Prop_bufg_I_O)         0.096    -3.968 r  pll.clk_pll/inst/clkout1_buf/O
                         net (fo=12170, routed)       2.014    -1.954    u_cpu/u_EXEport/u_alu/u_mult_gen_0/U0/i_mult/gDSP.gDSP_only.iDSP/CLK
    DSP48_X7Y35          DSP48E1                                      r  u_cpu/u_EXEport/u_alu/u_mult_gen_0/U0/i_mult/gDSP.gDSP_only.iDSP/use_prim.appDSP[1].bppDSP[1].use_dsp.use_dsp48e1.iDSP48E1/CLK

Slack:                    inf
  Source:                 u_cpu/u_EXEport/u_alu/u_mult_gen_0/U0/i_mult/gDSP.gDSP_only.iDSP/use_prim.appDSP[1].bppDSP[0].use_dsp.use_dsp48e1.iDSP48E1/ACOUT[18]
                            (internal pin)
  Destination:            u_cpu/u_EXEport/u_alu/u_mult_gen_0/U0/i_mult/gDSP.gDSP_only.iDSP/use_prim.appDSP[1].bppDSP[1].use_dsp.use_dsp48e1.iDSP48E1/ACIN[18]
                            (rising edge-triggered cell DSP48E1 clocked by cpu_clk_clk_pll  {rise@0.000ns fall@16.667ns period=33.333ns})
  Path Group:             (none)
  Path Type:              Hold (Min at Slow Process Corner)
  Data Path Delay:        0.002ns  (logic 0.000ns (0.000%)  route 0.002ns (100.000%))
  Logic Levels:           0  
  Clock Uncertainty:      0.197ns  ((TSJ^2 + DJ^2)^1/2) / 2 + PE
    Total System Jitter     (TSJ):    0.050ns
    Discrete Jitter          (DJ):    0.177ns
    Phase Error              (PE):    0.105ns

    Location             Delay type                Incr(ns)  Path(ns)    Netlist Resource(s)
  -------------------------------------------------------------------    -------------------
    DSP48_X7Y34          DSP48E1                      0.000     0.000 r  u_cpu/u_EXEport/u_alu/u_mult_gen_0/U0/i_mult/gDSP.gDSP_only.iDSP/use_prim.appDSP[1].bppDSP[0].use_dsp.use_dsp48e1.iDSP48E1/ACOUT[18]
                         net (fo=1, routed)           0.002     0.002    u_cpu/u_EXEport/u_alu/u_mult_gen_0/U0/i_mult/gDSP.gDSP_only.iDSP/acout[1,0][18]
    DSP48_X7Y35          DSP48E1                                      r  u_cpu/u_EXEport/u_alu/u_mult_gen_0/U0/i_mult/gDSP.gDSP_only.iDSP/use_prim.appDSP[1].bppDSP[1].use_dsp.use_dsp48e1.iDSP48E1/ACIN[18]
  -------------------------------------------------------------------    -------------------

                         (clock cpu_clk_clk_pll rise edge)
                                                      0.000     0.000 r  
    AC19                                              0.000     0.000 r  clk (IN)
                         net (fo=0)                   0.000     0.000    pll.clk_pll/inst/clk_in1
    AC19                 IBUF (Prop_ibuf_I_O)         1.485     1.485 r  pll.clk_pll/inst/clkin1_ibufg/O
                         net (fo=1, routed)           1.619     3.104    pll.clk_pll/inst/clk_in1_clk_pll
    PLLE2_ADV_X0Y2       PLLE2_ADV (Prop_plle2_adv_CLKIN1_CLKOUT0)
                                                     -9.006    -5.902 r  pll.clk_pll/inst/plle2_adv_inst/CLKOUT0
                         net (fo=1, routed)           1.837    -4.064    pll.clk_pll/inst/cpu_clk_clk_pll
    BUFGCTRL_X0Y0        BUFG (Prop_bufg_I_O)         0.096    -3.968 r  pll.clk_pll/inst/clkout1_buf/O
                         net (fo=12170, routed)       2.014    -1.954    u_cpu/u_EXEport/u_alu/u_mult_gen_0/U0/i_mult/gDSP.gDSP_only.iDSP/CLK
    DSP48_X7Y35          DSP48E1                                      r  u_cpu/u_EXEport/u_alu/u_mult_gen_0/U0/i_mult/gDSP.gDSP_only.iDSP/use_prim.appDSP[1].bppDSP[1].use_dsp.use_dsp48e1.iDSP48E1/CLK





